capped_steps,cpu_seconds,exploration_policy_cpu_seconds,exploration_steps,failure_reason,final_memory_accepting,policy,process_peak_rss_bytes_so_far,repeat,replans,rng_seed,sampled_peak_rss_bytes,seed,states_at_end,success,task_id,task_steps,task_type,wall_seconds
36,0.051094902,0.0059192809999998874,11,success,True,fixed_generic,64446464,0,36,76000000,64487424,73000000,44,True,0,36,sequence,0.0510991110000063
36,0.050995612000000023,0.005533842000000011,11,success,True,fixed_task,64446464,0,36,76000000,64487424,73000000,44,True,0,36,sequence,0.05099909199999786
52,0.08720255500000001,0.03209616200000015,32,success,True,doob_generic,64446464,0,52,76000000,64495616,73000000,44,True,0,52,sequence,0.08720571199999938
37,0.050599771000000016,0.009699786999999904,16,success,True,doob_generic,64446464,1,37,76000001,64495616,73000000,45,True,0,37,sequence,0.050603037999998435
43,0.06091025299999997,0.010113903000000035,17,success,True,doob_generic,64446464,2,43,76000002,64507904,73000000,47,True,0,43,sequence,0.06092171000000235
52,0.07835978899999996,0.021942261999999824,28,success,True,doob_generic,64446464,3,52,76000003,64507904,73000000,50,True,0,52,sequence,0.07836305700000423
90,0.095189635,0.03948373099999958,70,success,True,doob_generic,64446464,4,90,76000004,64516096,73000000,54,True,0,90,sequence,0.09520553799999476
30,0.04672601600000004,0.007826421000000083,10,success,True,doob_generic,64446464,5,30,76000005,64516096,73000000,42,True,0,30,sequence,0.046729270000000156
44,0.06209521500000004,0.018225513999999943,24,success,True,doob_generic,64446464,6,44,76000006,64516096,73000000,49,True,0,44,sequence,0.06211300399999686
135,0.14309379700000002,0.0673171010000001,115,success,True,doob_generic,64446464,7,135,76000007,64520192,73000000,53,True,0,135,sequence,0.14309781700000457
40,0.058703993999999815,0.012115375999999456,15,success,True,doob_generic,64446464,8,40,76000008,64520192,73000000,43,True,0,40,sequence,0.0587200339999967
70,0.09648608899999989,0.023403674999999957,38,success,True,doob_generic,64446464,9,70,76000009,64520192,73000000,50,True,0,70,sequence,0.09652417899999932
52,0.08636055400000009,0.03156856099999983,32,success,True,doob_task,64446464,0,52,76000000,64520192,73000000,44,True,0,52,sequence,0.08637551400000376
37,0.050326708999999914,0.009348504999999951,16,success,True,doob_task,64446464,1,37,76000001,64520192,73000000,45,True,0,37,sequence,0.050325651999997945
43,0.06044801300000002,0.010013917999998956,17,success,True,doob_task,64446464,2,43,76000002,64520192,73000000,47,True,0,43,sequence,0.060458130999997195
52,0.07823097599999995,0.02188517000000023,28,success,True,doob_task,64446464,3,52,76000003,64520192,73000000,50,True,0,52,sequence,0.07822735499999567
90,0.09515195499999995,0.03928163600000123,70,success,True,doob_task,64446464,4,90,76000004,64520192,73000000,54,True,0,90,sequence,0.09514716099999987
30,0.046314757000000206,0.007501203000000123,10,success,True,doob_task,64446464,5,30,76000005,64520192,73000000,42,True,0,30,sequence,0.046314211999998633
44,0.062219735,0.018354148000000237,24,success,True,doob_task,64446464,6,44,76000006,64520192,73000000,49,True,0,44,sequence,0.062217513999996754
135,0.142367645,0.06705325600000056,115,success,True,doob_task,64446464,7,135,76000007,64520192,73000000,53,True,0,135,sequence,0.14237991799999605
40,0.05876899899999999,0.01190002999999984,15,success,True,doob_task,64446464,8,40,76000008,64520192,73000000,43,True,0,40,sequence,0.05876792200000125
70,0.09703635999999993,0.02365049000000008,38,success,True,doob_task,64446464,9,70,76000009,64520192,73000000,50,True,0,70,sequence,0.09711758699999962
36,0.05059074099999994,0.005685066000000072,11,success,True,deadline_generic,64446464,0,36,76000000,64524288,73000000,44,True,0,36,sequence,0.050590033000005974
40,0.057350506000000134,0.028738733999999155,33,success,True,deadline_task,64446464,0,40,76000000,64524288,73000000,45,True,0,40,sequence,0.05734876800000421
113,0.274473333,0.14165017600000107,100,success,True,fixed_generic,64446464,0,113,76000100,64524288,73000000,57,True,1,113,all_of,0.27448413199999777
113,0.27392637600000036,0.1413965489999982,100,success,True,fixed_task,64446464,0,113,76000100,64524288,73000000,57,True,1,113,all_of,0.27394081000000625
128,0.2811988969999999,0.17261619699999997,128,success,True,doob_generic,64446464,0,128,76000100,64524288,73000000,52,True,1,128,all_of,0.28135516600000443
93,0.14510878799999993,0.08098211300000147,82,success,True,doob_generic,64446464,1,93,76000101,64524288,73000000,57,True,1,93,all_of,0.14512618900000263
118,0.12672036799999997,0.06734928999999878,104,success,True,doob_generic,64446464,2,118,76000102,64524288,73000000,60,True,1,118,all_of,0.12675819599999727
163,0.335358265,0.20356771899999826,163,success,True,doob_generic,64446464,3,163,76000103,64524288,73000000,55,True,1,163,all_of,0.3353851519999935
149,0.36073489300000006,0.20986239200000023,138,success,True,doob_generic,64446464,4,149,76000104,64524288,73000000,57,True,1,149,all_of,0.36096134199999597
159,0.355678363,0.20309063899999558,150,success,True,doob_generic,64446464,5,159,76000105,64524288,73000000,59,True,1,159,all_of,0.35574164499999483
136,0.17272003499999933,0.0942708870000013,125,success,True,doob_generic,64446464,6,136,76000106,64524288,73000000,58,True,1,136,all_of,0.1727241399999997
276,0.630415781,0.3703118060000028,266,success,True,doob_generic,64446464,7,276,76000107,64524288,73000000,71,True,1,276,all_of,0.6305791619999965
130,0.16008890700000045,0.10006025900000814,130,success,True,doob_generic,64446464,8,130,76000108,64524288,73000000,65,True,1,130,all_of,0.16011462200000182
138,0.3317895970000002,0.19289322299999512,126,success,True,doob_generic,64446464,9,138,76000109,64524288,73000000,59,True,1,138,all_of,0.3318235569999999
128,0.2824699080000004,0.17350591400000415,128,success,True,doob_task,64446464,0,128,76000100,64524288,73000000,52,True,1,128,all_of,0.28252600599999766
93,0.14104298699999962,0.07585826000000306,82,success,True,doob_task,64446464,1,93,76000101,64524288,73000000,57,True,1,93,all_of,0.14112968500000278
118,0.13216970800000016,0.07098630999999589,104,success,True,doob_task,64446464,2,118,76000102,64524288,73000000,60,True,1,118,all_of,0.1321735220000022
163,0.33610904900000005,0.20389963999999683,163,success,True,doob_task,64446464,3,163,76000103,64524288,73000000,55,True,1,163,all_of,0.33611957600000153
149,0.3546932079999996,0.20626447800000314,138,success,True,doob_task,64446464,4,149,76000104,64524288,73000000,57,True,1,149,all_of,0.35471786000000094
159,0.3540874839999999,0.20247345800000183,150,success,True,doob_task,64446464,5,159,76000105,64524288,73000000,59,True,1,159,all_of,0.35414907500000226
136,0.17239199999999943,0.09423488199998964,125,success,True,doob_task,64446464,6,136,76000106,64524288,73000000,58,True,1,136,all_of,0.17242007700000528
276,0.6295780539999996,0.37075221899999455,266,success,True,doob_task,64446464,7,276,76000107,64524288,73000000,71,True,1,276,all_of,0.6296149869999965
165,0.21537868800000037,0.13346094099998052,165,success,True,doob_task,64446464,8,165,76000108,64524288,73000000,68,True,1,165,all_of,0.215381837999999
138,0.3303984409999998,0.19236254700000366,126,success,True,doob_task,64446464,9,138,76000109,64524288,73000000,59,True,1,138,all_of,0.3304263249999977
112,0.2827309530000015,0.15206774799999856,99,success,True,deadline_generic,64446464,0,112,76000100,64528384,73000000,56,True,1,112,all_of,0.28273580300000134
120,0.20968639800000055,0.12275000200000719,120,success,True,deadline_task,64446464,0,120,76000100,64528384,73000000,57,True,1,120,all_of,0.20970405599999964
25,0.029045495000000088,0.003796123999999068,9,success,True,fixed_generic,64446464,0,25,76000200,64528384,73000000,43,True,2,25,condition_then,0.029085526000002915
25,0.028746063999999905,0.003909541000000516,9,success,True,fixed_task,64446464,0,25,76000200,64528384,73000000,43,True,2,25,condition_then,0.028750167999994858
38,0.03848219300000011,0.010179659000002061,22,success,True,doob_generic,64446464,0,38,76000200,64528384,73000000,46,True,2,38,condition_then,0.03849831800000203
65,0.05782780600000059,0.02293020999999662,49,success,True,doob_generic,64446464,1,65,76000201,64528384,73000000,51,True,2,65,condition_then,0.05784379800000039
37,0.03793761799999906,0.009489768999999981,21,success,True,doob_generic,64446464,2,37,76000202,64528384,73000000,48,True,2,37,condition_then,0.0379414330000003
24,0.02859634400000033,0.003666846999999862,8,success,True,doob_generic,64446464,3,24,76000203,64528384,73000000,43,True,2,24,condition_then,0.028610637999996413
33,0.0349648380000005,0.007781938000000821,17,success,True,doob_generic,64446464,4,33,76000204,64528384,73000000,46,True,2,33,condition_then,0.034966271000001825
29,0.030018856999999954,0.006724599000005327,15,success,True,doob_generic,64446464,5,29,76000205,64528384,73000000,47,True,2,29,condition_then,0.030020359000005215
33,0.03460908399999951,0.007585442999996417,17,success,True,doob_generic,64446464,6,33,76000206,64528384,73000000,49,True,2,33,condition_then,0.03461073299999384
22,0.02179333999999855,0.004773758000000683,11,success,True,doob_generic,64446464,7,22,76000207,64528384,73000000,49,True,2,22,condition_then,0.021796888000004344
27,0.03049792400000051,0.005064459000005073,11,success,True,doob_generic,64446464,8,27,76000208,64528384,73000000,48,True,2,27,condition_then,0.03049891500000257
32,0.0336579929999985,0.00730545600000454,16,success,True,doob_generic,64446464,9,32,76000209,64528384,73000000,46,True,2,32,condition_then,0.03365867799999478
38,0.038291497999999535,0.010101381999994885,22,success,True,doob_task,64446464,0,38,76000200,64528384,73000000,46,True,2,38,condition_then,0.03829278399999936
65,0.05866393700000039,0.02275624399999998,49,success,True,doob_task,64446464,1,65,76000201,64528384,73000000,51,True,2,65,condition_then,0.05866464000000349
37,0.0371888639999991,0.009425686999998462,21,success,True,doob_task,64446464,2,37,76000202,64528384,73000000,48,True,2,37,condition_then,0.037190116999994416
24,0.02843900699999935,0.003658243999996813,8,success,True,doob_task,64446464,3,24,76000203,64528384,73000000,43,True,2,24,condition_then,0.02844019199999792
33,0.034800553999998485,0.00783592799999866,17,success,True,doob_task,64446464,4,33,76000204,64528384,73000000,46,True,2,33,condition_then,0.034801504000000705
29,0.03023621200000015,0.0068533940000019555,15,success,True,doob_task,64446464,5,29,76000205,64528384,73000000,47,True,2,29,condition_then,0.030248067999998796
33,0.03471911599999977,0.007660582000005078,17,success,True,doob_task,64446464,6,33,76000206,64528384,73000000,49,True,2,33,condition_then,0.034720235000001765
22,0.02201560999999863,0.004756663999993194,11,success,True,doob_task,64446464,7,22,76000207,64528384,73000000,49,True,2,22,condition_then,0.022017771000001574
27,0.030015515000000548,0.004769626000003413,11,success,True,doob_task,64446464,8,27,76000208,64528384,73000000,48,True,2,27,condition_then,0.03001745299999925
32,0.03406094100000168,0.007369628000002848,16,success,True,doob_task,64446464,9,32,76000209,64528384,73000000,46,True,2,32,condition_then,0.03407378200000011
25,0.02863804100000067,0.0037201699999993565,9,success,True,deadline_generic,64446464,0,25,76000200,64528384,73000000,43,True,2,25,condition_then,0.02863943299999505
25,0.02879447399999968,0.003734052000002208,9,success,True,deadline_task,64446464,0,25,76000200,64528384,73000000,43,True,2,25,condition_then,0.028814167000000168
11,0.018172716999998784,0.0,0,success,True,fixed_generic,64446464,0,11,76000300,64528384,73000000,38,True,3,11,sequence,0.018175155000001553
11,0.01799442600000134,0.0,0,success,True,fixed_task,64446464,0,11,76000300,64528384,73000000,38,True,3,11,sequence,0.01799684600000262
11,0.018132165999999117,0.0,0,success,True,doob_generic,64446464,0,11,76000300,64528384,73000000,38,True,3,11,sequence,0.018134027000002106
11,0.01790694199999976,0.0,0,success,True,doob_generic,64446464,1,11,76000301,64528384,73000000,38,True,3,11,sequence,0.0179091910000011
11,0.017965191000000047,0.0,0,success,True,doob_generic,64446464,2,11,76000302,64528384,73000000,38,True,3,11,sequence,0.01796732499999365
11,0.017987274999999414,0.0,0,success,True,doob_generic,64446464,3,11,76000303,64528384,73000000,38,True,3,11,sequence,0.017988799999997696
11,0.017902620999999286,0.0,0,success,True,doob_generic,64446464,4,11,76000304,64528384,73000000,38,True,3,11,sequence,0.01790459600000105
11,0.018006649000000152,0.0,0,success,True,doob_generic,64446464,5,11,76000305,64528384,73000000,38,True,3,11,sequence,0.01800822899999588
11,0.01806086400000062,0.0,0,success,True,doob_generic,64446464,6,11,76000306,64528384,73000000,38,True,3,11,sequence,0.0180625059999997
11,0.025186913000000644,0.0,0,success,True,doob_generic,64446464,7,11,76000307,64528384,73000000,38,True,3,11,sequence,0.02518839600000433
11,0.01794942000000077,0.0,0,success,True,doob_generic,64446464,8,11,76000308,64528384,73000000,38,True,3,11,sequence,0.017951909000004207
11,0.018266731000000647,0.0,0,success,True,doob_generic,64446464,9,11,76000309,64528384,73000000,38,True,3,11,sequence,0.01827798900000488
11,0.017953198000000725,0.0,0,success,True,doob_task,64446464,0,11,76000300,64528384,73000000,38,True,3,11,sequence,0.017955565999997702
11,0.017924434999999406,0.0,0,success,True,doob_task,64446464,1,11,76000301,64528384,73000000,38,True,3,11,sequence,0.017926273000000492
11,0.018161668999999492,0.0,0,success,True,doob_task,64446464,2,11,76000302,64528384,73000000,38,True,3,11,sequence,0.018163732000004984
11,0.018039805000000797,0.0,0,success,True,doob_task,64446464,3,11,76000303,64528384,73000000,38,True,3,11,sequence,0.018042090000001565
11,0.017878579999999644,0.0,0,success,True,doob_task,64446464,4,11,76000304,64528384,73000000,38,True,3,11,sequence,0.017880785999999205
11,0.017947435999998262,0.0,0,success,True,doob_task,64446464,5,11,76000305,64528384,73000000,38,True,3,11,sequence,0.017949070999996763
11,0.017790895000000972,0.0,0,success,True,doob_task,64446464,6,11,76000306,64528384,73000000,38,True,3,11,sequence,0.017792750999994666
11,0.018161383000000697,0.0,0,success,True,doob_task,64446464,7,11,76000307,64528384,73000000,38,True,3,11,sequence,0.018164114000001064
11,0.018125544000000104,0.0,0,success,True,doob_task,64446464,8,11,76000308,64528384,73000000,38,True,3,11,sequence,0.018128834999998844
11,0.01820208800000067,0.0,0,success,True,doob_task,64446464,9,11,76000309,64528384,73000000,38,True,3,11,sequence,0.018204523000001416
11,0.0179801580000003,0.0,0,success,True,deadline_generic,64446464,0,11,76000300,64528384,73000000,38,True,3,11,sequence,0.01798297399999882
11,0.0181351920000008,0.0,0,success,True,deadline_task,64446464,0,11,76000300,64528384,73000000,38,True,3,11,sequence,0.018137195999997857
74,0.2689390350000007,0.1269930989999999,59,success,True,fixed_generic,64446464,0,74,76000400,64528384,73000000,47,True,4,74,all_of,0.26893140099999613
74,0.2706802350000004,0.1283514100000147,59,success,True,fixed_task,64446464,0,74,76000400,64528384,73000000,47,True,4,74,all_of,0.2707117709999949
99,0.1803483400000001,0.11061568499998486,99,success,True,doob_generic,64446464,0,99,76000400,64528384,73000000,50,True,4,99,all_of,0.18039271199999973
352,1.464002292,0.8859427610000115,339,success,True,doob_generic,64839680,1,352,76000401,64897024,73000000,74,True,4,352,all_of,1.4641182740000005
260,0.7013075739999994,0.4230897429999896,252,success,True,doob_generic,64839680,2,260,76000402,64897024,73000000,65,True,4,260,all_of,0.7013929499999989
56,0.12482793399999892,0.0576451770000066,43,success,True,doob_generic,64839680,3,56,76000403,64897024,73000000,50,True,4,56,all_of,0.12483061400000395
177,0.3816273500000005,0.2200223299999884,160,success,True,doob_generic,64839680,4,177,76000404,64897024,73000000,55,True,4,177,all_of,0.38164931600000784
156,0.3692149979999986,0.22444568699998868,156,success,True,doob_generic,64839680,5,156,76000405,64897024,73000000,57,True,4,156,all_of,0.36926215500000126
72,0.2782492370000007,0.14625879999999647,59,success,True,doob_generic,64839680,6,72,76000406,64897024,73000000,46,True,4,72,all_of,0.27826167700000326
139,0.3594736629999993,0.2119439930000162,132,success,True,doob_generic,64839680,7,139,76000407,64897024,73000000,56,True,4,139,all_of,0.3594876909999982
158,0.3599712739999994,0.21356167199998666,149,success,True,doob_generic,64839680,8,158,76000408,64897024,73000000,60,True,4,158,all_of,0.3600614700000051
92,0.14252039199999977,0.07015796300000154,79,success,True,doob_generic,64839680,9,92,76000409,64897024,73000000,55,True,4,92,all_of,0.14253893099999004
99,0.18211873199999928,0.11138122000000372,99,success,True,doob_task,64839680,0,99,76000400,64897024,73000000,50,True,4,99,all_of,0.18211991499998703
352,1.468608325,0.8864754699999988,339,success,True,doob_task,64839680,1,352,76000401,64905216,73000000,74,True,4,352,all_of,1.4686951040000054
260,0.6984798929999982,0.42183390699999634,252,success,True,doob_task,64839680,2,260,76000402,64905216,73000000,65,True,4,260,all_of,0.6985630439999966
56,0.12572645500000235,0.058568872999991584,43,success,True,doob_task,64839680,3,56,76000403,64905216,73000000,50,True,4,56,all_of,0.1257519469999977
177,0.3813605769999988,0.21965585400003107,160,success,True,doob_task,64839680,4,177,76000404,64905216,73000000,55,True,4,177,all_of,0.3814047930000015
156,0.3723923290000002,0.23003428399999848,156,success,True,doob_task,64839680,5,156,76000405,64905216,73000000,57,True,4,156,all_of,0.3723931460000074
72,0.2764502799999988,0.14479878899998155,59,success,True,doob_task,64839680,6,72,76000406,64905216,73000000,46,True,4,72,all_of,0.27649873400000047
130,0.2670977309999998,0.1626663130000061,130,success,True,doob_task,64839680,7,130,76000407,64905216,73000000,53,True,4,130,all_of,0.26713504699999646
158,0.3589116590000003,0.21241764599998447,149,success,True,doob_task,64839680,8,158,76000408,64905216,73000000,60,True,4,158,all_of,0.35896290899999883
92,0.1415634180000005,0.0701268240000168,79,success,True,doob_task,64839680,9,92,76000409,64905216,73000000,55,True,4,92,all_of,0.1415657760000073
76,0.2850471689999985,0.14029664300000988,61,success,True,deadline_generic,64839680,0,76,76000400,64905216,73000000,48,True,4,76,all_of,0.28512878899999805
65,0.1148742459999994,0.06658425700001658,65,success,True,deadline_task,64839680,0,65,76000400,64905216,73000000,47,True,4,65,all_of,0.11487626999999634
4,0.005022888999999253,0.002959024999999116,4,success,True,fixed_generic,64839680,0,4,76000500,64905216,73000000,41,True,5,4,condition_then,0.005024376999998026
3,0.004041883999999385,0.002384811999998959,3,success,True,fixed_task,64839680,0,3,76000500,64905216,73000000,40,True,5,3,condition_then,0.004043390000006752
39,0.06098113200000199,0.03796332800001068,39,success,True,doob_generic,64839680,0,39,76000500,64905216,73000000,41,True,5,39,condition_then,0.06098233599999503
15,0.0236466980000003,0.013952448000001283,15,success,True,doob_generic,64839680,1,15,76000501,64905216,73000000,40,True,5,15,condition_then,0.023648192000010226
4,0.005081878999998679,0.003050571000002833,4,success,True,doob_generic,64839680,2,4,76000502,64905216,73000000,41,True,5,4,condition_then,0.005083369000004723
292,0.4927433119999982,0.3081836589999618,292,success,True,doob_generic,64839680,3,292,76000503,64905216,73000000,68,True,5,292,condition_then,0.4927530209999986
7,0.0074484490000017445,0.004648887999991302,7,success,True,doob_generic,64839680,4,7,76000504,64905216,73000000,41,True,5,7,condition_then,0.0074498829999924965
15,0.02067939400000185,0.012368643999998596,15,success,True,doob_generic,64839680,5,15,76000505,64905216,73000000,42,True,5,15,condition_then,0.020680808999998135
12,0.016209958000001023,0.009791516999996475,12,success,True,doob_generic,64839680,6,12,76000506,64905216,73000000,42,True,5,12,condition_then,0.01621138399998756
165,0.2172540689999991,0.13948346700001935,165,success,True,doob_generic,64839680,7,165,76000507,64905216,73000000,53,True,5,165,condition_then,0.21727626599999894
19,0.026585698000001656,0.017111765000002777,19,success,True,doob_generic,64839680,8,19,76000508,64905216,73000000,41,True,5,19,condition_then,0.026587116000001743
8,0.01342062400000188,0.007877876000002004,8,success,True,doob_generic,64839680,9,8,76000509,64905216,73000000,39,True,5,8,condition_then,0.013422066999993376
403,0.7219085189999994,0.45375011500001605,403,success,True,doob_task,64839680,0,403,76000500,64905216,73000000,68,True,5,403,condition_then,0.7220196619999939
15,0.02389131099999986,0.01420606399999258,15,success,True,doob_task,64839680,1,15,76000501,64905216,73000000,40,True,5,15,condition_then,0.023909981000002745
4,0.0050302529999974865,0.003070973999999893,4,success,True,doob_task,64839680,2,4,76000502,64905216,73000000,41,True,5,4,condition_then,0.005031688999991957
292,0.49167568899999736,0.30717103900000353,292,success,True,doob_task,64839680,3,292,76000503,64905216,73000000,68,True,5,292,condition_then,0.49172004400000446
7,0.007327844999998945,0.004483710999995338,7,success,True,doob_task,64839680,4,7,76000504,64905216,73000000,41,True,5,7,condition_then,0.007329300000009198
14,0.022245822999998666,0.013552533000002143,14,success,True,doob_task,64839680,5,14,76000505,64905216,73000000,40,True,5,14,condition_then,0.02224722300000792
12,0.016162513000001155,0.009814334000001423,12,success,True,doob_task,64839680,6,12,76000506,64905216,73000000,42,True,5,12,condition_then,0.0161638440000047
165,0.21705407399999999,0.1394326860000028,165,success,True,doob_task,64839680,7,165,76000507,64905216,73000000,53,True,5,165,condition_then,0.21705468400000427
58,0.06928050099999794,0.044215129000004794,58,success,True,doob_task,64839680,8,58,76000508,64905216,73000000,54,True,5,58,condition_then,0.06928193600001009
8,0.01333973399999877,0.007838410000001517,8,success,True,doob_task,64839680,9,8,76000509,64905216,73000000,39,True,5,8,condition_then,0.013341441000008558
4,0.004950884999999516,0.0029609119999989275,4,success,True,deadline_generic,64839680,0,4,76000500,64905216,73000000,41,True,5,4,condition_then,0.0049524060000010195
3,0.004078077999999152,0.0024467489999970837,3,success,True,deadline_task,64839680,0,3,76000500,64905216,73000000,40,True,5,3,condition_then,0.0040795509999895785
24,0.04352342099999973,0.007196511999993049,6,success,True,fixed_generic,64839680,0,24,76000600,64905216,73000000,39,True,6,24,sequence,0.04352652500000431
24,0.04290551900000139,0.0072268750000077375,6,success,True,fixed_task,64839680,0,24,76000600,64905216,73000000,39,True,6,24,sequence,0.04290898400000742
142,0.18438196800000028,0.09341361799999603,122,success,True,doob_generic,64839680,0,142,76000600,64905216,73000000,54,True,6,142,sequence,0.18443885499999624
62,0.10327572899999993,0.06351019299999905,58,success,True,doob_generic,64839680,1,62,76000601,64905216,73000000,42,True,6,62,sequence,0.10327785100000142
35,0.06628117300000014,0.023860373000001545,17,success,True,doob_generic,64839680,2,35,76000602,64905216,73000000,39,True,6,35,sequence,0.06629597600000636
45,0.08520647799999992,0.028610783000004858,23,success,True,doob_generic,64839680,3,45,76000603,64905216,73000000,41,True,6,45,sequence,0.08522336999999425
55,0.09525137900000047,0.05493187100001151,51,success,True,doob_generic,64839680,4,55,76000604,64905216,73000000,41,True,6,55,sequence,0.09527981800000873
44,0.09260033800000045,0.041910596000004574,30,success,True,doob_generic,64839680,5,44,76000605,64905216,73000000,40,True,6,44,sequence,0.0926029820000025
32,0.06293160499999928,0.01939000799999846,14,success,True,doob_generic,64839680,6,32,76000606,64905216,73000000,39,True,6,32,sequence,0.0629343249999863
38,0.07222812299999859,0.03140262899999868,22,success,True,doob_generic,64839680,7,38,76000607,64905216,73000000,39,True,6,38,sequence,0.0722318859999973
136,0.30935001099999937,0.18211723399998192,122,success,True,doob_generic,64839680,8,136,76000608,64905216,73000000,54,True,6,136,sequence,0.30937217899999325
36,0.06616954999999791,0.02127629799999653,18,success,True,doob_generic,64839680,9,36,76000609,64905216,73000000,42,True,6,36,sequence,0.0661879660000011
142,0.18221006199999934,0.09244346600000242,122,success,True,doob_task,64839680,0,142,76000600,64905216,73000000,54,True,6,142,sequence,0.18222695299999714
62,0.10374309999999909,0.06395593399997779,58,success,True,doob_task,64839680,1,62,76000601,64905216,73000000,42,True,6,62,sequence,0.10374535300000787
35,0.06707368000000002,0.023900292000000434,17,success,True,doob_task,64839680,2,35,76000602,64905216,73000000,39,True,6,35,sequence,0.06707647700000052
45,0.0841512910000013,0.028689482999993743,23,success,True,doob_task,64839680,3,45,76000603,64905216,73000000,41,True,6,45,sequence,0.08415475900000047
34,0.06353109500000187,0.024534102000004054,18,success,True,doob_task,64839680,4,34,76000604,64905216,73000000,39,True,6,34,sequence,0.0635339880000032
44,0.09356342899999959,0.04248446600000477,30,success,True,doob_task,64839680,5,44,76000605,64905216,73000000,40,True,6,44,sequence,0.09357744899999432
32,0.06317851700000077,0.019637669000001523,14,success,True,doob_task,64839680,6,32,76000606,64905216,73000000,39,True,6,32,sequence,0.06318150699999592
38,0.07174647800000145,0.03104265700000397,22,success,True,doob_task,64839680,7,38,76000607,64905216,73000000,39,True,6,38,sequence,0.07175016899999775
136,0.30766369500000224,0.18025712399998994,122,success,True,doob_task,64839680,8,136,76000608,64905216,73000000,54,True,6,136,sequence,0.30768319199999894
36,0.06630028799999721,0.021220564000003606,18,success,True,doob_task,64839680,9,36,76000609,64905216,73000000,42,True,6,36,sequence,0.06630387399999904
22,0.04032901900000141,0.007561002999999289,6,success,True,deadline_generic,64839680,0,22,76000600,64905216,73000000,39,True,6,22,sequence,0.0403527679999911
24,0.03811576100000025,0.019216851999999562,20,success,True,deadline_task,64839680,0,24,76000600,64905216,73000000,40,True,6,24,sequence,0.038134635999995226
14,0.03643672599999803,0.012905082999999706,6,success,True,fixed_generic,64839680,0,14,76000700,64905216,73000000,39,True,7,14,all_of,0.03644032299999367
14,0.03650195799999878,0.012703466000001384,6,success,True,fixed_task,64839680,0,14,76000700,64905216,73000000,39,True,7,14,all_of,0.03650501600000666
26,0.08087219399999768,0.03803647899999163,16,success,True,doob_generic,64839680,0,26,76000700,64905216,73000000,39,True,7,26,all_of,0.08088756800000851
34,0.09455613400000118,0.05841511799999566,32,success,True,doob_generic,64839680,1,34,76000701,64905216,73000000,39,True,7,34,all_of,0.0945908470000063
69,0.17899464699999967,0.1111651089999981,69,success,True,doob_generic,64839680,2,69,76000702,64905216,73000000,47,True,7,69,all_of,0.17899558400000615
25,0.07368353200000044,0.040850068999997546,17,success,True,doob_generic,64839680,3,25,76000703,64905216,73000000,39,True,7,25,all_of,0.07368618399999605
46,0.1085641190000004,0.05318273600000367,36,success,True,doob_generic,64839680,4,46,76000704,64905216,73000000,46,True,7,46,all_of,0.10858121199999005
135,0.21882299399999994,0.14339947900000638,131,success,True,doob_generic,64839680,5,135,76000705,64905216,73000000,52,True,7,135,all_of,0.21887322000000609
25,0.08081684200000083,0.040528851000004806,17,success,True,doob_generic,64839680,6,25,76000706,64905216,73000000,39,True,7,25,all_of,0.08081891599999835
19,0.054101353000000074,0.021750015999995043,9,success,True,doob_generic,64839680,7,19,76000707,64905216,73000000,39,True,7,19,all_of,0.05410427799999695
48,0.13538511599999836,0.0763124640000079,46,success,True,doob_generic,64839680,8,48,76000708,64905216,73000000,40,True,7,48,all_of,0.1353934029999948
19,0.05191035600000049,0.019752020999995068,9,success,True,doob_generic,64839680,9,19,76000709,64905216,73000000,39,True,7,19,all_of,0.051913435000003005
26,0.08841865800000193,0.045205871000000286,16,success,True,doob_task,64839680,0,26,76000700,64905216,73000000,39,True,7,26,all_of,0.08842204900000183
34,0.09426199400000002,0.05843471799998312,32,success,True,doob_task,64839680,1,34,76000701,64905216,73000000,39,True,7,34,all_of,0.0942643899999922
28,0.08234669599999833,0.040971234000007684,18,success,True,doob_task,64839680,2,28,76000702,64905216,73000000,40,True,7,28,all_of,0.0823491449999949
25,0.0733372370000005,0.04084693800000494,17,success,True,doob_task,64839680,3,25,76000703,64905216,73000000,39,True,7,25,all_of,0.07334020300000077
40,0.08301022899999921,0.04553033799999184,36,success,True,doob_task,64839680,4,40,76000704,64905216,73000000,46,True,7,40,all_of,0.08301243499998634
135,0.21797384899999983,0.14365206599996938,131,success,True,doob_task,64839680,5,135,76000705,64905216,73000000,52,True,7,135,all_of,0.21800539299999855
25,0.0809413300000017,0.04051558100000108,17,success,True,doob_task,64839680,6,25,76000706,64905216,73000000,39,True,7,25,all_of,0.0809676880000012
37,0.09892210099999943,0.06164962100000437,35,success,True,doob_task,64839680,7,37,76000707,64905216,73000000,39,True,7,37,all_of,0.09894812000000286
48,0.13574932599999912,0.07674911000000506,46,success,True,doob_task,64839680,8,48,76000708,64905216,73000000,40,True,7,48,all_of,0.13577416000001108
19,0.05188997999999856,0.019819707000007014,9,success,True,doob_task,64839680,9,19,76000709,64905216,73000000,39,True,7,19,all_of,0.05189270399999657
14,0.03710068700000235,0.01378685099999899,6,success,True,deadline_generic,64839680,0,14,76000700,64905216,73000000,39,True,7,14,all_of,0.03710443900000371
25,0.059382405999997445,0.033885724000001005,25,success,True,deadline_task,64839680,0,25,76000700,64905216,73000000,40,True,7,25,all_of,0.05938389899999663
157,0.24987382100000133,0.1436561239999996,157,success,True,fixed_generic,64839680,0,157,76000800,64905216,73000000,62,True,8,157,condition_then,0.24988980800000604
157,0.2574899970000004,0.1481744400000089,157,success,True,fixed_task,64839680,0,157,76000800,64905216,73000000,62,True,8,157,condition_then,0.2575158619999911
465,0.7853348790000005,0.4931420240000257,465,success,True,doob_generic,64839680,0,465,76000800,64905216,73000000,66,True,8,465,condition_then,0.7853442279999996
44,0.06134496299999981,0.038185997000006466,44,success,True,doob_generic,64839680,1,44,76000801,64905216,73000000,44,True,8,44,condition_then,0.06134632999999212
65,0.09959177899999716,0.06141143000000682,65,success,True,doob_generic,64839680,2,65,76000802,64905216,73000000,44,True,8,65,condition_then,0.09961277700000437
179,0.22695347299999824,0.14548449099997285,179,success,True,doob_generic,64839680,3,179,76000803,64905216,73000000,61,True,8,179,condition_then,0.22699860199999478
208,0.32689344899999995,0.20740371400001223,208,success,True,doob_generic,64839680,4,208,76000804,64905216,73000000,65,True,8,208,condition_then,0.3269412840000001
70,0.09701596400000057,0.06312827899998652,70,success,True,doob_generic,64839680,5,70,76000805,64905216,73000000,43,True,8,70,condition_then,0.0970174339999943
177,0.24927680300000077,0.1610081619999768,177,success,True,doob_generic,64839680,6,177,76000806,64905216,73000000,59,True,8,177,condition_then,0.2493162439999992
133,0.21069613799999942,0.1309928620000136,133,success,True,doob_generic,64839680,7,133,76000807,64905216,73000000,50,True,8,133,condition_then,0.21070962299999962
198,0.31472412399999783,0.19927088199997556,198,success,True,doob_generic,64839680,8,198,76000808,64905216,73000000,54,True,8,198,condition_then,0.3147335340000126
158,0.1693377120000008,0.1141069809999884,158,success,True,doob_generic,64839680,9,158,76000809,64905216,73000000,52,True,8,158,condition_then,0.16933878700000093
465,0.7887324430000007,0.49404248400002615,465,success,True,doob_task,64839680,0,465,76000800,64905216,73000000,66,True,8,465,condition_then,0.7888294360000003
44,0.062446792999999445,0.03887122200001514,44,success,True,doob_task,64839680,1,44,76000801,64905216,73000000,44,True,8,44,condition_then,0.06244859599999586
65,0.09950792500000105,0.06144711900000743,65,success,True,doob_task,64839680,2,65,76000802,64905216,73000000,44,True,8,65,condition_then,0.09953112099999828
179,0.2278951410000012,0.14597054600001513,179,success,True,doob_task,64839680,3,179,76000803,64905216,73000000,61,True,8,179,condition_then,0.22792252799999346
208,0.32865837599999637,0.20813488500006017,208,success,True,doob_task,64839680,4,208,76000804,64905216,73000000,65,True,8,208,condition_then,0.3286953040000071
70,0.10102715600000067,0.06537519600004771,70,success,True,doob_task,64839680,5,70,76000805,64905216,73000000,43,True,8,70,condition_then,0.10102838000000247
177,0.2676493179999966,0.17277458800004553,177,success,True,doob_task,64839680,6,177,76000806,64905216,73000000,59,True,8,177,condition_then,0.2676499120000102
133,0.22091044900000156,0.1365643300000272,133,success,True,doob_task,64839680,7,133,76000807,64905216,73000000,50,True,8,133,condition_then,0.22093177300000377
198,0.3152608790000002,0.19942537900000445,198,success,True,doob_task,64839680,8,198,76000808,64905216,73000000,54,True,8,198,condition_then,0.31527498100000173
158,0.16788117899999833,0.11349746999995602,158,success,True,doob_task,64839680,9,158,76000809,64905216,73000000,52,True,8,158,condition_then,0.16794670900000597
157,0.2539272100000005,0.1502194939999768,157,success,True,deadline_generic,64839680,0,157,76000800,64905216,73000000,62,True,8,157,condition_then,0.2539498240000029
157,0.2552803219999973,0.150900534999991,157,success,True,deadline_task,64839680,0,157,76000800,64905216,73000000,62,True,8,157,condition_then,0.2552937229999941
121,0.21988282400000259,0.12449766900001435,121,success,True,fixed_generic,64839680,0,121,76000900,64905216,73000000,57,True,9,121,branch,0.21995058500000653
121,0.219163451,0.12395695899998316,121,success,True,fixed_task,64839680,0,121,76000900,64905216,73000000,57,True,9,121,branch,0.21917430899999601
286,0.48244295599999987,0.3019748969999867,286,success,True,doob_generic,64839680,0,286,76000900,64905216,73000000,62,True,9,286,branch,0.48244494700000473
134,0.3467722529999975,0.17947362300001402,104,success,True,doob_generic,64839680,1,134,76000901,64905216,73000000,61,True,9,134,branch,0.3468002799999965
111,0.14620410999999933,0.07868053099996786,101,success,True,doob_generic,64839680,2,111,76000902,64905216,73000000,60,True,9,111,branch,0.14625349300000323
28,0.06143717399999815,0.038374111999985416,28,success,True,doob_generic,64839680,3,28,76000903,64905216,73000000,46,True,9,28,branch,0.061439421999992305
155,0.2278476689999991,0.11776708800002211,135,success,True,doob_generic,64839680,4,155,76000904,64905216,73000000,59,True,9,155,branch,0.22786374000000365
71,0.1369336890000028,0.08242275299999591,71,success,True,doob_generic,64839680,5,71,76000905,64905216,73000000,43,True,9,71,branch,0.13693639899999255
222,0.38149303300000525,0.2359291340000027,222,success,True,doob_generic,64839680,6,222,76000906,64905216,73000000,61,True,9,222,branch,0.38153110800000434
243,0.3989628889999963,0.2569748570000172,243,success,True,doob_generic,64839680,7,243,76000907,64905216,73000000,61,True,9,243,branch,0.3989646729999947
213,0.33140533699999963,0.21552177200003086,213,success,True,doob_generic,64839680,8,213,76000908,64905216,73000000,69,True,9,213,branch,0.3314179779999904
129,0.25417353599999615,0.14287293800001066,119,success,True,doob_generic,64839680,9,129,76000909,64905216,73000000,59,True,9,129,branch,0.25419340899999554
224,0.31093936100000263,0.19850557899997767,224,success,True,doob_task,64839680,0,224,76000900,64905216,73000000,62,True,9,224,branch,0.31104889300000593
151,0.2295126240000016,0.14395496100004834,151,success,True,doob_task,64839680,1,151,76000901,64905216,73000000,56,True,9,151,branch,0.2295142609999914
111,0.14599048999999553,0.07857641100003576,101,success,True,doob_task,64839680,2,111,76000902,64905216,73000000,60,True,9,111,branch,0.14604228900000749
28,0.06127330800000408,0.038357658000009565,28,success,True,doob_task,64839680,3,28,76000903,64905216,73000000,46,True,9,28,branch,0.061282477000006
154,0.2012217939999985,0.11476633600000952,144,success,True,doob_task,64839680,4,154,76000904,64905216,73000000,60,True,9,154,branch,0.20125170200000753
71,0.13628845699999914,0.08183538099999055,71,success,True,doob_task,64839680,5,71,76000905,64905216,73000000,43,True,9,71,branch,0.13628985600000476
222,0.38743621200000433,0.24016712399993878,222,success,True,doob_task,64839680,6,222,76000906,64905216,73000000,59,True,9,222,branch,0.38744492800000785
242,0.3646149400000027,0.23402077999996607,242,success,True,doob_task,64839680,7,242,76000907,64905216,73000000,71,True,9,242,branch,0.3646525260000004
213,0.33112026999999955,0.21524036300003502,213,success,True,doob_task,64839680,8,213,76000908,64905216,73000000,69,True,9,213,branch,0.33116567199999736
129,0.2543170260000025,0.14323315200000053,119,success,True,doob_task,64839680,9,129,76000909,64905216,73000000,59,True,9,129,branch,0.25433213899999885
118,0.2196043730000028,0.12807920099997006,118,success,True,deadline_generic,64839680,0,118,76000900,64905216,73000000,57,True,9,118,branch,0.21960606700000085
91,0.13756206800000115,0.0809968480000336,91,success,True,deadline_task,64839680,0,91,76000900,64905216,73000000,52,True,9,91,branch,0.13759414000000447
10,0.010092304000004049,0.0025293309999980806,6,success,True,fixed_generic,64839680,0,10,76001000,64905216,73000000,43,True,10,10,branch,0.010095112000001905
10,0.009951504,0.002583696000002078,6,success,True,fixed_task,64839680,0,10,76001000,64905216,73000000,43,True,10,10,branch,0.009953870000003917
14,0.012779008999999064,0.004385433999985366,10,success,True,doob_generic,64839680,0,14,76001000,64905216,73000000,44,True,10,14,branch,0.01278139000000067
13,0.014126208999996948,0.00317740800000621,7,success,True,doob_generic,64839680,1,13,76001001,64905216,73000000,42,True,10,13,branch,0.014128485999989948
14,0.015961711000002765,0.0032222019999963436,7,success,True,doob_generic,64839680,2,14,76001002,64905216,73000000,42,True,10,14,branch,0.015963800000008632
28,0.022302454999994836,0.010947498999996697,24,success,True,doob_generic,64839680,3,28,76001003,64905216,73000000,47,True,10,28,branch,0.02230468199999791
14,0.01581547499999658,0.003149587999999426,7,success,True,doob_generic,64839680,4,14,76001004,64905216,73000000,43,True,10,14,branch,0.015817855999998187
18,0.017728075999997372,0.005451768999989781,12,success,True,doob_generic,64839680,5,18,76001005,64905216,73000000,42,True,10,18,branch,0.01773044200000129
10,0.012102708000000462,0.0018470409999906678,4,success,True,doob_generic,64839680,6,10,76001006,64905216,73000000,41,True,10,10,branch,0.012105348999995158
33,0.02859885899999881,0.010740289000032988,23,success,True,doob_generic,64839680,7,33,76001007,64905216,73000000,51,True,10,33,branch,0.028601789999996186
22,0.020063598000000127,0.006534885000014867,14,success,True,doob_generic,64839680,8,22,76001008,64905216,73000000,43,True,10,22,branch,0.020066118000002575
20,0.01952707000000231,0.006529728000003843,14,success,True,doob_generic,64839680,9,20,76001009,64905216,73000000,43,True,10,20,branch,0.019529183999992483
14,0.013001037000002214,0.004478545000004885,10,success,True,doob_task,64839680,0,14,76001000,64905216,73000000,44,True,10,14,branch,0.013003431999990767
13,0.014092230999999344,0.00315761200000253,7,success,True,doob_task,64839680,1,13,76001001,64905216,73000000,42,True,10,13,branch,0.014095169000000851
14,0.015807082000002026,0.003196567999985689,7,success,True,doob_task,64839680,2,14,76001002,64905216,73000000,42,True,10,14,branch,0.015809508000003802
28,0.022087437000003263,0.010832367000020326,24,success,True,doob_task,64839680,3,28,76001003,64905216,73000000,47,True,10,28,branch,0.02209004099999845
14,0.016031899000005012,0.0032820629999932294,7,success,True,doob_task,64839680,4,14,76001004,64905216,73000000,43,True,10,14,branch,0.016035139999999615
18,0.017810932999999807,0.005382740000015929,12,success,True,doob_task,64839680,5,18,76001005,64905216,73000000,42,True,10,18,branch,0.017814057000009598
10,0.012002344999999082,0.0018160539999882985,4,success,True,doob_task,64839680,6,10,76001006,64905216,73000000,41,True,10,10,branch,0.01200473800000168
33,0.028765291999995668,0.010765226000010841,23,success,True,doob_task,64839680,7,33,76001007,64905216,73000000,51,True,10,33,branch,0.028767947999995158
22,0.020088321999999437,0.006566174999996122,14,success,True,doob_task,64839680,8,22,76001008,64905216,73000000,43,True,10,22,branch,0.02009125200000028
20,0.0275079900000037,0.006658742999995582,14,success,True,doob_task,64839680,9,20,76001009,64905216,73000000,43,True,10,20,branch,0.02751176799999655
10,0.00987346600000194,0.002526420000009466,6,success,True,deadline_generic,64839680,0,10,76001000,64905216,73000000,43,True,10,10,branch,0.009876355000002945
10,0.009779645000001835,0.002464738000000466,6,success,True,deadline_task,64839680,0,10,76001000,64905216,73000000,43,True,10,10,branch,0.009782529999995404
53,0.10115607400000215,0.054106249999989586,49,success,True,fixed_generic,64839680,0,53,76001100,64905216,73000000,47,True,11,53,branch,0.10115831900000671
53,0.10169822099999948,0.05442454399999974,49,success,True,fixed_task,64839680,0,53,76001100,64905216,73000000,47,True,11,53,branch,0.10170941000001221
61,0.11077918099999806,0.06884200800003981,58,success,True,doob_generic,64839680,0,61,76001100,64905216,73000000,48,True,11,61,branch,0.11078089999999463
216,0.36216374699999676,0.22246261500002618,216,success,True,doob_generic,64839680,1,216,76001101,64905216,73000000,59,True,11,216,branch,0.3622066470000078
172,0.3145178730000069,0.19701098799999528,172,success,True,doob_generic,64839680,2,172,76001102,64909312,73000000,59,True,11,172,branch,0.31458680400000105
162,0.34908034300000423,0.2117191980000257,159,success,True,doob_generic,64839680,3,162,76001103,64909312,73000000,50,True,11,162,branch,0.34908145500000387
332,0.6118822939999973,0.38160437300005867,332,success,True,doob_generic,64839680,4,332,76001104,64909312,73000000,69,True,11,332,branch,0.6119177690000015
127,0.2131640210000043,0.12881722699998477,127,success,True,doob_generic,64839680,5,127,76001105,64950272,73000000,54,True,11,127,branch,0.21316491599999665
55,0.0506911840000015,0.03239663799998027,55,success,True,doob_generic,64839680,6,55,76001106,64950272,73000000,52,True,11,55,branch,0.05069298199998684
81,0.16308687000000077,0.09717346199998644,78,success,True,doob_generic,64839680,7,81,76001107,64950272,73000000,50,True,11,81,branch,0.16310097800000278
110,0.2586481840000019,0.1612200909999828,107,success,True,doob_generic,64839680,8,110,76001108,64950272,73000000,47,True,11,110,branch,0.25871380000000954
60,0.1142595630000045,0.06941181599999169,58,success,True,doob_generic,64839680,9,60,76001109,64950272,73000000,44,True,11,60,branch,0.11428680299999883
61,0.1111265469999978,0.06913625399997869,58,success,True,doob_task,64839680,0,61,76001100,64950272,73000000,48,True,11,61,branch,0.11117533999998841
216,0.35372395899999987,0.21939136399996784,216,success,True,doob_task,64839680,1,216,76001101,64950272,73000000,63,True,11,216,branch,0.3545160609999982
172,0.3209696219999998,0.20131211200003918,172,success,True,doob_task,64839680,2,172,76001102,64954368,73000000,59,True,11,172,branch,0.3213136549999973
207,0.346505202000003,0.21764175600002034,207,success,True,doob_task,64839680,3,207,76001103,64958464,73000000,58,True,11,207,branch,0.3465061849999955
435,0.8256158599999992,0.51313128700005,435,success,True,doob_task,64839680,4,435,76001104,64958464,73000000,66,True,11,435,branch,0.8256739629999998
127,0.2205053359999951,0.13318491400002586,127,success,True,doob_task,64839680,5,127,76001105,65044480,73000000,54,True,11,127,branch,0.22053087399999072
55,0.05154773499999976,0.033079692000022476,55,success,True,doob_task,64839680,6,55,76001106,65044480,73000000,52,True,11,55,branch,0.051549404999988724
81,0.16349063500000227,0.09692395300000811,78,success,True,doob_task,64839680,7,81,76001107,65044480,73000000,50,True,11,81,branch,0.1634929129999989
110,0.2659779130000004,0.16576904799995873,107,success,True,doob_task,64839680,8,110,76001108,65044480,73000000,47,True,11,110,branch,0.2660308859999958
60,0.11729614700000468,0.0709588689999876,58,success,True,doob_task,64839680,9,60,76001109,65044480,73000000,44,True,11,60,branch,0.1172982470000079
61,0.12629517700000292,0.07016255500003155,57,success,True,deadline_generic,64839680,0,61,76001100,65044480,73000000,48,True,11,61,branch,0.12630608400000654
101,0.15665977499999428,0.09173900399999724,101,success,True,deadline_task,64839680,0,101,76001100,65044480,73000000,54,True,11,101,branch,0.1566610670000017
18,0.068449818,0.0,0,success,True,fixed_generic,64774144,0,18,76010000,64786432,73000001,91,True,0,18,sequence,0.06845500400000049
18,0.06803892100000003,0.0,0,success,True,fixed_task,64774144,0,18,76010000,64790528,73000001,91,True,0,18,sequence,0.06804251499999481
18,0.06804541299999994,0.0,0,success,True,doob_generic,64774144,0,18,76010000,64806912,73000001,91,True,0,18,sequence,0.0680600069999997
18,0.06786577900000001,0.0,0,success,True,doob_generic,64774144,1,18,76010001,64819200,73000001,91,True,0,18,sequence,0.06786938099999418
18,0.067849508,0.0,0,success,True,doob_generic,64774144,2,18,76010002,64819200,73000001,91,True,0,18,sequence,0.06785291299999585
18,0.07481657599999991,0.0,0,success,True,doob_generic,64774144,3,18,76010003,64823296,73000001,91,True,0,18,sequence,0.07482086999999638
18,0.06852880500000003,0.0,0,success,True,doob_generic,64774144,4,18,76010004,64823296,73000001,91,True,0,18,sequence,0.06854612399999382
18,0.06836321599999995,0.0,0,success,True,doob_generic,64774144,5,18,76010005,64823296,73000001,91,True,0,18,sequence,0.0683673589999998
18,0.06812432099999999,0.0,0,success,True,doob_generic,64774144,6,18,76010006,64823296,73000001,91,True,0,18,sequence,0.06814210800000353
18,0.06878570400000006,0.0,0,success,True,doob_generic,64774144,7,18,76010007,64823296,73000001,91,True,0,18,sequence,0.0688007810000002
18,0.0682485719999999,0.0,0,success,True,doob_generic,64774144,8,18,76010008,64823296,73000001,91,True,0,18,sequence,0.06825313600000271
18,0.06813722499999986,0.0,0,success,True,doob_generic,64774144,9,18,76010009,64823296,73000001,91,True,0,18,sequence,0.06815414100000083
18,0.06794316199999995,0.0,0,success,True,doob_task,64774144,0,18,76010000,64823296,73000001,91,True,0,18,sequence,0.06796508700000459
18,0.06839878200000005,0.0,0,success,True,doob_task,64774144,1,18,76010001,64823296,73000001,91,True,0,18,sequence,0.06841360600000002
18,0.06861342300000017,0.0,0,success,True,doob_task,64774144,2,18,76010002,64823296,73000001,91,True,0,18,sequence,0.06862569300000132
18,0.06800974699999984,0.0,0,success,True,doob_task,64774144,3,18,76010003,64823296,73000001,91,True,0,18,sequence,0.06801353799999532
18,0.06795942199999994,0.0,0,success,True,doob_task,64774144,4,18,76010004,64823296,73000001,91,True,0,18,sequence,0.0679634930000006
18,0.07184915999999997,0.0,0,success,True,doob_task,64774144,5,18,76010005,64823296,73000001,91,True,0,18,sequence,0.07187295199999966
18,0.06849856899999995,0.0,0,success,True,doob_task,64774144,6,18,76010006,64823296,73000001,91,True,0,18,sequence,0.06850234299999869
18,0.06825508499999988,0.0,0,success,True,doob_task,64774144,7,18,76010007,64823296,73000001,91,True,0,18,sequence,0.06825921700000492
18,0.06870962199999986,0.0,0,success,True,doob_task,64774144,8,18,76010008,64823296,73000001,91,True,0,18,sequence,0.06871343699999954
18,0.06811773900000007,0.0,0,success,True,doob_task,64774144,9,18,76010009,64823296,73000001,91,True,0,18,sequence,0.06812155899999794
18,0.06880380799999997,0.0,0,success,True,deadline_generic,64774144,0,18,76010000,64823296,73000001,91,True,0,18,sequence,0.06880807399999611
18,0.0684185100000001,0.0,0,success,True,deadline_task,64774144,0,18,76010000,64823296,73000001,91,True,0,18,sequence,0.06843573799999803
14,0.07514689299999988,0.0,0,success,True,fixed_generic,65429504,0,14,76010100,65470464,73000001,91,True,1,14,all_of,0.0751664269999992
14,0.07484489899999991,0.0,0,success,True,fixed_task,65429504,0,14,76010100,65470464,73000001,91,True,1,14,all_of,0.07487962999999809
14,0.07522265400000006,0.0,0,success,True,doob_generic,65429504,0,14,76010100,65470464,73000001,91,True,1,14,all_of,0.07522672000000341
14,0.07525256899999988,0.0,0,success,True,doob_generic,65429504,1,14,76010101,65470464,73000001,91,True,1,14,all_of,0.07525669600000384
14,0.07504141499999983,0.0,0,success,True,doob_generic,65429504,2,14,76010102,65470464,73000001,91,True,1,14,all_of,0.0750455810000048
14,0.075485193,0.0,0,success,True,doob_generic,65429504,3,14,76010103,65470464,73000001,91,True,1,14,all_of,0.0755059729999985
14,0.07492835399999986,0.0,0,success,True,doob_generic,65429504,4,14,76010104,65470464,73000001,91,True,1,14,all_of,0.07494299900000101
14,0.07554198000000012,0.0,0,success,True,doob_generic,65429504,5,14,76010105,65470464,73000001,91,True,1,14,all_of,0.07554629799999901
14,0.07543652300000003,0.0,0,success,True,doob_generic,65429504,6,14,76010106,65474560,73000001,91,True,1,14,all_of,0.0754410010000015
14,0.07519397100000003,0.0,0,success,True,doob_generic,65429504,7,14,76010107,65474560,73000001,91,True,1,14,all_of,0.07520873600000044
14,0.07531165000000017,0.0,0,success,True,doob_generic,65429504,8,14,76010108,65474560,73000001,91,True,1,14,all_of,0.07533084500000342
14,0.08190614399999996,0.0,0,success,True,doob_generic,65429504,9,14,76010109,65474560,73000001,91,True,1,14,all_of,0.08192065099999724
14,0.075176028,0.0,0,success,True,doob_task,65429504,0,14,76010100,65474560,73000001,91,True,1,14,all_of,0.07519853700000567
14,0.07536644300000006,0.0,0,success,True,doob_task,65429504,1,14,76010101,65474560,73000001,91,True,1,14,all_of,0.07538540699999885
14,0.07561005700000001,0.0,0,success,True,doob_task,65429504,2,14,76010102,65474560,73000001,91,True,1,14,all_of,0.07577048099999928
14,0.07497094500000001,0.0,0,success,True,doob_task,65429504,3,14,76010103,65490944,73000001,91,True,1,14,all_of,0.07498808700000126
14,0.0750422089999998,0.0,0,success,True,doob_task,65429504,4,14,76010104,65490944,73000001,91,True,1,14,all_of,0.0750738700000042
14,0.07507918700000005,0.0,0,success,True,doob_task,65429504,5,14,76010105,65490944,73000001,91,True,1,14,all_of,0.07509629100000126
14,0.0763410600000003,0.0,0,success,True,doob_task,65429504,6,14,76010106,65490944,73000001,91,True,1,14,all_of,0.07634517800000395
14,0.07487258099999972,0.0,0,success,True,doob_task,65429504,7,14,76010107,65490944,73000001,91,True,1,14,all_of,0.07487678100000039
14,0.07597174399999984,0.0,0,success,True,doob_task,65429504,8,14,76010108,65490944,73000001,91,True,1,14,all_of,0.07602045000000146
14,0.07627707100000025,0.0,0,success,True,doob_task,65429504,9,14,76010109,65490944,73000001,91,True,1,14,all_of,0.07628093800000357
14,0.07571123499999999,0.0,0,success,True,deadline_generic,65429504,0,14,76010100,65495040,73000001,91,True,1,14,all_of,0.07571500899999961
14,0.07610260499999999,0.0,0,success,True,deadline_task,65429504,0,14,76010100,65495040,73000001,91,True,1,14,all_of,0.07610681199999902
7,0.022403799000000113,0.0,0,success,True,fixed_generic,65429504,0,7,76010200,65519616,73000001,91,True,2,7,condition_then,0.02240893200000471
7,0.03179736500000008,0.0,0,success,True,fixed_task,65429504,0,7,76010200,65519616,73000001,91,True,2,7,condition_then,0.03320701399999848
7,0.023721607000000144,0.0,0,success,True,doob_generic,65429504,0,7,76010200,65519616,73000001,91,True,2,7,condition_then,0.0237339210000016
7,0.0226101639999996,0.0,0,success,True,doob_generic,65429504,1,7,76010201,65519616,73000001,91,True,2,7,condition_then,0.022613796000001685
7,0.02369091999999995,0.0,0,success,True,doob_generic,65429504,2,7,76010202,65519616,73000001,91,True,2,7,condition_then,0.02369474900000057
7,0.02264370700000029,0.0,0,success,True,doob_generic,65429504,3,7,76010203,65519616,73000001,91,True,2,7,condition_then,0.022647929000001454
7,0.0226360019999996,0.0,0,success,True,doob_generic,65429504,4,7,76010204,65519616,73000001,91,True,2,7,condition_then,0.022639613999999142
7,0.022906757999999527,0.0,0,success,True,doob_generic,65429504,5,7,76010205,65519616,73000001,91,True,2,7,condition_then,0.022974840999999913
7,0.022633577999999765,0.0,0,success,True,doob_generic,65429504,6,7,76010206,65519616,73000001,91,True,2,7,condition_then,0.022637609999996755
7,0.022619963000000354,0.0,0,success,True,doob_generic,65429504,7,7,76010207,65519616,73000001,91,True,2,7,condition_then,0.022623563999999874
7,0.02750959499999972,0.0,0,success,True,doob_generic,65429504,8,7,76010208,65519616,73000001,91,True,2,7,condition_then,0.027513494000004357
7,0.02264133200000007,0.0,0,success,True,doob_generic,65429504,9,7,76010209,65519616,73000001,91,True,2,7,condition_then,0.022644833000001086
7,0.02258965600000007,0.0,0,success,True,doob_task,65429504,0,7,76010200,65519616,73000001,91,True,2,7,condition_then,0.022593116999999552
7,0.022560871999999677,0.0,0,success,True,doob_task,65429504,1,7,76010201,65519616,73000001,91,True,2,7,condition_then,0.022564493000004404
7,0.022588924999999982,0.0,0,success,True,doob_task,65429504,2,7,76010202,65519616,73000001,91,True,2,7,condition_then,0.022592606000003457
7,0.022718236000000225,0.0,0,success,True,doob_task,65429504,3,7,76010203,65519616,73000001,91,True,2,7,condition_then,0.022743978999997694
7,0.025861951000000438,0.0,0,success,True,doob_task,65429504,4,7,76010204,65519616,73000001,91,True,2,7,condition_then,0.02586518900000101
7,0.02395784899999942,0.0,0,success,True,doob_task,65429504,5,7,76010205,65519616,73000001,91,True,2,7,condition_then,0.023993818000001
7,0.02403836600000009,0.0,0,success,True,doob_task,65429504,6,7,76010206,65519616,73000001,91,True,2,7,condition_then,0.02411161799999917
7,0.03580424700000062,0.0,0,success,True,doob_task,65429504,7,7,76010207,65519616,73000001,91,True,2,7,condition_then,0.04112990600000188
7,0.025265452000000188,0.0,0,success,True,doob_task,65429504,8,7,76010208,65519616,73000001,91,True,2,7,condition_then,0.0253217420000027
7,0.02644983900000053,0.0,0,success,True,doob_task,65429504,9,7,76010209,65519616,73000001,91,True,2,7,condition_then,0.027085001999999747
7,0.024700495000000267,0.0,0,success,True,deadline_generic,65429504,0,7,76010200,65519616,73000001,91,True,2,7,condition_then,0.02472708699999515
7,0.02472175299999968,0.0,0,success,True,deadline_task,65429504,0,7,76010200,65519616,73000001,91,True,2,7,condition_then,0.02472546700000322
20,0.08194842300000005,0.0,0,success,True,fixed_generic,65429504,0,20,76010300,65564672,73000001,91,True,3,20,sequence,0.08195297099999976
20,0.07580789599999971,0.0,0,success,True,fixed_task,65429504,0,20,76010300,65564672,73000001,91,True,3,20,sequence,0.0758117000000027
20,0.07547863199999938,0.0,0,success,True,doob_generic,65429504,0,20,76010300,65564672,73000001,91,True,3,20,sequence,0.07548275399999937
20,0.07772765200000009,0.0,0,success,True,doob_generic,65429504,1,20,76010301,65564672,73000001,91,True,3,20,sequence,0.0777662479999961
20,0.07566253600000028,0.0,0,success,True,doob_generic,65429504,2,20,76010302,65564672,73000001,91,True,3,20,sequence,0.07567743899999613
20,0.07582731100000029,0.0,0,success,True,doob_generic,65429504,3,20,76010303,65564672,73000001,91,True,3,20,sequence,0.07584513199999776
20,0.08168327799999986,0.0,0,success,True,doob_generic,65429504,4,20,76010304,65564672,73000001,91,True,3,20,sequence,0.08169902600000256
20,0.07579544299999963,0.0,0,success,True,doob_generic,65429504,5,20,76010305,65564672,73000001,91,True,3,20,sequence,0.07579932700000569
20,0.08416920600000033,0.0,0,success,True,doob_generic,65429504,6,20,76010306,65564672,73000001,91,True,3,20,sequence,0.08417359700000304
20,0.07615877099999935,0.0,0,success,True,doob_generic,65429504,7,20,76010307,65564672,73000001,91,True,3,20,sequence,0.07617523000000403
20,0.07870862799999934,0.0,0,success,True,doob_generic,65429504,8,20,76010308,65564672,73000001,91,True,3,20,sequence,0.07871246700000256
20,0.08134356399999998,0.0,0,success,True,doob_generic,65429504,9,20,76010309,65564672,73000001,91,True,3,20,sequence,0.08134748900000233
20,0.07578375099999946,0.0,0,success,True,doob_task,65429504,0,20,76010300,65564672,73000001,91,True,3,20,sequence,0.07578778499999572
20,0.07551925799999992,0.0,0,success,True,doob_task,65429504,1,20,76010301,65564672,73000001,91,True,3,20,sequence,0.07552306000000186
20,0.0761987349999993,0.0,0,success,True,doob_task,65429504,2,20,76010302,65564672,73000001,91,True,3,20,sequence,0.07620305199999677
20,0.07547067700000021,0.0,0,success,True,doob_task,65429504,3,20,76010303,65564672,73000001,91,True,3,20,sequence,0.07547425799999985
20,0.08744881500000012,0.0,0,success,True,doob_task,65429504,4,20,76010304,65564672,73000001,91,True,3,20,sequence,0.08745330400000029
20,0.07669897799999958,0.0,0,success,True,doob_task,65429504,5,20,76010305,65564672,73000001,91,True,3,20,sequence,0.07672690199999721
20,0.0758160409999995,0.0,0,success,True,doob_task,65429504,6,20,76010306,65564672,73000001,91,True,3,20,sequence,0.07582030599999712
20,0.07601494200000047,0.0,0,success,True,doob_task,65429504,7,20,76010307,65564672,73000001,91,True,3,20,sequence,0.07605802999999867
20,0.07625784499999977,0.0,0,success,True,doob_task,65429504,8,20,76010308,65564672,73000001,91,True,3,20,sequence,0.07626181200000559
20,0.07617387800000053,0.0,0,success,True,doob_task,65429504,9,20,76010309,65564672,73000001,91,True,3,20,sequence,0.07619469599999462
20,0.07609994099999984,0.0,0,success,True,deadline_generic,65429504,0,20,76010300,65564672,73000001,91,True,3,20,sequence,0.07612378400000352
20,0.07593234800000026,0.0,0,success,True,deadline_task,65429504,0,20,76010300,65564672,73000001,91,True,3,20,sequence,0.07595371599999368
15,0.0886383740000003,0.0,0,success,True,fixed_generic,65560576,0,15,76010400,65552384,73000001,91,True,4,15,all_of,0.08864297999999593
15,0.08860039300000011,0.0,0,success,True,fixed_task,65560576,0,15,76010400,65552384,73000001,91,True,4,15,all_of,0.08860450800000308
15,0.08851747799999998,0.0,0,success,True,doob_generic,65560576,0,15,76010400,65552384,73000001,91,True,4,15,all_of,0.0885459479999966
15,0.08910606599999937,0.0,0,success,True,doob_generic,65560576,1,15,76010401,65552384,73000001,91,True,4,15,all_of,0.08911047499999825
15,0.08817798499999974,0.0,0,success,True,doob_generic,65560576,2,15,76010402,65552384,73000001,91,True,4,15,all_of,0.08821578999999957
15,0.0883042310000004,0.0,0,success,True,doob_generic,65560576,3,15,76010403,65552384,73000001,91,True,4,15,all_of,0.08832462399999486
15,0.08792516299999953,0.0,0,success,True,doob_generic,65560576,4,15,76010404,65552384,73000001,91,True,4,15,all_of,0.08796090399999912
15,0.08760878400000038,0.0,0,success,True,doob_generic,65560576,5,15,76010405,65552384,73000001,91,True,4,15,all_of,0.08762652699999762
15,0.08861281599999948,0.0,0,success,True,doob_generic,65560576,6,15,76010406,65552384,73000001,91,True,4,15,all_of,0.08863190900000006
15,0.08848011799999966,0.0,0,success,True,doob_generic,65560576,7,15,76010407,65552384,73000001,91,True,4,15,all_of,0.08852789499999858
15,0.09067948199999964,0.0,0,success,True,doob_generic,65560576,8,15,76010408,65552384,73000001,91,True,4,15,all_of,0.09068366800000405
15,0.0882780219999999,0.0,0,success,True,doob_generic,65560576,9,15,76010409,65552384,73000001,91,True,4,15,all_of,0.08829530900000293
15,0.08825038999999979,0.0,0,success,True,doob_task,65560576,0,15,76010400,65552384,73000001,91,True,4,15,all_of,0.08827303799999697
15,0.09638556799999964,0.0,0,success,True,doob_task,65560576,1,15,76010401,65552384,73000001,91,True,4,15,all_of,0.09638989599999803
15,0.08904291799999964,0.0,0,success,True,doob_task,65560576,2,15,76010402,65552384,73000001,91,True,4,15,all_of,0.08904661599999741
15,0.08818255399999941,0.0,0,success,True,doob_task,65560576,3,15,76010403,65552384,73000001,91,True,4,15,all_of,0.0881864460000017
15,0.08861131399999955,0.0,0,success,True,doob_task,65560576,4,15,76010404,65552384,73000001,91,True,4,15,all_of,0.08861555899999729
15,0.08796828400000045,0.0,0,success,True,doob_task,65560576,5,15,76010405,65552384,73000001,91,True,4,15,all_of,0.0880367759999956
15,0.08756878899999876,0.0,0,success,True,doob_task,65560576,6,15,76010406,65552384,73000001,91,True,4,15,all_of,0.08760233299999953
15,0.09489151100000015,0.0,0,success,True,doob_task,65560576,7,15,76010407,65552384,73000001,91,True,4,15,all_of,0.09489573100000115
15,0.08795567000000126,0.0,0,success,True,doob_task,65560576,8,15,76010408,65568768,73000001,91,True,4,15,all_of,0.08797182399999315
15,0.0881101779999991,0.0,0,success,True,doob_task,65560576,9,15,76010409,65568768,73000001,91,True,4,15,all_of,0.08811441099999939
15,0.08851152699999965,0.0,0,success,True,deadline_generic,65560576,0,15,76010400,65572864,73000001,91,True,4,15,all_of,0.08851531100000187
15,0.08763034300000072,0.0,0,success,True,deadline_task,65560576,0,15,76010400,65572864,73000001,91,True,4,15,all_of,0.0876562229999962
8,0.02820767700000104,0.0,0,success,True,fixed_generic,65560576,0,8,76010500,65691648,73000001,91,True,5,8,condition_then,0.02822306200000213
8,0.03528415999999979,0.0,0,success,True,fixed_task,65560576,0,8,76010500,65691648,73000001,91,True,5,8,condition_then,0.03528963499999804
8,0.02812446200000096,0.0,0,success,True,doob_generic,65560576,0,8,76010500,65691648,73000001,91,True,5,8,condition_then,0.028128164000001732
8,0.028411388000000315,0.0,0,success,True,doob_generic,65560576,1,8,76010501,65691648,73000001,91,True,5,8,condition_then,0.02841506000000038
8,0.02799402800000017,0.0,0,success,True,doob_generic,65560576,2,8,76010502,65691648,73000001,91,True,5,8,condition_then,0.028006967000003158
8,0.02802572799999936,0.0,0,success,True,doob_generic,65560576,3,8,76010503,65691648,73000001,91,True,5,8,condition_then,0.028029378999995913
8,0.027982096999998873,0.0,0,success,True,doob_generic,65560576,4,8,76010504,65691648,73000001,91,True,5,8,condition_then,0.02801814800000102
8,0.028206254999998848,0.0,0,success,True,doob_generic,65560576,5,8,76010505,65691648,73000001,91,True,5,8,condition_then,0.02821029800000474
8,0.028086221000000577,0.0,0,success,True,doob_generic,65560576,6,8,76010506,65691648,73000001,91,True,5,8,condition_then,0.028089741999998807
8,0.028208750000001004,0.0,0,success,True,doob_generic,65560576,7,8,76010507,65691648,73000001,91,True,5,8,condition_then,0.028212240999998528
8,0.02845106200000025,0.0,0,success,True,doob_generic,65560576,8,8,76010508,65691648,73000001,91,True,5,8,condition_then,0.028466747999999598
8,0.0279211729999993,0.0,0,success,True,doob_generic,65560576,9,8,76010509,65691648,73000001,91,True,5,8,condition_then,0.027924974000001157
8,0.02796275000000037,0.0,0,success,True,doob_task,65560576,0,8,76010500,65691648,73000001,91,True,5,8,condition_then,0.02803574100000361
8,0.027852794999999375,0.0,0,success,True,doob_task,65560576,1,8,76010501,65691648,73000001,91,True,5,8,condition_then,0.02785624500000239
8,0.028257750999999942,0.0,0,success,True,doob_task,65560576,2,8,76010502,65691648,73000001,91,True,5,8,condition_then,0.028261112000002697
8,0.02784943899999881,0.0,0,success,True,doob_task,65560576,3,8,76010503,65691648,73000001,91,True,5,8,condition_then,0.027852707999997506
8,0.027899102000001008,0.0,0,success,True,doob_task,65560576,4,8,76010504,65691648,73000001,91,True,5,8,condition_then,0.02793099500000551
8,0.027970635000000854,0.0,0,success,True,doob_task,65560576,5,8,76010505,65691648,73000001,91,True,5,8,condition_then,0.027973785000000362
8,0.0282159919999998,0.0,0,success,True,doob_task,65560576,6,8,76010506,65691648,73000001,91,True,5,8,condition_then,0.028219463999995753
8,0.028346046000001124,0.0,0,success,True,doob_task,65560576,7,8,76010507,65691648,73000001,91,True,5,8,condition_then,0.028350199000001908
8,0.028035076000000103,0.0,0,success,True,doob_task,65560576,8,8,76010508,65691648,73000001,91,True,5,8,condition_then,0.028038395999999466
8,0.02802206099999971,0.0,0,success,True,doob_task,65560576,9,8,76010509,65691648,73000001,91,True,5,8,condition_then,0.028026072999999485
8,0.027952872000000184,0.0,0,success,True,deadline_generic,65560576,0,8,76010500,65691648,73000001,91,True,5,8,condition_then,0.02795628199999811
8,0.027981915999999885,0.0,0,success,True,deadline_task,65560576,0,8,76010500,65691648,73000001,91,True,5,8,condition_then,0.027985186000002216
22,0.08473680499999858,0.0,0,success,True,fixed_generic,65687552,0,22,76010600,65732608,73000001,91,True,6,22,sequence,0.08474162000000263
22,0.08410223100000103,0.0,0,success,True,fixed_task,65687552,0,22,76010600,65732608,73000001,91,True,6,22,sequence,0.08410607100000078
22,0.08547873999999922,0.0,0,success,True,doob_generic,65687552,0,22,76010600,65732608,73000001,91,True,6,22,sequence,0.08549554999999742
22,0.08540016199999911,0.0,0,success,True,doob_generic,65687552,1,22,76010601,65732608,73000001,91,True,6,22,sequence,0.08540434000000374
22,0.08457601499999967,0.0,0,success,True,doob_generic,65687552,2,22,76010602,65732608,73000001,91,True,6,22,sequence,0.08457973699999854
22,0.08486954299999994,0.0,0,success,True,doob_generic,65687552,3,22,76010603,65732608,73000001,91,True,6,22,sequence,0.08488321499999785
22,0.08456256000000018,0.0,0,success,True,doob_generic,65687552,4,22,76010604,65732608,73000001,91,True,6,22,sequence,0.08458971600000353
22,0.08490445800000046,0.0,0,success,True,doob_generic,65687552,5,22,76010605,65732608,73000001,91,True,6,22,sequence,0.08490903300000241
22,0.08489549099999927,0.0,0,success,True,doob_generic,65687552,6,22,76010606,65732608,73000001,91,True,6,22,sequence,0.0849140119999987
22,0.08451291599999955,0.0,0,success,True,doob_generic,65687552,7,22,76010607,65732608,73000001,91,True,6,22,sequence,0.08452709800000235
22,0.08529621899999995,0.0,0,success,True,doob_generic,65687552,8,22,76010608,65732608,73000001,91,True,6,22,sequence,0.08532100400000076
22,0.08513187199999983,0.0,0,success,True,doob_generic,65687552,9,22,76010609,65732608,73000001,91,True,6,22,sequence,0.08513646899999827
22,0.08476378499999981,0.0,0,success,True,doob_task,65687552,0,22,76010600,65732608,73000001,91,True,6,22,sequence,0.08476787899999749
22,0.08499671000000042,0.0,0,success,True,doob_task,65687552,1,22,76010601,65732608,73000001,91,True,6,22,sequence,0.08501577199999844
22,0.08548737499999959,0.0,0,success,True,doob_task,65687552,2,22,76010602,65732608,73000001,91,True,6,22,sequence,0.08550229299999756
22,0.08473860700000024,0.0,0,success,True,doob_task,65687552,3,22,76010603,65732608,73000001,91,True,6,22,sequence,0.08477335899999616
22,0.08496322699999936,0.0,0,success,True,doob_task,65687552,4,22,76010604,65732608,73000001,91,True,6,22,sequence,0.08498253999999861
22,0.09186849099999961,0.0,0,success,True,doob_task,65687552,5,22,76010605,65732608,73000001,91,True,6,22,sequence,0.09191819899999842
22,0.08484731100000076,0.0,0,success,True,doob_task,65687552,6,22,76010606,65732608,73000001,91,True,6,22,sequence,0.08486535200000134
22,0.08590444300000044,0.0,0,success,True,doob_task,65687552,7,22,76010607,65732608,73000001,91,True,6,22,sequence,0.08590859399999573
22,0.08536830300000098,0.0,0,success,True,doob_task,65687552,8,22,76010608,65732608,73000001,91,True,6,22,sequence,0.08541352800000368
22,0.08709823999999955,0.0,0,success,True,doob_task,65687552,9,22,76010609,65732608,73000001,91,True,6,22,sequence,0.0871031089999974
22,0.08549908700000053,0.0,0,success,True,deadline_generic,65687552,0,22,76010600,65732608,73000001,91,True,6,22,sequence,0.08552024699999805
22,0.08445993900000026,0.0,0,success,True,deadline_task,65687552,0,22,76010600,65732608,73000001,91,True,6,22,sequence,0.08446406099999848
18,0.15410740999999994,0.0,0,success,True,fixed_generic,65687552,0,18,76010700,65658880,73000001,91,True,7,18,all_of,0.15411261399999887
18,0.15344086700000048,0.0,0,success,True,fixed_task,65687552,0,18,76010700,65658880,73000001,91,True,7,18,all_of,0.15345421199999976
18,0.15971435099999987,0.0,0,success,True,doob_generic,65687552,0,18,76010700,65658880,73000001,91,True,7,18,all_of,0.15974806099999483
18,0.15182298899999935,0.0,0,success,True,doob_generic,65687552,1,18,76010701,65658880,73000001,91,True,7,18,all_of,0.15184516100000423
18,0.15254840199999897,0.0,0,success,True,doob_generic,65687552,2,18,76010702,65658880,73000001,91,True,7,18,all_of,0.15257406499999604
18,0.1516816040000002,0.0,0,success,True,doob_generic,65687552,3,18,76010703,65658880,73000001,91,True,7,18,all_of,0.15168657400000285
18,0.1519612960000014,0.0,0,success,True,doob_generic,65687552,4,18,76010704,65658880,73000001,91,True,7,18,all_of,0.151982837999995
18,0.1527660579999992,0.0,0,success,True,doob_generic,65687552,5,18,76010705,65658880,73000001,91,True,7,18,all_of,0.15278516099999706
18,0.15214046100000012,0.0,0,success,True,doob_generic,65687552,6,18,76010706,65658880,73000001,91,True,7,18,all_of,0.15218055799999775
18,0.15972273700000095,0.0,0,success,True,doob_generic,65687552,7,18,76010707,65658880,73000001,91,True,7,18,all_of,0.15972701199999761
18,0.15211212800000062,0.0,0,success,True,doob_generic,65687552,8,18,76010708,65658880,73000001,91,True,7,18,all_of,0.15212982299999567
18,0.1546693389999998,0.0,0,success,True,doob_generic,65687552,9,18,76010709,65658880,73000001,91,True,7,18,all_of,0.15467414599999785
18,0.15246441500000074,0.0,0,success,True,doob_task,65687552,0,18,76010700,65658880,73000001,91,True,7,18,all_of,0.1524691589999989
18,0.15408929400000027,0.0,0,success,True,doob_task,65687552,1,18,76010701,65658880,73000001,91,True,7,18,all_of,0.15413056799999936
18,0.15277284100000088,0.0,0,success,True,doob_task,65687552,2,18,76010702,65658880,73000001,91,True,7,18,all_of,0.15279135200000127
18,0.15261071800000003,0.0,0,success,True,doob_task,65687552,3,18,76010703,65658880,73000001,91,True,7,18,all_of,0.1526252610000043
18,0.1582739439999994,0.0,0,success,True,doob_task,65687552,4,18,76010704,65658880,73000001,91,True,7,18,all_of,0.1582909540000017
18,0.15192160099999974,0.0,0,success,True,doob_task,65687552,5,18,76010705,65658880,73000001,91,True,7,18,all_of,0.15193758400000235
18,0.15180467400000097,0.0,0,success,True,doob_task,65687552,6,18,76010706,65658880,73000001,91,True,7,18,all_of,0.15180922300000077
18,0.16718582100000035,0.0,0,success,True,doob_task,65687552,7,18,76010707,65658880,73000001,91,True,7,18,all_of,0.16720246200000588
18,0.15901579800000043,0.0,0,success,True,doob_task,65687552,8,18,76010708,65658880,73000001,91,True,7,18,all_of,0.15906109500000554
18,0.15342207299999977,0.0,0,success,True,doob_task,65687552,9,18,76010709,65658880,73000001,91,True,7,18,all_of,0.15346395000000257
18,0.15181678700000134,0.0,0,success,True,deadline_generic,65687552,0,18,76010700,65658880,73000001,91,True,7,18,all_of,0.15184620300000518
18,0.1588901440000008,0.0,0,success,True,deadline_task,65687552,0,18,76010700,65658880,73000001,91,True,7,18,all_of,0.15890257899999938
12,0.04109345900000072,0.0,0,success,True,fixed_generic,65687552,0,12,76010800,65777664,73000001,91,True,8,12,condition_then,0.041096951000000104
12,0.04123760699999934,0.0,0,success,True,fixed_task,65687552,0,12,76010800,65777664,73000001,91,True,8,12,condition_then,0.04125070899999628
12,0.0411362490000009,0.0,0,success,True,doob_generic,65687552,0,12,76010800,65777664,73000001,91,True,8,12,condition_then,0.041140472000009254
12,0.04136698900000013,0.0,0,success,True,doob_generic,65687552,1,12,76010801,65777664,73000001,91,True,8,12,condition_then,0.041370802999992407
12,0.04110521099999964,0.0,0,success,True,doob_generic,65687552,2,12,76010802,65777664,73000001,91,True,8,12,condition_then,0.04110886299999095
12,0.04106141900000004,0.0,0,success,True,doob_generic,65687552,3,12,76010803,65777664,73000001,91,True,8,12,condition_then,0.04106481099999826
12,0.04128848200000057,0.0,0,success,True,doob_generic,65687552,4,12,76010804,65777664,73000001,91,True,8,12,condition_then,0.04131025000000932
12,0.04147563199999915,0.0,0,success,True,doob_generic,65687552,5,12,76010805,65777664,73000001,91,True,8,12,condition_then,0.0414790860000096
12,0.04142897499999876,0.0,0,success,True,doob_generic,65687552,6,12,76010806,65777664,73000001,91,True,8,12,condition_then,0.04143293999999287
12,0.04143009699999922,0.0,0,success,True,doob_generic,65687552,7,12,76010807,65777664,73000001,91,True,8,12,condition_then,0.0414337820000128
12,0.0412442999999989,0.0,0,success,True,doob_generic,65687552,8,12,76010808,65777664,73000001,91,True,8,12,condition_then,0.04124781400000188
12,0.041189978999998544,0.0,0,success,True,doob_generic,65687552,9,12,76010809,65777664,73000001,91,True,8,12,condition_then,0.04120807900000045
12,0.041345538999998155,0.0,0,success,True,doob_task,65687552,0,12,76010800,65777664,73000001,91,True,8,12,condition_then,0.04136124600000812
12,0.04114256099999736,0.0,0,success,True,doob_task,65687552,1,12,76010801,65777664,73000001,91,True,8,12,condition_then,0.04114658399998916
12,0.041164672000000735,0.0,0,success,True,doob_task,65687552,2,12,76010802,65777664,73000001,91,True,8,12,condition_then,0.04117820300000119
12,0.041078009999999665,0.0,0,success,True,doob_task,65687552,3,12,76010803,65777664,73000001,91,True,8,12,condition_then,0.041094154999996135
12,0.04132896799999841,0.0,0,success,True,doob_task,65687552,4,12,76010804,65777664,73000001,91,True,8,12,condition_then,0.041332581999995455
12,0.041246273000002276,0.0,0,success,True,doob_task,65687552,5,12,76010805,65777664,73000001,91,True,8,12,condition_then,0.0412496569999945
12,0.04119829500000094,0.0,0,success,True,doob_task,65687552,6,12,76010806,65777664,73000001,91,True,8,12,condition_then,0.041201395999991064
12,0.04119890500000167,0.0,0,success,True,doob_task,65687552,7,12,76010807,65777664,73000001,91,True,8,12,condition_then,0.04122415900000931
12,0.04116639500000119,0.0,0,success,True,doob_task,65687552,8,12,76010808,65777664,73000001,91,True,8,12,condition_then,0.04117011799999659
12,0.04132427899999769,0.0,0,success,True,doob_task,65687552,9,12,76010809,65777664,73000001,91,True,8,12,condition_then,0.04132803299999921
12,0.04130873999999807,0.0,0,success,True,deadline_generic,65687552,0,12,76010800,65777664,73000001,91,True,8,12,condition_then,0.04131201399999895
12,0.04135772100000068,0.0,0,success,True,deadline_task,65687552,0,12,76010800,65777664,73000001,91,True,8,12,condition_then,0.04136143600000253
8,0.03288945199999915,0.0,0,success,True,fixed_generic,65757184,0,8,76010900,65822720,73000001,91,True,9,8,branch,0.032894990999992046
8,0.03289927099999801,0.0,0,success,True,fixed_task,65757184,0,8,76010900,65822720,73000001,91,True,9,8,branch,0.03290306700000656
8,0.03275193500000029,0.0,0,success,True,doob_generic,65757184,0,8,76010900,65822720,73000001,91,True,9,8,branch,0.03276785300000995
8,0.0327777239999989,0.0,0,success,True,doob_generic,65757184,1,8,76010901,65822720,73000001,91,True,9,8,branch,0.03278070800000421
8,0.03270335499999888,0.0,0,success,True,doob_generic,65757184,2,8,76010902,65822720,73000001,91,True,9,8,branch,0.03270748100000276
8,0.03358076199999971,0.0,0,success,True,doob_generic,65757184,3,8,76010903,65822720,73000001,91,True,9,8,branch,0.03358450200001073
8,0.03267995099999865,0.0,0,success,True,doob_generic,65757184,4,8,76010904,65822720,73000001,91,True,9,8,branch,0.032699184999998465
8,0.03288783899999714,0.0,0,success,True,doob_generic,65757184,5,8,76010905,65822720,73000001,91,True,9,8,branch,0.032922362000007865
8,0.032736477000000264,0.0,0,success,True,doob_generic,65757184,6,8,76010906,65822720,73000001,91,True,9,8,branch,0.032759898000009
8,0.03297897899999924,0.0,0,success,True,doob_generic,65757184,7,8,76010907,65822720,73000001,91,True,9,8,branch,0.03299165299999629
8,0.03291118299999951,0.0,0,success,True,doob_generic,65757184,8,8,76010908,65822720,73000001,91,True,9,8,branch,0.03291495800000632
8,0.03291510000000031,0.0,0,success,True,doob_generic,65757184,9,8,76010909,65822720,73000001,91,True,9,8,branch,0.03292947600000673
8,0.03283398900000023,0.0,0,success,True,doob_task,65757184,0,8,76010900,65822720,73000001,91,True,9,8,branch,0.032851460000003385
8,0.032717200000000446,0.0,0,success,True,doob_task,65757184,1,8,76010901,65822720,73000001,91,True,9,8,branch,0.0327206259999997
8,0.03303108600000115,0.0,0,success,True,doob_task,65757184,2,8,76010902,65822720,73000001,91,True,9,8,branch,0.03303542400000481
8,0.032709235999998754,0.0,0,success,True,doob_task,65757184,3,8,76010903,65822720,73000001,91,True,9,8,branch,0.03271323100000245
8,0.032931840999999906,0.0,0,success,True,doob_task,65757184,4,8,76010904,65822720,73000001,91,True,9,8,branch,0.03295186799999783
8,0.03287962399999955,0.0,0,success,True,doob_task,65757184,5,8,76010905,65822720,73000001,91,True,9,8,branch,0.03288615499999992
8,0.03303379200000123,0.0,0,success,True,doob_task,65757184,6,8,76010906,65822720,73000001,91,True,9,8,branch,0.033037848999995845
8,0.032860418000002056,0.0,0,success,True,doob_task,65757184,7,8,76010907,65822720,73000001,91,True,9,8,branch,0.03286402400000554
8,0.03283785599999689,0.0,0,success,True,doob_task,65757184,8,8,76010908,65822720,73000001,91,True,9,8,branch,0.03284277399998814
8,0.03281076499999713,0.0,0,success,True,doob_task,65757184,9,8,76010909,65822720,73000001,91,True,9,8,branch,0.0328146120000099
8,0.03300339500000149,0.0,0,success,True,deadline_generic,65757184,0,8,76010900,65822720,73000001,91,True,9,8,branch,0.03300715100000673
8,0.03277382599999967,0.0,0,success,True,deadline_task,65757184,0,8,76010900,65822720,73000001,91,True,9,8,branch,0.03277717099999222
8,0.035042660000002,0.0,0,success,True,fixed_generic,65757184,0,8,76011000,65822720,73000001,91,True,10,8,branch,0.035047008000006485
8,0.0350491109999993,0.0,0,success,True,fixed_task,65757184,0,8,76011000,65822720,73000001,91,True,10,8,branch,0.03505335999999204
8,0.035060923999999716,0.0,0,success,True,doob_generic,65757184,0,8,76011000,65822720,73000001,91,True,10,8,branch,0.03506453199999271
8,0.03514129399999888,0.0,0,success,True,doob_generic,65757184,1,8,76011001,65822720,73000001,91,True,10,8,branch,0.03514521300000695
8,0.03523011999999781,0.0,0,success,True,doob_generic,65757184,2,8,76011002,65822720,73000001,91,True,10,8,branch,0.03523327800000686
8,0.03506326800000181,0.0,0,success,True,doob_generic,65757184,3,8,76011003,65822720,73000001,91,True,10,8,branch,0.035066935999992666
8,0.0352812440000001,0.0,0,success,True,doob_generic,65757184,4,8,76011004,65822720,73000001,91,True,10,8,branch,0.03528501399999584
8,0.034972849999999056,0.0,0,success,True,doob_generic,65757184,5,8,76011005,65822720,73000001,91,True,10,8,branch,0.03497680799999614
8,0.03733698099999927,0.0,0,success,True,doob_generic,65757184,6,8,76011006,65822720,73000001,91,True,10,8,branch,0.03734052099999019
8,0.0350518070000021,0.0,0,success,True,doob_generic,65757184,7,8,76011007,65822720,73000001,91,True,10,8,branch,0.0350683079999925
8,0.035150951000002095,0.0,0,success,True,doob_generic,65757184,8,8,76011008,65822720,73000001,91,True,10,8,branch,0.03515495099999555
8,0.03492295599999906,0.0,0,success,True,doob_generic,65757184,9,8,76011009,65822720,73000001,91,True,10,8,branch,0.03492620299999771
8,0.03506480200000084,0.0,0,success,True,doob_task,65757184,0,8,76011000,65822720,73000001,91,True,10,8,branch,0.03508063200000322
8,0.03491145499999959,0.0,0,success,True,doob_task,65757184,1,8,76011001,65822720,73000001,91,True,10,8,branch,0.03491539200000204
8,0.03524998600000018,0.0,0,success,True,doob_task,65757184,2,8,76011002,65822720,73000001,91,True,10,8,branch,0.03525365599999475
8,0.034904161000000045,0.0,0,success,True,doob_task,65757184,3,8,76011003,65822720,73000001,91,True,10,8,branch,0.03490765799999451
8,0.034793185000001614,0.0,0,success,True,doob_task,65757184,4,8,76011004,65822720,73000001,91,True,10,8,branch,0.03479663100000607
8,0.035073526999997995,0.0,0,success,True,doob_task,65757184,5,8,76011005,65822720,73000001,91,True,10,8,branch,0.0350847689999938
8,0.04160132599999855,0.0,0,success,True,doob_task,65757184,6,8,76011006,65822720,73000001,91,True,10,8,branch,0.04160515200000248
8,0.038178770999998335,0.0,0,success,True,doob_task,65757184,7,8,76011007,65822720,73000001,91,True,10,8,branch,0.0381824359999996
8,0.03504549499999854,0.0,0,success,True,doob_task,65757184,8,8,76011008,65822720,73000001,91,True,10,8,branch,0.03505849100000091
8,0.03502337300000136,0.0,0,success,True,doob_task,65757184,9,8,76011009,65822720,73000001,91,True,10,8,branch,0.035027082000013365
8,0.03504395200000232,0.0,0,success,True,deadline_generic,65757184,0,8,76011000,65822720,73000001,91,True,10,8,branch,0.0350478900000013
8,0.03487552799999705,0.0,0,success,True,deadline_task,65757184,0,8,76011000,65822720,73000001,91,True,10,8,branch,0.034878783999999996
9,0.04009653800000024,0.0,0,success,True,fixed_generic,65757184,0,9,76011100,65826816,73000001,91,True,11,9,branch,0.040100756999990494
9,0.03990994099999767,0.0,0,success,True,fixed_task,65757184,0,9,76011100,65826816,73000001,91,True,11,9,branch,0.03991321499999856
9,0.03986868399999821,0.0,0,success,True,doob_generic,65757184,0,9,76011100,65826816,73000001,91,True,11,9,branch,0.039872310000006905
9,0.039837304999998935,0.0,0,success,True,doob_generic,65757184,1,9,76011101,65826816,73000001,91,True,11,9,branch,0.03984091099999887
9,0.03983912900000064,0.0,0,success,True,doob_generic,65757184,2,9,76011102,65826816,73000001,91,True,11,9,branch,0.03984339400000181
9,0.040038079999998644,0.0,0,success,True,doob_generic,65757184,3,9,76011103,65826816,73000001,91,True,11,9,branch,0.040041516000002275
9,0.04023694999999705,0.0,0,success,True,doob_generic,65757184,4,9,76011104,65826816,73000001,91,True,11,9,branch,0.04024059799999691
9,0.0399619169999994,0.0,0,success,True,doob_generic,65757184,5,9,76011105,65826816,73000001,91,True,11,9,branch,0.039981173000001036
9,0.03988154800000032,0.0,0,success,True,doob_generic,65757184,6,9,76011106,65826816,73000001,91,True,11,9,branch,0.03988542399999062
9,0.039998646000000804,0.0,0,success,True,doob_generic,65757184,7,9,76011107,65826816,73000001,91,True,11,9,branch,0.04001256200000114
9,0.039763416999999635,0.0,0,success,True,doob_generic,65757184,8,9,76011108,65826816,73000001,91,True,11,9,branch,0.0397792450000054
9,0.040030094999998767,0.0,0,success,True,doob_generic,65757184,9,9,76011109,65826816,73000001,91,True,11,9,branch,0.04003373099999408
9,0.039900031999998475,0.0,0,success,True,doob_task,65757184,0,9,76011100,65826816,73000001,91,True,11,9,branch,0.039903917999993155
9,0.039979730999998964,0.0,0,success,True,doob_task,65757184,1,9,76011101,65826816,73000001,91,True,11,9,branch,0.03998356700000727
9,0.039697354000001184,0.0,0,success,True,doob_task,65757184,2,9,76011102,65826816,73000001,91,True,11,9,branch,0.039701423000011005
9,0.04012304800000166,0.0,0,success,True,doob_task,65757184,3,9,76011103,65826816,73000001,91,True,11,9,branch,0.040127439000002596
9,0.04002155000000229,0.0,0,success,True,doob_task,65757184,4,9,76011104,65826816,73000001,91,True,11,9,branch,0.04003756099999123
9,0.03997308900000007,0.0,0,success,True,doob_task,65757184,5,9,76011105,65826816,73000001,91,True,11,9,branch,0.039985483999998905
9,0.04005891799999972,0.0,0,success,True,doob_task,65757184,6,9,76011106,65826816,73000001,91,True,11,9,branch,0.040062887999994246
9,0.03988816000000028,0.0,0,success,True,doob_task,65757184,7,9,76011107,65826816,73000001,91,True,11,9,branch,0.03989190800000131
9,0.04210557700000095,0.0,0,success,True,doob_task,65757184,8,9,76011108,65826816,73000001,91,True,11,9,branch,0.04210937800000636
9,0.04686243300000115,0.0,0,success,True,doob_task,65757184,9,9,76011109,65826816,73000001,91,True,11,9,branch,0.04687788100000034
9,0.04006066200000191,0.0,0,success,True,deadline_generic,65757184,0,9,76011100,65826816,73000001,91,True,11,9,branch,0.04006408099999703
9,0.040024114000001276,0.0,0,success,True,deadline_task,65757184,0,9,76011100,65826816,73000001,91,True,11,9,branch,0.040028073000001996
14,0.005199028999999994,0.0,0,success,True,fixed_generic,64294912,0,14,76020000,64532480,73000002,15,True,0,14,sequence,0.0052030480000127
14,0.00513216900000002,0.0,0,success,True,fixed_task,64294912,0,14,76020000,64532480,73000002,15,True,0,14,sequence,0.005134706999996297
14,0.005565144000000022,0.0,0,success,True,doob_generic,64294912,0,14,76020000,64532480,73000002,15,True,0,14,sequence,0.005569034999993505
14,0.006061083999999994,0.0,0,success,True,doob_generic,64294912,1,14,76020001,64532480,73000002,15,True,0,14,sequence,0.006065445000004388
14,0.005198397000000021,0.0,0,success,True,doob_generic,64294912,2,14,76020002,64532480,73000002,15,True,0,14,sequence,0.005200594000001502
14,0.005364043999999957,0.0,0,success,True,doob_generic,64294912,3,14,76020003,64532480,73000002,15,True,0,14,sequence,0.00536805000000129
14,0.0054438529999999985,0.0,0,success,True,doob_generic,64294912,4,14,76020004,64532480,73000002,15,True,0,14,sequence,0.0054470259999988
14,0.0053392070000000125,0.0,0,success,True,doob_generic,64294912,5,14,76020005,64532480,73000002,15,True,0,14,sequence,0.005342002000006119
14,0.005309743000000033,0.0,0,success,True,doob_generic,64294912,6,14,76020006,64532480,73000002,15,True,0,14,sequence,0.00531307999999342
14,0.005268612000000006,0.0,0,success,True,doob_generic,64294912,7,14,76020007,64532480,73000002,15,True,0,14,sequence,0.00527235900000278
14,0.0054193369999999685,0.0,0,success,True,doob_generic,64294912,8,14,76020008,64532480,73000002,15,True,0,14,sequence,0.005478232000001526
14,0.005284135000000023,0.0,0,success,True,doob_generic,64294912,9,14,76020009,64532480,73000002,15,True,0,14,sequence,0.005287952000003315
14,0.005159699999999989,0.0,0,success,True,doob_task,64294912,0,14,76020000,64532480,73000002,15,True,0,14,sequence,0.00516279900000427
14,0.005091557999999996,0.0,0,success,True,doob_task,64294912,1,14,76020001,64532480,73000002,15,True,0,14,sequence,0.005094518000007042
14,0.005153691000000016,0.0,0,success,True,doob_task,64294912,2,14,76020002,64532480,73000002,15,True,0,14,sequence,0.005157190000005585
14,0.005158068000000016,0.0,0,success,True,doob_task,64294912,3,14,76020003,64532480,73000002,15,True,0,14,sequence,0.00516107600000737
14,0.005043276999999957,0.0,0,success,True,doob_task,64294912,4,14,76020004,64532480,73000002,15,True,0,14,sequence,0.00504586600000323
14,0.005851431000000018,0.0,0,success,True,doob_task,64294912,5,14,76020005,64532480,73000002,15,True,0,14,sequence,0.0058550559999872576
14,0.006055636000000031,0.0,0,success,True,doob_task,64294912,6,14,76020006,64532480,73000002,15,True,0,14,sequence,0.0060590859999933855
14,0.005450323000000035,0.0,0,success,True,doob_task,64294912,7,14,76020007,64532480,73000002,15,True,0,14,sequence,0.005454296999999997
14,0.005073572000000026,0.0,0,success,True,doob_task,64294912,8,14,76020008,64532480,73000002,15,True,0,14,sequence,0.005076721999998313
14,0.004983426999999985,0.0,0,success,True,doob_task,64294912,9,14,76020009,64532480,73000002,15,True,0,14,sequence,0.004985747999995738
14,0.00493789,0.0,0,success,True,deadline_generic,64294912,0,14,76020000,64532480,73000002,15,True,0,14,sequence,0.004940191000002869
14,0.004911239000000012,0.0,0,success,True,deadline_task,64294912,0,14,76020000,64532480,73000002,15,True,0,14,sequence,0.00491332200000727
11,0.004490423000000021,0.0,0,success,True,fixed_generic,64294912,0,11,76020100,64540672,73000002,15,True,1,11,all_of,0.0044926540000034265
11,0.004576460999999976,0.0,0,success,True,fixed_task,64294912,0,11,76020100,64540672,73000002,15,True,1,11,all_of,0.004578649999999129
11,0.004435120000000015,0.0,0,success,True,doob_generic,64294912,0,11,76020100,64540672,73000002,15,True,1,11,all_of,0.004437373000001799
11,0.004424745000000008,0.0,0,success,True,doob_generic,64294912,1,11,76020101,64540672,73000002,15,True,1,11,all_of,0.004426856999998563
11,0.004411965999999989,0.0,0,success,True,doob_generic,64294912,2,11,76020102,64540672,73000002,15,True,1,11,all_of,0.004414157999988788
11,0.00440454400000001,0.0,0,success,True,doob_generic,64294912,3,11,76020103,64540672,73000002,15,True,1,11,all_of,0.0044067370000107076
11,0.004390473000000006,0.0,0,success,True,doob_generic,64294912,4,11,76020104,64540672,73000002,15,True,1,11,all_of,0.004392996999996512
11,0.004443962999999995,0.0,0,success,True,doob_generic,64294912,5,11,76020105,64540672,73000002,15,True,1,11,all_of,0.004446345999994605
11,0.00439767499999999,0.0,0,success,True,doob_generic,64294912,6,11,76020106,64540672,73000002,15,True,1,11,all_of,0.00439990700000692
11,0.004426808000000004,0.0,0,success,True,doob_generic,64294912,7,11,76020107,64540672,73000002,15,True,1,11,all_of,0.004429100000010067
11,0.004488679999999967,0.0,0,success,True,doob_generic,64294912,8,11,76020108,64540672,73000002,15,True,1,11,all_of,0.004491131000008863
11,0.0044027620000000045,0.0,0,success,True,doob_generic,64294912,9,11,76020109,64540672,73000002,15,True,1,11,all_of,0.004405065000000263
11,0.0044341789999999826,0.0,0,success,True,doob_task,64294912,0,11,76020100,64540672,73000002,15,True,1,11,all_of,0.004436460999997394
11,0.004448470000000038,0.0,0,success,True,doob_task,64294912,1,11,76020101,64540672,73000002,15,True,1,11,all_of,0.004450511000001711
11,0.004431544999999981,0.0,0,success,True,doob_task,64294912,2,11,76020102,64540672,73000002,15,True,1,11,all_of,0.004434238000001756
11,0.004439426000000024,0.0,0,success,True,doob_task,64294912,3,11,76020103,64540672,73000002,15,True,1,11,all_of,0.004441868999990106
11,0.004453376999999981,0.0,0,success,True,doob_task,64294912,4,11,76020104,64540672,73000002,15,True,1,11,all_of,0.004455679000002988
11,0.004791501000000031,0.0,0,success,True,doob_task,64294912,5,11,76020105,64540672,73000002,15,True,1,11,all_of,0.004793816000002948
11,0.004434879000000003,0.0,0,success,True,doob_task,64294912,6,11,76020106,64540672,73000002,15,True,1,11,all_of,0.0044373829999955205
11,0.004459265999999962,0.0,0,success,True,doob_task,64294912,7,11,76020107,64540672,73000002,15,True,1,11,all_of,0.004461907999996129
11,0.004430933000000026,0.0,0,success,True,doob_task,64294912,8,11,76020108,64540672,73000002,15,True,1,11,all_of,0.004433356000006938
11,0.00440736900000005,0.0,0,success,True,doob_task,64294912,9,11,76020109,64544768,73000002,15,True,1,11,all_of,0.004409682000002135
11,0.004383564000000062,0.0,0,success,True,deadline_generic,64294912,0,11,76020100,64544768,73000002,15,True,1,11,all_of,0.004386056999990728
11,0.004437933999999921,0.0,0,success,True,deadline_task,64294912,0,11,76020100,64544768,73000002,15,True,1,11,all_of,0.004440066000000797
6,0.0020463400000000354,0.0,0,success,True,fixed_generic,64294912,0,6,76020200,64544768,73000002,15,True,2,6,condition_then,0.00204854099999352
6,0.0020895750000000657,0.0,0,success,True,fixed_task,64294912,0,6,76020200,64544768,73000002,15,True,2,6,condition_then,0.0020919549999973697
6,0.0020602400000000465,0.0,0,success,True,doob_generic,64294912,0,6,76020200,64544768,73000002,15,True,2,6,condition_then,0.0020625809999899047
6,0.0020724379999998988,0.0,0,success,True,doob_generic,64294912,1,6,76020201,64544768,73000002,15,True,2,6,condition_then,0.002074589000002902
6,0.0021224229999999844,0.0,0,success,True,doob_generic,64294912,2,6,76020202,64544768,73000002,15,True,2,6,condition_then,0.0021247129999864
6,0.00208760100000005,0.0,0,success,True,doob_generic,64294912,3,6,76020203,64544768,73000002,15,True,2,6,condition_then,0.0020897110000106522
6,0.0020643269999999214,0.0,0,success,True,doob_generic,64294912,4,6,76020204,64544768,73000002,15,True,2,6,condition_then,0.002066687999999317
6,0.0020713270000000117,0.0,0,success,True,doob_generic,64294912,5,6,76020205,64544768,73000002,15,True,2,6,condition_then,0.0020733780000057322
6,0.0020756939999999613,0.0,0,success,True,doob_generic,64294912,6,6,76020206,64544768,73000002,15,True,2,6,condition_then,0.0020780450000046358
6,0.0022595370000000337,0.0,0,success,True,doob_generic,64294912,7,6,76020207,64544768,73000002,15,True,2,6,condition_then,0.0022617740000043796
6,0.0022222929999999863,0.0,0,success,True,doob_generic,64294912,8,6,76020208,64544768,73000002,15,True,2,6,condition_then,0.002224500000011176
6,0.0021061189999999064,0.0,0,success,True,doob_generic,64294912,9,6,76020209,64544768,73000002,15,True,2,6,condition_then,0.0021082490000026155
6,0.0025639720000000255,0.0,0,success,True,doob_task,64294912,0,6,76020200,64544768,73000002,15,True,2,6,condition_then,0.0025665919999937614
6,0.0021153429999999362,0.0,0,success,True,doob_task,64294912,1,6,76020201,64544768,73000002,15,True,2,6,condition_then,0.0021181230000024698
6,0.0020655790000000396,0.0,0,success,True,doob_task,64294912,2,6,76020202,64544768,73000002,15,True,2,6,condition_then,0.0020678089999961458
6,0.002068763000000029,0.0,0,success,True,doob_task,64294912,3,6,76020203,64544768,73000002,15,True,2,6,condition_then,0.0020707540000017843
6,0.0020700750000000046,0.0,0,success,True,doob_task,64294912,4,6,76020204,64544768,73000002,15,True,2,6,condition_then,0.0020723460000056093
6,0.002045718999999946,0.0,0,success,True,doob_task,64294912,5,6,76020205,64544768,73000002,15,True,2,6,condition_then,0.002048360000003413
6,0.0020496450000000443,0.0,0,success,True,doob_task,64294912,6,6,76020206,64544768,73000002,15,True,2,6,condition_then,0.0020518160000051466
6,0.0020445470000000077,0.0,0,success,True,doob_task,64294912,7,6,76020207,64544768,73000002,15,True,2,6,condition_then,0.0020469279999986156
6,0.002421168000000029,0.0,0,success,True,doob_task,64294912,8,6,76020208,64544768,73000002,15,True,2,6,condition_then,0.002423340999996526
6,0.002081552000000042,0.0,0,success,True,doob_task,64294912,9,6,76020209,64544768,73000002,15,True,2,6,condition_then,0.002083833000000368
6,0.0020504759999999678,0.0,0,success,True,deadline_generic,64294912,0,6,76020200,64544768,73000002,15,True,2,6,condition_then,0.002052497000008202
6,0.002074612000000031,0.0,0,success,True,deadline_task,64294912,0,6,76020200,64544768,73000002,15,True,2,6,condition_then,0.002076841999993917
12,0.004137826999999983,0.0,0,success,True,fixed_generic,64294912,0,12,76020300,64544768,73000002,15,True,3,12,sequence,0.004139905000002386
12,0.004601146999999917,0.0,0,success,True,fixed_task,64294912,0,12,76020300,64544768,73000002,15,True,3,12,sequence,0.004603485999993495
12,0.004164646999999966,0.0,0,success,True,doob_generic,64294912,0,12,76020300,64544768,73000002,15,True,3,12,sequence,0.0041670650000043
12,0.0041775460000000875,0.0,0,success,True,doob_generic,64294912,1,12,76020301,64544768,73000002,15,True,3,12,sequence,0.004179743000008784
12,0.004184796999999962,0.0,0,success,True,doob_generic,64294912,2,12,76020302,64544768,73000002,15,True,3,12,sequence,0.004186613999991096
12,0.004171236000000023,0.0,0,success,True,doob_generic,64294912,3,12,76020303,64544768,73000002,15,True,3,12,sequence,0.004173573999992186
12,0.004214260999999997,0.0,0,success,True,doob_generic,64294912,4,12,76020304,64544768,73000002,15,True,3,12,sequence,0.004216938999988429
12,0.00413370099999999,0.0,0,success,True,doob_generic,64294912,5,12,76020305,64544768,73000002,15,True,3,12,sequence,0.004136360000003947
12,0.004153720999999999,0.0,0,success,True,doob_generic,64294912,6,12,76020306,64544768,73000002,15,True,3,12,sequence,0.004155988999997362
12,0.004153289999999976,0.0,0,success,True,doob_generic,64294912,7,12,76020307,64544768,73000002,15,True,3,12,sequence,0.004155478000001267
12,0.004246599999999989,0.0,0,success,True,doob_generic,64294912,8,12,76020308,64544768,73000002,15,True,3,12,sequence,0.004257113000008417
12,0.0041955729999999525,0.0,0,success,True,doob_generic,64294912,9,12,76020309,64544768,73000002,15,True,3,12,sequence,0.004197839999989128
12,0.004168371999999976,0.0,0,success,True,doob_task,64294912,0,12,76020300,64544768,73000002,15,True,3,12,sequence,0.0041707999999971435
12,0.004148502000000054,0.0,0,success,True,doob_task,64294912,1,12,76020301,64544768,73000002,15,True,3,12,sequence,0.004151070999995454
12,0.004149804999999951,0.0,0,success,True,doob_task,64294912,2,12,76020302,64544768,73000002,15,True,3,12,sequence,0.004151871999994228
12,0.0041466099999999395,0.0,0,success,True,doob_task,64294912,3,12,76020303,64544768,73000002,15,True,3,12,sequence,0.0041490990000028205
12,0.004147031000000023,0.0,0,success,True,doob_task,64294912,4,12,76020304,64544768,73000002,15,True,3,12,sequence,0.004149007999998844
12,0.004281481000000031,0.0,0,success,True,doob_task,64294912,5,12,76020305,64544768,73000002,15,True,3,12,sequence,0.004283244999996327
12,0.0042375059999999465,0.0,0,success,True,doob_task,64294912,6,12,76020306,64544768,73000002,15,True,3,12,sequence,0.0042405330000008234
12,0.004120530999999983,0.0,0,success,True,doob_task,64294912,7,12,76020307,64544768,73000002,15,True,3,12,sequence,0.004122800000004645
12,0.0041944110000000645,0.0,0,success,True,doob_task,64294912,8,12,76020308,64544768,73000002,15,True,3,12,sequence,0.004196547999995914
12,0.004187229999999986,0.0,0,success,True,doob_task,64294912,9,12,76020309,64544768,73000002,15,True,3,12,sequence,0.004189838000002055
12,0.004123605999999946,0.0,0,success,True,deadline_generic,64294912,0,12,76020300,64544768,73000002,15,True,3,12,sequence,0.004125945000012621
12,0.004167951999999975,0.0,0,success,True,deadline_task,64294912,0,12,76020300,64544768,73000002,15,True,3,12,sequence,0.0041701100000040014
11,0.004156034999999947,0.0,0,success,True,fixed_generic,64294912,0,11,76020400,64544768,73000002,15,True,4,11,all_of,0.0041581520000022465
11,0.004139129000000019,0.0,0,success,True,fixed_task,64294912,0,11,76020400,64544768,73000002,15,True,4,11,all_of,0.004150400000000332
11,0.004176043999999934,0.0,0,success,True,doob_generic,64294912,0,11,76020400,64544768,73000002,15,True,4,11,all_of,0.004178500999998391
11,0.004114032000000045,0.0,0,success,True,doob_generic,64294912,1,11,76020401,64544768,73000002,15,True,4,11,all_of,0.004116359999997599
11,0.004118539000000032,0.0,0,success,True,doob_generic,64294912,2,11,76020402,64544768,73000002,15,True,4,11,all_of,0.0041205859999990935
11,0.00411753700000006,0.0,0,success,True,doob_generic,64294912,3,11,76020403,64544768,73000002,15,True,4,11,all_of,0.00411980600000561
11,0.004234210999999988,0.0,0,success,True,doob_generic,64294912,4,11,76020404,64544768,73000002,15,True,4,11,all_of,0.004236406999993392
11,0.004356682999999917,0.0,0,success,True,doob_generic,64294912,5,11,76020405,64544768,73000002,15,True,4,11,all_of,0.004358836999998061
11,0.004339306999999959,0.0,0,success,True,doob_generic,64294912,6,11,76020406,64544768,73000002,15,True,4,11,all_of,0.0043416820000032885
11,0.0042210100000000805,0.0,0,success,True,doob_generic,64294912,7,11,76020407,64544768,73000002,15,True,4,11,all_of,0.004223117000009324
11,0.004235893000000046,0.0,0,success,True,doob_generic,64294912,8,11,76020408,64544768,73000002,15,True,4,11,all_of,0.0042383689999923035
11,0.0041489340000000485,0.0,0,success,True,doob_generic,64294912,9,11,76020409,64544768,73000002,15,True,4,11,all_of,0.004150890999994772
11,0.0042157830000000285,0.0,0,success,True,doob_task,64294912,0,11,76020400,64544768,73000002,15,True,4,11,all_of,0.004218170000001464
11,0.004181502000000004,0.0,0,success,True,doob_task,64294912,1,11,76020401,64544768,73000002,15,True,4,11,all_of,0.004183720000000335
11,0.004171236999999994,0.0,0,success,True,doob_task,64294912,2,11,76020402,64544768,73000002,15,True,4,11,all_of,0.004173563999998464
11,0.004156244000000031,0.0,0,success,True,doob_task,64294912,3,11,76020403,64544768,73000002,15,True,4,11,all_of,0.0041586020000039525
11,0.004235673000000051,0.0,0,success,True,doob_task,64294912,4,11,76020404,64544768,73000002,15,True,4,11,all_of,0.004247853999999052
11,0.004179127999999976,0.0,0,success,True,doob_task,64294912,5,11,76020405,64544768,73000002,15,True,4,11,all_of,0.004181326000008312
11,0.004157136000000006,0.0,0,success,True,doob_task,64294912,6,11,76020406,64544768,73000002,15,True,4,11,all_of,0.004159594000000766
11,0.004180139999999999,0.0,0,success,True,doob_task,64294912,7,11,76020407,64544768,73000002,15,True,4,11,all_of,0.004182618000001526
11,0.004141422000000006,0.0,0,success,True,doob_task,64294912,8,11,76020408,64544768,73000002,15,True,4,11,all_of,0.004143730999999207
11,0.004188992999999974,0.0,0,success,True,doob_task,64294912,9,11,76020409,64548864,73000002,15,True,4,11,all_of,0.004191250999994622
11,0.004181602000000062,0.0,0,success,True,deadline_generic,64294912,0,11,76020400,64548864,73000002,15,True,4,11,all_of,0.004183619999992061
11,0.00421627400000002,0.0,0,success,True,deadline_task,64294912,0,11,76020400,64552960,73000002,15,True,4,11,all_of,0.004220113000002357
8,0.002785562000000019,0.0,0,success,True,fixed_generic,64294912,0,8,76020500,64552960,73000002,15,True,5,8,condition_then,0.0027882680000033133
8,0.002940732999999973,0.0,0,success,True,fixed_task,64294912,0,8,76020500,64552960,73000002,15,True,5,8,condition_then,0.0029430550000029143
8,0.002810448999999937,0.0,0,success,True,doob_generic,64294912,0,8,76020500,64552960,73000002,15,True,5,8,condition_then,0.0028128339999966556
8,0.0028063219999999722,0.0,0,success,True,doob_generic,64294912,1,8,76020501,64552960,73000002,15,True,5,8,condition_then,0.0028090489999925694
8,0.002787735000000069,0.0,0,success,True,doob_generic,64294912,2,8,76020502,64552960,73000002,15,True,5,8,condition_then,0.0027902209999979277
8,0.002772451999999981,0.0,0,success,True,doob_generic,64294912,3,8,76020503,64552960,73000002,15,True,5,8,condition_then,0.0027749080000063486
8,0.002836237000000019,0.0,0,success,True,doob_generic,64294912,4,8,76020504,64552960,73000002,15,True,5,8,condition_then,0.0028386119999908033
8,0.002771850999999992,0.0,0,success,True,doob_generic,64294912,5,8,76020505,64552960,73000002,15,True,5,8,condition_then,0.002774236999997015
8,0.002858409999999978,0.0,0,success,True,doob_generic,64294912,6,8,76020506,64552960,73000002,15,True,5,8,condition_then,0.0028606050000092864
8,0.0027785920000000797,0.0,0,success,True,doob_generic,64294912,7,8,76020507,64552960,73000002,15,True,5,8,condition_then,0.0027809169999954975
8,0.00275082900000001,0.0,0,success,True,doob_generic,64294912,8,8,76020508,64552960,73000002,15,True,5,8,condition_then,0.002752915999991501
8,0.0027107410000000165,0.0,0,success,True,doob_generic,64294912,9,8,76020509,64552960,73000002,15,True,5,8,condition_then,0.0027129370000125164
8,0.0027576700000000454,0.0,0,success,True,doob_task,64294912,0,8,76020500,64552960,73000002,15,True,5,8,condition_then,0.0027599359999896933
8,0.00275305299999995,0.0,0,success,True,doob_task,64294912,1,8,76020501,64552960,73000002,15,True,5,8,condition_then,0.0027556210000057035
8,0.002749547999999935,0.0,0,success,True,doob_task,64294912,2,8,76020502,64552960,73000002,15,True,5,8,condition_then,0.002752264999998033
8,0.0029057310000000225,0.0,0,success,True,doob_task,64294912,3,8,76020503,64552960,73000002,15,True,5,8,condition_then,0.0029080550000060157
8,0.0027739740000000124,0.0,0,success,True,doob_task,64294912,4,8,76020504,64552960,73000002,15,True,5,8,condition_then,0.0027769520000049397
8,0.0027260829999999903,0.0,0,success,True,doob_task,64294912,5,8,76020505,64552960,73000002,15,True,5,8,condition_then,0.0027286309999965397
8,0.0028307690000000107,0.0,0,success,True,doob_task,64294912,6,8,76020506,64552960,73000002,15,True,5,8,condition_then,0.002833144000007337
8,0.0027813249999999456,0.0,0,success,True,doob_task,64294912,7,8,76020507,64552960,73000002,15,True,5,8,condition_then,0.002783590999996477
8,0.0027511600000000858,0.0,0,success,True,doob_task,64294912,8,8,76020508,64552960,73000002,15,True,5,8,condition_then,0.002753507000008426
8,0.0027502489999999824,0.0,0,success,True,doob_task,64294912,9,8,76020509,64552960,73000002,15,True,5,8,condition_then,0.002752575999991791
8,0.0027318920000000135,0.0,0,success,True,deadline_generic,64294912,0,8,76020500,64552960,73000002,15,True,5,8,condition_then,0.002734139000011737
8,0.0027397839999998563,0.0,0,success,True,deadline_task,64294912,0,8,76020500,64552960,73000002,15,True,5,8,condition_then,0.002742069999996488
12,0.004522369999999887,0.0,0,success,True,fixed_generic,64294912,0,12,76020600,64552960,73000002,15,True,6,12,sequence,0.0045248210000039535
12,0.004185458000000031,0.0,0,success,True,fixed_task,64294912,0,12,76020600,64552960,73000002,15,True,6,12,sequence,0.004187686000008739
12,0.004191397000000041,0.0,0,success,True,doob_generic,64294912,0,12,76020600,64552960,73000002,15,True,6,12,sequence,0.004193404000005785
12,0.004153800999999957,0.0,0,success,True,doob_generic,64294912,1,12,76020601,64552960,73000002,15,True,6,12,sequence,0.004155608000004918
12,0.004497672999999924,0.0,0,success,True,doob_generic,64294912,2,12,76020602,64552960,73000002,15,True,6,12,sequence,0.004500956000001111
12,0.0042198700000000144,0.0,0,success,True,doob_generic,64294912,3,12,76020603,64552960,73000002,15,True,6,12,sequence,0.004222044999991681
12,0.004299067000000045,0.0,0,success,True,doob_generic,64294912,4,12,76020604,64552960,73000002,15,True,6,12,sequence,0.004301511999997842
12,0.004191897000000111,0.0,0,success,True,doob_generic,64294912,5,12,76020605,64552960,73000002,15,True,6,12,sequence,0.004194214000008856
12,0.0041997899999999255,0.0,0,success,True,doob_generic,64294912,6,12,76020606,64552960,73000002,15,True,6,12,sequence,0.004201956000002838
12,0.004210735000000021,0.0,0,success,True,doob_generic,64294912,7,12,76020607,64552960,73000002,15,True,6,12,sequence,0.004213102999997886
12,0.004270044000000084,0.0,0,success,True,doob_generic,64294912,8,12,76020608,64552960,73000002,15,True,6,12,sequence,0.004272499000009589
12,0.004282321999999894,0.0,0,success,True,doob_generic,64294912,9,12,76020609,64552960,73000002,15,True,6,12,sequence,0.004284328000011328
12,0.004159940000000084,0.0,0,success,True,doob_task,64294912,0,12,76020600,64557056,73000002,15,True,6,12,sequence,0.004162116999992804
12,0.004218437000000019,0.0,0,success,True,doob_task,64294912,1,12,76020601,64557056,73000002,15,True,6,12,sequence,0.004220463999999424
12,0.0042191280000001274,0.0,0,success,True,doob_task,64294912,2,12,76020602,64557056,73000002,15,True,6,12,sequence,0.0042210040000014715
12,0.004175252999999879,0.0,0,success,True,doob_task,64294912,3,12,76020603,64557056,73000002,15,True,6,12,sequence,0.004177951000002622
12,0.004211796999999962,0.0,0,success,True,doob_task,64294912,4,12,76020604,64557056,73000002,15,True,6,12,sequence,0.004214345000008279
12,0.004212568000000028,0.0,0,success,True,doob_task,64294912,5,12,76020605,64557056,73000002,15,True,6,12,sequence,0.004215045999998779
12,0.004213519999999971,0.0,0,success,True,doob_task,64294912,6,12,76020606,64557056,73000002,15,True,6,12,sequence,0.00421634699999629
12,0.004217766000000012,0.0,0,success,True,doob_task,64294912,7,12,76020607,64557056,73000002,15,True,6,12,sequence,0.00422025299999973
12,0.004342862000000114,0.0,0,success,True,doob_task,64294912,8,12,76020608,64557056,73000002,15,True,6,12,sequence,0.004345498000006387
12,0.004425826000000077,0.0,0,success,True,doob_task,64294912,9,12,76020609,64557056,73000002,15,True,6,12,sequence,0.00442845899999611
12,0.004232207999999904,0.0,0,success,True,deadline_generic,64294912,0,12,76020600,64561152,73000002,15,True,6,12,sequence,0.004234414000009679
12,0.004477994000000152,0.0,0,success,True,deadline_task,64294912,0,12,76020600,64561152,73000002,15,True,6,12,sequence,0.0044804859999914015
5,0.001961773000000111,0.0,0,success,True,fixed_generic,64294912,0,5,76020700,64561152,73000002,15,True,7,5,all_of,0.001964076999996678
5,0.0019282039999999334,0.0,0,success,True,fixed_task,64294912,0,5,76020700,64561152,73000002,15,True,7,5,all_of,0.0019303380000081916
5,0.0019172979999999562,0.0,0,success,True,doob_generic,64294912,0,5,76020700,64561152,73000002,15,True,7,5,all_of,0.0019195720000055871
5,0.0019173780000001361,0.0,0,success,True,doob_generic,64294912,1,5,76020701,64561152,73000002,15,True,7,5,all_of,0.0019195910000036065
5,0.0019129609999999353,0.0,0,success,True,doob_generic,64294912,2,5,76020702,64561152,73000002,15,True,7,5,all_of,0.001915605999997183
5,0.0019486140000000152,0.0,0,success,True,doob_generic,64294912,3,5,76020703,64561152,73000002,15,True,7,5,all_of,0.001951367999993181
5,0.0019242980000000465,0.0,0,success,True,doob_generic,64294912,4,5,76020704,64561152,73000002,15,True,7,5,all_of,0.0019270229999932553
5,0.0018967469999999764,0.0,0,success,True,doob_generic,64294912,5,5,76020705,64561152,73000002,15,True,7,5,all_of,0.0018990610000031438
5,0.0019214639999998173,0.0,0,success,True,doob_generic,64294912,6,5,76020706,64561152,73000002,15,True,7,5,all_of,0.0019240179999968632
5,0.001960631999999851,0.0,0,success,True,doob_generic,64294912,7,5,76020707,64561152,73000002,15,True,7,5,all_of,0.001964067000002956
5,0.0019170169999997988,0.0,0,success,True,doob_generic,64294912,8,5,76020708,64561152,73000002,15,True,7,5,all_of,0.0019192209999943088
5,0.0020047279999999557,0.0,0,success,True,doob_generic,64294912,9,5,76020709,64561152,73000002,15,True,7,5,all_of,0.0020071200000018052
5,0.001915695000000106,0.0,0,success,True,doob_task,64294912,0,5,76020700,64561152,73000002,15,True,7,5,all_of,0.0019180200000050718
5,0.001879992000000108,0.0,0,success,True,doob_task,64294912,1,5,76020701,64561152,73000002,15,True,7,5,all_of,0.0018821669999908863
5,0.002076585000000186,0.0,0,success,True,doob_task,64294912,2,5,76020702,64561152,73000002,15,True,7,5,all_of,0.0020788550000077066
5,0.0019251089999998694,0.0,0,success,True,doob_task,64294912,3,5,76020703,64561152,73000002,15,True,7,5,all_of,0.001927292999994279
5,0.0021732489999999327,0.0,0,success,True,doob_task,64294912,4,5,76020704,64561152,73000002,15,True,7,5,all_of,0.002175777999994466
5,0.001928184000000055,0.0,0,success,True,doob_task,64294912,5,5,76020705,64561152,73000002,15,True,7,5,all_of,0.0019306880000016235
5,0.0019371269999999274,0.0,0,success,True,doob_task,64294912,6,5,76020706,64561152,73000002,15,True,7,5,all_of,0.0019393710000059627
5,0.00193328100000012,0.0,0,success,True,doob_task,64294912,7,5,76020707,64561152,73000002,15,True,7,5,all_of,0.0019364270000039596
5,0.0019467119999998506,0.0,0,success,True,doob_task,64294912,8,5,76020708,64561152,73000002,15,True,7,5,all_of,0.0019488549999948646
5,0.0019473629999999797,0.0,0,success,True,doob_task,64294912,9,5,76020709,64561152,73000002,15,True,7,5,all_of,0.0019498559999959753
5,0.002014562000000053,0.0,0,success,True,deadline_generic,64294912,0,5,76020700,64561152,73000002,15,True,7,5,all_of,0.0020178160000057233
5,0.001972941000000006,0.0,0,success,True,deadline_task,64294912,0,5,76020700,64561152,73000002,15,True,7,5,all_of,0.0019755240000023377
7,0.0024711930000000937,0.0,0,success,True,fixed_generic,64294912,0,7,76020800,64561152,73000002,15,True,8,7,condition_then,0.0024736459999985527
7,0.0024377030000000133,0.0,0,success,True,fixed_task,64294912,0,7,76020800,64561152,73000002,15,True,8,7,condition_then,0.0024400759999991806
7,0.0024557000000000606,0.0,0,success,True,doob_generic,64294912,0,7,76020800,64561152,73000002,15,True,8,7,condition_then,0.0024579620000082514
7,0.002471592999999883,0.0,0,success,True,doob_generic,64294912,1,7,76020801,64561152,73000002,15,True,8,7,condition_then,0.0024738660000025448
7,0.0024194859999999707,0.0,0,success,True,doob_generic,64294912,2,7,76020802,64561152,73000002,15,True,8,7,condition_then,0.0024220699999943918
7,0.0024273570000001854,0.0,0,success,True,doob_generic,64294912,3,7,76020803,64561152,73000002,15,True,8,7,condition_then,0.0024487690000114526
7,0.002613254999999981,0.0,0,success,True,doob_generic,64294912,4,7,76020804,64561152,73000002,15,True,8,7,condition_then,0.0026156739999976253
7,0.002416111000000054,0.0,0,success,True,doob_generic,64294912,5,7,76020805,64561152,73000002,15,True,8,7,condition_then,0.002418314999999893
7,0.002485453999999887,0.0,0,success,True,doob_generic,64294912,6,7,76020806,64561152,73000002,15,True,8,7,condition_then,0.0024875760000071523
7,0.0024687290000000583,0.0,0,success,True,doob_generic,64294912,7,7,76020807,64561152,73000002,15,True,8,7,condition_then,0.0024708220000064784
7,0.0024248940000000108,0.0,0,success,True,doob_generic,64294912,8,7,76020808,64561152,73000002,15,True,8,7,condition_then,0.0024270369999896957
7,0.002474467999999952,0.0,0,success,True,doob_generic,64294912,9,7,76020809,64561152,73000002,15,True,8,7,condition_then,0.002476870999998937
7,0.0024458249999999016,0.0,0,success,True,doob_task,64294912,0,7,76020800,64561152,73000002,15,True,8,7,condition_then,0.0024484090000100878
7,0.002401298999999968,0.0,0,success,True,doob_task,64294912,1,7,76020801,64561152,73000002,15,True,8,7,condition_then,0.002404122999990932
7,0.002464852999999989,0.0,0,success,True,doob_task,64294912,2,7,76020802,64561152,73000002,15,True,8,7,condition_then,0.0024673670000083803
7,0.00243799400000011,0.0,0,success,True,doob_task,64294912,3,7,76020803,64561152,73000002,15,True,8,7,condition_then,0.002440566999993621
7,0.0024314830000000676,0.0,0,success,True,doob_task,64294912,4,7,76020804,64561152,73000002,15,True,8,7,condition_then,0.002433937000006381
7,0.0024762210000000007,0.0,0,success,True,doob_task,64294912,5,7,76020805,64561152,73000002,15,True,8,7,condition_then,0.0024784830000044167
7,0.0024654049999999206,0.0,0,success,True,doob_task,64294912,6,7,76020806,64561152,73000002,15,True,8,7,condition_then,0.0024673670000083803
7,0.0024163520000000105,0.0,0,success,True,doob_task,64294912,7,7,76020807,64561152,73000002,15,True,8,7,condition_then,0.002418675000001258
7,0.002510691999999981,0.0,0,success,True,doob_task,64294912,8,7,76020808,64561152,73000002,15,True,8,7,condition_then,0.0025127039999972567
7,0.002500487000000051,0.0,0,success,True,doob_task,64294912,9,7,76020809,64561152,73000002,15,True,8,7,condition_then,0.0025027079999944135
7,0.0024688690000000957,0.0,0,success,True,deadline_generic,64294912,0,7,76020800,64561152,73000002,15,True,8,7,condition_then,0.002471162999995613
7,0.0024326559999998665,0.0,0,success,True,deadline_task,64294912,0,7,76020800,64561152,73000002,15,True,8,7,condition_then,0.002434988999993948
12,0.00416015000000014,0.0,0,success,True,fixed_generic,64294912,0,12,76020900,64561152,73000002,15,True,9,12,branch,0.004162397999991185
12,0.004108964000000048,0.0,0,success,True,fixed_task,64294912,0,12,76020900,64561152,73000002,15,True,9,12,branch,0.004111592999990421
12,0.004132860000000127,0.0,0,success,True,doob_generic,64294912,0,12,76020900,64561152,73000002,15,True,9,12,branch,0.004147126000006551
12,0.004084908000000054,0.0,0,success,True,doob_generic,64294912,1,12,76020901,64561152,73000002,15,True,9,12,branch,0.004087347999998769
12,0.004067752999999952,0.0,0,success,True,doob_generic,64294912,2,12,76020902,64561152,73000002,15,True,9,12,branch,0.0040700419999950554
12,0.00409535399999994,0.0,0,success,True,doob_generic,64294912,3,12,76020903,64561152,73000002,15,True,9,12,branch,0.004097552000004612
12,0.004078948999999943,0.0,0,success,True,doob_generic,64294912,4,12,76020904,64561152,73000002,15,True,9,12,branch,0.004081278000001021
12,0.004044248000000028,0.0,0,success,True,doob_generic,64294912,5,12,76020905,64561152,73000002,15,True,9,12,branch,0.004046027000001118
12,0.004055763999999851,0.0,0,success,True,doob_generic,64294912,6,12,76020906,64561152,73000002,15,True,9,12,branch,0.004058295000007206
12,0.0041162749999998915,0.0,0,success,True,doob_generic,64294912,7,12,76020907,64561152,73000002,15,True,9,12,branch,0.004118464000001154
12,0.00410454799999993,0.0,0,success,True,doob_generic,64294912,8,12,76020908,64561152,73000002,15,True,9,12,branch,0.004106605999993462
12,0.004153419999999963,0.0,0,success,True,doob_generic,64294912,9,12,76020909,64561152,73000002,15,True,9,12,branch,0.004166463000004228
12,0.004212708999999926,0.0,0,success,True,doob_task,64294912,0,12,76020900,64561152,73000002,15,True,9,12,branch,0.004214984999990179
12,0.004164465999999978,0.0,0,success,True,doob_task,64294912,1,12,76020901,64561152,73000002,15,True,9,12,branch,0.004166914999998994
12,0.004144477000000091,0.0,0,success,True,doob_task,64294912,2,12,76020902,64561152,73000002,15,True,9,12,branch,0.004146664999993277
12,0.004278436000000108,0.0,0,success,True,doob_task,64294912,3,12,76020903,64561152,73000002,15,True,9,12,branch,0.004280932000000348
12,0.0040947730000000515,0.0,0,success,True,doob_task,64294912,4,12,76020904,64561152,73000002,15,True,9,12,branch,0.0040975229999986595
12,0.004107933000000008,0.0,0,success,True,doob_task,64294912,5,12,76020905,64561152,73000002,15,True,9,12,branch,0.004110511999996902
12,0.004065318999999956,0.0,0,success,True,doob_task,64294912,6,12,76020906,64561152,73000002,15,True,9,12,branch,0.004067789000004041
12,0.004054031999999985,0.0,0,success,True,doob_task,64294912,7,12,76020907,64561152,73000002,15,True,9,12,branch,0.00405621199999473
12,0.0040873519999999885,0.0,0,success,True,doob_task,64294912,8,12,76020908,64561152,73000002,15,True,9,12,branch,0.004089920999987839
12,0.004102655000000066,0.0,0,success,True,doob_task,64294912,9,12,76020909,64561152,73000002,15,True,9,12,branch,0.004105044000013436
12,0.004132940000000085,0.0,0,success,True,deadline_generic,64294912,0,12,76020900,64561152,73000002,15,True,9,12,branch,0.0041353680000071336
12,0.004124607000000058,0.0,0,success,True,deadline_task,64294912,0,12,76020900,64561152,73000002,15,True,9,12,branch,0.004128347000005306
11,0.0037275949999999725,0.0,0,success,True,fixed_generic,64294912,0,11,76021000,64561152,73000002,15,True,10,11,branch,0.003730762999992976
11,0.0037651219999998986,0.0,0,success,True,fixed_task,64294912,0,11,76021000,64561152,73000002,15,True,10,11,branch,0.003767917999994097
11,0.003927353999999994,0.0,0,success,True,doob_generic,64294912,0,11,76021000,64561152,73000002,15,True,10,11,branch,0.003929675999998494
11,0.003779852999999944,0.0,0,success,True,doob_generic,64294912,1,11,76021001,64561152,73000002,15,True,10,11,branch,0.0037826500000051055
11,0.003707204999999991,0.0,0,success,True,doob_generic,64294912,2,11,76021002,64561152,73000002,15,True,10,11,branch,0.0037101040000067087
11,0.0038471530000001586,0.0,0,success,True,doob_generic,64294912,3,11,76021003,64561152,73000002,15,True,10,11,branch,0.0038496180000038294
11,0.0037086269999999644,0.0,0,success,True,doob_generic,64294912,4,11,76021004,64561152,73000002,15,True,10,11,branch,0.003710964000006811
11,0.0037113810000000136,0.0,0,success,True,doob_generic,64294912,5,11,76021005,64561152,73000002,15,True,10,11,branch,0.0037133379999971794
11,0.0037533039999999573,0.0,0,success,True,doob_generic,64294912,6,11,76021006,64561152,73000002,15,True,10,11,branch,0.003755348999987973
11,0.003703799999999813,0.0,0,success,True,doob_generic,64294912,7,11,76021007,64561152,73000002,15,True,10,11,branch,0.003706016999998951
11,0.0036968790000000418,0.0,0,success,True,doob_generic,64294912,8,11,76021008,64561152,73000002,15,True,10,11,branch,0.0036994080000027907
11,0.0037397029999999276,0.0,0,success,True,doob_generic,64294912,9,11,76021009,64561152,73000002,15,True,10,11,branch,0.0037422600000098782
11,0.0037314210000001236,0.0,0,success,True,doob_task,64294912,0,11,76021000,64561152,73000002,15,True,10,11,branch,0.003733658000001583
11,0.0036887270000001138,0.0,0,success,True,doob_task,64294912,1,11,76021001,64561152,73000002,15,True,10,11,branch,0.003691105000001471
11,0.0037504799999998895,0.0,0,success,True,doob_task,64294912,2,11,76021002,64561152,73000002,15,True,10,11,branch,0.003752986000009173
11,0.0037026680000000756,0.0,0,success,True,doob_task,64294912,3,11,76021003,64561152,73000002,15,True,10,11,branch,0.0037050159999978405
11,0.0036730039999999242,0.0,0,success,True,doob_task,64294912,4,11,76021004,64561152,73000002,15,True,10,11,branch,0.0036755419999963124
11,0.003747144000000091,0.0,0,success,True,doob_task,64294912,5,11,76021005,64561152,73000002,15,True,10,11,branch,0.0037491599999981418
11,0.003761085000000053,0.0,0,success,True,doob_task,64294912,6,11,76021006,64561152,73000002,15,True,10,11,branch,0.003763462000009099
11,0.003904259000000021,0.0,0,success,True,doob_task,64294912,7,11,76021007,64561152,73000002,15,True,10,11,branch,0.00390646200000333
11,0.0038481750000001202,0.0,0,success,True,doob_task,64294912,8,11,76021008,64561152,73000002,15,True,10,11,branch,0.0038504000000045835
11,0.0038243799999999606,0.0,0,success,True,doob_task,64294912,9,11,76021009,64561152,73000002,15,True,10,11,branch,0.0038267339999862315
11,0.0037821470000001245,0.0,0,success,True,deadline_generic,64294912,0,11,76021000,64561152,73000002,15,True,10,11,branch,0.003784593000005998
11,0.0037756970000000223,0.0,0,success,True,deadline_task,64294912,0,11,76021000,64561152,73000002,15,True,10,11,branch,0.0037778030000055196
11,0.0038083260000001395,0.0,0,success,True,fixed_generic,64294912,0,11,76021100,64561152,73000002,15,True,11,11,branch,0.00381096200000286
11,0.0038026979999998822,0.0,0,success,True,fixed_task,64294912,0,11,76021100,64561152,73000002,15,True,11,11,branch,0.0038048520000018016
11,0.003775778000000063,0.0,0,success,True,doob_generic,64294912,0,11,76021100,64561152,73000002,15,True,11,11,branch,0.0037781730000006064
11,0.003792822999999945,0.0,0,success,True,doob_generic,64294912,1,11,76021101,64561152,73000002,15,True,11,11,branch,0.0037950890000075788
11,0.003754695999999891,0.0,0,success,True,doob_generic,64294912,2,11,76021102,64561152,73000002,15,True,11,11,branch,0.0037570730000027197
11,0.0038143250000000073,0.0,0,success,True,doob_generic,64294912,3,11,76021103,64561152,73000002,15,True,11,11,branch,0.003816588999995929
11,0.0038118009999998925,0.0,0,success,True,doob_generic,64294912,4,11,76021104,64561152,73000002,15,True,11,11,branch,0.003813835000002541
11,0.0037871140000000914,0.0,0,success,True,doob_generic,64294912,5,11,76021105,64561152,73000002,15,True,11,11,branch,0.0037894899999884046
11,0.0037855019999999406,0.0,0,success,True,doob_generic,64294912,6,11,76021106,64561152,73000002,15,True,11,11,branch,0.003787997000003429
11,0.004122943999999906,0.0,0,success,True,doob_generic,64294912,7,11,76021107,64561152,73000002,15,True,11,11,branch,0.004125604000009275
11,0.004009686000000068,0.0,0,success,True,doob_generic,64294912,8,11,76021108,64561152,73000002,15,True,11,11,branch,0.004012207000002377
11,0.003759512999999881,0.0,0,success,True,doob_generic,64294912,9,11,76021109,64561152,73000002,15,True,11,11,branch,0.003762129999998365
11,0.0037774090000000093,0.0,0,success,True,doob_task,64294912,0,11,76021100,64561152,73000002,15,True,11,11,branch,0.0037796760000077256
11,0.003801055000000053,0.0,0,success,True,doob_task,64294912,1,11,76021101,64561152,73000002,15,True,11,11,branch,0.003803610999995044
11,0.0037609449999997935,0.0,0,success,True,doob_task,64294912,2,11,76021102,64561152,73000002,15,True,11,11,branch,0.0037632020000017974
11,0.003768686999999993,0.0,0,success,True,doob_task,64294912,3,11,76021103,64561152,73000002,15,True,11,11,branch,0.0037720840000048383
11,0.0037661829999999785,0.0,0,success,True,doob_task,64294912,4,11,76021104,64561152,73000002,15,True,11,11,branch,0.0037685089999968113
11,0.0038496370000000724,0.0,0,success,True,doob_task,64294912,5,11,76021105,64561152,73000002,15,True,11,11,branch,0.0038519409999935306
11,0.0037829680000001087,0.0,0,success,True,doob_task,64294912,6,11,76021106,64561152,73000002,15,True,11,11,branch,0.0037855140000004894
11,0.0037615359999998432,0.0,0,success,True,doob_task,64294912,7,11,76021107,64561152,73000002,15,True,11,11,branch,0.003764313000004904
11,0.003750460000000011,0.0,0,success,True,doob_task,64294912,8,11,76021108,64561152,73000002,15,True,11,11,branch,0.0037531069999943156
11,0.003774355000000007,0.0,0,success,True,doob_task,64294912,9,11,76021109,64561152,73000002,15,True,11,11,branch,0.003776841000004083
11,0.003913092000000118,0.0,0,success,True,deadline_generic,64294912,0,11,76021100,64561152,73000002,15,True,11,11,branch,0.003916326000009462
11,0.0038624870000001366,0.0,0,success,True,deadline_task,64294912,0,11,76021100,64561152,73000002,15,True,11,11,branch,0.0038997219999998833
29,0.05123571199999999,0.0,0,success,True,fixed_generic,64405504,0,29,76030000,64602112,73000003,78,True,0,29,sequence,0.051239432999999224
29,0.05137522099999997,0.0,0,success,True,fixed_task,64405504,0,29,76030000,64626688,73000003,78,True,0,29,sequence,0.05138406100000026
29,0.05201330100000001,0.0,0,success,True,doob_generic,64405504,0,29,76030000,64626688,73000003,78,True,0,29,sequence,0.052028583999998546
29,0.052241042000000015,0.0,0,success,True,doob_generic,64405504,1,29,76030001,64643072,73000003,78,True,0,29,sequence,0.05224327799999884
29,0.05348578200000004,0.0,0,success,True,doob_generic,64405504,2,29,76030002,64647168,73000003,78,True,0,29,sequence,0.053496819000002915
29,0.06505461600000001,0.0,0,success,True,doob_generic,64405504,3,29,76030003,64647168,73000003,78,True,0,29,sequence,0.06506778500000365
29,0.05380533100000007,0.0,0,success,True,doob_generic,64405504,4,29,76030004,64647168,73000003,78,True,0,29,sequence,0.05382213099999689
29,0.05506428299999999,0.0,0,success,True,doob_generic,64405504,5,29,76030005,64647168,73000003,78,True,0,29,sequence,0.05506665999999427
29,0.054110209000000076,0.0,0,success,True,doob_generic,64405504,6,29,76030006,64647168,73000003,78,True,0,29,sequence,0.05411265899999762
29,0.053748746000000014,0.0,0,success,True,doob_generic,64405504,7,29,76030007,64647168,73000003,78,True,0,29,sequence,0.053751154000003964
29,0.05166729999999997,0.0,0,success,True,doob_generic,64405504,8,29,76030008,64647168,73000003,78,True,0,29,sequence,0.05167583200000081
29,0.050345925000000014,0.0,0,success,True,doob_generic,64405504,9,29,76030009,64647168,73000003,78,True,0,29,sequence,0.050348257999999646
29,0.051247891000000045,0.0,0,success,True,doob_task,64405504,0,29,76030000,64647168,73000003,78,True,0,29,sequence,0.05125024999999539
29,0.050749010999999955,0.0,0,success,True,doob_task,64405504,1,29,76030001,64647168,73000003,78,True,0,29,sequence,0.05075123700000006
29,0.051931938000000066,0.0,0,success,True,doob_task,64405504,2,29,76030002,64647168,73000003,78,True,0,29,sequence,0.05193417200000283
29,0.050517229,0.0,0,success,True,doob_task,64405504,3,29,76030003,64647168,73000003,78,True,0,29,sequence,0.05053595100000052
29,0.05064176999999992,0.0,0,success,True,doob_task,64405504,4,29,76030004,64647168,73000003,78,True,0,29,sequence,0.050643964999999014
29,0.05060122899999997,0.0,0,success,True,doob_task,64405504,5,29,76030005,64647168,73000003,78,True,0,29,sequence,0.050604374999998925
29,0.05091205600000004,0.0,0,success,True,doob_task,64405504,6,29,76030006,64647168,73000003,78,True,0,29,sequence,0.050914281999993705
29,0.050766937999999984,0.0,0,success,True,doob_task,64405504,7,29,76030007,64647168,73000003,78,True,0,29,sequence,0.050769082999998716
29,0.05146464599999989,0.0,0,success,True,doob_task,64405504,8,29,76030008,64647168,73000003,78,True,0,29,sequence,0.051680589000000055
29,0.05190764099999989,0.0,0,success,True,doob_task,64405504,9,29,76030009,64647168,73000003,78,True,0,29,sequence,0.05190998500000177
29,0.05065754300000003,0.0,0,success,True,deadline_generic,64405504,0,29,76030000,64647168,73000003,78,True,0,29,sequence,0.05065979799999809
29,0.050435680000000094,0.0,0,success,True,deadline_task,64405504,0,29,76030000,64651264,73000003,78,True,0,29,sequence,0.05043799299999563
14,0.03281802999999983,0.0,0,success,True,fixed_generic,64798720,0,14,76030100,65048576,73000003,78,True,1,14,all_of,0.032820237999999335
14,0.026689896000000157,0.0,0,success,True,fixed_task,64798720,0,14,76030100,65048576,73000003,78,True,1,14,all_of,0.026691929999998365
14,0.026953662000000156,0.0,0,success,True,doob_generic,64798720,0,14,76030100,65048576,73000003,78,True,1,14,all_of,0.026955817999997578
14,0.026901242999999964,0.0,0,success,True,doob_generic,64798720,1,14,76030101,65048576,73000003,78,True,1,14,all_of,0.026903298000000575
14,0.02684349599999991,0.0,0,success,True,doob_generic,64798720,2,14,76030102,65048576,73000003,78,True,1,14,all_of,0.0268454419999955
14,0.02658530899999989,0.0,0,success,True,doob_generic,64798720,3,14,76030103,65048576,73000003,78,True,1,14,all_of,0.026587411999997812
14,0.026493370999999932,0.0,0,success,True,doob_generic,64798720,4,14,76030104,65048576,73000003,78,True,1,14,all_of,0.026495263000001046
14,0.026619590000000137,0.0,0,success,True,doob_generic,64798720,5,14,76030105,65048576,73000003,78,True,1,14,all_of,0.02662160399999891
14,0.026884517999999913,0.0,0,success,True,doob_generic,64798720,6,14,76030106,65048576,73000003,78,True,1,14,all_of,0.026886582999999575
14,0.026613721000000146,0.0,0,success,True,doob_generic,64798720,7,14,76030107,65048576,73000003,78,True,1,14,all_of,0.026636635999999214
14,0.02668579999999987,0.0,0,success,True,doob_generic,64798720,8,14,76030108,65048576,73000003,78,True,1,14,all_of,0.026687883000001023
14,0.026405077999999804,0.0,0,success,True,doob_generic,64798720,9,14,76030109,65048576,73000003,78,True,1,14,all_of,0.026421151000000975
14,0.026573160000000096,0.0,0,success,True,doob_task,64798720,0,14,76030100,65048576,73000003,78,True,1,14,all_of,0.02657518400000214
14,0.02647562399999992,0.0,0,success,True,doob_task,64798720,1,14,76030101,65048576,73000003,78,True,1,14,all_of,0.026477782999997146
14,0.0265633660000002,0.0,0,success,True,doob_task,64798720,2,14,76030102,65048576,73000003,78,True,1,14,all_of,0.02657278600000268
14,0.026953592999999998,0.0,0,success,True,doob_task,64798720,3,14,76030103,65064960,73000003,78,True,1,14,all_of,0.026955796000002863
14,0.026874733999999956,0.0,0,success,True,doob_task,64798720,4,14,76030104,65064960,73000003,78,True,1,14,all_of,0.026876925999999912
14,0.02654327599999995,0.0,0,success,True,doob_task,64798720,5,14,76030105,65064960,73000003,78,True,1,14,all_of,0.026545645999995315
14,0.0265328199999999,0.0,0,success,True,doob_task,64798720,6,14,76030106,65064960,73000003,78,True,1,14,all_of,0.02653497999999388
14,0.02652348700000018,0.0,0,success,True,doob_task,64798720,7,14,76030107,65064960,73000003,78,True,1,14,all_of,0.026525705000004507
14,0.02660654100000004,0.0,0,success,True,doob_task,64798720,8,14,76030108,65064960,73000003,78,True,1,14,all_of,0.026608760999998537
14,0.026767202999999906,0.0,0,success,True,doob_task,64798720,9,14,76030109,65064960,73000003,78,True,1,14,all_of,0.026776746000003016
14,0.028472674000000087,0.0,0,success,True,deadline_generic,64798720,0,14,76030100,65064960,73000003,78,True,1,14,all_of,0.02847485499999891
14,0.033567344999999804,0.0,0,success,True,deadline_task,64798720,0,14,76030100,65064960,73000003,78,True,1,14,all_of,0.033569614999997555
13,0.03053071499999982,0.0,0,success,True,fixed_generic,64798720,0,13,76030200,65077248,73000003,78,True,2,13,condition_then,0.030532778999997845
13,0.024622601999999993,0.0,0,success,True,fixed_task,64798720,0,13,76030200,65077248,73000003,78,True,2,13,condition_then,0.024624748000000807
13,0.01972446399999983,0.0,0,success,True,doob_generic,64798720,0,13,76030200,65077248,73000003,78,True,2,13,condition_then,0.01972657499999997
13,0.019723774000000027,0.0,0,success,True,doob_generic,64798720,1,13,76030201,65077248,73000003,78,True,2,13,condition_then,0.019813605999999595
13,0.019917926000000197,0.0,0,success,True,doob_generic,64798720,2,13,76030202,65077248,73000003,78,True,2,13,condition_then,0.019920068000004676
13,0.01957796399999978,0.0,0,success,True,doob_generic,64798720,3,13,76030203,65077248,73000003,78,True,2,13,condition_then,0.01960935800000385
13,0.019717623999999656,0.0,0,success,True,doob_generic,64798720,4,13,76030204,65077248,73000003,78,True,2,13,condition_then,0.019726544999997486
13,0.019736041999999898,0.0,0,success,True,doob_generic,64798720,5,13,76030205,65077248,73000003,78,True,2,13,condition_then,0.01973816299999953
13,0.01970449399999996,0.0,0,success,True,doob_generic,64798720,6,13,76030206,65077248,73000003,78,True,2,13,condition_then,0.019706544999998243
13,0.01981445000000015,0.0,0,success,True,doob_generic,64798720,7,13,76030207,65077248,73000003,78,True,2,13,condition_then,0.019824172999996392
13,0.019638244999999888,0.0,0,success,True,doob_generic,64798720,8,13,76030208,65077248,73000003,78,True,2,13,condition_then,0.019640375000001598
13,0.019649751999999854,0.0,0,success,True,doob_generic,64798720,9,13,76030209,65077248,73000003,78,True,2,13,condition_then,0.01965259300000355
13,0.019604364000000096,0.0,0,success,True,doob_task,64798720,0,13,76030200,65077248,73000003,78,True,2,13,condition_then,0.019606453000001522
13,0.019636882999999994,0.0,0,success,True,doob_task,64798720,1,13,76030201,65077248,73000003,78,True,2,13,condition_then,0.019638862999997286
13,0.019711444999999994,0.0,0,success,True,doob_task,64798720,2,13,76030202,65077248,73000003,78,True,2,13,condition_then,0.019713536000004694
13,0.019828180000000195,0.0,0,success,True,doob_task,64798720,3,13,76030203,65077248,73000003,78,True,2,13,condition_then,0.01983025199999844
13,0.019882141000000075,0.0,0,success,True,doob_task,64798720,4,13,76030204,65077248,73000003,78,True,2,13,condition_then,0.01988434399999761
13,0.019656742999999643,0.0,0,success,True,doob_task,64798720,5,13,76030205,65077248,73000003,78,True,2,13,condition_then,0.019658842999994874
13,0.01973076400000018,0.0,0,success,True,doob_task,64798720,6,13,76030206,65077248,73000003,78,True,2,13,condition_then,0.0197328249999984
13,0.019728080000000148,0.0,0,success,True,doob_task,64798720,7,13,76030207,65077248,73000003,78,True,2,13,condition_then,0.019730140000000063
13,0.01965115399999995,0.0,0,success,True,doob_task,64798720,8,13,76030208,65077248,73000003,78,True,2,13,condition_then,0.01965315400000378
13,0.019583432000000123,0.0,0,success,True,doob_task,64798720,9,13,76030209,65077248,73000003,78,True,2,13,condition_then,0.0195855019999982
13,0.019658365999999816,0.0,0,success,True,deadline_generic,64798720,0,13,76030200,65077248,73000003,78,True,2,13,condition_then,0.01966046500000118
13,0.01972310200000038,0.0,0,success,True,deadline_task,64798720,0,13,76030200,65077248,73000003,78,True,2,13,condition_then,0.01972524299999634
14,0.025386209000000104,0.0,0,success,True,fixed_generic,64798720,0,14,76030300,65101824,73000003,78,True,3,14,sequence,0.02538844400000073
14,0.02519780599999999,0.0,0,success,True,fixed_task,64798720,0,14,76030300,65101824,73000003,78,True,3,14,sequence,0.025199999000001583
14,0.025344684999999867,0.0,0,success,True,doob_generic,64798720,0,14,76030300,65101824,73000003,78,True,3,14,sequence,0.025360001000002796
14,0.025342822999999903,0.0,0,success,True,doob_generic,64798720,1,14,76030301,65101824,73000003,78,True,3,14,sequence,0.025345048000005477
14,0.025260068000000135,0.0,0,success,True,doob_generic,64798720,2,14,76030302,65101824,73000003,78,True,3,14,sequence,0.0252623029999981
14,0.025243393000000225,0.0,0,success,True,doob_generic,64798720,3,14,76030303,65101824,73000003,78,True,3,14,sequence,0.025251756999999486
14,0.025458066000000112,0.0,0,success,True,doob_generic,64798720,4,14,76030304,65101824,73000003,78,True,3,14,sequence,0.0254602730000002
14,0.02528212899999982,0.0,0,success,True,doob_generic,64798720,5,14,76030305,65101824,73000003,78,True,3,14,sequence,0.025296595000000366
14,0.02551056400000018,0.0,0,success,True,doob_generic,64798720,6,14,76030306,65101824,73000003,78,True,3,14,sequence,0.02551266199999702
14,0.02525840600000029,0.0,0,success,True,doob_generic,64798720,7,14,76030307,65101824,73000003,78,True,3,14,sequence,0.025260600000002853
14,0.025377764999999997,0.0,0,success,True,doob_generic,64798720,8,14,76030308,65101824,73000003,78,True,3,14,sequence,0.025379881999995746
14,0.025370644999999747,0.0,0,success,True,doob_generic,64798720,9,14,76030309,65101824,73000003,78,True,3,14,sequence,0.025372770000004152
14,0.026085157999999886,0.0,0,success,True,doob_task,64798720,0,14,76030300,65101824,73000003,78,True,3,14,sequence,0.026087400999998067
14,0.02658717200000016,0.0,0,success,True,doob_task,64798720,1,14,76030301,65101824,73000003,78,True,3,14,sequence,0.02658949199999938
14,0.02695886099999978,0.0,0,success,True,doob_task,64798720,2,14,76030302,65101824,73000003,78,True,3,14,sequence,0.026961053000000845
14,0.027342545999999857,0.0,0,success,True,doob_task,64798720,3,14,76030303,65101824,73000003,78,True,3,14,sequence,0.02734478499999682
14,0.027248165000000046,0.0,0,success,True,doob_task,64798720,4,14,76030304,65101824,73000003,78,True,3,14,sequence,0.027250432000002434
14,0.026531998999999917,0.0,0,success,True,doob_task,64798720,5,14,76030305,65101824,73000003,78,True,3,14,sequence,0.02653433800000471
14,0.02647179799999977,0.0,0,success,True,doob_task,64798720,6,14,76030306,65101824,73000003,78,True,3,14,sequence,0.02654509399999938
14,0.02633581499999993,0.0,0,success,True,doob_task,64798720,7,14,76030307,65101824,73000003,78,True,3,14,sequence,0.026338070999997854
14,0.02641123799999967,0.0,0,success,True,doob_task,64798720,8,14,76030308,65101824,73000003,78,True,3,14,sequence,0.02641344499999576
14,0.026419699999999935,0.0,0,success,True,doob_task,64798720,9,14,76030309,65101824,73000003,78,True,3,14,sequence,0.02645082100000451
14,0.0258912170000003,0.0,0,success,True,deadline_generic,64798720,0,14,76030300,65101824,73000003,78,True,3,14,sequence,0.02589343900000074
14,0.025571896999999844,0.0,0,success,True,deadline_task,64798720,0,14,76030300,65101824,73000003,78,True,3,14,sequence,0.02557412499999856
11,0.027578971999999702,0.0,0,success,True,fixed_generic,64929792,0,11,76030400,65277952,73000003,78,True,4,11,all_of,0.027581203000003995
11,0.0334010659999997,0.0,0,success,True,fixed_task,64929792,0,11,76030400,65290240,73000003,78,True,4,11,all_of,0.03340320400000252
11,0.027069595999999585,0.0,0,success,True,doob_generic,64929792,0,11,76030400,65290240,73000003,78,True,4,11,all_of,0.027071922000004633
11,0.02699450300000006,0.0,0,success,True,doob_generic,64929792,1,11,76030401,65290240,73000003,78,True,4,11,all_of,0.026996668000002444
11,0.027128996000000072,0.0,0,success,True,doob_generic,64929792,2,11,76030402,65290240,73000003,78,True,4,11,all_of,0.027131150999998965
11,0.027437939999999994,0.0,0,success,True,doob_generic,64929792,3,11,76030403,65290240,73000003,78,True,4,11,all_of,0.027440128999998592
11,0.027236808000000057,0.0,0,success,True,doob_generic,64929792,4,11,76030404,65290240,73000003,78,True,4,11,all_of,0.0272391449999958
11,0.02715025800000026,0.0,0,success,True,doob_generic,64929792,5,11,76030405,65290240,73000003,78,True,4,11,all_of,0.027152393999998026
11,0.027001895000000165,0.0,0,success,True,doob_generic,64929792,6,11,76030406,65294336,73000003,78,True,4,11,all_of,0.027004079000001013
11,0.02722952600000017,0.0,0,success,True,doob_generic,64929792,7,11,76030407,65294336,73000003,78,True,4,11,all_of,0.02723182400000468
11,0.027318790999999898,0.0,0,success,True,doob_generic,64929792,8,11,76030408,65294336,73000003,78,True,4,11,all_of,0.027320877999997606
11,0.027304208999999968,0.0,0,success,True,doob_generic,64929792,9,11,76030409,65294336,73000003,78,True,4,11,all_of,0.027306246999998507
11,0.027087042000000228,0.0,0,success,True,doob_task,64929792,0,11,76030400,65294336,73000003,78,True,4,11,all_of,0.027097761000000276
11,0.027128895000000153,0.0,0,success,True,doob_task,64929792,1,11,76030401,65294336,73000003,78,True,4,11,all_of,0.027131050999997797
11,0.027327012999999845,0.0,0,success,True,doob_task,64929792,2,11,76030402,65294336,73000003,78,True,4,11,all_of,0.027344374000001892
11,0.027168595000000018,0.0,0,success,True,doob_task,64929792,3,11,76030403,65294336,73000003,78,True,4,11,all_of,0.027170841999996753
11,0.027421735999999974,0.0,0,success,True,doob_task,64929792,4,11,76030404,65294336,73000003,78,True,4,11,all_of,0.02743807600000281
11,0.0275100880000001,0.0,0,success,True,doob_task,64929792,5,11,76030405,65294336,73000003,78,True,4,11,all_of,0.02751227899999975
11,0.027219702000000012,0.0,0,success,True,doob_task,64929792,6,11,76030406,65294336,73000003,78,True,4,11,all_of,0.027221879000002502
11,0.027220072999999623,0.0,0,success,True,doob_task,64929792,7,11,76030407,65294336,73000003,78,True,4,11,all_of,0.02722218899999973
11,0.027139311,0.0,0,success,True,doob_task,65060864,8,11,76030408,65310720,73000003,78,True,4,11,all_of,0.027141587000002687
11,0.027551279999999956,0.0,0,success,True,doob_task,65060864,9,11,76030409,65310720,73000003,78,True,4,11,all_of,0.027553349999998034
11,0.027824279999999924,0.0,0,success,True,deadline_generic,65060864,0,11,76030400,65310720,73000003,78,True,4,11,all_of,0.027826493999995705
11,0.027187823999999416,0.0,0,success,True,deadline_task,65060864,0,11,76030400,65310720,73000003,78,True,4,11,all_of,0.027199394999996684
6,0.00775343599999978,0.0,0,success,True,fixed_generic,65060864,0,6,76030500,65327104,73000003,78,True,5,6,condition_then,0.00775525699999946
6,0.007774566999999344,0.0,0,success,True,fixed_task,65060864,0,6,76030500,65327104,73000003,78,True,5,6,condition_then,0.007776508999995713
6,0.00812902900000001,0.0,0,success,True,doob_generic,65060864,0,6,76030500,65327104,73000003,78,True,5,6,condition_then,0.008131165999998302
6,0.007820111000000018,0.0,0,success,True,doob_generic,65060864,1,6,76030501,65327104,73000003,78,True,5,6,condition_then,0.007829358999998703
6,0.007872974999999727,0.0,0,success,True,doob_generic,65060864,2,6,76030502,65327104,73000003,78,True,5,6,condition_then,0.007875018000000011
6,0.007899905000000373,0.0,0,success,True,doob_generic,65060864,3,6,76030503,65327104,73000003,78,True,5,6,condition_then,0.007901879000002054
6,0.00787914399999945,0.0,0,success,True,doob_generic,65060864,4,6,76030504,65327104,73000003,78,True,5,6,condition_then,0.007881097999998588
6,0.007938663000000012,0.0,0,success,True,doob_generic,65060864,5,6,76030505,65327104,73000003,78,True,5,6,condition_then,0.007940707999999574
6,0.00801116199999985,0.0,0,success,True,doob_generic,65060864,6,6,76030506,65327104,73000003,78,True,5,6,condition_then,0.008013167000001431
6,0.008020816999999347,0.0,0,success,True,doob_generic,65060864,7,6,76030507,65327104,73000003,78,True,5,6,condition_then,0.008030012999995506
6,0.008024310999999784,0.0,0,success,True,doob_generic,65060864,8,6,76030508,65327104,73000003,78,True,5,6,condition_then,0.008034840000000543
6,0.008075558999999899,0.0,0,success,True,doob_generic,65060864,9,6,76030509,65327104,73000003,78,True,5,6,condition_then,0.008077695000004326
6,0.008074117000000491,0.0,0,success,True,doob_task,65060864,0,6,76030500,65327104,73000003,78,True,5,6,condition_then,0.00807631299999656
6,0.008137271999999918,0.0,0,success,True,doob_task,65060864,1,6,76030501,65327104,73000003,78,True,5,6,condition_then,0.008139348000000268
6,0.008068667999999946,0.0,0,success,True,doob_task,65060864,2,6,76030502,65327104,73000003,78,True,5,6,condition_then,0.008070703999997875
6,0.008181227999999763,0.0,0,success,True,doob_task,65060864,3,6,76030503,65327104,73000003,78,True,5,6,condition_then,0.008183285000001206
6,0.008163409999999871,0.0,0,success,True,doob_task,65060864,4,6,76030504,65327104,73000003,78,True,5,6,condition_then,0.008242383999998992
6,0.008081297000000376,0.0,0,success,True,doob_task,65060864,5,6,76030505,65327104,73000003,78,True,5,6,condition_then,0.008083393999996247
6,0.008041318000000075,0.0,0,success,True,doob_task,65060864,6,6,76030506,65327104,73000003,78,True,5,6,condition_then,0.008043464000003553
6,0.008054578000000312,0.0,0,success,True,doob_task,65060864,7,6,76030507,65327104,73000003,78,True,5,6,condition_then,0.008056744000001004
6,0.0080916929999999,0.0,0,success,True,doob_task,65060864,8,6,76030508,65327104,73000003,78,True,5,6,condition_then,0.008093768999998474
6,0.00788354999999985,0.0,0,success,True,doob_task,65060864,9,6,76030509,65327104,73000003,78,True,5,6,condition_then,0.00791724199999777
6,0.007815477999999487,0.0,0,success,True,deadline_generic,65060864,0,6,76030500,65327104,73000003,78,True,5,6,condition_then,0.00782683599999956
6,0.007760796000000347,0.0,0,success,True,deadline_task,65060864,0,6,76030500,65327104,73000003,78,True,5,6,condition_then,0.007762728000002994
15,0.024585926000000313,0.0,0,success,True,fixed_generic,65060864,0,15,76030600,65351680,73000003,78,True,6,15,sequence,0.024588141999998925
15,0.02465536000000057,0.0,0,success,True,fixed_task,65060864,0,15,76030600,65351680,73000003,78,True,6,15,sequence,0.02465749799999628
15,0.024486196999999876,0.0,0,success,True,doob_generic,65060864,0,15,76030600,65351680,73000003,78,True,6,15,sequence,0.02448845199999994
15,0.024336270999999243,0.0,0,success,True,doob_generic,65060864,1,15,76030601,65351680,73000003,78,True,6,15,sequence,0.024338515000003724
15,0.024583512999999613,0.0,0,success,True,doob_generic,65060864,2,15,76030602,65351680,73000003,78,True,6,15,sequence,0.024585658999995985
15,0.02513123499999992,0.0,0,success,True,doob_generic,65060864,3,15,76030603,65351680,73000003,78,True,6,15,sequence,0.025133367999998768
15,0.025002751999999795,0.0,0,success,True,doob_generic,65060864,4,15,76030604,65351680,73000003,78,True,6,15,sequence,0.02501136299999729
15,0.024986737999999953,0.0,0,success,True,doob_generic,65060864,5,15,76030605,65351680,73000003,78,True,6,15,sequence,0.024988798999999062
15,0.024785706000000296,0.0,0,success,True,doob_generic,65060864,6,15,76030606,65351680,73000003,78,True,6,15,sequence,0.024787904999996613
15,0.025137374999999906,0.0,0,success,True,doob_generic,65060864,7,15,76030607,65351680,73000003,78,True,6,15,sequence,0.02513964799999968
15,0.029107597000000318,0.0,0,success,True,doob_generic,65060864,8,15,76030608,65351680,73000003,78,True,6,15,sequence,0.029109855999998047
15,0.02561006400000032,0.0,0,success,True,doob_generic,65060864,9,15,76030609,65351680,73000003,78,True,6,15,sequence,0.025612302000006082
15,0.025278095,0.0,0,success,True,doob_task,65060864,0,15,76030600,65351680,73000003,78,True,6,15,sequence,0.025280179999995767
15,0.02537807499999989,0.0,0,success,True,doob_task,65060864,1,15,76030601,65351680,73000003,78,True,6,15,sequence,0.025380290999997612
15,0.025591867000000157,0.0,0,success,True,doob_task,65060864,2,15,76030602,65351680,73000003,78,True,6,15,sequence,0.025594005000002085
15,0.02520231199999934,0.0,0,success,True,doob_task,65060864,3,15,76030603,65351680,73000003,78,True,6,15,sequence,0.025204565999999318
15,0.026023925999999697,0.0,0,success,True,doob_task,65060864,4,15,76030604,65351680,73000003,78,True,6,15,sequence,0.026026159000004156
15,0.02577054400000023,0.0,0,success,True,doob_task,65060864,5,15,76030605,65351680,73000003,78,True,6,15,sequence,0.025787688000001197
15,0.02525058400000013,0.0,0,success,True,doob_task,65060864,6,15,76030606,65351680,73000003,78,True,6,15,sequence,0.025252809000001264
15,0.024985606000000438,0.0,0,success,True,doob_task,65060864,7,15,76030607,65351680,73000003,78,True,6,15,sequence,0.02498793800000243
15,0.02471261600000041,0.0,0,success,True,doob_task,65060864,8,15,76030608,65351680,73000003,78,True,6,15,sequence,0.024714783999996826
15,0.024335559999999923,0.0,0,success,True,doob_task,65060864,9,15,76030609,65351680,73000003,78,True,6,15,sequence,0.02433779399999736
15,0.024693693999999766,0.0,0,success,True,deadline_generic,65060864,0,15,76030600,65351680,73000003,78,True,6,15,sequence,0.024719571999995082
15,0.02440674700000045,0.0,0,success,True,deadline_task,65060864,0,15,76030600,65351680,73000003,78,True,6,15,sequence,0.02440898100000055
11,0.0331398639999998,0.0,0,success,True,fixed_generic,65060864,0,11,76030700,65363968,73000003,78,True,7,11,all_of,0.0331421190000043
11,0.032908094999999804,0.0,0,success,True,fixed_task,65060864,0,11,76030700,65363968,73000003,78,True,7,11,all_of,0.032910227000002124
11,0.033044219999999846,0.0,0,success,True,doob_generic,65060864,0,11,76030700,65363968,73000003,78,True,7,11,all_of,0.033046554000002004
11,0.03316918799999957,0.0,0,success,True,doob_generic,65060864,1,11,76030701,65363968,73000003,78,True,7,11,all_of,0.033171432999999695
11,0.03298940699999964,0.0,0,success,True,doob_generic,65060864,2,11,76030702,65363968,73000003,78,True,7,11,all_of,0.03299161099999992
11,0.03295496600000014,0.0,0,success,True,doob_generic,65060864,3,11,76030703,65363968,73000003,78,True,7,11,all_of,0.033027295000003676
11,0.03284079400000017,0.0,0,success,True,doob_generic,65060864,4,11,76030704,65363968,73000003,78,True,7,11,all_of,0.03284297600000485
11,0.03297380400000005,0.0,0,success,True,doob_generic,65060864,5,11,76030705,65363968,73000003,78,True,7,11,all_of,0.03297606699999989
11,0.03318974799999985,0.0,0,success,True,doob_generic,65060864,6,11,76030706,65363968,73000003,78,True,7,11,all_of,0.03322099799999734
11,0.03298285799999956,0.0,0,success,True,doob_generic,65060864,7,11,76030707,65363968,73000003,78,True,7,11,all_of,0.03298504099999633
11,0.033368467000000734,0.0,0,success,True,doob_generic,65060864,8,11,76030708,65363968,73000003,78,True,7,11,all_of,0.03337083499999949
11,0.03304581200000012,0.0,0,success,True,doob_generic,65060864,9,11,76030709,65363968,73000003,78,True,7,11,all_of,0.033048026000003006
11,0.03300400999999997,0.0,0,success,True,doob_task,65060864,0,11,76030700,65363968,73000003,78,True,7,11,all_of,0.03300621300000017
11,0.03297581699999963,0.0,0,success,True,doob_task,65060864,1,11,76030701,65363968,73000003,78,True,7,11,all_of,0.032977930999997795
11,0.03288313799999987,0.0,0,success,True,doob_task,65060864,2,11,76030702,65363968,73000003,78,True,7,11,all_of,0.03288537000000247
11,0.033153914999999756,0.0,0,success,True,doob_task,65060864,3,11,76030703,65363968,73000003,78,True,7,11,all_of,0.03315623999999673
11,0.03302557199999967,0.0,0,success,True,doob_task,65060864,4,11,76030704,65363968,73000003,78,True,7,11,all_of,0.033027935999996316
11,0.03285871100000026,0.0,0,success,True,doob_task,65060864,5,11,76030705,65363968,73000003,78,True,7,11,all_of,0.0328609839999956
11,0.03277859100000047,0.0,0,success,True,doob_task,65060864,6,11,76030706,65363968,73000003,78,True,7,11,all_of,0.0327807720000024
11,0.033031460000000124,0.0,0,success,True,doob_task,65060864,7,11,76030707,65363968,73000003,78,True,7,11,all_of,0.033033754999998166
11,0.03312063399999943,0.0,0,success,True,doob_task,65060864,8,11,76030708,65380352,73000003,78,True,7,11,all_of,0.033130591999999126
11,0.03289116000000014,0.0,0,success,True,doob_task,65060864,9,11,76030709,65380352,73000003,78,True,7,11,all_of,0.032893411999999955
11,0.03855978300000018,0.0,0,success,True,deadline_generic,65060864,0,11,76030700,65380352,73000003,78,True,7,11,all_of,0.038571386000000984
11,0.03279041900000035,0.0,0,success,True,deadline_task,65060864,0,11,76030700,65380352,73000003,78,True,7,11,all_of,0.0328098259999976
8,0.011171499000000473,0.0,0,success,True,fixed_generic,65060864,0,8,76030800,65380352,73000003,78,True,8,8,condition_then,0.01117358100000132
8,0.011184729000000004,0.0,0,success,True,fixed_task,65060864,0,8,76030800,65380352,73000003,78,True,8,8,condition_then,0.011186630000004527
8,0.011193590999999614,0.0,0,success,True,doob_generic,65060864,0,8,76030800,65380352,73000003,78,True,8,8,condition_then,0.011195654000005106
8,0.011159340999999934,0.0,0,success,True,doob_generic,65060864,1,8,76030801,65380352,73000003,78,True,8,8,condition_then,0.011161311999998702
8,0.011164858999999971,0.0,0,success,True,doob_generic,65060864,2,8,76030802,65380352,73000003,78,True,8,8,condition_then,0.011166880000004653
8,0.011148893999999743,0.0,0,success,True,doob_generic,65060864,3,8,76030803,65380352,73000003,78,True,8,8,condition_then,0.011150856000000431
8,0.01117409200000008,0.0,0,success,True,doob_generic,65060864,4,8,76030804,65380352,73000003,78,True,8,8,condition_then,0.011175934000000609
8,0.011219370999999256,0.0,0,success,True,doob_generic,65060864,5,8,76030805,65380352,73000003,78,True,8,8,condition_then,0.011221353000003376
8,0.011116365999999545,0.0,0,success,True,doob_generic,65060864,6,8,76030806,65380352,73000003,78,True,8,8,condition_then,0.011118357000000856
8,0.011165961000000557,0.0,0,success,True,doob_generic,65060864,7,8,76030807,65380352,73000003,78,True,8,8,condition_then,0.01116791199999767
8,0.011143858000000506,0.0,0,success,True,doob_generic,65060864,8,8,76030808,65380352,73000003,78,True,8,8,condition_then,0.011145808999998508
8,0.011182043999999891,0.0,0,success,True,doob_generic,65060864,9,8,76030809,65380352,73000003,78,True,8,8,condition_then,0.011183926000001065
8,0.011132840999999338,0.0,0,success,True,doob_task,65060864,0,8,76030800,65380352,73000003,78,True,8,8,condition_then,0.011134810999998024
8,0.011233842000000216,0.0,0,success,True,doob_task,65060864,1,8,76030801,65380352,73000003,78,True,8,8,condition_then,0.011235684999995499
8,0.011136867000000272,0.0,0,success,True,doob_task,65060864,2,8,76030802,65380352,73000003,78,True,8,8,condition_then,0.011138817999999162
8,0.01110490800000008,0.0,0,success,True,doob_task,65060864,3,8,76030803,65380352,73000003,78,True,8,8,condition_then,0.011106940000004784
8,0.01118603000000018,0.0,0,success,True,doob_task,65060864,4,8,76030804,65380352,73000003,78,True,8,8,condition_then,0.011188093000001231
8,0.011230518000000522,0.0,0,success,True,doob_task,65060864,5,8,76030805,65380352,73000003,78,True,8,8,condition_then,0.011232452999998088
8,0.01124454800000052,0.0,0,success,True,doob_task,65060864,6,8,76030806,65380352,73000003,78,True,8,8,condition_then,0.011246608000000435
8,0.011255875000000692,0.0,0,success,True,doob_task,65060864,7,8,76030807,65380352,73000003,78,True,8,8,condition_then,0.011257704999998452
8,0.011258579000000601,0.0,0,success,True,doob_task,65060864,8,8,76030808,65380352,73000003,78,True,8,8,condition_then,0.011260338999996122
8,0.011201163999999153,0.0,0,success,True,doob_task,65060864,9,8,76030809,65380352,73000003,78,True,8,8,condition_then,0.011203192000003526
8,0.011263105999999468,0.0,0,success,True,deadline_generic,65060864,0,8,76030800,65380352,73000003,78,True,8,8,condition_then,0.011265045999998335
8,0.01136597100000003,0.0,0,success,True,deadline_task,65060864,0,8,76030800,65380352,73000003,78,True,8,8,condition_then,0.011367970999998533
8,0.01589061600000008,0.0,0,success,True,fixed_generic,65060864,0,8,76030900,65404928,73000003,78,True,9,8,branch,0.015892687000004457
8,0.015759799000000463,0.0,0,success,True,fixed_task,65060864,0,8,76030900,65404928,73000003,78,True,9,8,branch,0.01582602599999916
8,0.015546589999999583,0.0,0,success,True,doob_generic,65060864,0,8,76030900,65404928,73000003,78,True,9,8,branch,0.015548626000004617
8,0.015494020999999414,0.0,0,success,True,doob_generic,65060864,1,8,76030901,65404928,73000003,78,True,9,8,branch,0.015496048000002816
8,0.01541902900000025,0.0,0,success,True,doob_generic,65060864,2,8,76030902,65404928,73000003,78,True,9,8,branch,0.015421103999997854
8,0.01555820800000074,0.0,0,success,True,doob_generic,65060864,3,8,76030903,65404928,73000003,78,True,9,8,branch,0.015611481999997068
8,0.015554972999999528,0.0,0,success,True,doob_generic,65060864,4,8,76030904,65404928,73000003,78,True,9,8,branch,0.015557008999998345
8,0.01619052700000001,0.0,0,success,True,doob_generic,65060864,5,8,76030905,65404928,73000003,78,True,9,8,branch,0.016192629000002512
8,0.015747871999999496,0.0,0,success,True,doob_generic,65060864,6,8,76030906,65404928,73000003,78,True,9,8,branch,0.015757622000002414
8,0.016298728999999845,0.0,0,success,True,doob_generic,65060864,7,8,76030907,65404928,73000003,78,True,9,8,branch,0.01630084300000334
8,0.015541392000000265,0.0,0,success,True,doob_generic,65060864,8,8,76030908,65404928,73000003,78,True,9,8,branch,0.015543398999994906
8,0.016002705000000006,0.0,0,success,True,doob_generic,65060864,9,8,76030909,65404928,73000003,78,True,9,8,branch,0.016004774999998972
8,0.015828653999999887,0.0,0,success,True,doob_task,65060864,0,8,76030900,65404928,73000003,78,True,9,8,branch,0.01583071299999972
8,0.015559138999999611,0.0,0,success,True,doob_task,65060864,1,8,76030901,65404928,73000003,78,True,9,8,branch,0.015561245999997197
8,0.015490555000000406,0.0,0,success,True,doob_task,65060864,2,8,76030902,65404928,73000003,78,True,9,8,branch,0.015492592000001082
8,0.015484776999999283,0.0,0,success,True,doob_task,65060864,3,8,76030903,65404928,73000003,78,True,9,8,branch,0.015486822999996264
8,0.015703005000000658,0.0,0,success,True,doob_task,65060864,4,8,76030904,65404928,73000003,78,True,9,8,branch,0.015705003000000772
8,0.015501992999999992,0.0,0,success,True,doob_task,65060864,5,8,76030905,65404928,73000003,78,True,9,8,branch,0.01550400900000426
8,0.015645078000000368,0.0,0,success,True,doob_task,65060864,6,8,76030906,65404928,73000003,78,True,9,8,branch,0.015646906000000627
8,0.015579930000000353,0.0,0,success,True,doob_task,65060864,7,8,76030907,65404928,73000003,78,True,9,8,branch,0.015581795999999315
8,0.015574882000000123,0.0,0,success,True,doob_task,65060864,8,8,76030908,65404928,73000003,78,True,9,8,branch,0.015576850000002196
8,0.015616924999999782,0.0,0,success,True,doob_task,65060864,9,8,76030909,65404928,73000003,78,True,9,8,branch,0.015618932000002417
8,0.015857646999999808,0.0,0,success,True,deadline_generic,65060864,0,8,76030900,65404928,73000003,78,True,9,8,branch,0.015859726000002183
8,0.015773300000000212,0.0,0,success,True,deadline_task,65060864,0,8,76030900,65404928,73000003,78,True,9,8,branch,0.015775179000002026
9,0.017814956999999687,0.0,0,success,True,fixed_generic,65060864,0,9,76031000,65404928,73000003,78,True,10,9,branch,0.017816893000002665
9,0.023144621000000143,0.0,0,success,True,fixed_task,65060864,0,9,76031000,65404928,73000003,78,True,10,9,branch,0.023146552999996572
9,0.017805251999999605,0.0,0,success,True,doob_generic,65060864,0,9,76031000,65404928,73000003,78,True,10,9,branch,0.0178072880000002
9,0.01786440100000064,0.0,0,success,True,doob_generic,65060864,1,9,76031001,65404928,73000003,78,True,10,9,branch,0.0178663169999993
9,0.017911701999999252,0.0,0,success,True,doob_generic,65060864,2,9,76031002,65404928,73000003,78,True,10,9,branch,0.017913829999997688
9,0.01813513700000069,0.0,0,success,True,doob_generic,65060864,3,9,76031003,65404928,73000003,78,True,10,9,branch,0.018137296999995556
9,0.01819407599999945,0.0,0,success,True,doob_generic,65060864,4,9,76031004,65404928,73000003,78,True,10,9,branch,0.018196156000001906
9,0.01778709600000017,0.0,0,success,True,doob_generic,65060864,5,9,76031005,65404928,73000003,78,True,10,9,branch,0.017798284999997804
9,0.017614574999999633,0.0,0,success,True,doob_generic,65060864,6,9,76031006,65404928,73000003,78,True,10,9,branch,0.017616529999997965
9,0.01776083599999989,0.0,0,success,True,doob_generic,65060864,7,9,76031007,65404928,73000003,78,True,10,9,branch,0.017762791000002665
9,0.017598371000000057,0.0,0,success,True,doob_generic,65060864,8,9,76031008,65404928,73000003,78,True,10,9,branch,0.01760036599999637
9,0.01768111600000033,0.0,0,success,True,doob_generic,65060864,9,9,76031009,65404928,73000003,78,True,10,9,branch,0.017682901000000584
9,0.017667115000000067,0.0,0,success,True,doob_task,65060864,0,9,76031000,65404928,73000003,78,True,10,9,branch,0.017669109999999932
9,0.017643969999999953,0.0,0,success,True,doob_task,65060864,1,9,76031001,65404928,73000003,78,True,10,9,branch,0.017645975000000647
9,0.01776373899999939,0.0,0,success,True,doob_task,65060864,2,9,76031002,65404928,73000003,78,True,10,9,branch,0.017765705999998715
9,0.017661385999999446,0.0,0,success,True,doob_task,65060864,3,9,76031003,65404928,73000003,78,True,10,9,branch,0.01766347100000587
9,0.017726813999999536,0.0,0,success,True,doob_task,65060864,4,9,76031004,65404928,73000003,78,True,10,9,branch,0.01772953100000052
9,0.017701065999999877,0.0,0,success,True,doob_task,65060864,5,9,76031005,65404928,73000003,78,True,10,9,branch,0.017703050999998027
9,0.017823178999999634,0.0,0,success,True,doob_task,65060864,6,9,76031006,65404928,73000003,78,True,10,9,branch,0.017825164999997867
9,0.017745793000000454,0.0,0,success,True,doob_task,65060864,7,9,76031007,65404928,73000003,78,True,10,9,branch,0.01774781800000369
9,0.017672182000000092,0.0,0,success,True,doob_task,65060864,8,9,76031008,65404928,73000003,78,True,10,9,branch,0.01767417700000351
9,0.017731481000000215,0.0,0,success,True,doob_task,65060864,9,9,76031009,65404928,73000003,78,True,10,9,branch,0.017733567000000505
9,0.017888547000000088,0.0,0,success,True,deadline_generic,65060864,0,9,76031000,65404928,73000003,78,True,10,9,branch,0.01789066499999592
9,0.017715798000000227,0.0,0,success,True,deadline_task,65060864,0,9,76031000,65404928,73000003,78,True,10,9,branch,0.017717862999994338
9,0.018770261000000232,0.0,0,success,True,fixed_generic,65060864,0,9,76031100,65404928,73000003,78,True,11,9,branch,0.018772176000005913
9,0.01893070300000055,0.0,0,success,True,fixed_task,65060864,0,9,76031100,65404928,73000003,78,True,11,9,branch,0.018932648000003383
9,0.019187237999999773,0.0,0,success,True,doob_generic,65060864,0,9,76031100,65404928,73000003,78,True,11,9,branch,0.0191892559999971
9,0.019252064999999874,0.0,0,success,True,doob_generic,65060864,1,9,76031101,65404928,73000003,78,True,11,9,branch,0.019254174000003843
9,0.018894858999999542,0.0,0,success,True,doob_generic,65060864,2,9,76031102,65404928,73000003,78,True,11,9,branch,0.018906518999997957
9,0.018791062000000025,0.0,0,success,True,doob_generic,65060864,3,9,76031103,65404928,73000003,78,True,11,9,branch,0.01879293700000062
9,0.02368945999999994,0.0,0,success,True,doob_generic,65060864,4,9,76031104,65404928,73000003,78,True,11,9,branch,0.023691507000002332
9,0.019211473999999562,0.0,0,success,True,doob_generic,65060864,5,9,76031105,65404928,73000003,78,True,11,9,branch,0.019213622000002317
9,0.019367358000000223,0.0,0,success,True,doob_generic,65060864,6,9,76031106,65404928,73000003,78,True,11,9,branch,0.0193691979999997
9,0.019306906999999818,0.0,0,success,True,doob_generic,65060864,7,9,76031107,65404928,73000003,78,True,11,9,branch,0.019308987000002276
9,0.019123963000000188,0.0,0,success,True,doob_generic,65060864,8,9,76031108,65404928,73000003,78,True,11,9,branch,0.019126802000002385
9,0.019355270000000147,0.0,0,success,True,doob_generic,65060864,9,9,76031109,65404928,73000003,78,True,11,9,branch,0.019357339000002582
9,0.019424714000000343,0.0,0,success,True,doob_task,65060864,0,9,76031100,65404928,73000003,78,True,11,9,branch,0.019454877000001147
9,0.01908654600000048,0.0,0,success,True,doob_task,65060864,1,9,76031101,65409024,73000003,78,True,11,9,branch,0.019088664000001643
9,0.018906896999999923,0.0,0,success,True,doob_task,65060864,2,9,76031102,65409024,73000003,78,True,11,9,branch,0.01890880199999856
9,0.01917963599999961,0.0,0,success,True,doob_task,65060864,3,9,76031103,65409024,73000003,78,True,11,9,branch,0.019181654999997022
9,0.019678916000000157,0.0,0,success,True,doob_task,65060864,4,9,76031104,65413120,73000003,78,True,11,9,branch,0.019680989000001148
9,0.019776423000000598,0.0,0,success,True,doob_task,65060864,5,9,76031105,65413120,73000003,78,True,11,9,branch,0.019778485999999873
9,0.01939291700000023,0.0,0,success,True,doob_task,65060864,6,9,76031106,65417216,73000003,78,True,11,9,branch,0.019395056000000466
9,0.01952371399999997,0.0,0,success,True,doob_task,65060864,7,9,76031107,65417216,73000003,78,True,11,9,branch,0.019525623999996355
9,0.01928602600000051,0.0,0,success,True,doob_task,65060864,8,9,76031108,65417216,73000003,78,True,11,9,branch,0.019288074999998628
9,0.019240307000000456,0.0,0,success,True,doob_task,65060864,9,9,76031109,65421312,73000003,78,True,11,9,branch,0.019242376000001116
9,0.019249692000000707,0.0,0,success,True,deadline_generic,65060864,0,9,76031100,65421312,73000003,78,True,11,9,branch,0.019251700999994625
9,0.019069801999999747,0.0,0,success,True,deadline_task,65060864,0,9,76031100,65425408,73000003,78,True,11,9,branch,0.019071799000002443
105,0.174478727,0.09919785999999986,105,success,True,fixed_generic,64294912,0,105,76040000,64598016,73000004,161,True,0,105,sequence,0.1744997139999782
105,0.17353789699999994,0.09889733400000028,105,success,True,fixed_task,64294912,0,105,76040000,64675840,73000004,161,True,0,105,sequence,0.17356253799999877
488,0.8334959230000001,0.5219231799999988,482,success,True,doob_generic,64950272,0,488,76040000,65269760,73000004,163,True,0,488,sequence,0.8335818980000056
255,0.43588204099999994,0.27533840200000204,249,success,True,doob_generic,64950272,1,255,76040001,65298432,73000004,160,True,0,255,sequence,0.4359232689999999
563,0.9885127369999998,0.6184070240000012,557,success,True,doob_generic,65081344,2,563,76040002,65421312,73000004,161,True,0,563,sequence,0.9886089430000027
356,0.6156889649999999,0.3497820020000044,338,success,True,doob_generic,65212416,3,356,76040003,65462272,73000004,164,True,0,356,sequence,0.6157681520000153
172,0.29014636399999993,0.17788620299999858,167,success,True,doob_generic,65212416,4,172,76040004,65462272,73000004,157,True,0,172,sequence,0.29015115699999683
332,0.5036139560000001,0.31947194700000425,332,success,True,doob_generic,65212416,5,332,76040005,65462272,73000004,161,True,0,332,sequence,0.5036738270000001
515,0.8864008029999999,0.5356863520000061,501,success,True,doob_generic,65212416,6,515,76040006,65585152,73000004,165,True,0,515,sequence,0.8864790889999767
170,0.24695706000000062,0.15715038100001077,170,success,True,doob_generic,65212416,7,170,76040007,65585152,73000004,158,True,0,170,sequence,0.2469919610000204
324,0.5801776790000002,0.3488314189999926,311,success,True,doob_generic,65212416,8,324,76040008,65589248,73000004,163,True,0,324,sequence,0.5802252470000155
441,0.7338235819999994,0.46240373699999626,439,success,True,doob_generic,65212416,9,441,76040009,65589248,73000004,164,True,0,441,sequence,0.7338991800000088
488,0.8024801349999997,0.5030955249999982,482,success,True,doob_task,65212416,0,488,76040000,65589248,73000004,163,True,0,488,sequence,0.8025429779999911
255,0.39618644699999983,0.24784351899999812,249,success,True,doob_task,65212416,1,255,76040001,65589248,73000004,160,True,0,255,sequence,0.39621417600000086
563,0.975891786,0.6088815890000134,557,success,True,doob_task,65212416,2,563,76040002,65589248,73000004,161,True,0,563,sequence,0.9759808999999962
356,0.6047110230000001,0.3472804899999957,338,success,True,doob_task,65212416,3,356,76040003,65589248,73000004,164,True,0,356,sequence,0.6048081379999815
172,0.28600196300000036,0.17576225300000203,167,success,True,doob_task,65212416,4,172,76040004,65589248,73000004,157,True,0,172,sequence,0.286007173999991
332,0.5047851030000015,0.3204003190000133,332,success,True,doob_task,65212416,5,332,76040005,65589248,73000004,161,True,0,332,sequence,0.504832958999998
515,0.8654705849999988,0.5199791189999878,501,success,True,doob_task,65212416,6,515,76040006,65589248,73000004,165,True,0,515,sequence,0.8655703200000175
170,0.2517090720000006,0.16011842099999996,170,success,True,doob_task,65212416,7,170,76040007,65589248,73000004,158,True,0,170,sequence,0.2517396819999931
324,0.5828531720000001,0.3574418740000258,311,success,True,doob_task,65212416,8,324,76040008,65589248,73000004,163,True,0,324,sequence,0.5828817889999982
441,0.7325985639999999,0.4617359239999921,439,success,True,doob_task,65212416,9,441,76040009,65589248,73000004,164,True,0,441,sequence,0.7327346829999897
170,0.2949489639999996,0.1729624270000052,170,success,True,deadline_generic,65343488,0,170,76040000,65601536,73000004,162,True,0,170,sequence,0.29495332300001564
170,0.2973961559999996,0.17425833099998833,170,success,True,deadline_task,65343488,0,170,76040000,65601536,73000004,162,True,0,170,sequence,0.29742449800002646
102,0.17981026100000008,0.1014997820000012,102,success,True,fixed_generic,65343488,0,102,76040100,65601536,73000004,160,True,1,102,all_of,0.1798444810000035
102,0.17785169300000092,0.1002774850000101,102,success,True,fixed_task,65343488,0,102,76040100,65601536,73000004,160,True,1,102,all_of,0.17785478400000443
247,0.4050090019999999,0.2647060849999985,247,success,True,doob_generic,65343488,0,247,76040100,65601536,73000004,159,True,1,247,all_of,0.4050455740000132
401,0.7242963410000005,0.45853247799998087,401,success,True,doob_generic,65343488,1,401,76040101,65601536,73000004,161,True,1,401,all_of,0.7244062350000036
739,1.3960460120000011,0.888005221000018,739,success,True,doob_generic,65343488,2,739,76040102,65687552,73000004,165,True,1,739,all_of,1.3961652700000116
155,0.25858357199999915,0.16104568200000102,155,success,True,doob_generic,65343488,3,155,76040103,65691648,73000004,159,True,1,155,all_of,0.2586196599999937
566,1.0154465220000013,0.6359158799999847,566,success,True,doob_generic,65343488,4,566,76040104,65699840,73000004,166,True,1,566,all_of,1.015553165
388,0.6756226529999978,0.41512387699997433,388,success,True,doob_generic,65343488,5,388,76040105,65699840,73000004,162,True,1,388,all_of,0.6756603519999942
264,0.4634328889999999,0.29354032599999513,264,success,True,doob_generic,65343488,6,264,76040106,65699840,73000004,159,True,1,264,all_of,0.46350849200001676
268,0.4939323480000013,0.30431755400002203,268,success,True,doob_generic,65343488,7,268,76040107,65699840,73000004,159,True,1,268,all_of,0.49395721400000525
139,0.24744163500000127,0.1559493790000097,139,success,True,doob_generic,65343488,8,139,76040108,65699840,73000004,156,True,1,139,all_of,0.2474787870000057
440,0.8021662739999975,0.49119391900005027,440,success,True,doob_generic,65343488,9,440,76040109,65699840,73000004,164,True,1,440,all_of,0.8022161469999958
247,0.4093937749999981,0.2677569039999952,247,success,True,doob_task,65343488,0,247,76040100,65699840,73000004,159,True,1,247,all_of,0.4094964159999961
401,0.7355764530000002,0.4701178399999506,401,success,True,doob_task,65343488,1,401,76040101,65699840,73000004,161,True,1,401,all_of,0.7356288740000139
739,1.4893279590000006,0.9467896369999274,739,success,True,doob_task,65343488,2,739,76040102,65716224,73000004,165,True,1,739,all_of,1.4895399469999973
155,0.29506811299999924,0.1862271970000151,155,success,True,doob_task,65343488,3,155,76040103,65716224,73000004,159,True,1,155,all_of,0.29507471000002283
566,1.0784385709999995,0.6738117840000228,566,success,True,doob_task,65343488,4,566,76040104,65716224,73000004,166,True,1,566,all_of,1.0785551719999944
388,0.7190265010000019,0.44126463499998536,388,success,True,doob_task,65343488,5,388,76040105,65716224,73000004,162,True,1,388,all_of,0.719160985000002
264,0.5013986560000028,0.3171183140000089,264,success,True,doob_task,65343488,6,264,76040106,65716224,73000004,159,True,1,264,all_of,0.5014838769999983
268,0.5157389929999994,0.3219132659999886,268,success,True,doob_task,65343488,7,268,76040107,65716224,73000004,159,True,1,268,all_of,0.515755055999989
139,0.25994064100000003,0.1633225520000181,139,success,True,doob_task,65343488,8,139,76040108,65716224,73000004,156,True,1,139,all_of,0.25999154800001634
440,0.8492642480000008,0.5196064089999908,440,success,True,doob_task,65343488,9,440,76040109,65716224,73000004,164,True,1,440,all_of,0.8494602269999803
159,0.3362650949999981,0.18907089000001065,159,success,True,deadline_generic,65343488,0,159,76040100,65716224,73000004,159,True,1,159,all_of,0.33633140899999603
159,0.3271026819999996,0.18914300999999867,159,success,True,deadline_task,65343488,0,159,76040100,65716224,73000004,159,True,1,159,all_of,0.32712340899999504
39,0.062447103000000226,0.029852706999999867,34,success,True,fixed_generic,65343488,0,39,76040200,65716224,73000004,151,True,2,39,condition_then,0.062452839000002314
39,0.061827773000000974,0.029840979000006485,34,success,True,fixed_task,65343488,0,39,76040200,65716224,73000004,151,True,2,39,condition_then,0.06183344299998339
40,0.05948650800000266,0.029396869999992248,33,success,True,doob_generic,65343488,0,40,76040200,65716224,73000004,149,True,2,40,condition_then,0.05949197300000719
134,0.2342901150000003,0.13682600799998212,124,success,True,doob_generic,65343488,1,134,76040201,65716224,73000004,150,True,2,134,condition_then,0.23433969900000307
45,0.07386473200000054,0.03713270200000096,38,success,True,doob_generic,65343488,2,45,76040202,65716224,73000004,148,True,2,45,condition_then,0.07386952699999938
143,0.25801230899999794,0.1556438640000124,136,success,True,doob_generic,65343488,3,143,76040203,65716224,73000004,149,True,2,143,condition_then,0.258081930000003
70,0.1289508149999996,0.07223887800000384,63,success,True,doob_generic,65343488,4,70,76040204,65716224,73000004,148,True,2,70,condition_then,0.12896705800000063
54,0.10113651200000007,0.05466159799999204,48,success,True,doob_generic,65343488,5,54,76040205,65716224,73000004,148,True,2,54,condition_then,0.10114178499998161
143,0.24586313799999715,0.14613336599999371,132,success,True,doob_generic,65343488,6,143,76040206,65716224,73000004,148,True,2,143,condition_then,0.2458707199999992
68,0.11771300700000253,0.06360908699999257,61,success,True,doob_generic,65343488,7,68,76040207,65716224,73000004,149,True,2,68,condition_then,0.11775584099999037
162,0.2788262909999979,0.17129849100000527,154,success,True,doob_generic,65343488,8,162,76040208,65716224,73000004,151,True,2,162,condition_then,0.27887413100000913
93,0.18281633599999836,0.09934993600001008,86,success,True,doob_generic,65343488,9,93,76040209,65716224,73000004,149,True,2,93,condition_then,0.18284369299999526
40,0.058840359000001285,0.029518140000000415,33,success,True,doob_task,65343488,0,40,76040200,65716224,73000004,149,True,2,40,condition_then,0.05884575599998243
134,0.23385383000000104,0.1367365310000359,124,success,True,doob_task,65343488,1,134,76040201,65716224,73000004,150,True,2,134,condition_then,0.2338609159999976
45,0.07403869399999863,0.03681568900000087,38,success,True,doob_task,65343488,2,45,76040202,65716224,73000004,148,True,2,45,condition_then,0.07404432199999178
143,0.2557418180000006,0.15372297100001475,136,success,True,doob_task,65343488,3,143,76040203,65716224,73000004,149,True,2,143,condition_then,0.25578433699999437
70,0.12721177399999917,0.07123495399999058,63,success,True,doob_task,65343488,4,70,76040204,65716224,73000004,148,True,2,70,condition_then,0.12723344700000894
54,0.1007576599999993,0.05394316800000709,48,success,True,doob_task,65343488,5,54,76040205,65716224,73000004,148,True,2,54,condition_then,0.1008240150000006
143,0.2456236729999972,0.14619925499999553,132,success,True,doob_task,65343488,6,143,76040206,65716224,73000004,148,True,2,143,condition_then,0.2456717390000165
68,0.11712762600000204,0.06328551599999344,61,success,True,doob_task,65343488,7,68,76040207,65716224,73000004,149,True,2,68,condition_then,0.1171337499999936
162,0.26793019399999807,0.16439765100001935,154,success,True,doob_task,65343488,8,162,76040208,65716224,73000004,151,True,2,162,condition_then,0.2679492160000052
93,0.1685768490000008,0.10330065900001983,86,success,True,doob_task,65343488,9,93,76040209,65716224,73000004,149,True,2,93,condition_then,0.16862713200001167
61,0.10649448299999875,0.057053815999989155,56,success,True,deadline_generic,65343488,0,61,76040200,65716224,73000004,151,True,2,61,condition_then,0.10651855300000079
61,0.10383520299999915,0.05572031099998043,56,success,True,deadline_task,65343488,0,61,76040200,65716224,73000004,151,True,2,61,condition_then,0.10385888299998669
18,0.04675773100000313,0.0,0,success,True,fixed_generic,65605632,0,18,76040300,65880064,73000004,146,True,3,18,sequence,0.04676322200000982
18,0.04774165699999955,0.0,0,success,True,fixed_task,65605632,0,18,76040300,65880064,73000004,146,True,3,18,sequence,0.047746877999998105
18,0.050102401000000185,0.0,0,success,True,doob_generic,65605632,0,18,76040300,65880064,73000004,146,True,3,18,sequence,0.050107848000010335
18,0.04891197399999925,0.0,0,success,True,doob_generic,65605632,1,18,76040301,65880064,73000004,146,True,3,18,sequence,0.04891687700001057
18,0.048342188999999536,0.0,0,success,True,doob_generic,65605632,2,18,76040302,65880064,73000004,146,True,3,18,sequence,0.04834692499997573
18,0.06046316399999796,0.0,0,success,True,doob_generic,65605632,3,18,76040303,65880064,73000004,146,True,3,18,sequence,0.060468219000000545
18,0.050217403999997856,0.0,0,success,True,doob_generic,65605632,4,18,76040304,65880064,73000004,146,True,3,18,sequence,0.05022277099999428
18,0.04994162000000202,0.0,0,success,True,doob_generic,65605632,5,18,76040305,65880064,73000004,146,True,3,18,sequence,0.049947035000002415
18,0.04907743299999723,0.0,0,success,True,doob_generic,65605632,6,18,76040306,65880064,73000004,146,True,3,18,sequence,0.04908263699999793
18,0.048696491000001174,0.0,0,success,True,doob_generic,65605632,7,18,76040307,65880064,73000004,146,True,3,18,sequence,0.04871374000001083
18,0.04811068100000071,0.0,0,success,True,doob_generic,65605632,8,18,76040308,65880064,73000004,146,True,3,18,sequence,0.0481285449999973
18,0.04790016500000149,0.0,0,success,True,doob_generic,65605632,9,18,76040309,65880064,73000004,146,True,3,18,sequence,0.047904367000001
18,0.04792569399999991,0.0,0,success,True,doob_task,65605632,0,18,76040300,65880064,73000004,146,True,3,18,sequence,0.04793061700001999
18,0.04822529399999809,0.0,0,success,True,doob_task,65605632,1,18,76040301,65880064,73000004,146,True,3,18,sequence,0.048230168999992884
18,0.047967255999999736,0.0,0,success,True,doob_task,65605632,2,18,76040302,65880064,73000004,146,True,3,18,sequence,0.047973139999982095
18,0.05820871100000602,0.0,0,success,True,doob_task,65605632,3,18,76040303,65880064,73000004,146,True,3,18,sequence,0.05821387200001027
18,0.04853637900000507,0.0,0,success,True,doob_task,65605632,4,18,76040304,65880064,73000004,146,True,3,18,sequence,0.04857386899999483
18,0.04846703699999466,0.0,0,success,True,doob_task,65605632,5,18,76040305,65880064,73000004,146,True,3,18,sequence,0.048481968999993796
18,0.04843576999999755,0.0,0,success,True,doob_task,65605632,6,18,76040306,65880064,73000004,146,True,3,18,sequence,0.04843986599999539
18,0.04788513300000119,0.0,0,success,True,doob_task,65605632,7,18,76040307,65880064,73000004,146,True,3,18,sequence,0.047901171999995995
18,0.04883019700000091,0.0,0,success,True,doob_task,65605632,8,18,76040308,65880064,73000004,146,True,3,18,sequence,0.04885747699998433
18,0.04845829300000304,0.0,0,success,True,doob_task,65605632,9,18,76040309,65880064,73000004,146,True,3,18,sequence,0.04846366199998897
18,0.04843287500000315,0.0,0,success,True,deadline_generic,65605632,0,18,76040300,65880064,73000004,146,True,3,18,sequence,0.04843777299998919
18,0.0480410770000006,0.0,0,success,True,deadline_task,65605632,0,18,76040300,65880064,73000004,146,True,3,18,sequence,0.04804624099998023
15,0.06724151000000234,0.0,0,success,True,fixed_generic,66105344,0,15,76040400,66244608,73000004,146,True,4,15,all_of,0.06726150900001926
15,0.07333742000000143,0.0,0,success,True,fixed_task,66105344,0,15,76040400,66248704,73000004,146,True,4,15,all_of,0.07334212000000662
15,0.07577402899999441,0.0,0,success,True,doob_generic,66105344,0,15,76040400,66248704,73000004,146,True,4,15,all_of,0.07577994599998306
15,0.0700819539999955,0.0,0,success,True,doob_generic,66105344,1,15,76040401,66248704,73000004,146,True,4,15,all_of,0.07010295399999222
15,0.07113788000000199,0.0,0,success,True,doob_generic,66105344,2,15,76040402,66248704,73000004,146,True,4,15,all_of,0.07116264600000477
15,0.07193457500000022,0.0,0,success,True,doob_generic,66105344,3,15,76040403,66248704,73000004,146,True,4,15,all_of,0.07195415199998934
15,0.07027671599999508,0.0,0,success,True,doob_generic,66105344,4,15,76040404,66248704,73000004,146,True,4,15,all_of,0.07028184500001089
15,0.07003586300000109,0.0,0,success,True,doob_generic,66105344,5,15,76040405,66248704,73000004,146,True,4,15,all_of,0.07006057999996074
15,0.06967944000000159,0.0,0,success,True,doob_generic,66105344,6,15,76040406,66248704,73000004,146,True,4,15,all_of,0.06970569399999249
15,0.07093336100000158,0.0,0,success,True,doob_generic,66105344,7,15,76040407,66248704,73000004,146,True,4,15,all_of,0.07095156700000871
15,0.0700124589999973,0.0,0,success,True,doob_generic,66105344,8,15,76040408,66248704,73000004,146,True,4,15,all_of,0.07001723499996615
15,0.0701950540000027,0.0,0,success,True,doob_generic,66105344,9,15,76040409,66248704,73000004,146,True,4,15,all_of,0.07020029099999192
15,0.06973787700000145,0.0,0,success,True,doob_task,66105344,0,15,76040400,66248704,73000004,146,True,4,15,all_of,0.06974303999999165
15,0.0838306929999959,0.0,0,success,True,doob_task,66105344,1,15,76040401,66248704,73000004,146,True,4,15,all_of,0.08383589400000346
15,0.06967328999999722,0.0,0,success,True,doob_task,66105344,2,15,76040402,66248704,73000004,146,True,4,15,all_of,0.06967886300003556
15,0.07041733699999497,0.0,0,success,True,doob_task,66105344,3,15,76040403,66248704,73000004,146,True,4,15,all_of,0.07042273700000123
15,0.07063331200000533,0.0,0,success,True,doob_task,66105344,4,15,76040404,66248704,73000004,146,True,4,15,all_of,0.07065581899996687
15,0.08110650300000088,0.0,0,success,True,doob_task,66105344,5,15,76040405,66248704,73000004,146,True,4,15,all_of,0.08111185600000681
15,0.07110997599999536,0.0,0,success,True,doob_task,66105344,6,15,76040406,66248704,73000004,146,True,4,15,all_of,0.07113222000003816
15,0.07198150500000366,0.0,0,success,True,doob_task,66105344,7,15,76040407,66248704,73000004,146,True,4,15,all_of,0.07198710199998004
15,0.07066662200000451,0.0,0,success,True,doob_task,66105344,8,15,76040408,66248704,73000004,146,True,4,15,all_of,0.07068488299995579
15,0.07116073299999925,0.0,0,success,True,doob_task,66105344,9,15,76040409,66248704,73000004,146,True,4,15,all_of,0.07120619199997691
15,0.08213550800000036,0.0,0,success,True,deadline_generic,66105344,0,15,76040400,66248704,73000004,146,True,4,15,all_of,0.08215614499999901
15,0.07026489900000144,0.0,0,success,True,deadline_task,66105344,0,15,76040400,66248704,73000004,146,True,4,15,all_of,0.07027033700001084
10,0.01971861199999836,0.0,0,success,True,fixed_generic,66105344,0,10,76040500,66424832,73000004,146,True,5,10,condition_then,0.019740551999973377
10,0.019657278999993366,0.0,0,success,True,fixed_task,66105344,0,10,76040500,66424832,73000004,146,True,5,10,condition_then,0.019661212000016803
10,0.019395154999998,0.0,0,success,True,doob_generic,66105344,0,10,76040500,66424832,73000004,146,True,5,10,condition_then,0.019399845999998888
10,0.019257578000001274,0.0,0,success,True,doob_generic,66105344,1,10,76040501,66424832,73000004,146,True,5,10,condition_then,0.019262048000030063
10,0.019462545999999747,0.0,0,success,True,doob_generic,66105344,2,10,76040502,66424832,73000004,146,True,5,10,condition_then,0.019467379999980494
10,0.02010565199999803,0.0,0,success,True,doob_generic,66105344,3,10,76040503,66424832,73000004,146,True,5,10,condition_then,0.020111102999976538
10,0.019789887999998257,0.0,0,success,True,doob_generic,66105344,4,10,76040504,66424832,73000004,146,True,5,10,condition_then,0.01979438400002209
10,0.01951801000000586,0.0,0,success,True,doob_generic,66105344,5,10,76040505,66424832,73000004,146,True,5,10,condition_then,0.01952217300004122
10,0.0198890470000066,0.0,0,success,True,doob_generic,66105344,6,10,76040506,66424832,73000004,146,True,5,10,condition_then,0.019893674000002193
10,0.019555576000001906,0.0,0,success,True,doob_generic,66105344,7,10,76040507,66424832,73000004,146,True,5,10,condition_then,0.01956076099997972
10,0.03119745200000068,0.0,0,success,True,doob_generic,66105344,8,10,76040508,66424832,73000004,146,True,5,10,condition_then,0.031202545000041937
10,0.019637740000000292,0.0,0,success,True,doob_generic,66105344,9,10,76040509,66424832,73000004,146,True,5,10,condition_then,0.019642786000019896
10,0.019878761000001077,0.0,0,success,True,doob_task,66105344,0,10,76040500,66424832,73000004,146,True,5,10,condition_then,0.01988361899998381
10,0.01974565100000092,0.0,0,success,True,doob_task,66105344,1,10,76040501,66424832,73000004,146,True,5,10,condition_then,0.019749996999962605
10,0.01977399199999752,0.0,0,success,True,doob_task,66105344,2,10,76040502,66424832,73000004,146,True,5,10,condition_then,0.01978825499998038
10,0.02149530799999866,0.0,0,success,True,doob_task,66105344,3,10,76040503,66424832,73000004,146,True,5,10,condition_then,0.02151084899998068
10,0.01989924200000104,0.0,0,success,True,doob_task,66105344,4,10,76040504,66424832,73000004,146,True,5,10,condition_then,0.019904129999986253
10,0.019643477999998993,0.0,0,success,True,doob_task,66105344,5,10,76040505,66424832,73000004,146,True,5,10,condition_then,0.019648274000019228
10,0.019662245999995775,0.0,0,success,True,doob_task,66105344,6,10,76040506,66424832,73000004,146,True,5,10,condition_then,0.01966641100000288
10,0.019892081000001838,0.0,0,success,True,doob_task,66105344,7,10,76040507,66424832,73000004,146,True,5,10,condition_then,0.01989683000005016
10,0.019706702999997106,0.0,0,success,True,doob_task,66105344,8,10,76040508,66424832,73000004,146,True,5,10,condition_then,0.019711138000047868
10,0.019426312000000223,0.0,0,success,True,doob_task,66105344,9,10,76040509,66424832,73000004,146,True,5,10,condition_then,0.019430865000003905
10,0.019517559000000517,0.0,0,success,True,deadline_generic,66105344,0,10,76040500,66424832,73000004,146,True,5,10,condition_then,0.019522703999996338
10,0.019269045999998013,0.0,0,success,True,deadline_task,66105344,0,10,76040500,66424832,73000004,146,True,5,10,condition_then,0.019272907000015493
25,0.0664504920000013,0.0,0,success,True,fixed_generic,66224128,0,25,76040600,66584576,73000004,146,True,6,25,sequence,0.06645626299996366
25,0.0782161950000031,0.0,0,success,True,fixed_task,66224128,0,25,76040600,66584576,73000004,146,True,6,25,sequence,0.07822217400001819
25,0.06484527199999945,0.0,0,success,True,doob_generic,66224128,0,25,76040600,66584576,73000004,146,True,6,25,sequence,0.06486857300001247
25,0.06445892299999656,0.0,0,success,True,doob_generic,66224128,1,25,76040601,66584576,73000004,146,True,6,25,sequence,0.06449078299999655
25,0.06473058000000265,0.0,0,success,True,doob_generic,66224128,2,25,76040602,66584576,73000004,146,True,6,25,sequence,0.0647360220000337
25,0.0641925119999982,0.0,0,success,True,doob_generic,66224128,3,25,76040603,66584576,73000004,146,True,6,25,sequence,0.06419804900002646
25,0.06584747699999838,0.0,0,success,True,doob_generic,66224128,4,25,76040604,66584576,73000004,146,True,6,25,sequence,0.06585211899999877
25,0.08235362599999974,0.0,0,success,True,doob_generic,66224128,5,25,76040605,66584576,73000004,146,True,6,25,sequence,0.08235903600001393
25,0.0646157980000055,0.0,0,success,True,doob_generic,66224128,6,25,76040606,66584576,73000004,146,True,6,25,sequence,0.0646207190000041
25,0.06615343600000045,0.0,0,success,True,doob_generic,66224128,7,25,76040607,66584576,73000004,146,True,6,25,sequence,0.06615934299998116
25,0.06499098100000111,0.0,0,success,True,doob_generic,66224128,8,25,76040608,66584576,73000004,146,True,6,25,sequence,0.06499608600000784
25,0.0652871169999969,0.0,0,success,True,doob_generic,66224128,9,25,76040609,66584576,73000004,146,True,6,25,sequence,0.0653137560000232
25,0.06505789199999867,0.0,0,success,True,doob_task,66224128,0,25,76040600,66584576,73000004,146,True,6,25,sequence,0.06506324699995503
25,0.06501208299999917,0.0,0,success,True,doob_task,66224128,1,25,76040601,66584576,73000004,146,True,6,25,sequence,0.06504191499999479
25,0.07884409700000106,0.0,0,success,True,doob_task,66224128,2,25,76040602,66584576,73000004,146,True,6,25,sequence,0.07884907100003602
25,0.06822163200000375,0.0,0,success,True,doob_task,66224128,3,25,76040603,66584576,73000004,146,True,6,25,sequence,0.06822683799998686
25,0.06778820899999971,0.0,0,success,True,doob_task,66224128,4,25,76040604,66584576,73000004,146,True,6,25,sequence,0.06784328899999537
25,0.0650457039999992,0.0,0,success,True,doob_task,66224128,5,25,76040605,66584576,73000004,146,True,6,25,sequence,0.06506998800000474
25,0.0664962210000013,0.0,0,success,True,doob_task,66224128,6,25,76040606,66584576,73000004,146,True,6,25,sequence,0.06652504699997053
25,0.06462338000000045,0.0,0,success,True,doob_task,66224128,7,25,76040607,66584576,73000004,146,True,6,25,sequence,0.06462872099996275
25,0.06589543299999434,0.0,0,success,True,doob_task,66224128,8,25,76040608,66584576,73000004,146,True,6,25,sequence,0.06592812399998138
25,0.07616148000000322,0.0,0,success,True,doob_task,66224128,9,25,76040609,66584576,73000004,146,True,6,25,sequence,0.07616652699999804
25,0.0641780309999973,0.0,0,success,True,deadline_generic,66224128,0,25,76040600,66584576,73000004,146,True,6,25,sequence,0.06418381800000361
25,0.06420948799999593,0.0,0,success,True,deadline_task,66224128,0,25,76040600,66584576,73000004,146,True,6,25,sequence,0.06421494500000335
18,0.061646812000006435,0.0,0,success,True,fixed_generic,66486272,0,18,76040700,66277376,73000004,146,True,7,18,all_of,0.06166887800003451
18,0.06217597599999891,0.0,0,success,True,fixed_task,66486272,0,18,76040700,66293760,73000004,146,True,7,18,all_of,0.062181232000000364
18,0.061740301999996916,0.0,0,success,True,doob_generic,66486272,0,18,76040700,66293760,73000004,146,True,7,18,all_of,0.06175701099999742
18,0.061505560000000514,0.0,0,success,True,doob_generic,66486272,1,18,76040701,66293760,73000004,146,True,7,18,all_of,0.06153821999998854
18,0.06313157999999675,0.0,0,success,True,doob_generic,66486272,2,18,76040702,66293760,73000004,146,True,7,18,all_of,0.06313654499996346
18,0.061920121999996525,0.0,0,success,True,doob_generic,66486272,3,18,76040703,66293760,73000004,146,True,7,18,all_of,0.061925345000020116
18,0.06195997100000028,0.0,0,success,True,doob_generic,66486272,4,18,76040704,66293760,73000004,146,True,7,18,all_of,0.06198505599996906
18,0.06211799800000506,0.0,0,success,True,doob_generic,66486272,5,18,76040705,66293760,73000004,146,True,7,18,all_of,0.06213038499998902
18,0.06193980100000118,0.0,0,success,True,doob_generic,66486272,6,18,76040706,66293760,73000004,146,True,7,18,all_of,0.06195701399997233
18,0.06168054199999773,0.0,0,success,True,doob_generic,66486272,7,18,76040707,66293760,73000004,146,True,7,18,all_of,0.061685422999971706
18,0.06254798399999828,0.0,0,success,True,doob_generic,66486272,8,18,76040708,66293760,73000004,146,True,7,18,all_of,0.06255300399999442
18,0.0639564879999952,0.0,0,success,True,doob_generic,66486272,9,18,76040709,66293760,73000004,146,True,7,18,all_of,0.06396123199999693
18,0.07997418299999737,0.0,0,success,True,doob_task,66486272,0,18,76040700,66293760,73000004,146,True,7,18,all_of,0.07997985099996185
18,0.06558520400000134,0.0,0,success,True,doob_task,66486272,1,18,76040701,66293760,73000004,146,True,7,18,all_of,0.06559060399996497
18,0.06454254900000223,0.0,0,success,True,doob_task,66486272,2,18,76040702,66293760,73000004,146,True,7,18,all_of,0.06454797899999676
18,0.06312658200000243,0.0,0,success,True,doob_task,66486272,3,18,76040703,66293760,73000004,146,True,7,18,all_of,0.0631318389999933
18,0.06551955500000162,0.0,0,success,True,doob_task,66486272,4,18,76040704,66293760,73000004,146,True,7,18,all_of,0.06554100400001062
18,0.06626137900000373,0.0,0,success,True,doob_task,66486272,5,18,76040705,66293760,73000004,146,True,7,18,all_of,0.0662669660000006
18,0.0624540230000008,0.0,0,success,True,doob_task,66486272,6,18,76040706,66293760,73000004,146,True,7,18,all_of,0.06248980399999482
18,0.07570814999999698,0.0,0,success,True,doob_task,66486272,7,18,76040707,66293760,73000004,146,True,7,18,all_of,0.0757362680000142
18,0.06577361600000131,0.0,0,success,True,doob_task,66486272,8,18,76040708,66293760,73000004,146,True,7,18,all_of,0.06577957000001788
18,0.0651422880000041,0.0,0,success,True,doob_task,66486272,9,18,76040709,66293760,73000004,146,True,7,18,all_of,0.06518993899999259
18,0.06289967200000035,0.0,0,success,True,deadline_generic,66486272,0,18,76040700,66293760,73000004,146,True,7,18,all_of,0.06292521599999645
18,0.06361836100000318,0.0,0,success,True,deadline_task,66486272,0,18,76040700,66293760,73000004,146,True,7,18,all_of,0.06365067300004057
11,0.025266928999997162,0.0,0,success,True,fixed_generic,66486272,0,11,76040800,66375680,73000004,146,True,8,11,condition_then,0.025272031999975297
11,0.02489288799999656,0.0,0,success,True,fixed_task,66486272,0,11,76040800,66375680,73000004,146,True,8,11,condition_then,0.02489704600003506
11,0.024970764999999062,0.0,0,success,True,doob_generic,66486272,0,11,76040800,66375680,73000004,146,True,8,11,condition_then,0.02497497399997428
11,0.03631069799999409,0.0,0,success,True,doob_generic,66486272,1,11,76040801,66375680,73000004,146,True,8,11,condition_then,0.0363149820000217
11,0.02511794899999842,0.0,0,success,True,doob_generic,66486272,2,11,76040802,66375680,73000004,146,True,8,11,condition_then,0.02515134000003627
11,0.025610626000002412,0.0,0,success,True,doob_generic,66486272,3,11,76040803,66375680,73000004,146,True,8,11,condition_then,0.025615972000025522
11,0.025531768000000454,0.0,0,success,True,doob_generic,66486272,4,11,76040804,66375680,73000004,146,True,8,11,condition_then,0.02553647299998829
11,0.025156494000000862,0.0,0,success,True,doob_generic,66486272,5,11,76040805,66375680,73000004,146,True,8,11,condition_then,0.025162346999991314
11,0.025184606000003384,0.0,0,success,True,doob_generic,66486272,6,11,76040806,66375680,73000004,146,True,8,11,condition_then,0.025189718000035555
11,0.025352587999996956,0.0,0,success,True,doob_generic,66486272,7,11,76040807,66375680,73000004,146,True,8,11,condition_then,0.025357492000011916
11,0.024926368000002697,0.0,0,success,True,doob_generic,66486272,8,11,76040808,66375680,73000004,146,True,8,11,condition_then,0.02493072699996901
11,0.024572867000003384,0.0,0,success,True,doob_generic,66486272,9,11,76040809,66375680,73000004,146,True,8,11,condition_then,0.024577122999971834
11,0.024743463999996607,0.0,0,success,True,doob_task,66486272,0,11,76040800,66375680,73000004,146,True,8,11,condition_then,0.024748440999985633
11,0.024203743999997585,0.0,0,success,True,doob_task,66486272,1,11,76040801,66375680,73000004,146,True,8,11,condition_then,0.024208294999993996
11,0.024492205999997907,0.0,0,success,True,doob_task,66486272,2,11,76040802,66375680,73000004,146,True,8,11,condition_then,0.024497191999955703
11,0.02491935900000186,0.0,0,success,True,doob_task,66486272,3,11,76040803,66375680,73000004,146,True,8,11,condition_then,0.02494149300002846
11,0.02529299900000126,0.0,0,success,True,doob_task,66486272,4,11,76040804,66375680,73000004,146,True,8,11,condition_then,0.025297670999975708
11,0.02541194699999494,0.0,0,success,True,doob_task,66486272,5,11,76040805,66375680,73000004,146,True,8,11,condition_then,0.02541674100001501
11,0.024843533999998613,0.0,0,success,True,doob_task,66486272,6,11,76040806,66375680,73000004,146,True,8,11,condition_then,0.02484840200003191
11,0.024587739999994085,0.0,0,success,True,doob_task,66486272,7,11,76040807,66375680,73000004,146,True,8,11,condition_then,0.024592315000006693
11,0.02489273799999836,0.0,0,success,True,doob_task,66486272,8,11,76040808,66375680,73000004,146,True,8,11,condition_then,0.024908293000009962
11,0.024831336000005422,0.0,0,success,True,doob_task,66486272,9,11,76040809,66375680,73000004,146,True,8,11,condition_then,0.024836174000029132
11,0.024829152999998882,0.0,0,success,True,deadline_generic,66486272,0,11,76040800,66375680,73000004,146,True,8,11,condition_then,0.024853079000024536
11,0.025449898000005078,0.0,0,success,True,deadline_task,66486272,0,11,76040800,66375680,73000004,146,True,8,11,condition_then,0.025466155999993134
15,0.03011328499999877,0.0,0,success,True,fixed_generic,66486272,0,15,76040900,66428928,73000004,146,True,9,15,branch,0.03011860699996305
15,0.029855687999997826,0.0,0,success,True,fixed_task,66486272,0,15,76040900,66428928,73000004,146,True,9,15,branch,0.029860536999990472
15,0.030358741999997108,0.0,0,success,True,doob_generic,66486272,0,15,76040900,66428928,73000004,146,True,9,15,branch,0.03038360699997611
15,0.030042317999999568,0.0,0,success,True,doob_generic,66486272,1,15,76040901,66428928,73000004,146,True,9,15,branch,0.030047259000014037
15,0.03001838200000151,0.0,0,success,True,doob_generic,66486272,2,15,76040902,66428928,73000004,146,True,9,15,branch,0.030022802000019055
15,0.02985433599999965,0.0,0,success,True,doob_generic,66486272,3,15,76040903,66428928,73000004,146,True,9,15,branch,0.029876360999992357
15,0.0295719019999936,0.0,0,success,True,doob_generic,66486272,4,15,76040904,66428928,73000004,146,True,9,15,branch,0.029577007999989746
15,0.02983498700000098,0.0,0,success,True,doob_generic,66486272,5,15,76040905,66428928,73000004,146,True,9,15,branch,0.029852876000006745
15,0.02982390100000032,0.0,0,success,True,doob_generic,66486272,6,15,76040906,66428928,73000004,146,True,9,15,branch,0.029827656999998453
15,0.029732522999999844,0.0,0,success,True,doob_generic,66486272,7,15,76040907,66428928,73000004,146,True,9,15,branch,0.029737231000012798
15,0.029680864999996004,0.0,0,success,True,doob_generic,66486272,8,15,76040908,66428928,73000004,146,True,9,15,branch,0.029685182000037003
15,0.029611881999997536,0.0,0,success,True,doob_generic,66486272,9,15,76040909,66428928,73000004,146,True,9,15,branch,0.029615937000016856
15,0.029699272999998527,0.0,0,success,True,doob_task,66486272,0,15,76040900,66428928,73000004,146,True,9,15,branch,0.029703920000031303
15,0.042670806000003836,0.0,0,success,True,doob_task,66486272,1,15,76040901,66428928,73000004,146,True,9,15,branch,0.042675604000010026
15,0.030312403000003485,0.0,0,success,True,doob_task,66486272,2,15,76040902,66428928,73000004,146,True,9,15,branch,0.030317927999988115
15,0.030225714000003734,0.0,0,success,True,doob_task,66486272,3,15,76040903,66428928,73000004,146,True,9,15,branch,0.03023074599997244
15,0.030648297999995577,0.0,0,success,True,doob_task,66486272,4,15,76040904,66428928,73000004,146,True,9,15,branch,0.030654237000021567
15,0.030440536000000407,0.0,0,success,True,doob_task,66486272,5,15,76040905,66428928,73000004,146,True,9,15,branch,0.030445611000004646
15,0.030154715999998416,0.0,0,success,True,doob_task,66486272,6,15,76040906,66428928,73000004,146,True,9,15,branch,0.030160230000035426
15,0.03050041599999531,0.0,0,success,True,doob_task,66486272,7,15,76040907,66428928,73000004,146,True,9,15,branch,0.030505841999968197
15,0.030069618999995384,0.0,0,success,True,doob_task,66486272,8,15,76040908,66428928,73000004,146,True,9,15,branch,0.030074300000023868
15,0.029982398000001353,0.0,0,success,True,doob_task,66486272,9,15,76040909,66428928,73000004,146,True,9,15,branch,0.030021789999977955
15,0.030987406999997802,0.0,0,success,True,deadline_generic,66486272,0,15,76040900,66428928,73000004,146,True,9,15,branch,0.030992026999967948
15,0.03334066999999408,0.0,0,success,True,deadline_task,66486272,0,15,76040900,66428928,73000004,146,True,9,15,branch,0.03334586399995487
11,0.03545751699999755,0.0,0,success,True,fixed_generic,66486272,0,11,76041000,66527232,73000004,146,True,10,11,branch,0.03548389499997029
11,0.049721899999994434,0.0,0,success,True,fixed_task,66486272,0,11,76041000,66527232,73000004,146,True,10,11,branch,0.04972745100002385
11,0.034504656999999384,0.0,0,success,True,doob_generic,66486272,0,11,76041000,66527232,73000004,146,True,10,11,branch,0.034509753000008914
11,0.033669021999997994,0.0,0,success,True,doob_generic,66486272,1,11,76041001,66527232,73000004,146,True,10,11,branch,0.033674910999991425
11,0.03309529100000219,0.0,0,success,True,doob_generic,66486272,2,11,76041002,66527232,73000004,146,True,10,11,branch,0.033100071999967895
11,0.03326916099999977,0.0,0,success,True,doob_generic,66486272,3,11,76041003,66527232,73000004,146,True,10,11,branch,0.03330573400000958
11,0.032888140000004285,0.0,0,success,True,doob_generic,66486272,4,11,76041004,66527232,73000004,146,True,10,11,branch,0.03289310999997497
11,0.03298636799999599,0.0,0,success,True,doob_generic,66486272,5,11,76041005,66527232,73000004,146,True,10,11,branch,0.033004678999986936
11,0.03282286299999981,0.0,0,success,True,doob_generic,66486272,6,11,76041006,66527232,73000004,146,True,10,11,branch,0.03282737099999622
11,0.04182613700000104,0.0,0,success,True,doob_generic,66486272,7,11,76041007,66527232,73000004,146,True,10,11,branch,0.0418313079999848
11,0.032475329999996916,0.0,0,success,True,doob_generic,66486272,8,11,76041008,66527232,73000004,146,True,10,11,branch,0.03247962500000767
11,0.03276014799999416,0.0,0,success,True,doob_generic,66486272,9,11,76041009,66527232,73000004,146,True,10,11,branch,0.03276474599999801
11,0.0327615200000011,0.0,0,success,True,doob_task,66486272,0,11,76041000,66527232,73000004,146,True,10,11,branch,0.032766288000004806
11,0.03258995200000214,0.0,0,success,True,doob_task,66486272,1,11,76041001,66527232,73000004,146,True,10,11,branch,0.03259495899999365
11,0.03253414899999996,0.0,0,success,True,doob_task,66486272,2,11,76041002,66527232,73000004,146,True,10,11,branch,0.03253802399996175
11,0.03267684699999762,0.0,0,success,True,doob_task,66486272,3,11,76041003,66527232,73000004,146,True,10,11,branch,0.032706267999969896
11,0.032486056999999846,0.0,0,success,True,doob_task,66486272,4,11,76041004,66527232,73000004,146,True,10,11,branch,0.03249109200004341
11,0.03267663300000123,0.0,0,success,True,doob_task,66486272,5,11,76041005,66527232,73000004,146,True,10,11,branch,0.03268150999997488
11,0.03308391399999522,0.0,0,success,True,doob_task,66486272,6,11,76041006,66527232,73000004,146,True,10,11,branch,0.033088714999962576
11,0.033142141999995545,0.0,0,success,True,doob_task,66486272,7,11,76041007,66527232,73000004,146,True,10,11,branch,0.033146744000021044
11,0.04302315400000367,0.0,0,success,True,doob_task,66486272,8,11,76041008,66527232,73000004,146,True,10,11,branch,0.04304259799999954
11,0.03306990299999768,0.0,0,success,True,doob_task,66486272,9,11,76041009,66527232,73000004,146,True,10,11,branch,0.03307487500001116
11,0.03284460400000455,0.0,0,success,True,deadline_generic,66486272,0,11,76041000,66527232,73000004,146,True,10,11,branch,0.03285985999997365
11,0.03252397299999643,0.0,0,success,True,deadline_task,66486272,0,11,76041000,66527232,73000004,146,True,10,11,branch,0.03252908000001753
9,0.02408704799999839,0.0,0,success,True,fixed_generic,66486272,0,9,76041100,66560000,73000004,146,True,11,9,branch,0.024092410000037034
9,0.0247228530000001,0.0,0,success,True,fixed_task,66486272,0,9,76041100,66560000,73000004,146,True,11,9,branch,0.02472854100000177
9,0.023464873999998304,0.0,0,success,True,doob_generic,66486272,0,9,76041100,66560000,73000004,146,True,11,9,branch,0.023469627999986642
9,0.023345075000001714,0.0,0,success,True,doob_generic,66486272,1,9,76041101,66560000,73000004,146,True,11,9,branch,0.023349337000013293
9,0.023548230000002945,0.0,0,success,True,doob_generic,66486272,2,9,76041102,66560000,73000004,146,True,11,9,branch,0.02356521300004033
9,0.023255470000002276,0.0,0,success,True,doob_generic,66486272,3,9,76041103,66560000,73000004,146,True,11,9,branch,0.023259660999997323
9,0.02380475399999682,0.0,0,success,True,doob_generic,66486272,4,9,76041104,66560000,73000004,146,True,11,9,branch,0.023808411000004526
9,0.024064474999995866,0.0,0,success,True,doob_generic,66486272,5,9,76041105,66560000,73000004,146,True,11,9,branch,0.024069005000001198
9,0.024172677000002807,0.0,0,success,True,doob_generic,66486272,6,9,76041106,66560000,73000004,146,True,11,9,branch,0.024177167999994253
9,0.02464595700000416,0.0,0,success,True,doob_generic,66486272,7,9,76041107,66560000,73000004,146,True,11,9,branch,0.024651394999978038
9,0.023948971000002928,0.0,0,success,True,doob_generic,66486272,8,9,76041108,66560000,73000004,146,True,11,9,branch,0.023953769999991437
9,0.024141270000001214,0.0,0,success,True,doob_generic,66486272,9,9,76041109,66560000,73000004,146,True,11,9,branch,0.024145390000001044
9,0.024164284999997676,0.0,0,success,True,doob_task,66486272,0,9,76041100,66560000,73000004,146,True,11,9,branch,0.02417631700001266
9,0.024086977999999704,0.0,0,success,True,doob_task,66486272,1,9,76041101,66560000,73000004,146,True,11,9,branch,0.024101723999990554
9,0.03517086699999794,0.0,0,success,True,doob_task,66486272,2,9,76041102,66560000,73000004,146,True,11,9,branch,0.035176069999977244
9,0.025597336000004134,0.0,0,success,True,doob_task,66486272,3,9,76041103,66560000,73000004,146,True,11,9,branch,0.025602080999988175
9,0.025462834000002488,0.0,0,success,True,doob_task,66486272,4,9,76041104,66560000,73000004,146,True,11,9,branch,0.02546831999995902
9,0.025895914000003017,0.0,0,success,True,doob_task,66486272,5,9,76041105,66560000,73000004,146,True,11,9,branch,0.025901112999974885
9,0.024553488000002233,0.0,0,success,True,doob_task,66486272,6,9,76041106,66560000,73000004,146,True,11,9,branch,0.02455859399998417
9,0.02483854699999455,0.0,0,success,True,doob_task,66486272,7,9,76041107,66560000,73000004,146,True,11,9,branch,0.024843384999996942
9,0.02429512100000153,0.0,0,success,True,doob_task,66486272,8,9,76041108,66560000,73000004,146,True,11,9,branch,0.02430002300002343
9,0.024026096000000052,0.0,0,success,True,doob_task,66486272,9,9,76041109,66560000,73000004,146,True,11,9,branch,0.024030806999974175
9,0.02416512599999976,0.0,0,success,True,deadline_generic,66486272,0,9,76041100,66560000,73000004,146,True,11,9,branch,0.02416981700002907
9,0.024060568999999532,0.0,0,success,True,deadline_task,66486272,0,9,76041100,66560000,73000004,146,True,11,9,branch,0.024065339000003405
19,0.060536690000000004,0.0,0,success,True,fixed_generic,64253952,0,19,76050000,64524288,73000005,91,True,0,19,sequence,0.06054169500001194
19,0.06062971100000003,0.0,0,success,True,fixed_task,64253952,0,19,76050000,64524288,73000005,91,True,0,19,sequence,0.06063402800000972
19,0.06074364799999998,0.0,0,success,True,doob_generic,64253952,0,19,76050000,64524288,73000005,91,True,0,19,sequence,0.06074667400000067
19,0.05999025899999999,0.0,0,success,True,doob_generic,64253952,1,19,76050001,64528384,73000005,91,True,0,19,sequence,0.05999332700000082
19,0.06135814499999992,0.0,0,success,True,doob_generic,64253952,2,19,76050002,64532480,73000005,91,True,0,19,sequence,0.061374236999995446
19,0.06736275700000005,0.0,0,success,True,doob_generic,64253952,3,19,76050003,64532480,73000005,91,True,0,19,sequence,0.06736565500000324
19,0.06047088899999997,0.0,0,success,True,doob_generic,64253952,4,19,76050004,64540672,73000005,91,True,0,19,sequence,0.06050894799999185
19,0.06001111199999998,0.0,0,success,True,doob_generic,64253952,5,19,76050005,64540672,73000005,91,True,0,19,sequence,0.06002337699999316
19,0.06039651900000009,0.0,0,success,True,doob_generic,64253952,6,19,76050006,64540672,73000005,91,True,0,19,sequence,0.060399867000000995
19,0.06129858799999999,0.0,0,success,True,doob_generic,64253952,7,19,76050007,64540672,73000005,91,True,0,19,sequence,0.061302525000002106
19,0.06201557499999999,0.0,0,success,True,doob_generic,64253952,8,19,76050008,64540672,73000005,91,True,0,19,sequence,0.062018571999999494
19,0.060923361000000065,0.0,0,success,True,doob_generic,64253952,9,19,76050009,64540672,73000005,91,True,0,19,sequence,0.06092650200000094
19,0.06040035399999999,0.0,0,success,True,doob_task,64253952,0,19,76050000,64540672,73000005,91,True,0,19,sequence,0.0604036619999988
19,0.06052618799999987,0.0,0,success,True,doob_task,64253952,1,19,76050001,64540672,73000005,91,True,0,19,sequence,0.060542123999994146
19,0.061655312999999934,0.0,0,success,True,doob_task,64253952,2,19,76050002,64540672,73000005,91,True,0,19,sequence,0.06165852899999891
19,0.06026865300000006,0.0,0,success,True,doob_task,64253952,3,19,76050003,64540672,73000005,91,True,0,19,sequence,0.06027196099999799
19,0.060180234999999804,0.0,0,success,True,doob_task,64253952,4,19,76050004,64540672,73000005,91,True,0,19,sequence,0.06019398099999762
19,0.06117266999999993,0.0,0,success,True,doob_task,64253952,5,19,76050005,64544768,73000005,91,True,0,19,sequence,0.061175887000004536
19,0.06081256300000004,0.0,0,success,True,doob_task,64253952,6,19,76050006,64544768,73000005,91,True,0,19,sequence,0.06082696700001122
19,0.06063878899999997,0.0,0,success,True,doob_task,64253952,7,19,76050007,64544768,73000005,91,True,0,19,sequence,0.06064175400000238
19,0.06075901500000014,0.0,0,success,True,doob_task,64253952,8,19,76050008,64544768,73000005,91,True,0,19,sequence,0.060781164000005106
19,0.06119532299999997,0.0,0,success,True,doob_task,64253952,9,19,76050009,64544768,73000005,91,True,0,19,sequence,0.06128617100000611
19,0.061558164000000026,0.0,0,success,True,deadline_generic,64253952,0,19,76050000,64544768,73000005,91,True,0,19,sequence,0.06156126599999823
19,0.06153618300000008,0.0,0,success,True,deadline_task,64253952,0,19,76050000,64544768,73000005,91,True,0,19,sequence,0.061539783000000625
20,0.0839390390000001,0.0,0,success,True,fixed_generic,65040384,0,20,76050100,65404928,73000005,91,True,1,20,all_of,0.08394280699999968
20,0.08342252799999983,0.0,0,success,True,fixed_task,65040384,0,20,76050100,65404928,73000005,91,True,1,20,all_of,0.0834390189999965
20,0.08362551000000007,0.0,0,success,True,doob_generic,65040384,0,20,76050100,65404928,73000005,91,True,1,20,all_of,0.08362848900000586
20,0.08402631700000018,0.0,0,success,True,doob_generic,65040384,1,20,76050101,65404928,73000005,91,True,1,20,all_of,0.08405402699999343
20,0.08376177399999962,0.0,0,success,True,doob_generic,65040384,2,20,76050102,65404928,73000005,91,True,1,20,all_of,0.08376489100000128
20,0.08290033500000016,0.0,0,success,True,doob_generic,65040384,3,20,76050103,65404928,73000005,91,True,1,20,all_of,0.0829034309999912
20,0.08334950900000004,0.0,0,success,True,doob_generic,65040384,4,20,76050104,65404928,73000005,91,True,1,20,all_of,0.08335228900000402
20,0.08401737400000009,0.0,0,success,True,doob_generic,65040384,5,20,76050105,65404928,73000005,91,True,1,20,all_of,0.08402112800000339
20,0.09206180400000008,0.0,0,success,True,doob_generic,65040384,6,20,76050106,65404928,73000005,91,True,1,20,all_of,0.0920656010000016
20,0.08338641899999999,0.0,0,success,True,doob_generic,65040384,7,20,76050107,65404928,73000005,91,True,1,20,all_of,0.08351366600000176
20,0.08368799100000013,0.0,0,success,True,doob_generic,65040384,8,20,76050108,65404928,73000005,91,True,1,20,all_of,0.08369114700001035
20,0.0829086130000003,0.0,0,success,True,doob_generic,65040384,9,20,76050109,65404928,73000005,91,True,1,20,all_of,0.08292359499999691
20,0.08441436399999969,0.0,0,success,True,doob_task,65040384,0,20,76050100,65404928,73000005,91,True,1,20,all_of,0.0844481020000103
20,0.08422273999999996,0.0,0,success,True,doob_task,65040384,1,20,76050101,65404928,73000005,91,True,1,20,all_of,0.08422606700000301
20,0.08388113100000005,0.0,0,success,True,doob_task,65040384,2,20,76050102,65404928,73000005,91,True,1,20,all_of,0.08388491499999873
20,0.08340768300000034,0.0,0,success,True,doob_task,65040384,3,20,76050103,65404928,73000005,91,True,1,20,all_of,0.08344664599999874
20,0.08313530700000005,0.0,0,success,True,doob_task,65040384,4,20,76050104,65404928,73000005,91,True,1,20,all_of,0.08313900999999646
20,0.08338889400000005,0.0,0,success,True,doob_task,65040384,5,20,76050105,65404928,73000005,91,True,1,20,all_of,0.08340551999999946
20,0.08383600599999985,0.0,0,success,True,doob_task,65040384,6,20,76050106,65404928,73000005,91,True,1,20,all_of,0.08384867699999177
20,0.0834171119999998,0.0,0,success,True,doob_task,65040384,7,20,76050107,65404928,73000005,91,True,1,20,all_of,0.08342001999999127
20,0.08354214299999985,0.0,0,success,True,doob_task,65040384,8,20,76050108,65404928,73000005,91,True,1,20,all_of,0.08355508700000769
20,0.08433272700000005,0.0,0,success,True,doob_task,65040384,9,20,76050109,65404928,73000005,91,True,1,20,all_of,0.08440070000000333
20,0.09259993300000025,0.0,0,success,True,deadline_generic,65040384,0,20,76050100,65404928,73000005,91,True,1,20,all_of,0.09260393899999997
20,0.08326510200000037,0.0,0,success,True,deadline_task,65040384,0,20,76050100,65404928,73000005,91,True,1,20,all_of,0.08326828900000294
10,0.028781826999999982,0.0,0,success,True,fixed_generic,65171456,0,10,76050200,65445888,73000005,91,True,2,10,condition_then,0.02878594699998871
10,0.02926148599999978,0.0,0,success,True,fixed_task,65171456,0,10,76050200,65445888,73000005,91,True,2,10,condition_then,0.02928277100001253
10,0.028875525000000124,0.0,0,success,True,doob_generic,65171456,0,10,76050200,65445888,73000005,91,True,2,10,condition_then,0.028879243000005772
10,0.02896521999999946,0.0,0,success,True,doob_generic,65171456,1,10,76050201,65445888,73000005,91,True,2,10,condition_then,0.0289689549999963
10,0.02854859499999929,0.0,0,success,True,doob_generic,65171456,2,10,76050202,65445888,73000005,91,True,2,10,condition_then,0.02855261199999859
10,0.028678230000000582,0.0,0,success,True,doob_generic,65171456,3,10,76050203,65445888,73000005,91,True,2,10,condition_then,0.028681108000000677
10,0.028424975000000074,0.0,0,success,True,doob_generic,65171456,4,10,76050204,65445888,73000005,91,True,2,10,condition_then,0.028428563000005624
10,0.02847745299999982,0.0,0,success,True,doob_generic,65171456,5,10,76050205,65445888,73000005,91,True,2,10,condition_then,0.02851463199999671
10,0.028269349999999527,0.0,0,success,True,doob_generic,65171456,6,10,76050206,65445888,73000005,91,True,2,10,condition_then,0.02827244600000256
10,0.028731464000000706,0.0,0,success,True,doob_generic,65171456,7,10,76050207,65445888,73000005,91,True,2,10,condition_then,0.028752347999997596
10,0.028675458000000376,0.0,0,success,True,doob_generic,65171456,8,10,76050208,65445888,73000005,91,True,2,10,condition_then,0.02867861200000732
10,0.028365774000000066,0.0,0,success,True,doob_generic,65171456,9,10,76050209,65445888,73000005,91,True,2,10,condition_then,0.028369714000007207
10,0.028662739000000492,0.0,0,success,True,doob_task,65171456,0,10,76050200,65445888,73000005,91,True,2,10,condition_then,0.028666180999991298
10,0.028344711999999994,0.0,0,success,True,doob_task,65171456,1,10,76050201,65445888,73000005,91,True,2,10,condition_then,0.028347964000005277
10,0.028543307999999712,0.0,0,success,True,doob_task,65171456,2,10,76050202,65445888,73000005,91,True,2,10,condition_then,0.028546591999997872
10,0.028584029000000122,0.0,0,success,True,doob_task,65171456,3,10,76050203,65445888,73000005,91,True,2,10,condition_then,0.028587073000011287
10,0.02846663899999946,0.0,0,success,True,doob_task,65171456,4,10,76050204,65445888,73000005,91,True,2,10,condition_then,0.02846974500000954
10,0.028646843000000644,0.0,0,success,True,doob_task,65171456,5,10,76050205,65445888,73000005,91,True,2,10,condition_then,0.02865125999998952
10,0.028604657999999894,0.0,0,success,True,doob_task,65171456,6,10,76050206,65445888,73000005,91,True,2,10,condition_then,0.028607253000004107
10,0.02840356200000027,0.0,0,success,True,doob_task,65171456,7,10,76050207,65445888,73000005,91,True,2,10,condition_then,0.028407225999998786
10,0.02859402099999997,0.0,0,success,True,doob_task,65171456,8,10,76050208,65445888,73000005,91,True,2,10,condition_then,0.028605788999996662
10,0.028812362000000036,0.0,0,success,True,doob_task,65171456,9,10,76050209,65445888,73000005,91,True,2,10,condition_then,0.02881536800001072
10,0.028519194999999442,0.0,0,success,True,deadline_generic,65171456,0,10,76050200,65445888,73000005,91,True,2,10,condition_then,0.028531278000002658
10,0.02862542600000051,0.0,0,success,True,deadline_task,65171456,0,10,76050200,65445888,73000005,91,True,2,10,condition_then,0.02862888699999644
16,0.04442955499999979,0.0,0,success,True,fixed_generic,65171456,0,16,76050300,65482752,73000005,91,True,3,16,sequence,0.044433501999989744
16,0.044725826000000524,0.0,0,success,True,fixed_task,65171456,0,16,76050300,65482752,73000005,91,True,3,16,sequence,0.04472946599999261
16,0.04488372199999979,0.0,0,success,True,doob_generic,65171456,0,16,76050300,65482752,73000005,91,True,3,16,sequence,0.04492515399999775
16,0.0446352619999999,0.0,0,success,True,doob_generic,65171456,1,16,76050301,65482752,73000005,91,True,3,16,sequence,0.04463922900001194
16,0.045498488999999864,0.0,0,success,True,doob_generic,65171456,2,16,76050302,65482752,73000005,91,True,3,16,sequence,0.04551092900000242
16,0.044703548000000204,0.0,0,success,True,doob_generic,65171456,3,16,76050303,65482752,73000005,91,True,3,16,sequence,0.044707490999996935
16,0.04494364299999987,0.0,0,success,True,doob_generic,65171456,4,16,76050304,65482752,73000005,91,True,3,16,sequence,0.044946981999999025
16,0.044617317000000156,0.0,0,success,True,doob_generic,65171456,5,16,76050305,65482752,73000005,91,True,3,16,sequence,0.04462091999999984
16,0.045030627000000045,0.0,0,success,True,doob_generic,65171456,6,16,76050306,65482752,73000005,91,True,3,16,sequence,0.04503522100000623
16,0.04445395200000046,0.0,0,success,True,doob_generic,65171456,7,16,76050307,65482752,73000005,91,True,3,16,sequence,0.04445712899999421
16,0.04503327100000032,0.0,0,success,True,doob_generic,65171456,8,16,76050308,65482752,73000005,91,True,3,16,sequence,0.04504988099999707
16,0.044495489,0.0,0,success,True,doob_generic,65171456,9,16,76050309,65482752,73000005,91,True,3,16,sequence,0.044500141000000326
16,0.04482197800000076,0.0,0,success,True,doob_task,65171456,0,16,76050300,65482752,73000005,91,True,3,16,sequence,0.04483367000000271
16,0.04467300299999977,0.0,0,success,True,doob_task,65171456,1,16,76050301,65482752,73000005,91,True,3,16,sequence,0.04468843899999797
16,0.044784150999999994,0.0,0,success,True,doob_task,65171456,2,16,76050302,65482752,73000005,91,True,3,16,sequence,0.0448008179999988
16,0.04504943899999958,0.0,0,success,True,doob_task,65171456,3,16,76050303,65482752,73000005,91,True,3,16,sequence,0.04505329600000607
16,0.04507539000000005,0.0,0,success,True,doob_task,65171456,4,16,76050304,65482752,73000005,91,True,3,16,sequence,0.04507979299999931
16,0.04492801799999935,0.0,0,success,True,doob_task,65171456,5,16,76050305,65482752,73000005,91,True,3,16,sequence,0.04494456700000171
16,0.04497733100000012,0.0,0,success,True,doob_task,65171456,6,16,76050306,65482752,73000005,91,True,3,16,sequence,0.04499293000000648
16,0.044631782999999814,0.0,0,success,True,doob_task,65171456,7,16,76050307,65482752,73000005,91,True,3,16,sequence,0.044635380000002556
16,0.04498684899999983,0.0,0,success,True,doob_task,65171456,8,16,76050308,65482752,73000005,91,True,3,16,sequence,0.04499084000001119
16,0.04502414399999921,0.0,0,success,True,doob_task,65171456,9,16,76050309,65482752,73000005,91,True,3,16,sequence,0.045056419999994546
16,0.0452291709999999,0.0,0,success,True,deadline_generic,65171456,0,16,76050300,65482752,73000005,91,True,3,16,sequence,0.045232546000008256
16,0.04466217700000019,0.0,0,success,True,deadline_task,65171456,0,16,76050300,65482752,73000005,91,True,3,16,sequence,0.04466573999999923
10,0.04599775900000047,0.0,0,success,True,fixed_generic,65564672,0,10,76050400,65167360,73000005,91,True,4,10,all_of,0.046002274000002785
10,0.04585370900000019,0.0,0,success,True,fixed_task,65564672,0,10,76050400,65175552,73000005,91,True,4,10,all_of,0.04585786899998823
10,0.04584377800000006,0.0,0,success,True,doob_generic,65564672,0,10,76050400,65175552,73000005,91,True,4,10,all_of,0.04585861099999988
10,0.04578680000000013,0.0,0,success,True,doob_generic,65564672,1,10,76050401,65175552,73000005,91,True,4,10,all_of,0.04579013000000032
10,0.045643358999999606,0.0,0,success,True,doob_generic,65564672,2,10,76050402,65175552,73000005,91,True,4,10,all_of,0.04564845100000525
10,0.04564554600000026,0.0,0,success,True,doob_generic,65564672,3,10,76050403,65175552,73000005,91,True,4,10,all_of,0.045649190999995426
10,0.05266711799999957,0.0,0,success,True,doob_generic,65564672,4,10,76050404,65175552,73000005,91,True,4,10,all_of,0.052670359999993366
10,0.04619520500000007,0.0,0,success,True,doob_generic,65564672,5,10,76050405,65175552,73000005,91,True,4,10,all_of,0.04620864299999994
10,0.0460750550000002,0.0,0,success,True,doob_generic,65564672,6,10,76050406,65175552,73000005,91,True,4,10,all_of,0.046078341000011847
10,0.04542918699999987,0.0,0,success,True,doob_generic,65564672,7,10,76050407,65175552,73000005,91,True,4,10,all_of,0.04543226699999536
10,0.04562082899999975,0.0,0,success,True,doob_generic,65564672,8,10,76050408,65175552,73000005,91,True,4,10,all_of,0.045623745000000326
10,0.0456907830000004,0.0,0,success,True,doob_generic,65564672,9,10,76050409,65175552,73000005,91,True,4,10,all_of,0.04569437899999684
10,0.045667433999999396,0.0,0,success,True,doob_task,65564672,0,10,76050400,65175552,73000005,91,True,4,10,all_of,0.04567062999998939
10,0.04592105600000007,0.0,0,success,True,doob_task,65564672,1,10,76050401,65175552,73000005,91,True,4,10,all_of,0.04592446400000938
10,0.04604521500000036,0.0,0,success,True,doob_task,65564672,2,10,76050402,65175552,73000005,91,True,4,10,all_of,0.04604839300000663
10,0.045890651999999754,0.0,0,success,True,doob_task,65564672,3,10,76050403,65175552,73000005,91,True,4,10,all_of,0.04592342899999835
10,0.04605551299999977,0.0,0,success,True,doob_task,65564672,4,10,76050404,65175552,73000005,91,True,4,10,all_of,0.04605959500000267
10,0.04554555300000018,0.0,0,success,True,doob_task,65564672,5,10,76050405,65175552,73000005,91,True,4,10,all_of,0.04554870600000527
10,0.04605025899999937,0.0,0,success,True,doob_task,65564672,6,10,76050406,65175552,73000005,91,True,4,10,all_of,0.046069673000005196
10,0.04581152300000024,0.0,0,success,True,doob_task,65564672,7,10,76050407,65175552,73000005,91,True,4,10,all_of,0.04582581000001085
10,0.0455394379999996,0.0,0,success,True,doob_task,65564672,8,10,76050408,65175552,73000005,91,True,4,10,all_of,0.045542486000002214
10,0.04641287300000041,0.0,0,success,True,doob_task,65564672,9,10,76050409,65175552,73000005,91,True,4,10,all_of,0.04641686700000491
10,0.04608461599999991,0.0,0,success,True,deadline_generic,65564672,0,10,76050400,65175552,73000005,91,True,4,10,all_of,0.04609645700000442
10,0.046444477999999734,0.0,0,success,True,deadline_task,65564672,0,10,76050400,65175552,73000005,91,True,4,10,all_of,0.04644806999999673
6,0.015015878999999899,0.0,0,success,True,fixed_generic,65564672,0,6,76050500,65187840,73000005,91,True,5,6,condition_then,0.015019584000000918
6,0.014829599999999665,0.0,0,success,True,fixed_task,65564672,0,6,76050500,65187840,73000005,91,True,5,6,condition_then,0.01483277500000213
6,0.014864074000000116,0.0,0,success,True,doob_generic,65564672,0,6,76050500,65187840,73000005,91,True,5,6,condition_then,0.01486739700000328
6,0.014862484000000009,0.0,0,success,True,doob_generic,65564672,1,6,76050501,65187840,73000005,91,True,5,6,condition_then,0.014866343999997866
6,0.015135472999999955,0.0,0,success,True,doob_generic,65564672,2,6,76050502,65187840,73000005,91,True,5,6,condition_then,0.01513920099999666
6,0.014730033999999392,0.0,0,success,True,doob_generic,65564672,3,6,76050503,65187840,73000005,91,True,5,6,condition_then,0.01473341300000186
6,0.014773087000000018,0.0,0,success,True,doob_generic,65564672,4,6,76050504,65187840,73000005,91,True,5,6,condition_then,0.01477680799999348
6,0.015063914999999817,0.0,0,success,True,doob_generic,65564672,5,6,76050505,65187840,73000005,91,True,5,6,condition_then,0.015077509999997574
6,0.01492954099999988,0.0,0,success,True,doob_generic,65564672,6,6,76050506,65187840,73000005,91,True,5,6,condition_then,0.014933867999999961
6,0.015012997000000361,0.0,0,success,True,doob_generic,65564672,7,6,76050507,65187840,73000005,91,True,5,6,condition_then,0.015016540999994277
6,0.014965428000000003,0.0,0,success,True,doob_generic,65564672,8,6,76050508,65187840,73000005,91,True,5,6,condition_then,0.01496848000000739
6,0.015167309999999823,0.0,0,success,True,doob_generic,65564672,9,6,76050509,65187840,73000005,91,True,5,6,condition_then,0.01518044700000587
6,0.014968114000000199,0.0,0,success,True,doob_task,65564672,0,6,76050500,65187840,73000005,91,True,5,6,condition_then,0.014971322999997483
6,0.01505782,0.0,0,success,True,doob_task,65564672,1,6,76050501,65187840,73000005,91,True,5,6,condition_then,0.015061342000009859
6,0.01476046600000025,0.0,0,success,True,doob_task,65564672,2,6,76050502,65187840,73000005,91,True,5,6,condition_then,0.014764301999989016
6,0.014881984000000514,0.0,0,success,True,doob_task,65564672,3,6,76050503,65187840,73000005,91,True,5,6,condition_then,0.01488522399999681
6,0.01505435300000002,0.0,0,success,True,doob_task,65564672,4,6,76050504,65187840,73000005,91,True,5,6,condition_then,0.01505795399999954
6,0.01501135699999967,0.0,0,success,True,doob_task,65564672,5,6,76050505,65187840,73000005,91,True,5,6,condition_then,0.015015297000005035
6,0.015285817000000534,0.0,0,success,True,doob_task,65564672,6,6,76050506,65187840,73000005,91,True,5,6,condition_then,0.015300785000007977
6,0.015071465000000117,0.0,0,success,True,doob_task,65564672,7,6,76050507,65187840,73000005,91,True,5,6,condition_then,0.015075690000003306
6,0.0148778140000001,0.0,0,success,True,doob_task,65564672,8,6,76050508,65187840,73000005,91,True,5,6,condition_then,0.014881050999989043
6,0.015075448999999352,0.0,0,success,True,doob_task,65564672,9,6,76050509,65187840,73000005,91,True,5,6,condition_then,0.015089022000012164
6,0.014767551999999462,0.0,0,success,True,deadline_generic,65564672,0,6,76050500,65187840,73000005,91,True,5,6,condition_then,0.014771197999991159
6,0.014884539999999724,0.0,0,success,True,deadline_task,65564672,0,6,76050500,65187840,73000005,91,True,5,6,condition_then,0.014887455999996746
18,0.059118567999999705,0.0,0,success,True,fixed_generic,65564672,0,18,76050600,65286144,73000005,91,True,6,18,sequence,0.05912263700000153
18,0.05958618900000001,0.0,0,success,True,fixed_task,65564672,0,18,76050600,65286144,73000005,91,True,6,18,sequence,0.05959027299999775
18,0.05892693499999968,0.0,0,success,True,doob_generic,65564672,0,18,76050600,65286144,73000005,91,True,6,18,sequence,0.05893085200000314
18,0.060138040000000004,0.0,0,success,True,doob_generic,65564672,1,18,76050601,65286144,73000005,91,True,6,18,sequence,0.06014173200000528
18,0.060176174000000415,0.0,0,success,True,doob_generic,65564672,2,18,76050602,65286144,73000005,91,True,6,18,sequence,0.060215244999994866
18,0.06004932599999968,0.0,0,success,True,doob_generic,65564672,3,18,76050603,65286144,73000005,91,True,6,18,sequence,0.060053123000002984
18,0.059413963999999986,0.0,0,success,True,doob_generic,65564672,4,18,76050604,65286144,73000005,91,True,6,18,sequence,0.059417237999994654
18,0.06033250599999995,0.0,0,success,True,doob_generic,65564672,5,18,76050605,65286144,73000005,91,True,6,18,sequence,0.06033652799999345
18,0.060427710999999995,0.0,0,success,True,doob_generic,65564672,6,18,76050606,65286144,73000005,91,True,6,18,sequence,0.060431346999990865
18,0.05940835100000008,0.0,0,success,True,doob_generic,65564672,7,18,76050607,65286144,73000005,91,True,6,18,sequence,0.059411274999987995
18,0.05960593700000061,0.0,0,success,True,doob_generic,65564672,8,18,76050608,65286144,73000005,91,True,6,18,sequence,0.05960945599998979
18,0.05979710200000099,0.0,0,success,True,doob_generic,65564672,9,18,76050609,65286144,73000005,91,True,6,18,sequence,0.05982943499999749
18,0.05907921699999896,0.0,0,success,True,doob_task,65564672,0,18,76050600,65286144,73000005,91,True,6,18,sequence,0.05909800800000653
18,0.059242664000001,0.0,0,success,True,doob_task,65564672,1,18,76050601,65286144,73000005,91,True,6,18,sequence,0.05924694399999453
18,0.059611381999999935,0.0,0,success,True,doob_task,65564672,2,18,76050602,65286144,73000005,91,True,6,18,sequence,0.05961507499999641
18,0.059507178000000494,0.0,0,success,True,doob_task,65564672,3,18,76050603,65286144,73000005,91,True,6,18,sequence,0.05951052399998957
18,0.059665192000000644,0.0,0,success,True,doob_task,65564672,4,18,76050604,65286144,73000005,91,True,6,18,sequence,0.059668599999994854
18,0.05957404699999991,0.0,0,success,True,doob_task,65564672,5,18,76050605,65286144,73000005,91,True,6,18,sequence,0.059590950000000475
18,0.059134350999999086,0.0,0,success,True,doob_task,65564672,6,18,76050606,65286144,73000005,91,True,6,18,sequence,0.059137750000004985
18,0.06040505100000004,0.0,0,success,True,doob_task,65564672,7,18,76050607,65286144,73000005,91,True,6,18,sequence,0.060409126999999785
18,0.05987981400000031,0.0,0,success,True,doob_task,65564672,8,18,76050608,65286144,73000005,91,True,6,18,sequence,0.05989877700000079
18,0.05933636500000006,0.0,0,success,True,doob_task,65564672,9,18,76050609,65286144,73000005,91,True,6,18,sequence,0.05933969000000161
18,0.05966407400000051,0.0,0,success,True,deadline_generic,65564672,0,18,76050600,65286144,73000005,91,True,6,18,sequence,0.05966738600000099
18,0.05957030499999938,0.0,0,success,True,deadline_task,65564672,0,18,76050600,65286144,73000005,91,True,6,18,sequence,0.059587360999998396
16,0.09007138499999989,0.0,0,success,True,fixed_generic,65564672,0,16,76050700,65470464,73000005,91,True,7,16,all_of,0.09007535599999983
16,0.09161054199999974,0.0,0,success,True,fixed_task,65564672,0,16,76050700,65470464,73000005,91,True,7,16,all_of,0.09162547499998652
16,0.0911939679999989,0.0,0,success,True,doob_generic,65564672,0,16,76050700,65470464,73000005,91,True,7,16,all_of,0.09119821499999148
16,0.09198410399999979,0.0,0,success,True,doob_generic,65564672,1,16,76050701,65470464,73000005,91,True,7,16,all_of,0.09202202800000236
16,0.09154470999999909,0.0,0,success,True,doob_generic,65564672,2,16,76050702,65470464,73000005,91,True,7,16,all_of,0.09155960700000776
16,0.09255326600000124,0.0,0,success,True,doob_generic,65564672,3,16,76050703,65470464,73000005,91,True,7,16,all_of,0.09257046499999433
16,0.09247415399999959,0.0,0,success,True,doob_generic,65564672,4,16,76050704,65470464,73000005,91,True,7,16,all_of,0.09247891100000061
16,0.09172813900000065,0.0,0,success,True,doob_generic,65564672,5,16,76050705,65470464,73000005,91,True,7,16,all_of,0.09173116099999845
16,0.09255370200000002,0.0,0,success,True,doob_generic,65564672,6,16,76050706,65470464,73000005,91,True,7,16,all_of,0.09255704000000264
16,0.09243376299999895,0.0,0,success,True,doob_generic,65564672,7,16,76050707,65470464,73000005,91,True,7,16,all_of,0.09245013199999619
16,0.09207748700000096,0.0,0,success,True,doob_generic,65564672,8,16,76050708,65470464,73000005,91,True,7,16,all_of,0.09208096499999385
16,0.09081490300000006,0.0,0,success,True,doob_generic,65564672,9,16,76050709,65470464,73000005,91,True,7,16,all_of,0.09083348599999397
16,0.09225847200000103,0.0,0,success,True,doob_task,65564672,0,16,76050700,65470464,73000005,91,True,7,16,all_of,0.09226250800000457
16,0.09112544699999958,0.0,0,success,True,doob_task,65564672,1,16,76050701,65470464,73000005,91,True,7,16,all_of,0.09112949400000048
16,0.09847217799999974,0.0,0,success,True,doob_task,65564672,2,16,76050702,65470464,73000005,91,True,7,16,all_of,0.09847577100001104
16,0.09313176500000075,0.0,0,success,True,doob_task,65564672,3,16,76050703,65470464,73000005,91,True,7,16,all_of,0.09314916499999981
16,0.09212520400000024,0.0,0,success,True,doob_task,65564672,4,16,76050704,65470464,73000005,91,True,7,16,all_of,0.09214280000000485
16,0.09228340800000012,0.0,0,success,True,doob_task,65564672,5,16,76050705,65470464,73000005,91,True,7,16,all_of,0.09231072800000106
16,0.09370474500000014,0.0,0,success,True,doob_task,65564672,6,16,76050706,65470464,73000005,91,True,7,16,all_of,0.09373910200000068
16,0.0924531739999992,0.0,0,success,True,doob_task,65564672,7,16,76050707,65470464,73000005,91,True,7,16,all_of,0.09246550499999273
16,0.09185760699999967,0.0,0,success,True,doob_task,65564672,8,16,76050708,65470464,73000005,91,True,7,16,all_of,0.09186095399999772
16,0.09165669100000073,0.0,0,success,True,doob_task,65564672,9,16,76050709,65470464,73000005,91,True,7,16,all_of,0.09167802300000005
16,0.10031838399999948,0.0,0,success,True,deadline_generic,65564672,0,16,76050700,65470464,73000005,91,True,7,16,all_of,0.10033358500000134
16,0.0912821440000009,0.0,0,success,True,deadline_task,65564672,0,16,76050700,65470464,73000005,91,True,7,16,all_of,0.09130960000000243
6,0.014925943999999802,0.0,0,success,True,fixed_generic,65564672,0,6,76050800,65482752,73000005,91,True,8,6,condition_then,0.014930208999999195
6,0.014927833999999862,0.0,0,success,True,fixed_task,65564672,0,6,76050800,65482752,73000005,91,True,8,6,condition_then,0.014931154999999308
6,0.0148898269999993,0.0,0,success,True,doob_generic,65564672,0,6,76050800,65482752,73000005,91,True,8,6,condition_then,0.01489316599999313
6,0.01482807300000033,0.0,0,success,True,doob_generic,65564672,1,6,76050801,65482752,73000005,91,True,8,6,condition_then,0.014831220999994343
6,0.015109787000000097,0.0,0,success,True,doob_generic,65564672,2,6,76050802,65482752,73000005,91,True,8,6,condition_then,0.015113186999997197
6,0.01489189599999996,0.0,0,success,True,doob_generic,65564672,3,6,76050803,65482752,73000005,91,True,8,6,condition_then,0.014895015000007561
6,0.014694773000000438,0.0,0,success,True,doob_generic,65564672,4,6,76050804,65482752,73000005,91,True,8,6,condition_then,0.014697991999994997
6,0.014878618999999205,0.0,0,success,True,doob_generic,65564672,5,6,76050805,65482752,73000005,91,True,8,6,condition_then,0.014881726999988132
6,0.014766361999999589,0.0,0,success,True,doob_generic,65564672,6,6,76050806,65482752,73000005,91,True,8,6,condition_then,0.014770247000001291
6,0.014950473999999048,0.0,0,success,True,doob_generic,65564672,7,6,76050807,65482752,73000005,91,True,8,6,condition_then,0.014954545999998459
6,0.01491255200000019,0.0,0,success,True,doob_generic,65564672,8,6,76050808,65482752,73000005,91,True,8,6,condition_then,0.014915924999996832
6,0.014902174999999573,0.0,0,success,True,doob_generic,65564672,9,6,76050809,65482752,73000005,91,True,8,6,condition_then,0.014905877000003898
6,0.015085036999998636,0.0,0,success,True,doob_task,65564672,0,6,76050800,65482752,73000005,91,True,8,6,condition_then,0.015088294999998197
6,0.014808689999998847,0.0,0,success,True,doob_task,65564672,1,6,76050801,65482752,73000005,91,True,8,6,condition_then,0.014811975999990068
6,0.015019312999999812,0.0,0,success,True,doob_task,65564672,2,6,76050802,65482752,73000005,91,True,8,6,condition_then,0.015036545000000956
6,0.015163463999998683,0.0,0,success,True,doob_task,65564672,3,6,76050803,65482752,73000005,91,True,8,6,condition_then,0.01516715699999338
6,0.015276077999999416,0.0,0,success,True,doob_task,65564672,4,6,76050804,65482752,73000005,91,True,8,6,condition_then,0.015279540999998176
6,0.01491911899999998,0.0,0,success,True,doob_task,65564672,5,6,76050805,65482752,73000005,91,True,8,6,condition_then,0.014922784000006573
6,0.014978168999999042,0.0,0,success,True,doob_task,65564672,6,6,76050806,65482752,73000005,91,True,8,6,condition_then,0.014982540999994853
6,0.015015650000000491,0.0,0,success,True,doob_task,65564672,7,6,76050807,65482752,73000005,91,True,8,6,condition_then,0.015019624000004228
6,0.01508761700000072,0.0,0,success,True,doob_task,65564672,8,6,76050808,65482752,73000005,91,True,8,6,condition_then,0.015091349000002197
6,0.015025761000000415,0.0,0,success,True,doob_task,65564672,9,6,76050809,65482752,73000005,91,True,8,6,condition_then,0.015029764000004775
6,0.015166722000000021,0.0,0,success,True,deadline_generic,65564672,0,6,76050800,65482752,73000005,91,True,8,6,condition_then,0.015170397000005664
6,0.014862427000000622,0.0,0,success,True,deadline_task,65564672,0,6,76050800,65482752,73000005,91,True,8,6,condition_then,0.014865994000004434
7,0.0237021939999984,0.0,0,success,True,fixed_generic,65564672,0,7,76050900,65495040,73000005,91,True,9,7,branch,0.023706315999987737
7,0.023595402999999848,0.0,0,success,True,fixed_task,65564672,0,7,76050900,65495040,73000005,91,True,9,7,branch,0.023598566000003984
7,0.023663915999998508,0.0,0,success,True,doob_generic,65564672,0,7,76050900,65495040,73000005,91,True,9,7,branch,0.023667906000000016
7,0.02338262800000024,0.0,0,success,True,doob_generic,65564672,1,7,76050901,65495040,73000005,91,True,9,7,branch,0.023386375999990605
7,0.023638780000000637,0.0,0,success,True,doob_generic,65564672,2,7,76050902,65495040,73000005,91,True,9,7,branch,0.02364286200000265
7,0.023288035000000207,0.0,0,success,True,doob_generic,65564672,3,7,76050903,65495040,73000005,91,True,9,7,branch,0.023291735000000813
7,0.023180359999999567,0.0,0,success,True,doob_generic,65564672,4,7,76050904,65495040,73000005,91,True,9,7,branch,0.023183864000003496
7,0.023645379999999605,0.0,0,success,True,doob_generic,65564672,5,7,76050905,65495040,73000005,91,True,9,7,branch,0.023648938999997426
7,0.023155076000000108,0.0,0,success,True,doob_generic,65564672,6,7,76050906,65495040,73000005,91,True,9,7,branch,0.023158193000000438
7,0.023005791000000997,0.0,0,success,True,doob_generic,65564672,7,7,76050907,65495040,73000005,91,True,9,7,branch,0.023010304999999676
7,0.023304683000000992,0.0,0,success,True,doob_generic,65564672,8,7,76050908,65495040,73000005,91,True,9,7,branch,0.023308287999995514
7,0.023775139999999695,0.0,0,success,True,doob_generic,65564672,9,7,76050909,65495040,73000005,91,True,9,7,branch,0.023778828000004637
7,0.02332162199999921,0.0,0,success,True,doob_task,65564672,0,7,76050900,65495040,73000005,91,True,9,7,branch,0.02332470599999681
7,0.023364242999999618,0.0,0,success,True,doob_task,65564672,1,7,76050901,65495040,73000005,91,True,9,7,branch,0.023384892000009927
7,0.023652601000000217,0.0,0,success,True,doob_task,65564672,2,7,76050902,65495040,73000005,91,True,9,7,branch,0.023656430000002615
7,0.02323221600000025,0.0,0,success,True,doob_task,65564672,3,7,76050903,65495040,73000005,91,True,9,7,branch,0.02323603099999616
7,0.02322646000000006,0.0,0,success,True,doob_task,65564672,4,7,76050904,65495040,73000005,91,True,9,7,branch,0.023230724000001146
7,0.023129758999999694,0.0,0,success,True,doob_task,65564672,5,7,76050905,65495040,73000005,91,True,9,7,branch,0.023133783999995217
7,0.023191663999998724,0.0,0,success,True,doob_task,65564672,6,7,76050906,65495040,73000005,91,True,9,7,branch,0.023196530999996412
7,0.023419163000001575,0.0,0,success,True,doob_task,65564672,7,7,76050907,65495040,73000005,91,True,9,7,branch,0.023423492999995688
7,0.023457175000000774,0.0,0,success,True,doob_task,65564672,8,7,76050908,65495040,73000005,91,True,9,7,branch,0.023461370999996234
7,0.02333142700000046,0.0,0,success,True,doob_task,65564672,9,7,76050909,65495040,73000005,91,True,9,7,branch,0.023335599999995793
7,0.023498865000000535,0.0,0,success,True,deadline_generic,65564672,0,7,76050900,65495040,73000005,91,True,9,7,branch,0.0235026219999952
7,0.0235850769999999,0.0,0,success,True,deadline_task,65564672,0,7,76050900,65495040,73000005,91,True,9,7,branch,0.023589086000001203
10,0.03744375700000013,0.0,0,success,True,fixed_generic,65564672,0,10,76051000,65495040,73000005,91,True,10,10,branch,0.03748244000000511
10,0.03745688999999963,0.0,0,success,True,fixed_task,65564672,0,10,76051000,65495040,73000005,91,True,10,10,branch,0.03748358599999335
10,0.03693213399999884,0.0,0,success,True,doob_generic,65564672,0,10,76051000,65495040,73000005,91,True,10,10,branch,0.03693532100000141
10,0.03765147599999885,0.0,0,success,True,doob_generic,65564672,1,10,76051001,65495040,73000005,91,True,10,10,branch,0.03767334799999844
10,0.03711122899999886,0.0,0,success,True,doob_generic,65564672,2,10,76051002,65495040,73000005,91,True,10,10,branch,0.03711520600000995
10,0.03762696699999957,0.0,0,success,True,doob_generic,65564672,3,10,76051003,65495040,73000005,91,True,10,10,branch,0.03763063600000294
10,0.03749223600000029,0.0,0,success,True,doob_generic,65564672,4,10,76051004,65495040,73000005,91,True,10,10,branch,0.03750410600000009
10,0.03776894900000016,0.0,0,success,True,doob_generic,65564672,5,10,76051005,65495040,73000005,91,True,10,10,branch,0.03777303500000073
10,0.03789874199999943,0.0,0,success,True,doob_generic,65564672,6,10,76051006,65495040,73000005,91,True,10,10,branch,0.037902400999996644
10,0.03761938099999895,0.0,0,success,True,doob_generic,65564672,7,10,76051007,65495040,73000005,91,True,10,10,branch,0.03763434599999016
10,0.037585354999999154,0.0,0,success,True,doob_generic,65564672,8,10,76051008,65495040,73000005,91,True,10,10,branch,0.03758981400000039
10,0.03755399399999959,0.0,0,success,True,doob_generic,65564672,9,10,76051009,65495040,73000005,91,True,10,10,branch,0.03755891100000497
10,0.04552164200000064,0.0,0,success,True,doob_task,65564672,0,10,76051000,65495040,73000005,91,True,10,10,branch,0.045525286000000165
10,0.03738961899999893,0.0,0,success,True,doob_task,65564672,1,10,76051001,65495040,73000005,91,True,10,10,branch,0.03739331599999218
10,0.038250822000000184,0.0,0,success,True,doob_task,65564672,2,10,76051002,65495040,73000005,91,True,10,10,branch,0.03825455900000918
10,0.0376875210000005,0.0,0,success,True,doob_task,65564672,3,10,76051003,65495040,73000005,91,True,10,10,branch,0.03769157700000392
10,0.03761553200000023,0.0,0,success,True,doob_task,65564672,4,10,76051004,65495040,73000005,91,True,10,10,branch,0.03762893900000108
10,0.03825689499999996,0.0,0,success,True,doob_task,65564672,5,10,76051005,65495040,73000005,91,True,10,10,branch,0.03828556099999503
10,0.03801392799999981,0.0,0,success,True,doob_task,65564672,6,10,76051006,65495040,73000005,91,True,10,10,branch,0.038017803999991884
10,0.037755835999998766,0.0,0,success,True,doob_task,65564672,7,10,76051007,65495040,73000005,91,True,10,10,branch,0.0378087379999954
10,0.038802454999999014,0.0,0,success,True,doob_task,65564672,8,10,76051008,65495040,73000005,91,True,10,10,branch,0.03880600499999787
10,0.038343937000000494,0.0,0,success,True,doob_task,65564672,9,10,76051009,65495040,73000005,91,True,10,10,branch,0.03834762300000705
10,0.03859255500000103,0.0,0,success,True,deadline_generic,65564672,0,10,76051000,65495040,73000005,91,True,10,10,branch,0.03861087399999974
10,0.0377669540000003,0.0,0,success,True,deadline_task,65564672,0,10,76051000,65495040,73000005,91,True,10,10,branch,0.03779895200000283
7,0.02523225400000051,0.0,0,success,True,fixed_generic,65564672,0,7,76051100,65507328,73000005,91,True,11,7,branch,0.025236551000006102
7,0.025831351999999086,0.0,0,success,True,fixed_task,65564672,0,7,76051100,65507328,73000005,91,True,11,7,branch,0.025835673000003112
7,0.02545008500000101,0.0,0,success,True,doob_generic,65564672,0,7,76051100,65507328,73000005,91,True,11,7,branch,0.02545441000000892
7,0.02526079999999986,0.0,0,success,True,doob_generic,65564672,1,7,76051101,65507328,73000005,91,True,11,7,branch,0.025272430000001123
7,0.02503981799999977,0.0,0,success,True,doob_generic,65564672,2,7,76051102,65507328,73000005,91,True,11,7,branch,0.025043891999999346
7,0.025537689000000086,0.0,0,success,True,doob_generic,65564672,3,7,76051103,65507328,73000005,91,True,11,7,branch,0.025542362000010144
7,0.025398951000001446,0.0,0,success,True,doob_generic,65564672,4,7,76051104,65507328,73000005,91,True,11,7,branch,0.02540336899998863
7,0.025737150000001208,0.0,0,success,True,doob_generic,65564672,5,7,76051105,65507328,73000005,91,True,11,7,branch,0.02574139300000411
7,0.02537365400000091,0.0,0,success,True,doob_generic,65564672,6,7,76051106,65507328,73000005,91,True,11,7,branch,0.025378185000008102
7,0.025139743000000436,0.0,0,success,True,doob_generic,65564672,7,7,76051107,65507328,73000005,91,True,11,7,branch,0.025155576000003066
7,0.025010710000000103,0.0,0,success,True,doob_generic,65564672,8,7,76051108,65507328,73000005,91,True,11,7,branch,0.025014389000006076
7,0.02533204099999864,0.0,0,success,True,doob_generic,65564672,9,7,76051109,65507328,73000005,91,True,11,7,branch,0.02535145499999203
7,0.025584249999999642,0.0,0,success,True,doob_task,65564672,0,7,76051100,65507328,73000005,91,True,11,7,branch,0.025588061000007656
7,0.025658770000001496,0.0,0,success,True,doob_task,65564672,1,7,76051101,65507328,73000005,91,True,11,7,branch,0.02566259099999968
7,0.025216175000000618,0.0,0,success,True,doob_task,65564672,2,7,76051102,65507328,73000005,91,True,11,7,branch,0.025219406999994476
7,0.025121282000000633,0.0,0,success,True,doob_task,65564672,3,7,76051103,65507328,73000005,91,True,11,7,branch,0.025125114000005055
7,0.024993219999998928,0.0,0,success,True,doob_task,65564672,4,7,76051104,65507328,73000005,91,True,11,7,branch,0.024996857999994404
7,0.025065400000000793,0.0,0,success,True,doob_task,65564672,5,7,76051105,65507328,73000005,91,True,11,7,branch,0.02506916100000467
7,0.024943221000000904,0.0,0,success,True,doob_task,65564672,6,7,76051106,65507328,73000005,91,True,11,7,branch,0.024946990000003666
7,0.025063974000000044,0.0,0,success,True,doob_task,65564672,7,7,76051107,65507328,73000005,91,True,11,7,branch,0.02506777800000748
7,0.025171015000001518,0.0,0,success,True,doob_task,65564672,8,7,76051108,65507328,73000005,91,True,11,7,branch,0.025190461999997638
7,0.025074154000000348,0.0,0,success,True,doob_task,65564672,9,7,76051109,65507328,73000005,91,True,11,7,branch,0.025077496000008637
7,0.02493528499999975,0.0,0,success,True,deadline_generic,65564672,0,7,76051100,65507328,73000005,91,True,11,7,branch,0.024938923999997087
7,0.025225730000000723,0.0,0,success,True,deadline_task,65564672,0,7,76051100,65507328,73000005,91,True,11,7,branch,0.02522991300000399
32,0.09898065400000003,0.0,0,success,True,fixed_generic,65843200,0,32,76060000,65970176,73000006,247,True,0,32,sequence,0.09899756500000478
32,0.09961863499999996,0.0,0,success,True,fixed_task,65843200,0,32,76060000,65978368,73000006,247,True,0,32,sequence,0.09962258099999843
32,0.09559710700000001,0.0,0,success,True,doob_generic,65843200,0,32,76060000,65994752,73000006,247,True,0,32,sequence,0.09560067700000019
32,0.09574327500000002,0.0,0,success,True,doob_generic,65843200,1,32,76060001,65994752,73000006,247,True,0,32,sequence,0.09574715600000161
32,0.102503538,0.0,0,success,True,doob_generic,65843200,2,32,76060002,65994752,73000006,247,True,0,32,sequence,0.10252711100000056
32,0.09352863200000006,0.0,0,success,True,doob_generic,65843200,3,32,76060003,65994752,73000006,247,True,0,32,sequence,0.09353135900000353
32,0.09150458299999997,0.0,0,success,True,doob_generic,65843200,4,32,76060004,65998848,73000006,247,True,0,32,sequence,0.09153223399999888
32,0.09265218399999997,0.0,0,success,True,doob_generic,65843200,5,32,76060005,66011136,73000006,247,True,0,32,sequence,0.09265610599999974
32,0.1002449889999999,0.0,0,success,True,doob_generic,65843200,6,32,76060006,66011136,73000006,247,True,0,32,sequence,0.10026011600000118
32,0.09304260700000011,0.0,0,success,True,doob_generic,65843200,7,32,76060007,66011136,73000006,247,True,0,32,sequence,0.09305789799999786
32,0.09692197200000008,0.0,0,success,True,doob_generic,65843200,8,32,76060008,66011136,73000006,247,True,0,32,sequence,0.09692505099999948
32,0.09249688300000014,0.0,0,success,True,doob_generic,65843200,9,32,76060009,66011136,73000006,247,True,0,32,sequence,0.092507224000002
32,0.09243688400000005,0.0,0,success,True,doob_task,65843200,0,32,76060000,66011136,73000006,247,True,0,32,sequence,0.09247665800000249
32,0.10006120600000012,0.0,0,success,True,doob_task,65843200,1,32,76060001,66011136,73000006,247,True,0,32,sequence,0.1000770409999987
32,0.08965358200000018,0.0,0,success,True,doob_task,65843200,2,32,76060002,66011136,73000006,247,True,0,32,sequence,0.0896658580000036
32,0.0888296529999999,0.0,0,success,True,doob_task,65843200,3,32,76060003,66011136,73000006,247,True,0,32,sequence,0.0888329710000022
32,0.08911444700000004,0.0,0,success,True,doob_task,65843200,4,32,76060004,66011136,73000006,247,True,0,32,sequence,0.08913718600000209
32,0.09221069500000012,0.0,0,success,True,doob_task,65843200,5,32,76060005,66011136,73000006,247,True,0,32,sequence,0.09221347399999757
32,0.10072512499999986,0.0,0,success,True,doob_task,65843200,6,32,76060006,66011136,73000006,247,True,0,32,sequence,0.10073851300000314
32,0.10019456400000015,0.0,0,success,True,doob_task,65843200,7,32,76060007,66011136,73000006,247,True,0,32,sequence,0.1002090289999984
32,0.09267668999999978,0.0,0,success,True,doob_task,65843200,8,32,76060008,66011136,73000006,247,True,0,32,sequence,0.09268113400000288
32,0.10005140099999998,0.0,0,success,True,doob_task,65843200,9,32,76060009,66011136,73000006,247,True,0,32,sequence,0.10005508799999774
32,0.09347682400000012,0.0,0,success,True,deadline_generic,65843200,0,32,76060000,66011136,73000006,247,True,0,32,sequence,0.09348101200000514
32,0.10165985999999982,0.0,0,success,True,deadline_task,65843200,0,32,76060000,66011136,73000006,247,True,0,32,sequence,0.10166270700000268
34,0.15251683499999968,0.0,0,success,True,fixed_generic,69836800,0,34,76060100,69623808,73000006,247,True,1,34,all_of,0.15253276699999674
34,0.15423291500000014,0.0,0,success,True,fixed_task,69836800,0,34,76060100,69623808,73000006,247,True,1,34,all_of,0.15423655899999744
34,0.1557246000000001,0.0,0,success,True,doob_generic,69836800,0,34,76060100,69623808,73000006,247,True,1,34,all_of,0.1557448189999988
34,0.15720136299999998,0.0,0,success,True,doob_generic,69836800,1,34,76060101,69623808,73000006,247,True,1,34,all_of,0.1572380349999989
34,0.15826682099999978,0.0,0,success,True,doob_generic,69836800,2,34,76060102,69623808,73000006,247,True,1,34,all_of,0.15827192300000092
34,0.15628664699999995,0.0,0,success,True,doob_generic,69836800,3,34,76060103,69623808,73000006,247,True,1,34,all_of,0.1563357329999988
34,0.18016949999999987,0.0,0,success,True,doob_generic,69836800,4,34,76060104,69623808,73000006,247,True,1,34,all_of,0.18019570999999956
34,0.1561995279999997,0.0,0,success,True,doob_generic,69836800,5,34,76060105,69623808,73000006,247,True,1,34,all_of,0.15620413700000313
34,0.1581611839999999,0.0,0,success,True,doob_generic,69836800,6,34,76060106,69623808,73000006,247,True,1,34,all_of,0.15818485299999452
34,0.16424743000000053,0.0,0,success,True,doob_generic,69836800,7,34,76060107,69623808,73000006,247,True,1,34,all_of,0.16426960599999774
34,0.16167722800000028,0.0,0,success,True,doob_generic,69836800,8,34,76060108,69623808,73000006,247,True,1,34,all_of,0.16168274200000354
34,0.16333168600000025,0.0,0,success,True,doob_generic,69836800,9,34,76060109,69623808,73000006,247,True,1,34,all_of,0.16333795199999912
34,0.15891194300000056,0.0,0,success,True,doob_task,69836800,0,34,76060100,69623808,73000006,247,True,1,34,all_of,0.15892799600000274
34,0.1576188140000001,0.0,0,success,True,doob_task,69836800,1,34,76060101,69623808,73000006,247,True,1,34,all_of,0.1576359310000015
34,0.15248194299999973,0.0,0,success,True,doob_task,69836800,2,34,76060102,69623808,73000006,247,True,1,34,all_of,0.1524972240000011
34,0.15272006799999982,0.0,0,success,True,doob_task,69836800,3,34,76060103,69623808,73000006,247,True,1,34,all_of,0.15273348800000264
34,0.15206179599999992,0.0,0,success,True,doob_task,69836800,4,34,76060104,69623808,73000006,247,True,1,34,all_of,0.15208387499999532
34,0.15266228099999957,0.0,0,success,True,doob_task,69836800,5,34,76060105,69623808,73000006,247,True,1,34,all_of,0.15270292499999982
34,0.14909702300000038,0.0,0,success,True,doob_task,69836800,6,34,76060106,69623808,73000006,247,True,1,34,all_of,0.1491095010000052
34,0.15543740099999948,0.0,0,success,True,doob_task,69836800,7,34,76060107,69623808,73000006,247,True,1,34,all_of,0.15546087599999936
34,0.15714498799999976,0.0,0,success,True,doob_task,69836800,8,34,76060108,69623808,73000006,247,True,1,34,all_of,0.1571694370000003
34,0.16333552100000048,0.0,0,success,True,doob_task,69836800,9,34,76060109,69623808,73000006,247,True,1,34,all_of,0.16335869200000275
34,0.16187061600000074,0.0,0,success,True,deadline_generic,69836800,0,34,76060100,69623808,73000006,247,True,1,34,all_of,0.16188387400000437
34,0.1633199679999997,0.0,0,success,True,deadline_task,69836800,0,34,76060100,69623808,73000006,247,True,1,34,all_of,0.1633335840000001
16,0.04832608099999991,0.0,0,success,True,fixed_generic,70316032,0,16,76060200,70463488,73000006,247,True,2,16,condition_then,0.048333320000004676
16,0.04144502699999997,0.0,0,success,True,fixed_task,70316032,0,16,76060200,70463488,73000006,247,True,2,16,condition_then,0.04145298600000302
16,0.04129258900000021,0.0,0,success,True,doob_generic,70316032,0,16,76060200,70463488,73000006,247,True,2,16,condition_then,0.04129742900000366
16,0.04155942700000015,0.0,0,success,True,doob_generic,70316032,1,16,76060201,70463488,73000006,247,True,2,16,condition_then,0.04161338200000131
16,0.04198017399999987,0.0,0,success,True,doob_generic,70316032,2,16,76060202,70463488,73000006,247,True,2,16,condition_then,0.04199554400000238
16,0.04109141999999988,0.0,0,success,True,doob_generic,70316032,3,16,76060203,70463488,73000006,247,True,2,16,condition_then,0.04109665800000073
16,0.041810010999999925,0.0,0,success,True,doob_generic,70316032,4,16,76060204,70463488,73000006,247,True,2,16,condition_then,0.04181503299999889
16,0.04312482200000023,0.0,0,success,True,doob_generic,70316032,5,16,76060205,70463488,73000006,247,True,2,16,condition_then,0.043142342000003
16,0.0515002649999996,0.0,0,success,True,doob_generic,70316032,6,16,76060206,70463488,73000006,247,True,2,16,condition_then,0.05151056700000112
16,0.04262608900000053,0.0,0,success,True,doob_generic,70316032,7,16,76060207,70463488,73000006,247,True,2,16,condition_then,0.042631257000003586
16,0.041912133000000296,0.0,0,success,True,doob_generic,70316032,8,16,76060208,70463488,73000006,247,True,2,16,condition_then,0.04191790699999842
16,0.04085851199999979,0.0,0,success,True,doob_generic,70316032,9,16,76060209,70463488,73000006,247,True,2,16,condition_then,0.04086346799999774
16,0.043279072000000696,0.0,0,success,True,doob_task,70316032,0,16,76060200,70463488,73000006,247,True,2,16,condition_then,0.043283203999997966
16,0.041137757999999636,0.0,0,success,True,doob_task,70316032,1,16,76060201,70463488,73000006,247,True,2,16,condition_then,0.041142917000001944
16,0.04155416900000031,0.0,0,success,True,doob_task,70316032,2,16,76060202,70463488,73000006,247,True,2,16,condition_then,0.041560071999995785
16,0.04135631499999981,0.0,0,success,True,doob_task,70316032,3,16,76060203,70463488,73000006,247,True,2,16,condition_then,0.04136123299999639
16,0.041404225999999156,0.0,0,success,True,doob_task,70316032,4,16,76060204,70463488,73000006,247,True,2,16,condition_then,0.04140931599999931
16,0.04345995200000008,0.0,0,success,True,doob_task,70316032,5,16,76060205,70463488,73000006,247,True,2,16,condition_then,0.04347413899999708
16,0.04778361099999984,0.0,0,success,True,doob_task,70316032,6,16,76060206,70463488,73000006,247,True,2,16,condition_then,0.04778860199999713
16,0.0431848920000002,0.0,0,success,True,doob_task,70316032,7,16,76060207,70463488,73000006,247,True,2,16,condition_then,0.043189652999998884
16,0.041027414000000206,0.0,0,success,True,doob_task,70316032,8,16,76060208,70463488,73000006,247,True,2,16,condition_then,0.041098591000000795
16,0.04141953800000042,0.0,0,success,True,doob_task,70316032,9,16,76060209,70463488,73000006,247,True,2,16,condition_then,0.0414588610000024
16,0.04185394700000078,0.0,0,success,True,deadline_generic,70316032,0,16,76060200,70463488,73000006,247,True,2,16,condition_then,0.041858128000001216
16,0.041467670999999484,0.0,0,success,True,deadline_task,70316032,0,16,76060200,70463488,73000006,247,True,2,16,condition_then,0.04147276199999794
34,0.11743363700000042,0.0,0,success,True,fixed_generic,72019968,0,34,76060300,72216576,73000006,247,True,3,34,sequence,0.11747645599999856
34,0.10915454800000024,0.0,0,success,True,fixed_task,72019968,0,34,76060300,72216576,73000006,247,True,3,34,sequence,0.10916784999999862
34,0.11226952400000023,0.0,0,success,True,doob_generic,72019968,0,34,76060300,72216576,73000006,247,True,3,34,sequence,0.11227343200000206
34,0.11447708700000003,0.0,0,success,True,doob_generic,72019968,1,34,76060301,72216576,73000006,247,True,3,34,sequence,0.11448170999999974
34,0.11333715700000102,0.0,0,success,True,doob_generic,72019968,2,34,76060302,72216576,73000006,247,True,3,34,sequence,0.11338073099999946
34,0.11016289199999996,0.0,0,success,True,doob_generic,72019968,3,34,76060303,72216576,73000006,247,True,3,34,sequence,0.11017960599999554
34,0.10872072099999919,0.0,0,success,True,doob_generic,72019968,4,34,76060304,72216576,73000006,247,True,3,34,sequence,0.10875945899999806
34,0.1092524939999997,0.0,0,success,True,doob_generic,72019968,5,34,76060305,72216576,73000006,247,True,3,34,sequence,0.10925632300000387
34,0.1110558440000009,0.0,0,success,True,doob_generic,72019968,6,34,76060306,72216576,73000006,247,True,3,34,sequence,0.11105977500000108
34,0.11093490399999872,0.0,0,success,True,doob_generic,72019968,7,34,76060307,72216576,73000006,247,True,3,34,sequence,0.11093892299999908
34,0.10865503300000157,0.0,0,success,True,doob_generic,72019968,8,34,76060308,72216576,73000006,247,True,3,34,sequence,0.10865964999999989
34,0.10921399700000123,0.0,0,success,True,doob_generic,72019968,9,34,76060309,72216576,73000006,247,True,3,34,sequence,0.1092182360000038
34,0.10875937800000024,0.0,0,success,True,doob_task,72019968,0,34,76060300,72216576,73000006,247,True,3,34,sequence,0.10878437600000268
34,0.1095652910000009,0.0,0,success,True,doob_task,72019968,1,34,76060301,72216576,73000006,247,True,3,34,sequence,0.10956958299999542
34,0.11250326300000069,0.0,0,success,True,doob_task,72019968,2,34,76060302,72216576,73000006,247,True,3,34,sequence,0.11257448300000306
34,0.11137885499999989,0.0,0,success,True,doob_task,72019968,3,34,76060303,72216576,73000006,247,True,3,34,sequence,0.11141475599999495
34,0.11309635799999995,0.0,0,success,True,doob_task,72019968,4,34,76060304,72216576,73000006,247,True,3,34,sequence,0.11312393600000092
34,0.10894735000000111,0.0,0,success,True,doob_task,72019968,5,34,76060305,72216576,73000006,247,True,3,34,sequence,0.10898529700000381
34,0.11351667499999962,0.0,0,success,True,doob_task,72019968,6,34,76060306,72216576,73000006,247,True,3,34,sequence,0.11353519299999704
34,0.11248104100000056,0.0,0,success,True,doob_task,72019968,7,34,76060307,72216576,73000006,247,True,3,34,sequence,0.11252570099999559
34,0.10994007999999944,0.0,0,success,True,doob_task,72019968,8,34,76060308,72216576,73000006,247,True,3,34,sequence,0.1099440240000007
34,0.11050138699999934,0.0,0,success,True,doob_task,72019968,9,34,76060309,72216576,73000006,247,True,3,34,sequence,0.11051808300000232
34,0.10965427400000038,0.0,0,success,True,deadline_generic,72019968,0,34,76060300,72216576,73000006,247,True,3,34,sequence,0.10966898099999867
34,0.12091087399999978,0.0,0,success,True,deadline_task,72019968,0,34,76060300,72216576,73000006,247,True,3,34,sequence,0.12098261799999932
30,0.15779231299999985,0.0,0,success,True,fixed_generic,74772480,0,30,76060400,69529600,73000006,247,True,4,30,all_of,0.15779817300000332
30,0.16405681600000044,0.0,0,success,True,fixed_task,74772480,0,30,76060400,69529600,73000006,247,True,4,30,all_of,0.16406080400000178
30,0.16368715599999994,0.0,0,success,True,doob_generic,74772480,0,30,76060400,69529600,73000006,247,True,4,30,all_of,0.1637120409999966
30,0.1608412700000006,0.0,0,success,True,doob_generic,74772480,1,30,76060401,69529600,73000006,247,True,4,30,all_of,0.1608455480000046
30,0.15530291999999868,0.0,0,success,True,doob_generic,74772480,2,30,76060402,69529600,73000006,247,True,4,30,all_of,0.1553311079999986
30,0.150673445999999,0.0,0,success,True,doob_generic,74772480,3,30,76060403,69529600,73000006,247,True,4,30,all_of,0.1507488449999954
30,0.1663439689999997,0.0,0,success,True,doob_generic,74772480,4,30,76060404,69529600,73000006,247,True,4,30,all_of,0.16637364800000398
30,0.1678130400000004,0.0,0,success,True,doob_generic,74772480,5,30,76060405,69529600,73000006,247,True,4,30,all_of,0.1678762049999989
30,0.15487514000000147,0.0,0,success,True,doob_generic,74772480,6,30,76060406,69529600,73000006,247,True,4,30,all_of,0.15491961699999734
30,0.15035504999999993,0.0,0,success,True,doob_generic,74772480,7,30,76060407,69529600,73000006,247,True,4,30,all_of,0.15036845899999918
30,0.14944497300000137,0.0,0,success,True,doob_generic,74772480,8,30,76060408,69529600,73000006,247,True,4,30,all_of,0.1494706619999988
30,0.14900062999999975,0.0,0,success,True,doob_generic,74772480,9,30,76060409,69529600,73000006,247,True,4,30,all_of,0.1490298370000005
30,0.15126499799999849,0.0,0,success,True,doob_task,74772480,0,30,76060400,69529600,73000006,247,True,4,30,all_of,0.15131454999999505
30,0.15287396799999975,0.0,0,success,True,doob_task,74772480,1,30,76060401,69529600,73000006,247,True,4,30,all_of,0.15288701700000473
30,0.1551847439999996,0.0,0,success,True,doob_task,74772480,2,30,76060402,69529600,73000006,247,True,4,30,all_of,0.1551979199999991
30,0.15250007000000032,0.0,0,success,True,doob_task,74772480,3,30,76060403,69529600,73000006,247,True,4,30,all_of,0.15252836899999522
30,0.15089903199999988,0.0,0,success,True,doob_task,74772480,4,30,76060404,69529600,73000006,247,True,4,30,all_of,0.15093649899999662
30,0.16242957000000047,0.0,0,success,True,doob_task,74772480,5,30,76060405,69529600,73000006,247,True,4,30,all_of,0.16245236199999624
30,0.15065549800000078,0.0,0,success,True,doob_task,74772480,6,30,76060406,69529600,73000006,247,True,4,30,all_of,0.1507017959999999
30,0.15374784100000127,0.0,0,success,True,doob_task,74772480,7,30,76060407,69529600,73000006,247,True,4,30,all_of,0.15375275699999946
30,0.15201445499999977,0.0,0,success,True,doob_task,74772480,8,30,76060408,69529600,73000006,247,True,4,30,all_of,0.1520664649999972
30,0.15128115200000103,0.0,0,success,True,doob_task,74772480,9,30,76060409,69529600,73000006,247,True,4,30,all_of,0.15128584400000022
30,0.1502716349999993,0.0,0,success,True,deadline_generic,74772480,0,30,76060400,69529600,73000006,247,True,4,30,all_of,0.15028989800000403
30,0.15102910499999922,0.0,0,success,True,deadline_task,74772480,0,30,76060400,69529600,73000006,247,True,4,30,all_of,0.1510518329999968
19,0.03757672799999945,0.0,0,success,True,fixed_generic,74772480,0,19,76060500,70549504,73000006,247,True,5,19,condition_then,0.03761001599999503
19,0.03703452800000129,0.0,0,success,True,fixed_task,74772480,0,19,76060500,70549504,73000006,247,True,5,19,condition_then,0.03703770599999956
19,0.0369898709999994,0.0,0,success,True,doob_generic,74772480,0,19,76060500,70549504,73000006,247,True,5,19,condition_then,0.03699321000000566
19,0.037117461999999435,0.0,0,success,True,doob_generic,74772480,1,19,76060501,70549504,73000006,247,True,5,19,condition_then,0.03712163199999452
19,0.037082670000000206,0.0,0,success,True,doob_generic,74772480,2,19,76060502,70549504,73000006,247,True,5,19,condition_then,0.03708722000000364
19,0.04183662099999985,0.0,0,success,True,doob_generic,74772480,3,19,76060503,70549504,73000006,247,True,5,19,condition_then,0.041840258000000574
19,0.06448097600000047,0.0,0,success,True,doob_generic,74772480,4,19,76060504,70549504,73000006,247,True,5,19,condition_then,0.06448488200000213
19,0.04738656900000038,0.0,0,success,True,doob_generic,74772480,5,19,76060505,70549504,73000006,247,True,5,19,condition_then,0.047391132999997865
19,0.03888182400000062,0.0,0,success,True,doob_generic,74772480,6,19,76060506,70549504,73000006,247,True,5,19,condition_then,0.038886413000000175
19,0.038696436999998696,0.0,0,success,True,doob_generic,74772480,7,19,76060507,70549504,73000006,247,True,5,19,condition_then,0.03870088400000071
19,0.03813412900000124,0.0,0,success,True,doob_generic,74772480,8,19,76060508,70549504,73000006,247,True,5,19,condition_then,0.03813846900000328
19,0.037085955000000226,0.0,0,success,True,doob_generic,74772480,9,19,76060509,70549504,73000006,247,True,5,19,condition_then,0.03709018500000383
19,0.03707184399999974,0.0,0,success,True,doob_task,74772480,0,19,76060500,70549504,73000006,247,True,5,19,condition_then,0.03707526300000552
19,0.036670224999999945,0.0,0,success,True,doob_task,74772480,1,19,76060501,70549504,73000006,247,True,5,19,condition_then,0.03667297899999511
19,0.04435035100000029,0.0,0,success,True,doob_task,74772480,2,19,76060502,70549504,73000006,247,True,5,19,condition_then,0.04435387200000207
19,0.03710165800000098,0.0,0,success,True,doob_task,74772480,3,19,76060503,70549504,73000006,247,True,5,19,condition_then,0.03711825700000304
19,0.0372556589999995,0.0,0,success,True,doob_task,74772480,4,19,76060504,70549504,73000006,247,True,5,19,condition_then,0.03726020999999946
19,0.03690625700000005,0.0,0,success,True,doob_task,74772480,5,19,76060505,70549504,73000006,247,True,5,19,condition_then,0.03691025499999512
19,0.03698601600000018,0.0,0,success,True,doob_task,74772480,6,19,76060506,70549504,73000006,247,True,5,19,condition_then,0.03698964499999846
19,0.03680942299999934,0.0,0,success,True,doob_task,74772480,7,19,76060507,70549504,73000006,247,True,5,19,condition_then,0.03681318000000289
19,0.036889782999999454,0.0,0,success,True,doob_task,74772480,8,19,76060508,70549504,73000006,247,True,5,19,condition_then,0.036893208999998706
19,0.03671447100000158,0.0,0,success,True,doob_task,74772480,9,19,76060509,70549504,73000006,247,True,5,19,condition_then,0.036718326999995554
19,0.03714443199999984,0.0,0,success,True,deadline_generic,74772480,0,19,76060500,70549504,73000006,247,True,5,19,condition_then,0.037147992999997825
19,0.03752384899999939,0.0,0,success,True,deadline_task,74772480,0,19,76060500,70549504,73000006,247,True,5,19,condition_then,0.03752736199999873
81,0.18934941100000025,0.07843782199999438,59,success,True,fixed_generic,74772480,0,81,76060600,70774784,73000006,258,True,6,81,sequence,0.18938969099999525
81,0.18349517999999954,0.07879668800000772,59,success,True,fixed_task,74772480,0,81,76060600,70774784,73000006,258,True,6,81,sequence,0.18352910999999494
595,1.8816538069999993,1.2831324030000406,574,success,True,doob_generic,74772480,0,595,76060600,70791168,73000006,272,True,6,595,sequence,1.8818623879999947
146,0.4260325629999997,0.24276645200000146,117,success,True,doob_generic,74772480,1,146,76060601,70795264,73000006,254,True,6,146,sequence,0.42611418100000265
636,2.023946241000001,1.3808440800000596,620,success,True,doob_generic,74772480,2,636,76060602,70819840,73000006,275,True,6,636,sequence,2.024204879999999
41,0.10185581200000016,0.02887432800000056,17,success,True,doob_generic,74772480,3,41,76060603,70819840,73000006,249,True,6,41,sequence,0.10186350600000083
135,0.3906849709999989,0.2327817220000128,111,success,True,doob_generic,74772480,4,135,76060604,70819840,73000006,256,True,6,135,sequence,0.39075411899999324
855,2.7435368490000016,1.879789068000008,836,success,True,doob_generic,74772480,5,855,76060605,70844416,73000006,279,True,6,855,sequence,2.7438770750000003
68,0.17692185599999988,0.08655263400000734,47,success,True,doob_generic,74772480,6,68,76060606,70844416,73000006,249,True,6,68,sequence,0.17694836300000816
84,0.22282520300000286,0.11962473499999149,60,success,True,doob_generic,74772480,7,84,76060607,70848512,73000006,251,True,6,84,sequence,0.22287205599999993
293,0.8547709250000004,0.5697277110000059,269,success,True,doob_generic,74772480,8,293,76060608,70848512,73000006,256,True,6,293,sequence,0.8548777949999931
1662,5.8593962049999995,3.9466048270000407,1647,success,True,doob_generic,74772480,9,1662,76060609,70856704,73000006,289,True,6,1662,sequence,5.860110505000009
595,1.9106086840000032,1.303922423999996,574,success,True,doob_task,74772480,0,595,76060600,70856704,73000006,272,True,6,595,sequence,1.910813011000002
146,0.4298018269999986,0.24634296900000408,117,success,True,doob_task,74772480,1,146,76060601,70856704,73000006,254,True,6,146,sequence,0.42985131999999737
636,1.987762453000002,1.3459481950000338,620,success,True,doob_task,74772480,2,636,76060602,70856704,73000006,275,True,6,636,sequence,1.9879878899999994
41,0.10305807499999986,0.02882705700001509,17,success,True,doob_task,74772480,3,41,76060603,70856704,73000006,249,True,6,41,sequence,0.10306190699999718
135,0.38094852999999773,0.22651862499996867,111,success,True,doob_task,74772480,4,135,76060604,70856704,73000006,256,True,6,135,sequence,0.3809905030000067
855,2.7547064710000058,1.8916565949999722,836,success,True,doob_task,74772480,5,855,76060605,70856704,73000006,279,True,6,855,sequence,2.7551071949999937
68,0.1923245300000005,0.09032062800000062,47,success,True,doob_task,74772480,6,68,76060606,70856704,73000006,249,True,6,68,sequence,0.1923314739999995
84,0.2332417869999972,0.11423593500002482,60,success,True,doob_task,74772480,7,84,76060607,70856704,73000006,251,True,6,84,sequence,0.2333232290000069
293,0.854074942000004,0.5689073789999881,269,success,True,doob_task,74772480,8,293,76060608,70856704,73000006,256,True,6,293,sequence,0.854164363999999
1662,5.972054804999999,4.002907454999878,1647,success,True,doob_task,74772480,9,1662,76060609,70856704,73000006,289,True,6,1662,sequence,5.972992024000007
81,0.20561860800000176,0.09484923699999825,59,success,True,deadline_generic,74772480,0,81,76060600,70864896,73000006,258,True,6,81,sequence,0.20565039800000307
81,0.2054548740000044,0.09845223299998196,59,success,True,deadline_task,74772480,0,81,76060600,70864896,73000006,258,True,6,81,sequence,0.2054823950000042
77,0.5095961829999993,0.2784890149999981,59,success,True,fixed_generic,74772480,0,77,76060700,73052160,73000006,258,True,7,77,all_of,0.5096439159999875
77,0.5394082059999974,0.29658462700000143,59,success,True,fixed_task,74772480,0,77,76060700,73052160,73000006,258,True,7,77,all_of,0.5395081629999936
371,4.3549190019999955,2.9758097939999857,353,success,True,doob_generic,74772480,0,371,76060700,73822208,73000006,271,True,7,371,all_of,4.355623518000002
114,0.731687909999998,0.4867392640000432,102,success,True,doob_generic,74772480,1,114,76060701,73928704,73000006,253,True,7,114,all_of,0.731882567999989
75,0.6151649090000006,0.38181908600000725,53,success,True,doob_generic,74772480,2,75,76060702,73936896,73000006,257,True,7,75,all_of,0.6152562920000122
478,4.077249633000001,2.7783589370000996,470,success,True,doob_generic,74772480,3,478,76060703,73981952,73000006,272,True,7,478,all_of,4.077850945000009
99,0.9507765510000041,0.6260738540000474,81,success,True,doob_generic,74772480,4,99,76060704,73981952,73000006,254,True,7,99,all_of,0.950913362999998
1089,6.074341678000003,4.138837809000194,1089,success,True,doob_generic,74772480,5,1089,76060705,74158080,73000006,281,True,7,1089,all_of,6.0750973970000075
911,7.118165763,4.8164530229997595,904,success,True,doob_generic,74772480,6,911,76060706,74293248,73000006,281,True,7,911,all_of,7.119065531000004
87,0.8845159129999871,0.5744222160000163,69,success,True,doob_generic,74772480,7,87,76060707,74293248,73000006,255,True,7,87,all_of,0.8846173800000088
414,2.4886872390000008,1.7446127410001395,414,success,True,doob_generic,74772480,8,414,76060708,74293248,73000006,268,True,7,414,all_of,2.488961064999998
490,3.547910677999994,2.4579729000000725,479,success,True,doob_generic,74772480,9,490,76060709,74293248,73000006,266,True,7,490,all_of,3.548294063
366,2.6361325089999923,1.781089417000132,358,success,True,doob_task,74772480,0,366,76060700,74301440,73000006,275,True,7,366,all_of,2.636443259999993
114,0.7121686869999877,0.46704831600008845,102,success,True,doob_task,74772480,1,114,76060701,74301440,73000006,253,True,7,114,all_of,0.7121812609999978
75,0.5621408949999989,0.3397660630000132,53,success,True,doob_task,74772480,2,75,76060702,74301440,73000006,257,True,7,75,all_of,0.5622035000000096
1004,6.116596643999998,4.161248437999845,1004,success,True,doob_task,74772480,3,1004,76060703,74301440,73000006,280,True,7,1004,all_of,6.117206523999997
99,0.962835259000002,0.6173769680000589,81,success,True,doob_task,74772480,4,99,76060704,74301440,73000006,254,True,7,99,all_of,0.9629339309999807
1089,5.9682744309999975,4.051698200999908,1089,success,True,doob_task,74772480,5,1089,76060705,74301440,73000006,281,True,7,1089,all_of,5.9689826610000125
911,6.835666302000007,4.593055136999794,904,success,True,doob_task,74772480,6,911,76060706,74301440,73000006,281,True,7,911,all_of,6.836307849999997
87,0.7620077889999948,0.4838567020000397,69,success,True,doob_task,74772480,7,87,76060707,74301440,73000006,255,True,7,87,all_of,0.7621093249999831
414,2.247206160999994,1.5402645560000394,414,success,True,doob_task,74772480,8,414,76060708,74301440,73000006,268,True,7,414,all_of,2.2474365900000066
490,3.463070160000001,2.3991716999999113,479,success,True,doob_task,74772480,9,490,76060709,74301440,73000006,266,True,7,490,all_of,3.4633980970000096
77,0.5910256920000023,0.34648235899997815,59,success,True,deadline_generic,74772480,0,77,76060700,74301440,73000006,258,True,7,77,all_of,0.591104606000016
52,0.2775739420000036,0.18045330599998977,52,success,True,deadline_task,74772480,0,52,76060700,74326016,73000006,248,True,7,52,all_of,0.27758066000001236
16,0.03184713100000636,0.0,0,success,True,fixed_generic,74772480,0,16,76060800,74473472,73000006,247,True,8,16,condition_then,0.0318524759999832
16,0.03141721999999447,0.0,0,success,True,fixed_task,74772480,0,16,76060800,74473472,73000006,247,True,8,16,condition_then,0.031420265000008385
16,0.031422899000006055,0.0,0,success,True,doob_generic,74772480,0,16,76060800,74473472,73000006,247,True,8,16,condition_then,0.03142578399999252
16,0.03125957500000709,0.0,0,success,True,doob_generic,74772480,1,16,76060801,74473472,73000006,247,True,8,16,condition_then,0.03126277900000218
16,0.031366374000000974,0.0,0,success,True,doob_generic,74772480,2,16,76060802,74473472,73000006,247,True,8,16,condition_then,0.031368998999994346
16,0.03138483199998632,0.0,0,success,True,doob_generic,74772480,3,16,76060803,74473472,73000006,247,True,8,16,condition_then,0.03138812700001381
16,0.03159436400000004,0.0,0,success,True,doob_generic,74772480,4,16,76060804,74473472,73000006,247,True,8,16,condition_then,0.03159873399999924
16,0.03142369900000119,0.0,0,success,True,doob_generic,74772480,5,16,76060805,74473472,73000006,247,True,8,16,condition_then,0.03142751699999735
16,0.03159163099999773,0.0,0,success,True,doob_generic,74772480,6,16,76060806,74473472,73000006,247,True,8,16,condition_then,0.03159449800000402
16,0.03121588999999858,0.0,0,success,True,doob_generic,74772480,7,16,76060807,74473472,73000006,247,True,8,16,condition_then,0.03121888300000819
16,0.03131309500000157,0.0,0,success,True,doob_generic,74772480,8,16,76060808,74473472,73000006,247,True,8,16,condition_then,0.03132713499999795
16,0.03129708000000164,0.0,0,success,True,doob_generic,74772480,9,16,76060809,74473472,73000006,247,True,8,16,condition_then,0.031300656000013305
16,0.031384711000001175,0.0,0,success,True,doob_task,74772480,0,16,76060800,74473472,73000006,247,True,8,16,condition_then,0.03138746600001241
16,0.031375728000000436,0.0,0,success,True,doob_task,74772480,1,16,76060801,74473472,73000006,247,True,8,16,condition_then,0.031379334000007475
16,0.04183892499999331,0.0,0,success,True,doob_task,74772480,2,16,76060802,74473472,73000006,247,True,8,16,condition_then,0.04185767000001306
16,0.032174770000011677,0.0,0,success,True,doob_task,74772480,3,16,76060803,74473472,73000006,247,True,8,16,condition_then,0.03217831700001739
16,0.0328556959999986,0.0,0,success,True,doob_task,74772480,4,16,76060804,74473472,73000006,247,True,8,16,condition_then,0.03286016300000938
16,0.03233149400000457,0.0,0,success,True,doob_task,74772480,5,16,76060805,74473472,73000006,247,True,8,16,condition_then,0.03236226399999964
16,0.03170722199999432,0.0,0,success,True,doob_task,74772480,6,16,76060806,74473472,73000006,247,True,8,16,condition_then,0.03171156400000541
16,0.031215118999995184,0.0,0,success,True,doob_task,74772480,7,16,76060807,74473472,73000006,247,True,8,16,condition_then,0.031217359999999417
16,0.0318475119999988,0.0,0,success,True,doob_task,74772480,8,16,76060808,74473472,73000006,247,True,8,16,condition_then,0.03185164500001747
16,0.03260230699999056,0.0,0,success,True,doob_task,74772480,9,16,76060809,74473472,73000006,247,True,8,16,condition_then,0.03260741299999381
16,0.03149324399998932,0.0,0,success,True,deadline_generic,74772480,0,16,76060800,74473472,73000006,247,True,8,16,condition_then,0.03149711099999308
16,0.03160003299998948,0.0,0,success,True,deadline_task,74772480,0,16,76060800,74473472,73000006,247,True,8,16,condition_then,0.03160539499998549
17,0.04526884999999936,0.0,0,success,True,fixed_generic,74772480,0,17,76060900,74473472,73000006,247,True,9,17,branch,0.04527469499998915
17,0.044460313999991286,0.0,0,success,True,fixed_task,74772480,0,17,76060900,74473472,73000006,247,True,9,17,branch,0.04447691299998269
17,0.04564912700000434,0.0,0,success,True,doob_generic,74772480,0,17,76060900,74473472,73000006,247,True,9,17,branch,0.04565459700000929
17,0.043524959000009744,0.0,0,success,True,doob_generic,74772480,1,17,76060901,74473472,73000006,247,True,9,17,branch,0.04352920699997753
17,0.0553692849999976,0.0,0,success,True,doob_generic,74772480,2,17,76060902,74473472,73000006,247,True,9,17,branch,0.05537464099998601
17,0.04226986700000168,0.0,0,success,True,doob_generic,74772480,3,17,76060903,74473472,73000006,247,True,9,17,branch,0.04227415700000847
17,0.04170610599999236,0.0,0,success,True,doob_generic,74772480,4,17,76060904,74473472,73000006,247,True,9,17,branch,0.04171047799999883
17,0.04337864099998967,0.0,0,success,True,doob_generic,74772480,5,17,76060905,74473472,73000006,247,True,9,17,branch,0.04338422800000785
17,0.04219873099999916,0.0,0,success,True,doob_generic,74772480,6,17,76060906,74473472,73000006,247,True,9,17,branch,0.04221301499998731
17,0.048764653999995744,0.0,0,success,True,doob_generic,74772480,7,17,76060907,74473472,73000006,247,True,9,17,branch,0.048769165999999586
17,0.044115504999993504,0.0,0,success,True,doob_generic,74772480,8,17,76060908,74473472,73000006,247,True,9,17,branch,0.044151723999988235
17,0.0421786110000113,0.0,0,success,True,doob_generic,74772480,9,17,76060909,74473472,73000006,247,True,9,17,branch,0.04219787200000269
17,0.04217936199999883,0.0,0,success,True,doob_task,74772480,0,17,76060900,74473472,73000006,247,True,9,17,branch,0.042183280000017476
17,0.0445685549999979,0.0,0,success,True,doob_task,74772480,1,17,76060901,74473472,73000006,247,True,9,17,branch,0.04457392999998433
17,0.042747589000001085,0.0,0,success,True,doob_task,74772480,2,17,76060902,74473472,73000006,247,True,9,17,branch,0.04275219699999866
17,0.042103478999990784,0.0,0,success,True,doob_task,74772480,3,17,76060903,74473472,73000006,247,True,9,17,branch,0.042130411000016466
17,0.057323689999989824,0.0,0,success,True,doob_task,74772480,4,17,76060904,74473472,73000006,247,True,9,17,branch,0.05732928399999082
17,0.04452785499999834,0.0,0,success,True,doob_task,74772480,5,17,76060905,74473472,73000006,247,True,9,17,branch,0.04453483099999289
17,0.04436522199999615,0.0,0,success,True,doob_task,74772480,6,17,76060906,74473472,73000006,247,True,9,17,branch,0.04436991299999704
17,0.04220206100001178,0.0,0,success,True,doob_task,74772480,7,17,76060907,74473472,73000006,247,True,9,17,branch,0.042219655000025114
17,0.0437997490000015,0.0,0,success,True,doob_task,74772480,8,17,76060908,74473472,73000006,247,True,9,17,branch,0.04380654400000594
17,0.04929003800000942,0.0,0,success,True,doob_task,74772480,9,17,76060909,74473472,73000006,247,True,9,17,branch,0.04929433699999208
17,0.042681762000000845,0.0,0,success,True,deadline_generic,74772480,0,17,76060900,74473472,73000006,247,True,9,17,branch,0.042686027000002014
17,0.0435018040000017,0.0,0,success,True,deadline_task,74772480,0,17,76060900,74473472,73000006,247,True,9,17,branch,0.04350615200002039
15,0.05619978400000036,0.0,0,success,True,fixed_generic,74772480,0,15,76061000,74481664,73000006,247,True,10,15,branch,0.05620577199999843
15,0.05116500500000143,0.0,0,success,True,fixed_task,74772480,0,15,76061000,74481664,73000006,247,True,10,15,branch,0.05117087100001072
15,0.048626458000001094,0.0,0,success,True,doob_generic,74772480,0,15,76061000,74481664,73000006,247,True,10,15,branch,0.048631138000018836
15,0.05218403399999261,0.0,0,success,True,doob_generic,74772480,1,15,76061001,74481664,73000006,247,True,10,15,branch,0.05219024599998079
15,0.056051654000000894,0.0,0,success,True,doob_generic,74772480,2,15,76061002,74481664,73000006,247,True,10,15,branch,0.05607479500000068
15,0.05235625099999197,0.0,0,success,True,doob_generic,74772480,3,15,76061003,74481664,73000006,247,True,10,15,branch,0.05236194600001909
15,0.04962224400000537,0.0,0,success,True,doob_generic,74772480,4,15,76061004,74481664,73000006,247,True,10,15,branch,0.04962731800000597
15,0.06107969200000696,0.0,0,success,True,doob_generic,74772480,5,15,76061005,74481664,73000006,247,True,10,15,branch,0.06109220900000878
15,0.0498079499999875,0.0,0,success,True,doob_generic,74772480,6,15,76061006,74481664,73000006,247,True,10,15,branch,0.04981263700000227
15,0.04946473799999751,0.0,0,success,True,doob_generic,74772480,7,15,76061007,74481664,73000006,247,True,10,15,branch,0.04947891400001936
15,0.051455498000009925,0.0,0,success,True,doob_generic,74772480,8,15,76061008,74481664,73000006,247,True,10,15,branch,0.051460727999995015
15,0.056309718999997926,0.0,0,success,True,doob_generic,74772480,9,15,76061009,74481664,73000006,247,True,10,15,branch,0.05632131599998047
15,0.048364286999998285,0.0,0,success,True,doob_task,74772480,0,15,76061000,74481664,73000006,247,True,10,15,branch,0.04836815199999478
15,0.04890220000000056,0.0,0,success,True,doob_task,74772480,1,15,76061001,74481664,73000006,247,True,10,15,branch,0.048907013999979654
15,0.057153546000009214,0.0,0,success,True,doob_task,74772480,2,15,76061002,74481664,73000006,247,True,10,15,branch,0.05715801700000611
15,0.04895385700000077,0.0,0,success,True,doob_task,74772480,3,15,76061003,74481664,73000006,247,True,10,15,branch,0.048968446000003496
15,0.048306730999996716,0.0,0,success,True,doob_task,74772480,4,15,76061004,74481664,73000006,247,True,10,15,branch,0.048321291000007704
15,0.049057591000007505,0.0,0,success,True,doob_task,74772480,5,15,76061005,74481664,73000006,247,True,10,15,branch,0.04906392899999901
15,0.06435428700000045,0.0,0,success,True,doob_task,74772480,6,15,76061006,74481664,73000006,247,True,10,15,branch,0.0643602989999863
15,0.04853429000000631,0.0,0,success,True,doob_task,74772480,7,15,76061007,74481664,73000006,247,True,10,15,branch,0.04853804799998329
15,0.04862816100001055,0.0,0,success,True,doob_task,74772480,8,15,76061008,74481664,73000006,247,True,10,15,branch,0.048632150000003094
15,0.05640088400001275,0.0,0,success,True,doob_task,74772480,9,15,76061009,74481664,73000006,247,True,10,15,branch,0.05640475200002015
15,0.049014006999996695,0.0,0,success,True,deadline_generic,74772480,0,15,76061000,74481664,73000006,247,True,10,15,branch,0.04901851200000351
15,0.04863753500001167,0.0,0,success,True,deadline_task,74772480,0,15,76061000,74481664,73000006,247,True,10,15,branch,0.048641603000021405
15,0.03345821500001023,0.00025998799999626954,1,success,True,fixed_generic,74772480,0,15,76061100,74481664,73000006,248,True,11,15,branch,0.03347275100000502
15,0.0402171349999918,0.00030131900000185396,1,success,True,fixed_task,74772480,0,15,76061100,74481664,73000006,248,True,11,15,branch,0.040241327000018146
23,0.03306790300000273,0.0024008219999700486,10,success,True,doob_generic,74772480,0,23,76061100,74481664,73000006,250,True,11,23,branch,0.033070730999980924
15,0.033276272000009044,0.0003175939999948696,1,success,True,doob_generic,74772480,1,15,76061101,74481664,73000006,248,True,11,15,branch,0.03329269400001067
18,0.031113707999992357,0.0012070209999990311,5,success,True,doob_generic,74772480,2,18,76061102,74481664,73000006,249,True,11,18,branch,0.031116469000011193
19,0.0327058419999986,0.0014266569999819012,6,success,True,doob_generic,74772480,3,19,76061103,74481664,73000006,250,True,11,19,branch,0.03270968699999344
16,0.036294273999999405,0.0008215659999848413,3,success,True,doob_generic,74772480,4,16,76061104,74481664,73000006,250,True,11,16,branch,0.036307845000010275
25,0.03141384500000299,0.0034263999999950556,14,success,True,doob_generic,74772480,5,25,76061105,74481664,73000006,252,True,11,25,branch,0.031416570999994065
21,0.03557507099999668,0.001762248000005684,7,success,True,doob_generic,74772480,6,21,76061106,74481664,73000006,249,True,11,21,branch,0.035578406000013274
17,0.030941130000002204,0.0010479429999890044,4,success,True,doob_generic,74772480,7,17,76061107,74481664,73000006,250,True,11,17,branch,0.030944219000019757
32,0.04289321599999596,0.003916462999981718,17,success,True,doob_generic,74772480,8,32,76061108,74481664,73000006,251,True,11,32,branch,0.04289745500000208
18,0.03503083999999035,0.0010411949999848957,4,success,True,doob_generic,74772480,9,18,76061109,74481664,73000006,248,True,11,18,branch,0.035034287000001996
23,0.04140834199999688,0.002430515000000355,10,success,True,doob_task,74772480,0,23,76061100,74481664,73000006,250,True,11,23,branch,0.04141197900000293
15,0.03398305700000037,0.00032293199998889577,1,success,True,doob_task,74772480,1,15,76061101,74481664,73000006,248,True,11,15,branch,0.03398603799999478
18,0.030965096000002745,0.0012440850000103865,5,success,True,doob_task,74772480,2,18,76061102,74481664,73000006,249,True,11,18,branch,0.030967795000009346
19,0.03161194000000478,0.0014430029999914495,6,success,True,doob_task,74772480,3,19,76061103,74481664,73000006,250,True,11,19,branch,0.031614919000020336
16,0.03547465200000488,0.0008186299999977109,3,success,True,doob_task,74772480,4,16,76061104,74481664,73000006,250,True,11,16,branch,0.0354786860000047
25,0.03215028300000711,0.0034679639999950496,14,success,True,doob_task,74772480,5,25,76061105,74481664,73000006,252,True,11,25,branch,0.03215600400000085
21,0.035841738999991435,0.0017886290000035387,7,success,True,doob_task,74772480,6,21,76061106,74481664,73000006,249,True,11,21,branch,0.035845327999993515
17,0.03221042399999874,0.001064156999987631,4,success,True,doob_task,74772480,7,17,76061107,74481664,73000006,250,True,11,17,branch,0.03221505199999797
32,0.04526609599999176,0.004052166000008128,17,success,True,doob_task,74772480,8,32,76061108,74481664,73000006,251,True,11,32,branch,0.045271799999994755
18,0.034693435999997746,0.0010497370000024375,4,success,True,doob_task,74772480,9,18,76061109,74481664,73000006,248,True,11,18,branch,0.034696528000011995
15,0.03340301199999374,0.000269721999998751,1,success,True,deadline_generic,74772480,0,15,76061100,74481664,73000006,248,True,11,15,branch,0.033406847000009066
15,0.04791481600000225,0.0003882390000029545,1,success,True,deadline_task,74772480,0,15,76061100,74481664,73000006,248,True,11,15,branch,0.047941059999999425
16,0.05513869599999999,0.0,0,success,True,fixed_generic,64561152,0,16,76070000,64782336,73000007,76,True,0,16,sequence,0.05514281400000698
16,0.055003953999999966,0.0,0,success,True,fixed_task,64561152,0,16,76070000,64786432,73000007,76,True,0,16,sequence,0.05500682100000631
16,0.054848915,0.0,0,success,True,doob_generic,64561152,0,16,76070000,64802816,73000007,76,True,0,16,sequence,0.0548697250000032
16,0.05508134800000003,0.0,0,success,True,doob_generic,64561152,1,16,76070001,64811008,73000007,76,True,0,16,sequence,0.055083894999995664
16,0.05485500600000004,0.0,0,success,True,doob_generic,64561152,2,16,76070002,64815104,73000007,76,True,0,16,sequence,0.054857643000005396
16,0.05497342599999999,0.0,0,success,True,doob_generic,64561152,3,16,76070003,64815104,73000007,76,True,0,16,sequence,0.05498235500000703
16,0.056392645000000075,0.0,0,success,True,doob_generic,64561152,4,16,76070004,64815104,73000007,76,True,0,16,sequence,0.05640438100000722
16,0.06692018199999994,0.0,0,success,True,doob_generic,64561152,5,16,76070005,64815104,73000007,76,True,0,16,sequence,0.06692332400000112
16,0.05583099700000005,0.0,0,success,True,doob_generic,64561152,6,16,76070006,64815104,73000007,76,True,0,16,sequence,0.05583360500000367
16,0.05488192699999994,0.0,0,success,True,doob_generic,64561152,7,16,76070007,64819200,73000007,76,True,0,16,sequence,0.054921241000002397
16,0.05489190399999999,0.0,0,success,True,doob_generic,64561152,8,16,76070008,64819200,73000007,76,True,0,16,sequence,0.054894601000000876
16,0.05491447699999996,0.0,0,success,True,doob_generic,64561152,9,16,76070009,64819200,73000007,76,True,0,16,sequence,0.05491717299999266
16,0.05517446199999998,0.0,0,success,True,doob_task,64561152,0,16,76070000,64819200,73000007,76,True,0,16,sequence,0.05517704899999387
16,0.05480220799999991,0.0,0,success,True,doob_task,64561152,1,16,76070001,64819200,73000007,76,True,0,16,sequence,0.054808080000000814
16,0.054881175000000004,0.0,0,success,True,doob_task,64561152,2,16,76070002,64819200,73000007,76,True,0,16,sequence,0.054883760999999254
16,0.054908446,0.0,0,success,True,doob_task,64561152,3,16,76070003,64819200,73000007,76,True,0,16,sequence,0.054911021999998866
16,0.05538076699999994,0.0,0,success,True,doob_task,64561152,4,16,76070004,64823296,73000007,76,True,0,16,sequence,0.05539497499999868
16,0.055013270999999975,0.0,0,success,True,doob_task,64561152,5,16,76070005,64823296,73000007,76,True,0,16,sequence,0.055024063999994155
16,0.05498786400000011,0.0,0,success,True,doob_task,64561152,6,16,76070006,64823296,73000007,76,True,0,16,sequence,0.054998474999990776
16,0.05512066199999999,0.0,0,success,True,doob_task,64561152,7,16,76070007,64823296,73000007,76,True,0,16,sequence,0.0551230579999924
16,0.054724773000000004,0.0,0,success,True,doob_task,64561152,8,16,76070008,64823296,73000007,76,True,0,16,sequence,0.054727118000002406
16,0.05472808000000007,0.0,0,success,True,doob_task,64561152,9,16,76070009,64823296,73000007,76,True,0,16,sequence,0.05473868999999354
16,0.05497224599999995,0.0,0,success,True,deadline_generic,64561152,0,16,76070000,64823296,73000007,76,True,0,16,sequence,0.05498801600001002
16,0.054939664000000166,0.0,0,success,True,deadline_task,64561152,0,16,76070000,64823296,73000007,76,True,0,16,sequence,0.05494222999999465
20,0.10545383900000016,0.0,0,success,True,fixed_generic,65216512,0,20,76070100,65441792,73000007,76,True,1,20,all_of,0.10546484699999326
20,0.10573000500000007,0.0,0,success,True,fixed_task,65216512,0,20,76070100,65441792,73000007,76,True,1,20,all_of,0.10578429400000289
20,0.11222264100000023,0.0,0,success,True,doob_generic,65216512,0,20,76070100,65441792,73000007,76,True,1,20,all_of,0.11222544100000675
20,0.10560314899999979,0.0,0,success,True,doob_generic,65216512,1,20,76070101,65441792,73000007,76,True,1,20,all_of,0.10560596100000907
20,0.10589727600000032,0.0,0,success,True,doob_generic,65216512,2,20,76070102,65441792,73000007,76,True,1,20,all_of,0.10590804500000672
20,0.10666830599999999,0.0,0,success,True,doob_generic,65216512,3,20,76070103,65441792,73000007,76,True,1,20,all_of,0.10667121999999551
20,0.10640934300000016,0.0,0,success,True,doob_generic,65216512,4,20,76070104,65441792,73000007,76,True,1,20,all_of,0.10641319799999849
20,0.10718188400000006,0.0,0,success,True,doob_generic,65216512,5,20,76070105,65441792,73000007,76,True,1,20,all_of,0.10718566999999268
20,0.10629708199999977,0.0,0,success,True,doob_generic,65216512,6,20,76070106,65441792,73000007,76,True,1,20,all_of,0.10634677400000214
20,0.10618168900000002,0.0,0,success,True,doob_generic,65216512,7,20,76070107,65441792,73000007,76,True,1,20,all_of,0.10619308599999044
20,0.10565669799999977,0.0,0,success,True,doob_generic,65216512,8,20,76070108,65441792,73000007,76,True,1,20,all_of,0.10569607899999767
20,0.10554974800000005,0.0,0,success,True,doob_generic,65216512,9,20,76070109,65441792,73000007,76,True,1,20,all_of,0.10555225999999607
20,0.10563876500000013,0.0,0,success,True,doob_task,65216512,0,20,76070100,65441792,73000007,76,True,1,20,all_of,0.10564152700000307
20,0.11265019899999995,0.0,0,success,True,doob_task,65216512,1,20,76070101,65441792,73000007,76,True,1,20,all_of,0.11265323099999591
20,0.10586174100000001,0.0,0,success,True,doob_task,65216512,2,20,76070102,65441792,73000007,76,True,1,20,all_of,0.10588223700000299
20,0.10534550799999964,0.0,0,success,True,doob_task,65216512,3,20,76070103,65441792,73000007,76,True,1,20,all_of,0.10535575400000141
20,0.10524771199999972,0.0,0,success,True,doob_task,65216512,4,20,76070104,65441792,73000007,76,True,1,20,all_of,0.10527096500000255
20,0.10557457499999989,0.0,0,success,True,doob_task,65216512,5,20,76070105,65441792,73000007,76,True,1,20,all_of,0.10559535000000153
20,0.10567318000000014,0.0,0,success,True,doob_task,65216512,6,20,76070106,65441792,73000007,76,True,1,20,all_of,0.10568470700000887
20,0.10576683399999975,0.0,0,success,True,doob_task,65216512,7,20,76070107,65441792,73000007,76,True,1,20,all_of,0.10578349200000048
20,0.1056551859999999,0.0,0,success,True,doob_task,65216512,8,20,76070108,65441792,73000007,76,True,1,20,all_of,0.10569051900000659
20,0.10561633299999951,0.0,0,success,True,doob_task,65216512,9,20,76070109,65441792,73000007,76,True,1,20,all_of,0.1056367879999982
20,0.10578205199999946,0.0,0,success,True,deadline_generic,65216512,0,20,76070100,65441792,73000007,76,True,1,20,all_of,0.10578490400000362
20,0.10577976800000055,0.0,0,success,True,deadline_task,65216512,0,20,76070100,65441792,73000007,76,True,1,20,all_of,0.10579661699999576
10,0.026919054000000386,0.0,0,success,True,fixed_generic,65216512,0,10,76070200,65449984,73000007,76,True,2,10,condition_then,0.026921865000005596
10,0.026920908000000132,0.0,0,success,True,fixed_task,65216512,0,10,76070200,65449984,73000007,76,True,2,10,condition_then,0.026923507000006452
10,0.026855604999999727,0.0,0,success,True,doob_generic,65216512,0,10,76070200,65449984,73000007,76,True,2,10,condition_then,0.026858105000002297
10,0.026914234999999564,0.0,0,success,True,doob_generic,65216512,1,10,76070201,65449984,73000007,76,True,2,10,condition_then,0.026916725000006636
10,0.026941566000000527,0.0,0,success,True,doob_generic,65216512,2,10,76070202,65449984,73000007,76,True,2,10,condition_then,0.026944155999998998
10,0.026869512000000206,0.0,0,success,True,doob_generic,65216512,3,10,76070203,65449984,73000007,76,True,2,10,condition_then,0.02688369300000204
10,0.02694476200000029,0.0,0,success,True,doob_generic,65216512,4,10,76070204,65449984,73000007,76,True,2,10,condition_then,0.02694718200000068
10,0.026867778999999814,0.0,0,success,True,doob_generic,65216512,5,10,76070205,65449984,73000007,76,True,2,10,condition_then,0.026870287000008375
10,0.027034339000000074,0.0,0,success,True,doob_generic,65216512,6,10,76070206,65449984,73000007,76,True,2,10,condition_then,0.027036899000009385
10,0.02692280100000044,0.0,0,success,True,doob_generic,65216512,7,10,76070207,65449984,73000007,76,True,2,10,condition_then,0.02693467899999291
10,0.026910357999999412,0.0,0,success,True,doob_generic,65216512,8,10,76070208,65449984,73000007,76,True,2,10,condition_then,0.026912757000005172
10,0.02689210399999986,0.0,0,success,True,doob_generic,65216512,9,10,76070209,65449984,73000007,76,True,2,10,condition_then,0.02690256800001123
10,0.0268560769999997,0.0,0,success,True,doob_task,65216512,0,10,76070200,65449984,73000007,76,True,2,10,condition_then,0.026858595999996737
10,0.02684792199999997,0.0,0,success,True,doob_task,65216512,1,10,76070201,65449984,73000007,76,True,2,10,condition_then,0.026850451000001385
10,0.026881404000000053,0.0,0,success,True,doob_task,65216512,2,10,76070202,65449984,73000007,76,True,2,10,condition_then,0.02688379399999974
10,0.027191182000000147,0.0,0,success,True,doob_task,65216512,3,10,76070203,65449984,73000007,76,True,2,10,condition_then,0.027193711999998982
10,0.026866116000000773,0.0,0,success,True,doob_task,65216512,4,10,76070204,65449984,73000007,76,True,2,10,condition_then,0.026869406000002982
10,0.02711441800000003,0.0,0,success,True,doob_task,65216512,5,10,76070205,65449984,73000007,76,True,2,10,condition_then,0.02711695899999711
10,0.026856157000000103,0.0,0,success,True,doob_task,65216512,6,10,76070206,65449984,73000007,76,True,2,10,condition_then,0.026858676000003356
10,0.02686055499999984,0.0,0,success,True,doob_task,65216512,7,10,76070207,65449984,73000007,76,True,2,10,condition_then,0.02689723900000729
10,0.026833003999999328,0.0,0,success,True,doob_task,65216512,8,10,76070208,65449984,73000007,76,True,2,10,condition_then,0.02683552299998837
10,0.026950813999999212,0.0,0,success,True,doob_task,65216512,9,10,76070209,65449984,73000007,76,True,2,10,condition_then,0.026953302999999096
10,0.026953707999999743,0.0,0,success,True,deadline_generic,65216512,0,10,76070200,65449984,73000007,76,True,2,10,condition_then,0.026970746000003487
10,0.026875582999999814,0.0,0,success,True,deadline_task,65216512,0,10,76070200,65449984,73000007,76,True,2,10,condition_then,0.026878233000005025
16,0.05035524899999988,0.0,0,success,True,fixed_generic,65327104,0,16,76070300,65474560,73000007,76,True,3,16,sequence,0.05035841100000482
16,0.04998916600000047,0.0,0,success,True,fixed_task,65327104,0,16,76070300,65474560,73000007,76,True,3,16,sequence,0.04999218599999722
16,0.0499200670000004,0.0,0,success,True,doob_generic,65327104,0,16,76070300,65474560,73000007,76,True,3,16,sequence,0.049922606999999175
16,0.05012913699999988,0.0,0,success,True,doob_generic,65327104,1,16,76070301,65474560,73000007,76,True,3,16,sequence,0.05013168700000392
16,0.05036595899999963,0.0,0,success,True,doob_generic,65327104,2,16,76070302,65474560,73000007,76,True,3,16,sequence,0.05036859000000504
16,0.05045719899999934,0.0,0,success,True,doob_generic,65327104,3,16,76070303,65474560,73000007,76,True,3,16,sequence,0.050477361999995196
16,0.05007606900000017,0.0,0,success,True,doob_generic,65327104,4,16,76070304,65474560,73000007,76,True,3,16,sequence,0.05008884700001204
16,0.05026346799999981,0.0,0,success,True,doob_generic,65327104,5,16,76070305,65474560,73000007,76,True,3,16,sequence,0.05027486400000214
16,0.04993525500000029,0.0,0,success,True,doob_generic,65327104,6,16,76070306,65474560,73000007,76,True,3,16,sequence,0.049947633000002156
16,0.050268377000000086,0.0,0,success,True,doob_generic,65327104,7,16,76070307,65474560,73000007,76,True,3,16,sequence,0.05029546199999402
16,0.05033440999999961,0.0,0,success,True,doob_generic,65327104,8,16,76070308,65474560,73000007,76,True,3,16,sequence,0.05033706000000393
16,0.049946387000000314,0.0,0,success,True,doob_generic,65327104,9,16,76070309,65474560,73000007,76,True,3,16,sequence,0.049961908999989646
16,0.05002340999999966,0.0,0,success,True,doob_task,65327104,0,16,76070300,65474560,73000007,76,True,3,16,sequence,0.05002601900000059
16,0.05019856700000069,0.0,0,success,True,doob_task,65327104,1,16,76070301,65474560,73000007,76,True,3,16,sequence,0.05020123600000659
16,0.05052600699999932,0.0,0,success,True,doob_task,65327104,2,16,76070302,65474560,73000007,76,True,3,16,sequence,0.05054236399999468
16,0.050067763000000376,0.0,0,success,True,doob_task,65327104,3,16,76070303,65474560,73000007,76,True,3,16,sequence,0.05007018199999891
16,0.050210901000000696,0.0,0,success,True,doob_task,65327104,4,16,76070304,65474560,73000007,76,True,3,16,sequence,0.05025821400001007
16,0.05013817399999976,0.0,0,success,True,doob_task,65327104,5,16,76070305,65474560,73000007,76,True,3,16,sequence,0.05014042399999141
16,0.050035271999999686,0.0,0,success,True,doob_task,65327104,6,16,76070306,65474560,73000007,76,True,3,16,sequence,0.05003787200000431
16,0.05024439299999983,0.0,0,success,True,doob_task,65327104,7,16,76070307,65474560,73000007,76,True,3,16,sequence,0.05024716200000512
16,0.05118448600000036,0.0,0,success,True,doob_task,65327104,8,16,76070308,65474560,73000007,76,True,3,16,sequence,0.0511872369999935
16,0.05017797900000076,0.0,0,success,True,doob_task,65327104,9,16,76070309,65474560,73000007,76,True,3,16,sequence,0.05018113900000287
16,0.050135088000000216,0.0,0,success,True,deadline_generic,65327104,0,16,76070300,65474560,73000007,76,True,3,16,sequence,0.050137949000003346
16,0.05038772899999966,0.0,0,success,True,deadline_task,65327104,0,16,76070300,65474560,73000007,76,True,3,16,sequence,0.05039859500000432
14,0.06433387499999998,0.0,0,success,True,fixed_generic,65589248,0,14,76070400,65519616,73000007,76,True,4,14,all_of,0.0643365450000033
14,0.06440415600000016,0.0,0,success,True,fixed_task,65589248,0,14,76070400,65519616,73000007,76,True,4,14,all_of,0.06440681600000175
14,0.0643579299999999,0.0,0,success,True,doob_generic,65589248,0,14,76070400,65519616,73000007,76,True,4,14,all_of,0.06436057899999525
14,0.06435500400000027,0.0,0,success,True,doob_generic,65589248,1,14,76070401,65519616,73000007,76,True,4,14,all_of,0.06443470799999318
14,0.06441500700000002,0.0,0,success,True,doob_generic,65589248,2,14,76070402,65519616,73000007,76,True,4,14,all_of,0.06443805400000713
14,0.06496196700000034,0.0,0,success,True,doob_generic,65589248,3,14,76070403,65519616,73000007,76,True,4,14,all_of,0.06496472799999253
14,0.06632469000000007,0.0,0,success,True,doob_generic,65589248,4,14,76070404,65519616,73000007,76,True,4,14,all_of,0.06632784199999264
14,0.06474916899999972,0.0,0,success,True,doob_generic,65589248,5,14,76070405,65519616,73000007,76,True,4,14,all_of,0.0647520309999976
14,0.06423236499999962,0.0,0,success,True,doob_generic,65589248,6,14,76070406,65519616,73000007,76,True,4,14,all_of,0.06426759699999707
14,0.0647080829999993,0.0,0,success,True,doob_generic,65589248,7,14,76070407,65519616,73000007,76,True,4,14,all_of,0.06471056299999134
14,0.06432520899999972,0.0,0,success,True,doob_generic,65589248,8,14,76070408,65519616,73000007,76,True,4,14,all_of,0.06432786899999599
14,0.06447683199999954,0.0,0,success,True,doob_generic,65589248,9,14,76070409,65519616,73000007,76,True,4,14,all_of,0.06447939200000974
14,0.06431547100000046,0.0,0,success,True,doob_task,65589248,0,14,76070400,65519616,73000007,76,True,4,14,all_of,0.06431824100000938
14,0.06433622900000024,0.0,0,success,True,doob_task,65589248,1,14,76070401,65519616,73000007,76,True,4,14,all_of,0.06433895000000689
14,0.06471187999999994,0.0,0,success,True,doob_task,65589248,2,14,76070402,65519616,73000007,76,True,4,14,all_of,0.06472624300000973
14,0.06526771799999942,0.0,0,success,True,doob_task,65589248,3,14,76070403,65519616,73000007,76,True,4,14,all_of,0.06527134999998907
14,0.06445090199999992,0.0,0,success,True,doob_task,65589248,4,14,76070404,65519616,73000007,76,True,4,14,all_of,0.06446625699999231
14,0.07158586799999966,0.0,0,success,True,doob_task,65589248,5,14,76070405,65523712,73000007,76,True,4,14,all_of,0.07161308899999597
14,0.06444726600000017,0.0,0,success,True,doob_task,65589248,6,14,76070406,65523712,73000007,76,True,4,14,all_of,0.06449968900000158
14,0.06425721199999934,0.0,0,success,True,doob_task,65589248,7,14,76070407,65523712,73000007,76,True,4,14,all_of,0.06425981200000308
14,0.06451435200000066,0.0,0,success,True,doob_task,65589248,8,14,76070408,65523712,73000007,76,True,4,14,all_of,0.06451694199999736
14,0.06443089600000018,0.0,0,success,True,doob_task,65589248,9,14,76070409,65523712,73000007,76,True,4,14,all_of,0.06443356600000527
14,0.0647810299999998,0.0,0,success,True,deadline_generic,65589248,0,14,76070400,65523712,73000007,76,True,4,14,all_of,0.06479924900000356
14,0.06448109899999999,0.0,0,success,True,deadline_task,65589248,0,14,76070400,65523712,73000007,76,True,4,14,all_of,0.06451419700000827
46,0.14006523900000012,0.08066368099999366,46,success,True,fixed_generic,65589248,0,46,76070500,65544192,73000007,77,True,5,46,condition_then,0.140067712000004
52,0.15772460399999844,0.09056021899999855,52,success,True,fixed_task,65589248,0,52,76070500,65544192,73000007,77,True,5,52,condition_then,0.15773582499998895
111,0.32114260199999833,0.20965971199999345,111,success,True,doob_generic,65589248,0,111,76070500,65544192,73000007,77,True,5,111,condition_then,0.3211540079999935
210,0.6124194700000007,0.4056055080000167,210,success,True,doob_generic,65589248,1,210,76070501,65548288,73000007,80,True,5,210,condition_then,0.6124670389999949
82,0.25266410200000067,0.16159381699999287,82,success,True,doob_generic,65589248,2,82,76070502,65548288,73000007,78,True,5,82,condition_then,0.2527058279999892
45,0.14191154500000103,0.081098070999996,38,success,True,doob_generic,65589248,3,45,76070503,65548288,73000007,77,True,5,45,condition_then,0.14193976600000724
98,0.28849818299999974,0.1851905999999932,98,success,True,doob_generic,65589248,4,98,76070504,65548288,73000007,77,True,5,98,condition_then,0.28852242099999614
156,0.46686496699999935,0.29568971800000554,156,success,True,doob_generic,65589248,5,156,76070505,65548288,73000007,77,True,5,156,condition_then,0.46689827800000216
190,0.5810092740000012,0.36980975699999696,190,success,True,doob_generic,65589248,6,190,76070506,65548288,73000007,80,True,5,190,condition_then,0.5810851239999977
134,0.40978844499999845,0.2688769929999957,134,success,True,doob_generic,65589248,7,134,76070507,65552384,73000007,77,True,5,134,condition_then,0.4098028199999959
91,0.28254681700000006,0.1728838049999979,91,success,True,doob_generic,65589248,8,91,76070508,65552384,73000007,77,True,5,91,condition_then,0.28261047400000905
131,0.40541115699999963,0.26183969099999693,131,success,True,doob_generic,65589248,9,131,76070509,65552384,73000007,77,True,5,131,condition_then,0.40546507199999837
111,0.3225442479999998,0.21076815300000895,111,success,True,doob_task,65589248,0,111,76070500,65552384,73000007,77,True,5,111,condition_then,0.3225742599999961
285,0.8564702489999991,0.5656060059999781,285,success,True,doob_task,65589248,1,285,76070501,65552384,73000007,80,True,5,285,condition_then,0.8565486459999931
82,0.251636272999999,0.1613915710000029,82,success,True,doob_task,65589248,2,82,76070502,65552384,73000007,78,True,5,82,condition_then,0.25169501000000594
262,0.7793820450000002,0.4958586379999872,262,success,True,doob_task,65589248,3,262,76070503,65552384,73000007,80,True,5,262,condition_then,0.7794762399999939
79,0.24375542699999997,0.15489875099999395,79,success,True,doob_task,65589248,4,79,76070504,65552384,73000007,77,True,5,79,condition_then,0.2437668779999882
223,0.6698764819999994,0.4192648359999982,223,success,True,doob_task,65589248,5,223,76070505,65552384,73000007,82,True,5,223,condition_then,0.6699343429999942
190,0.5603891339999993,0.3568568410000026,190,success,True,doob_task,65589248,6,190,76070506,65552384,73000007,80,True,5,190,condition_then,0.5604637819999994
134,0.40947255600000076,0.2690349270000052,134,success,True,doob_task,65589248,7,134,76070507,65552384,73000007,77,True,5,134,condition_then,0.40953691999999364
91,0.28302857599999953,0.17332092399999866,91,success,True,doob_task,65589248,8,91,76070508,65552384,73000007,77,True,5,91,condition_then,0.28304762700000197
131,0.3882724230000001,0.24792233099997674,131,success,True,doob_task,65589248,9,131,76070509,65552384,73000007,77,True,5,131,condition_then,0.3883101230000108
52,0.16481120699999963,0.09835271700000447,52,success,True,deadline_generic,65589248,0,52,76070500,65556480,73000007,77,True,5,52,condition_then,0.16485092599999973
79,0.2507979700000007,0.148975355999994,79,success,True,deadline_task,65589248,0,79,76070500,65556480,73000007,77,True,5,79,condition_then,0.250809634999996
39,0.17971606099999704,0.06969278499999731,20,success,True,fixed_generic,65589248,0,39,76070600,65564672,73000007,77,True,6,39,sequence,0.17975867699999526
39,0.17984474200000022,0.06972502600000041,20,success,True,fixed_task,65589248,0,39,76070600,65564672,73000007,77,True,6,39,sequence,0.1798848919999898
51,0.19429734300000234,0.08652745699999187,34,success,True,doob_generic,65589248,0,51,76070600,65568768,73000007,80,True,6,51,sequence,0.19431650300001024
63,0.3252359009999992,0.1705976439999901,46,success,True,doob_generic,65589248,1,63,76070601,65568768,73000007,77,True,6,63,sequence,0.3252819109999905
31,0.1259735620000022,0.045611066000002864,14,success,True,doob_generic,65589248,2,31,76070602,65568768,73000007,78,True,6,31,sequence,0.12597610299999928
117,0.584445817999999,0.3669013920000026,117,success,True,doob_generic,65589248,3,117,76070603,65572864,73000007,80,True,6,117,sequence,0.5845100020000018
83,0.35802469800000125,0.18530783899998937,64,success,True,doob_generic,65589248,4,83,76070604,65605632,73000007,81,True,6,83,sequence,0.3580275399999948
84,0.3919997479999999,0.21047602899998807,67,success,True,doob_generic,65589248,5,84,76070605,65605632,73000007,80,True,6,84,sequence,0.39206962199997974
66,0.3375822409999998,0.16922053000000048,45,success,True,doob_generic,65589248,6,66,76070606,65605632,73000007,79,True,6,66,sequence,0.3376294919999907
62,0.30578429100000193,0.15699414900000264,45,success,True,doob_generic,65589248,7,62,76070607,65605632,73000007,79,True,6,62,sequence,0.30579718699999603
239,1.2143368199999998,0.7345259769999615,218,success,True,doob_generic,65589248,8,239,76070608,65605632,73000007,79,True,6,239,sequence,1.2144529490000195
36,0.12409291200000183,0.045565020000008616,19,success,True,doob_generic,65589248,9,36,76070609,65605632,73000007,80,True,6,36,sequence,0.12411891799999353
51,0.2074483039999997,0.09586217900001515,34,success,True,doob_task,65589248,0,51,76070600,65605632,73000007,80,True,6,51,sequence,0.20746036799999956
37,0.16050626399999857,0.06429090499998935,19,success,True,doob_task,65589248,1,37,76070601,65605632,73000007,79,True,6,37,sequence,0.1605682070000114
31,0.12624659100000102,0.045943287000000055,14,success,True,doob_task,65589248,2,31,76070602,65605632,73000007,78,True,6,31,sequence,0.12624972900002263
147,0.6101117519999981,0.38287304599997896,147,success,True,doob_task,65589248,3,147,76070603,65605632,73000007,81,True,6,147,sequence,0.6101422069999956
103,0.45915287700000107,0.24533481600001394,78,success,True,doob_task,65589248,4,103,76070604,65605632,73000007,80,True,6,103,sequence,0.4591881650000005
84,0.39258756699999964,0.21108300600000263,67,success,True,doob_task,65589248,5,84,76070605,65605632,73000007,80,True,6,84,sequence,0.39265131599998426
94,0.5416090499999981,0.2942142320000123,74,success,True,doob_task,65589248,6,94,76070606,65605632,73000007,79,True,6,94,sequence,0.5416805259999933
58,0.31820053199999876,0.16675611699999493,41,success,True,doob_task,65589248,7,58,76070607,65605632,73000007,79,True,6,58,sequence,0.3182344190000208
234,1.1909778099999997,0.7122120439999939,218,success,True,doob_task,65589248,8,234,76070608,65605632,73000007,82,True,6,234,sequence,1.191104346000003
36,0.12363925600000059,0.0455539769999973,19,success,True,doob_task,65589248,9,36,76070609,65605632,73000007,80,True,6,36,sequence,0.12364184100002262
144,1.0080839180000005,0.541705216999997,123,success,True,deadline_generic,65589248,0,144,76070600,65609728,73000007,79,True,6,144,sequence,1.0081961070000034
145,0.487823769000002,0.28741681599999325,145,success,True,deadline_task,65589248,0,145,76070600,65609728,73000007,79,True,6,145,sequence,0.4878738790000057
12,0.07480825200000041,0.0,0,success,True,fixed_generic,65814528,0,12,76070700,65941504,73000007,76,True,7,12,all_of,0.07481938800000876
12,0.07483479200000076,0.0,0,success,True,fixed_task,65814528,0,12,76070700,65941504,73000007,76,True,7,12,all_of,0.07484570799999801
12,0.08141921900000071,0.0,0,success,True,doob_generic,65814528,0,12,76070700,65941504,73000007,76,True,7,12,all_of,0.08143808400001262
12,0.07487071799999967,0.0,0,success,True,doob_generic,65814528,1,12,76070701,65941504,73000007,76,True,7,12,all_of,0.07489258499998641
12,0.07487775099999894,0.0,0,success,True,doob_generic,65814528,2,12,76070702,65941504,73000007,76,True,7,12,all_of,0.07488033300001007
12,0.07467776800000081,0.0,0,success,True,doob_generic,65814528,3,12,76070703,65941504,73000007,76,True,7,12,all_of,0.07469581799998082
12,0.07479488700000303,0.0,0,success,True,doob_generic,65814528,4,12,76070704,65941504,73000007,76,True,7,12,all_of,0.07483592900001668
12,0.07469699399999996,0.0,0,success,True,doob_generic,65814528,5,12,76070705,65941504,73000007,76,True,7,12,all_of,0.07469975499998327
12,0.07486304300000057,0.0,0,success,True,doob_generic,65814528,6,12,76070706,65941504,73000007,76,True,7,12,all_of,0.07486566500000436
12,0.07471859400000014,0.0,0,success,True,doob_generic,65814528,7,12,76070707,65941504,73000007,76,True,7,12,all_of,0.07473156500000755
12,0.0749058230000017,0.0,0,success,True,doob_generic,65814528,8,12,76070708,65941504,73000007,76,True,7,12,all_of,0.07490880500000685
12,0.07504809899999998,0.0,0,success,True,doob_generic,65814528,9,12,76070709,65941504,73000007,76,True,7,12,all_of,0.07505119100000002
12,0.07495949300000149,0.0,0,success,True,doob_task,65814528,0,12,76070700,65941504,73000007,76,True,7,12,all_of,0.07496241499998746
12,0.07485799400000204,0.0,0,success,True,doob_task,65814528,1,12,76070701,65941504,73000007,76,True,7,12,all_of,0.07486084599997866
12,0.07468690500000008,0.0,0,success,True,doob_task,65814528,2,12,76070702,65941504,73000007,76,True,7,12,all_of,0.07468949600001906
12,0.07477910600000115,0.0,0,success,True,doob_task,65814528,3,12,76070703,65941504,73000007,76,True,7,12,all_of,0.07479025400002115
12,0.08084393500000076,0.0,0,success,True,doob_task,65814528,4,12,76070704,65941504,73000007,76,True,7,12,all_of,0.08086188799998695
12,0.0748382680000006,0.0,0,success,True,doob_task,65814528,5,12,76070705,65941504,73000007,76,True,7,12,all_of,0.07484113900000011
12,0.07523520799999872,0.0,0,success,True,doob_task,65814528,6,12,76070706,65941504,73000007,76,True,7,12,all_of,0.0752377489999958
12,0.07482300899999927,0.0,0,success,True,doob_task,65814528,7,12,76070707,65941504,73000007,76,True,7,12,all_of,0.0748583310000015
12,0.07455917600000106,0.0,0,success,True,doob_task,65814528,8,12,76070708,65941504,73000007,76,True,7,12,all_of,0.07456185799998138
12,0.07501938500000094,0.0,0,success,True,doob_task,65814528,9,12,76070709,65941504,73000007,76,True,7,12,all_of,0.07502185600000644
12,0.0752002929999982,0.0,0,success,True,deadline_generic,65814528,0,12,76070700,65941504,73000007,76,True,7,12,all_of,0.07520280500000354
12,0.07508867399999986,0.0,0,success,True,deadline_task,65814528,0,12,76070700,65941504,73000007,76,True,7,12,all_of,0.07509121600000412
9,0.024513334000001663,0.0,0,success,True,fixed_generic,65814528,0,9,76070800,65941504,73000007,76,True,8,9,condition_then,0.024516151999989688
9,0.024312630999997253,0.0,0,success,True,fixed_task,65814528,0,9,76070800,65941504,73000007,76,True,8,9,condition_then,0.02431532700001071
9,0.024531358000000836,0.0,0,success,True,doob_generic,65814528,0,9,76070800,65941504,73000007,76,True,8,9,condition_then,0.024533815000012282
9,0.02420551999999887,0.0,0,success,True,doob_generic,65814528,1,9,76070801,65941504,73000007,76,True,8,9,condition_then,0.024227502999991657
9,0.0242489120000009,0.0,0,success,True,doob_generic,65814528,2,9,76070802,65941504,73000007,76,True,8,9,condition_then,0.02425149800001236
9,0.024296769999999412,0.0,0,success,True,doob_generic,65814528,3,9,76070803,65941504,73000007,76,True,8,9,condition_then,0.02429917700001738
9,0.024388310999999163,0.0,0,success,True,doob_generic,65814528,4,9,76070804,65941504,73000007,76,True,8,9,condition_then,0.0243909179999946
9,0.024328770000000333,0.0,0,success,True,doob_generic,65814528,5,9,76070805,65941504,73000007,76,True,8,9,condition_then,0.024357175999995206
9,0.024603232000000474,0.0,0,success,True,doob_generic,65814528,6,9,76070806,65941504,73000007,76,True,8,9,condition_then,0.024605739000008953
9,0.0243215269999979,0.0,0,success,True,doob_generic,65814528,7,9,76070807,65941504,73000007,76,True,8,9,condition_then,0.024324034000017036
9,0.024130961000000895,0.0,0,success,True,doob_generic,65814528,8,9,76070808,65941504,73000007,76,True,8,9,condition_then,0.024133497999997644
9,0.024326446999999973,0.0,0,success,True,doob_generic,65814528,9,9,76070809,65941504,73000007,76,True,8,9,condition_then,0.0243286720000242
9,0.02431348100000008,0.0,0,success,True,doob_task,65814528,0,9,76070800,65941504,73000007,76,True,8,9,condition_then,0.024326628000011397
9,0.024281131000002176,0.0,0,success,True,doob_task,65814528,1,9,76070801,65941504,73000007,76,True,8,9,condition_then,0.024283577999995032
9,0.024392258999998973,0.0,0,success,True,doob_task,65814528,2,9,76070802,65941504,73000007,76,True,8,9,condition_then,0.024394636000010905
9,0.02432655700000197,0.0,0,success,True,doob_task,65814528,3,9,76070803,65941504,73000007,76,True,8,9,condition_then,0.02432912300000112
9,0.024417415999998582,0.0,0,success,True,doob_task,65814528,4,9,76070804,65941504,73000007,76,True,8,9,condition_then,0.024419942000008632
9,0.024462700999997367,0.0,0,success,True,doob_task,65814528,5,9,76070805,65941504,73000007,76,True,8,9,condition_then,0.024465227000007417
9,0.02426885899999931,0.0,0,success,True,doob_task,65814528,6,9,76070806,65941504,73000007,76,True,8,9,condition_then,0.024271364000014728
9,0.024381278999999978,0.0,0,success,True,doob_task,65814528,7,9,76070807,65941504,73000007,76,True,8,9,condition_then,0.024383623000005628
9,0.024621285999998577,0.0,0,success,True,doob_task,65814528,8,9,76070808,65941504,73000007,76,True,8,9,condition_then,0.02462391299999922
9,0.024532190999998704,0.0,0,success,True,doob_task,65814528,9,9,76070809,65941504,73000007,76,True,8,9,condition_then,0.024560043000008136
9,0.02433467099999831,0.0,0,success,True,deadline_generic,65814528,0,9,76070800,65941504,73000007,76,True,8,9,condition_then,0.024337317000004077
9,0.024347134000002768,0.0,0,success,True,deadline_task,65814528,0,9,76070800,65941504,73000007,76,True,8,9,condition_then,0.02434946999997578
10,0.03727074099999683,0.0,0,success,True,fixed_generic,65814528,0,10,76070900,66076672,73000007,76,True,9,10,branch,0.037273222000010264
10,0.037464905000000215,0.0,0,success,True,fixed_task,65814528,0,10,76070900,66076672,73000007,76,True,9,10,branch,0.037467415999998366
10,0.037411763999998016,0.0,0,success,True,doob_generic,65814528,0,10,76070900,66076672,73000007,76,True,9,10,branch,0.037414095999992014
10,0.037040240999999696,0.0,0,success,True,doob_generic,65814528,1,10,76070901,66076672,73000007,76,True,9,10,branch,0.037042672000012544
10,0.03713589999999911,0.0,0,success,True,doob_generic,65814528,2,10,76070902,66076672,73000007,76,True,9,10,branch,0.03713920299998108
10,0.04409019799999925,0.0,0,success,True,doob_generic,65814528,3,10,76070903,66076672,73000007,76,True,9,10,branch,0.044092700999982526
10,0.03729480699999854,0.0,0,success,True,doob_generic,65814528,4,10,76070904,66076672,73000007,76,True,9,10,branch,0.0372972769999933
10,0.037148474000002096,0.0,0,success,True,doob_generic,65814528,5,10,76070905,66076672,73000007,76,True,9,10,branch,0.037151013999988436
10,0.03731631700000193,0.0,0,success,True,doob_generic,65814528,6,10,76070906,66076672,73000007,76,True,9,10,branch,0.037319839999980786
10,0.03710041400000108,0.0,0,success,True,doob_generic,65814528,7,10,76070907,66076672,73000007,76,True,9,10,branch,0.037103086000001895
10,0.037104972000001624,0.0,0,success,True,doob_generic,65814528,8,10,76070908,66076672,73000007,76,True,9,10,branch,0.03710755400001631
10,0.03700275199999936,0.0,0,success,True,doob_generic,65814528,9,10,76070909,66076672,73000007,76,True,9,10,branch,0.0370052719999876
10,0.037342074000001446,0.0,0,success,True,doob_task,65814528,0,10,76070900,66076672,73000007,76,True,9,10,branch,0.037344636000000264
10,0.03723258000000129,0.0,0,success,True,doob_task,65814528,1,10,76070901,66076672,73000007,76,True,9,10,branch,0.03723504100000241
10,0.03733595300000303,0.0,0,success,True,doob_task,65814528,2,10,76070902,66076672,73000007,76,True,9,10,branch,0.037346580000019
10,0.04078833599999854,0.0,0,success,True,doob_task,65814528,3,10,76070903,66076672,73000007,76,True,9,10,branch,0.04080700800000159
10,0.037180022000001145,0.0,0,success,True,doob_task,65814528,4,10,76070904,66076672,73000007,76,True,9,10,branch,0.037182423000018616
10,0.037021235999997515,0.0,0,success,True,doob_task,65814528,5,10,76070905,66076672,73000007,76,True,9,10,branch,0.037037813000011965
10,0.037208354999997084,0.0,0,success,True,doob_task,65814528,6,10,76070906,66076672,73000007,76,True,9,10,branch,0.03721080600001869
10,0.037013010999999096,0.0,0,success,True,doob_task,65814528,7,10,76070907,66076672,73000007,76,True,9,10,branch,0.037015541999977586
10,0.03756729599999886,0.0,0,success,True,doob_task,65814528,8,10,76070908,66076672,73000007,76,True,9,10,branch,0.03756978699999536
10,0.037151260000001685,0.0,0,success,True,doob_task,65814528,9,10,76070909,66076672,73000007,76,True,9,10,branch,0.03719088899998724
10,0.03724382200000065,0.0,0,success,True,deadline_generic,65814528,0,10,76070900,66076672,73000007,76,True,9,10,branch,0.03724655299998858
10,0.03722181000000191,0.0,0,success,True,deadline_task,65814528,0,10,76070900,66076672,73000007,76,True,9,10,branch,0.03722440100000313
8,0.027903010999999367,0.0,0,success,True,fixed_generic,65937408,0,8,76071000,66088960,73000007,76,True,10,8,branch,0.02790555699999686
8,0.02788007699999895,0.0,0,success,True,fixed_task,65937408,0,8,76071000,66088960,73000007,76,True,10,8,branch,0.027882524000006015
8,0.02801074199999931,0.0,0,success,True,doob_generic,65937408,0,8,76071000,66088960,73000007,76,True,10,8,branch,0.02801317800000902
8,0.027758479999999253,0.0,0,success,True,doob_generic,65937408,1,8,76071001,66088960,73000007,76,True,10,8,branch,0.027760978000003433
8,0.027680095000000904,0.0,0,success,True,doob_generic,65937408,2,8,76071002,66088960,73000007,76,True,10,8,branch,0.02768268199997692
8,0.02788689000000133,0.0,0,success,True,doob_generic,65937408,3,8,76071003,66088960,73000007,76,True,10,8,branch,0.027889446999978418
8,0.027795919999999086,0.0,0,success,True,doob_generic,65937408,4,8,76071004,66088960,73000007,76,True,10,8,branch,0.027798477000004596
8,0.027655449000000942,0.0,0,success,True,doob_generic,65937408,5,8,76071005,66088960,73000007,76,True,10,8,branch,0.027657724999983202
8,0.02805578499999939,0.0,0,success,True,doob_generic,65937408,6,8,76071006,66088960,73000007,76,True,10,8,branch,0.028068482000009
8,0.027741619000000384,0.0,0,success,True,doob_generic,65937408,7,8,76071007,66088960,73000007,76,True,10,8,branch,0.027743915999991486
8,0.028001443999997377,0.0,0,success,True,doob_generic,65937408,8,8,76071008,66088960,73000007,76,True,10,8,branch,0.028011835999990353
8,0.027878204000000295,0.0,0,success,True,doob_generic,65937408,9,8,76071009,66088960,73000007,76,True,10,8,branch,0.02788059000002363
8,0.027853329000002702,0.0,0,success,True,doob_task,65937408,0,8,76071000,66088960,73000007,76,True,10,8,branch,0.027869038999995155
8,0.027811220000000247,0.0,0,success,True,doob_task,65937408,1,8,76071001,66088960,73000007,76,True,10,8,branch,0.02781360599999516
8,0.027865710000000377,0.0,0,success,True,doob_task,65937408,2,8,76071002,66088960,73000007,76,True,10,8,branch,0.027868297999987135
8,0.027877110999998678,0.0,0,success,True,doob_task,65937408,3,8,76071003,66088960,73000007,76,True,10,8,branch,0.02788046999998528
8,0.027634289999998174,0.0,0,success,True,doob_task,65937408,4,8,76071004,66088960,73000007,76,True,10,8,branch,0.027650040999986913
8,0.027741379000001842,0.0,0,success,True,doob_task,65937408,5,8,76071005,66088960,73000007,76,True,10,8,branch,0.027743826000005356
8,0.027668023000000375,0.0,0,success,True,doob_task,65937408,6,8,76071006,66088960,73000007,76,True,10,8,branch,0.027688132000008636
8,0.027896297999998154,0.0,0,success,True,doob_task,65937408,7,8,76071007,66088960,73000007,76,True,10,8,branch,0.0278987949999987
8,0.027848178000002832,0.0,0,success,True,doob_task,65937408,8,8,76071008,66088960,73000007,76,True,10,8,branch,0.027850645000000895
8,0.027719326999999794,0.0,0,success,True,doob_task,65937408,9,8,76071009,66088960,73000007,76,True,10,8,branch,0.027721813999988854
8,0.027757819999997935,0.0,0,success,True,deadline_generic,65937408,0,8,76071000,66088960,73000007,76,True,10,8,branch,0.027760316000012608
8,0.02801941799999952,0.0,0,success,True,deadline_task,65937408,0,8,76071000,66088960,73000007,76,True,10,8,branch,0.028021774000023925
10,0.03268727800000093,0.0,0,success,True,fixed_generic,65937408,0,10,76071100,66093056,73000007,76,True,11,10,branch,0.03268964699998378
10,0.03310882399999926,0.0,0,success,True,fixed_task,65937408,0,10,76071100,66093056,73000007,76,True,11,10,branch,0.03311972000000196
10,0.0327234660000002,0.0,0,success,True,doob_generic,65937408,0,10,76071100,66093056,73000007,76,True,11,10,branch,0.032755789999981744
10,0.032584265999997086,0.0,0,success,True,doob_generic,65937408,1,10,76071101,66093056,73000007,76,True,11,10,branch,0.032586756000000605
10,0.03262961999999803,0.0,0,success,True,doob_generic,65937408,2,10,76071102,66093056,73000007,76,True,11,10,branch,0.03263211999998816
10,0.03314436199999804,0.0,0,success,True,doob_generic,65937408,3,10,76071103,66093056,73000007,76,True,11,10,branch,0.033146940999984054
10,0.032903661999998945,0.0,0,success,True,doob_generic,65937408,4,10,76071104,66093056,73000007,76,True,11,10,branch,0.03290612099999635
10,0.03293928900000509,0.0,0,success,True,doob_generic,65937408,5,10,76071105,66093056,73000007,76,True,11,10,branch,0.0329416579999986
10,0.032669235000000185,0.0,0,success,True,doob_generic,65937408,6,10,76071106,66093056,73000007,76,True,11,10,branch,0.032679809000001114
10,0.0326309640000062,0.0,0,success,True,doob_generic,65937408,7,10,76071107,66093056,73000007,76,True,11,10,branch,0.03263336200001277
10,0.033011533999996345,0.0,0,success,True,doob_generic,65937408,8,10,76071108,66093056,73000007,76,True,11,10,branch,0.03301394300001448
10,0.03272717299999783,0.0,0,success,True,doob_generic,65937408,9,10,76071109,66093056,73000007,76,True,11,10,branch,0.03273731699999871
10,0.03303828300000333,0.0,0,success,True,doob_task,65937408,0,10,76071100,66093056,73000007,76,True,11,10,branch,0.033040773000010404
10,0.03274951499999901,0.0,0,success,True,doob_task,65937408,1,10,76071101,66093056,73000007,76,True,11,10,branch,0.03275206400002162
10,0.032806350000001316,0.0,0,success,True,doob_task,65937408,2,10,76071102,66093056,73000007,76,True,11,10,branch,0.03280884000000128
10,0.03263587300000381,0.0,0,success,True,doob_task,65937408,3,10,76071103,66093056,73000007,76,True,11,10,branch,0.03264165699999921
10,0.03295855499999334,0.0,0,success,True,doob_task,65937408,4,10,76071104,66093056,73000007,76,True,11,10,branch,0.03297023100000729
10,0.03258648999999991,0.0,0,success,True,doob_task,65937408,5,10,76071105,66093056,73000007,76,True,11,10,branch,0.032589089999987664
10,0.0327600939999968,0.0,0,success,True,doob_task,65937408,6,10,76071106,66093056,73000007,76,True,11,10,branch,0.03276261300001693
10,0.03271105299999988,0.0,0,success,True,doob_task,65937408,7,10,76071107,66093056,73000007,76,True,11,10,branch,0.032713652000012416
10,0.032726291999999546,0.0,0,success,True,doob_task,65937408,8,10,76071108,66093056,73000007,76,True,11,10,branch,0.032728800000001
10,0.0325898070000008,0.0,0,success,True,doob_task,65937408,9,10,76071109,66093056,73000007,76,True,11,10,branch,0.032602665000013076
10,0.03265743299999713,0.0,0,success,True,deadline_generic,65937408,0,10,76071100,66093056,73000007,76,True,11,10,branch,0.03265981200001988
10,0.03267227099999559,0.0,0,success,True,deadline_task,65937408,0,10,76071100,66093056,73000007,76,True,11,10,branch,0.03268901600000618
