exact-kernel	Set up job	﻿2026-09-14T23:22:25.9642254Z Current runner version: '2.337.0'
exact-kernel	Set up job	2026-09-14T23:22:25.9680156Z ##[group]Runner Image Provisioner
exact-kernel	Set up job	2026-09-14T23:22:25.9681803Z Hosted Compute Agent
exact-kernel	Set up job	2026-09-14T23:22:25.9682832Z Version: 20260828.587
exact-kernel	Set up job	2026-09-14T23:22:25.9684165Z Commit: abac92662cab4cc7352de4f9f9d2e2419aad9c29
exact-kernel	Set up job	2026-09-14T23:22:25.9685617Z Build Date: 2026-08-28T16:44:25Z
exact-kernel	Set up job	2026-09-14T23:22:25.9687041Z Worker ID: {2df6dc92-461d-4340-b50c-4e9245e3adaf}
exact-kernel	Set up job	2026-09-14T23:22:25.9688361Z Azure Region: eastus
exact-kernel	Set up job	2026-09-14T23:22:25.9689441Z ##[endgroup]
exact-kernel	Set up job	2026-09-14T23:22:25.9691840Z ##[group]Operating System
exact-kernel	Set up job	2026-09-14T23:22:25.9692942Z Ubuntu
exact-kernel	Set up job	2026-09-14T23:22:25.9694219Z 24.04.5
exact-kernel	Set up job	2026-09-14T23:22:25.9695117Z LTS
exact-kernel	Set up job	2026-09-14T23:22:25.9696659Z ##[endgroup]
exact-kernel	Set up job	2026-09-14T23:22:25.9697745Z ##[group]Runner Image
exact-kernel	Set up job	2026-09-14T23:22:25.9698963Z Image: ubuntu-24.04
exact-kernel	Set up job	2026-09-14T23:22:25.9700026Z Version: 20260907.300.1
exact-kernel	Set up job	2026-09-14T23:22:25.9701945Z Included Software: https://github.com/actions/runner-images/blob/ubuntu24/20260907.300/images/ubuntu/Ubuntu2404-Readme.md
exact-kernel	Set up job	2026-09-14T23:22:25.9705515Z Image Release: https://github.com/actions/runner-images/releases/tag/ubuntu24%2F20260907.300
exact-kernel	Set up job	2026-09-14T23:22:25.9707482Z ##[endgroup]
exact-kernel	Set up job	2026-09-14T23:22:25.9709316Z ##[group]GITHUB_TOKEN Permissions
exact-kernel	Set up job	2026-09-14T23:22:25.9712455Z Contents: read
exact-kernel	Set up job	2026-09-14T23:22:25.9713439Z Metadata: read
exact-kernel	Set up job	2026-09-14T23:22:25.9714862Z ##[endgroup]
exact-kernel	Set up job	2026-09-14T23:22:25.9718058Z Secret source: Actions
exact-kernel	Set up job	2026-09-14T23:22:25.9719838Z Cache mode: write
exact-kernel	Set up job	2026-09-14T23:22:25.9721430Z Prepare workflow directory
exact-kernel	Set up job	2026-09-14T23:22:26.0211320Z Prepare all required actions
exact-kernel	Set up job	2026-09-14T23:22:26.0283375Z Getting action download info
exact-kernel	Set up job	2026-09-14T23:22:26.2067437Z Download action repository 'actions/checkout@v4' (SHA:11d5960a326750d5838078e36cf38b85af677262)
exact-kernel	Set up job	2026-09-14T23:22:26.3061486Z Download action repository 'actions/setup-python@v5' (SHA:a26af69be951a213d495a4c3e4e4022e16d87065)
exact-kernel	Set up job	2026-09-14T23:22:26.4914537Z Complete job name: exact-kernel
exact-kernel	Run actions/checkout@v4	﻿2026-09-14T23:22:26.5644248Z Node 20 is being deprecated. This workflow is running with Node 24 by default. If you need to temporarily use Node 20, you can set the ACTIONS_ALLOW_USE_UNSECURE_NODE_VERSION=true environment variable. For more information see: https://github.blog/changelog/2025-09-19-deprecation-of-node-20-on-github-actions-runners/
exact-kernel	Run actions/checkout@v4	2026-09-14T23:22:26.5652917Z ##[group]Run actions/checkout@v4
exact-kernel	Run actions/checkout@v4	2026-09-14T23:22:26.5653979Z with:
exact-kernel	Run actions/checkout@v4	2026-09-14T23:22:26.5654571Z   repository: corcondor/mortra
exact-kernel	Run actions/checkout@v4	2026-09-14T23:22:26.5658267Z   token: ***
exact-kernel	Run actions/checkout@v4	2026-09-14T23:22:26.5658707Z   ssh-strict: true
exact-kernel	Run actions/checkout@v4	2026-09-14T23:22:26.5659150Z   ssh-user: git
exact-kernel	Run actions/checkout@v4	2026-09-14T23:22:26.5659603Z   persist-credentials: true
exact-kernel	Run actions/checkout@v4	2026-09-14T23:22:26.5660090Z   clean: true
exact-kernel	Run actions/checkout@v4	2026-09-14T23:22:26.5660537Z   sparse-checkout-cone-mode: true
exact-kernel	Run actions/checkout@v4	2026-09-14T23:22:26.5661060Z   fetch-depth: 1
exact-kernel	Run actions/checkout@v4	2026-09-14T23:22:26.5661490Z   fetch-tags: false
exact-kernel	Run actions/checkout@v4	2026-09-14T23:22:26.5661934Z   show-progress: true
exact-kernel	Run actions/checkout@v4	2026-09-14T23:22:26.5662372Z   lfs: false
exact-kernel	Run actions/checkout@v4	2026-09-14T23:22:26.5662777Z   submodules: false
exact-kernel	Run actions/checkout@v4	2026-09-14T23:22:26.5663262Z   set-safe-directory: true
exact-kernel	Run actions/checkout@v4	2026-09-14T23:22:26.5663929Z   allow-unsafe-pr-checkout: false
exact-kernel	Run actions/checkout@v4	2026-09-14T23:22:26.5664745Z ##[endgroup]
exact-kernel	Run actions/checkout@v4	2026-09-14T23:22:26.6631968Z Syncing repository: corcondor/mortra
exact-kernel	Run actions/checkout@v4	2026-09-14T23:22:26.6634579Z ##[group]Getting Git version info
exact-kernel	Run actions/checkout@v4	2026-09-14T23:22:26.6635336Z Working directory is '/home/runner/work/mortra/mortra'
exact-kernel	Run actions/checkout@v4	2026-09-14T23:22:26.6636319Z [command]/usr/bin/git version
exact-kernel	Run actions/checkout@v4	2026-09-14T23:22:26.6731815Z git version 2.55.0
exact-kernel	Run actions/checkout@v4	2026-09-14T23:22:26.6767220Z ##[endgroup]
exact-kernel	Run actions/checkout@v4	2026-09-14T23:22:26.6774799Z Temporarily overriding HOME='/home/runner/work/_temp/80bda575-f485-4541-915e-80646e301e49' before making global git config changes
exact-kernel	Run actions/checkout@v4	2026-09-14T23:22:26.6777336Z Adding repository directory to the temporary git global config as a safe directory
exact-kernel	Run actions/checkout@v4	2026-09-14T23:22:26.6779335Z [command]/usr/bin/git config --global --add safe.directory /home/runner/work/mortra/mortra
exact-kernel	Run actions/checkout@v4	2026-09-14T23:22:26.6838991Z Deleting the contents of '/home/runner/work/mortra/mortra'
exact-kernel	Run actions/checkout@v4	2026-09-14T23:22:26.6843991Z ##[group]Initializing the repository
exact-kernel	Run actions/checkout@v4	2026-09-14T23:22:26.6848010Z [command]/usr/bin/git init /home/runner/work/mortra/mortra
exact-kernel	Run actions/checkout@v4	2026-09-14T23:22:26.6955669Z hint: Using 'master' as the name for the initial branch. This default branch name
exact-kernel	Run actions/checkout@v4	2026-09-14T23:22:26.6957335Z hint: will change to "main" in Git 3.0. To configure the initial branch name
exact-kernel	Run actions/checkout@v4	2026-09-14T23:22:26.6974500Z hint: to use in all of your new repositories, which will suppress this warning,
exact-kernel	Run actions/checkout@v4	2026-09-14T23:22:26.6975399Z hint: call:
exact-kernel	Run actions/checkout@v4	2026-09-14T23:22:26.6975994Z hint:
exact-kernel	Run actions/checkout@v4	2026-09-14T23:22:26.6976822Z hint: 	git config --global init.defaultBranch <name>
exact-kernel	Run actions/checkout@v4	2026-09-14T23:22:26.6977824Z hint:
exact-kernel	Run actions/checkout@v4	2026-09-14T23:22:26.6978783Z hint: Names commonly chosen instead of 'master' are 'main', 'trunk' and
exact-kernel	Run actions/checkout@v4	2026-09-14T23:22:26.6980387Z hint: 'development'. The just-created branch can be renamed via this command:
exact-kernel	Run actions/checkout@v4	2026-09-14T23:22:26.6981951Z hint:
exact-kernel	Run actions/checkout@v4	2026-09-14T23:22:26.6982711Z hint: 	git branch -m <name>
exact-kernel	Run actions/checkout@v4	2026-09-14T23:22:26.6983848Z hint:
exact-kernel	Run actions/checkout@v4	2026-09-14T23:22:26.6985013Z hint: Disable this message with "git config set advice.defaultBranchName false"
exact-kernel	Run actions/checkout@v4	2026-09-14T23:22:26.6986867Z Initialized empty Git repository in /home/runner/work/mortra/mortra/.git/
exact-kernel	Run actions/checkout@v4	2026-09-14T23:22:26.6989601Z [command]/usr/bin/git remote add origin https://github.com/corcondor/mortra
exact-kernel	Run actions/checkout@v4	2026-09-14T23:22:26.7019992Z ##[endgroup]
exact-kernel	Run actions/checkout@v4	2026-09-14T23:22:26.7021297Z ##[group]Disabling automatic garbage collection
exact-kernel	Run actions/checkout@v4	2026-09-14T23:22:26.7023767Z [command]/usr/bin/git config --local gc.auto 0
exact-kernel	Run actions/checkout@v4	2026-09-14T23:22:26.7054201Z ##[endgroup]
exact-kernel	Run actions/checkout@v4	2026-09-14T23:22:26.7055551Z ##[group]Setting up auth
exact-kernel	Run actions/checkout@v4	2026-09-14T23:22:26.7060659Z [command]/usr/bin/git config --local --name-only --get-regexp core\.sshCommand
exact-kernel	Run actions/checkout@v4	2026-09-14T23:22:26.7092917Z [command]/usr/bin/git submodule foreach --recursive sh -c "git config --local --name-only --get-regexp 'core\.sshCommand' && git config --local --unset-all 'core.sshCommand' || :"
exact-kernel	Run actions/checkout@v4	2026-09-14T23:22:26.7450478Z [command]/usr/bin/git config --local --name-only --get-regexp http\.https\:\/\/github\.com\/\.extraheader
exact-kernel	Run actions/checkout@v4	2026-09-14T23:22:26.7490483Z [command]/usr/bin/git submodule foreach --recursive sh -c "git config --local --name-only --get-regexp 'http\.https\:\/\/github\.com\/\.extraheader' && git config --local --unset-all 'http.https://github.com/.extraheader' || :"
exact-kernel	Run actions/checkout@v4	2026-09-14T23:22:26.7721357Z [command]/usr/bin/git config --local --name-only --get-regexp ^includeIf\.gitdir:
exact-kernel	Run actions/checkout@v4	2026-09-14T23:22:26.7758193Z [command]/usr/bin/git submodule foreach --recursive git config --local --show-origin --name-only --get-regexp remote.origin.url
exact-kernel	Run actions/checkout@v4	2026-09-14T23:22:26.7982533Z [command]/usr/bin/git config --local http.https://github.com/.extraheader AUTHORIZATION: basic ***
exact-kernel	Run actions/checkout@v4	2026-09-14T23:22:26.8019685Z ##[endgroup]
exact-kernel	Run actions/checkout@v4	2026-09-14T23:22:26.8020704Z ##[group]Fetching the repository
exact-kernel	Run actions/checkout@v4	2026-09-14T23:22:26.8029915Z [command]/usr/bin/git -c protocol.version=2 fetch --no-tags --prune --no-recurse-submodules --depth=1 origin +f966f3efa4004be1b817c5fe08a412a86357f8e5:refs/remotes/origin/codex/geometry-semantic-feedback-20260915
exact-kernel	Run actions/checkout@v4	2026-09-14T23:22:32.2180420Z From https://github.com/corcondor/mortra
exact-kernel	Run actions/checkout@v4	2026-09-14T23:22:32.2183345Z  * [new ref]         f966f3efa4004be1b817c5fe08a412a86357f8e5 -> origin/codex/geometry-semantic-feedback-20260915
exact-kernel	Run actions/checkout@v4	2026-09-14T23:22:32.2188980Z ##[endgroup]
exact-kernel	Run actions/checkout@v4	2026-09-14T23:22:32.2190581Z ##[group]Determining the checkout info
exact-kernel	Run actions/checkout@v4	2026-09-14T23:22:32.2192361Z ##[endgroup]
exact-kernel	Run actions/checkout@v4	2026-09-14T23:22:32.2194492Z [command]/usr/bin/git sparse-checkout disable
exact-kernel	Run actions/checkout@v4	2026-09-14T23:22:32.2247483Z [command]/usr/bin/git config --local --unset-all extensions.worktreeConfig
exact-kernel	Run actions/checkout@v4	2026-09-14T23:22:32.2281563Z ##[group]Checking out the ref
exact-kernel	Run actions/checkout@v4	2026-09-14T23:22:32.2285615Z [command]/usr/bin/git checkout --progress --force -B codex/geometry-semantic-feedback-20260915 refs/remotes/origin/codex/geometry-semantic-feedback-20260915
exact-kernel	Run actions/checkout@v4	2026-09-14T23:22:33.2495335Z Updating files:  74% (2314/3110)
exact-kernel	Run actions/checkout@v4	2026-09-14T23:22:33.3341390Z Updating files:  75% (2333/3110)
exact-kernel	Run actions/checkout@v4	2026-09-14T23:22:33.5053348Z Updating files:  76% (2364/3110)
exact-kernel	Run actions/checkout@v4	2026-09-14T23:22:33.5074930Z Updating files:  77% (2395/3110)
exact-kernel	Run actions/checkout@v4	2026-09-14T23:22:33.5100508Z Updating files:  78% (2426/3110)
exact-kernel	Run actions/checkout@v4	2026-09-14T23:22:33.5131972Z Updating files:  79% (2457/3110)
exact-kernel	Run actions/checkout@v4	2026-09-14T23:22:33.5155827Z Updating files:  80% (2488/3110)
exact-kernel	Run actions/checkout@v4	2026-09-14T23:22:33.5177950Z Updating files:  81% (2520/3110)
exact-kernel	Run actions/checkout@v4	2026-09-14T23:22:33.5203203Z Updating files:  82% (2551/3110)
exact-kernel	Run actions/checkout@v4	2026-09-14T23:22:33.5222675Z Updating files:  83% (2582/3110)
exact-kernel	Run actions/checkout@v4	2026-09-14T23:22:33.5240559Z Updating files:  84% (2613/3110)
exact-kernel	Run actions/checkout@v4	2026-09-14T23:22:33.5261389Z Updating files:  85% (2644/3110)
exact-kernel	Run actions/checkout@v4	2026-09-14T23:22:33.5278579Z Updating files:  86% (2675/3110)
exact-kernel	Run actions/checkout@v4	2026-09-14T23:22:33.5296279Z Updating files:  87% (2706/3110)
exact-kernel	Run actions/checkout@v4	2026-09-14T23:22:33.5495214Z Updating files:  88% (2737/3110)
exact-kernel	Run actions/checkout@v4	2026-09-14T23:22:33.5527344Z Updating files:  89% (2768/3110)
exact-kernel	Run actions/checkout@v4	2026-09-14T23:22:33.5568941Z Updating files:  90% (2799/3110)
exact-kernel	Run actions/checkout@v4	2026-09-14T23:22:33.5597043Z Updating files:  91% (2831/3110)
exact-kernel	Run actions/checkout@v4	2026-09-14T23:22:33.5621034Z Updating files:  92% (2862/3110)
exact-kernel	Run actions/checkout@v4	2026-09-14T23:22:33.5637327Z Updating files:  93% (2893/3110)
exact-kernel	Run actions/checkout@v4	2026-09-14T23:22:33.5655643Z Updating files:  94% (2924/3110)
exact-kernel	Run actions/checkout@v4	2026-09-14T23:22:33.5673336Z Updating files:  95% (2955/3110)
exact-kernel	Run actions/checkout@v4	2026-09-14T23:22:33.5708408Z Updating files:  96% (2986/3110)
exact-kernel	Run actions/checkout@v4	2026-09-14T23:22:33.5730903Z Updating files:  97% (3017/3110)
exact-kernel	Run actions/checkout@v4	2026-09-14T23:22:33.5756502Z Updating files:  98% (3048/3110)
exact-kernel	Run actions/checkout@v4	2026-09-14T23:22:33.5782050Z Updating files:  99% (3079/3110)
exact-kernel	Run actions/checkout@v4	2026-09-14T23:22:33.5782486Z Updating files: 100% (3110/3110)
exact-kernel	Run actions/checkout@v4	2026-09-14T23:22:33.5782874Z Updating files: 100% (3110/3110), done.
exact-kernel	Run actions/checkout@v4	2026-09-14T23:22:33.5826833Z Switched to a new branch 'codex/geometry-semantic-feedback-20260915'
exact-kernel	Run actions/checkout@v4	2026-09-14T23:22:33.5833475Z branch 'codex/geometry-semantic-feedback-20260915' set up to track 'origin/codex/geometry-semantic-feedback-20260915'.
exact-kernel	Run actions/checkout@v4	2026-09-14T23:22:33.5910927Z ##[endgroup]
exact-kernel	Run actions/checkout@v4	2026-09-14T23:22:33.5958197Z [command]/usr/bin/git log -1 --format=%H
exact-kernel	Run actions/checkout@v4	2026-09-14T23:22:33.5985970Z f966f3efa4004be1b817c5fe08a412a86357f8e5
exact-kernel	Run actions/setup-python@v5	﻿2026-09-14T23:22:33.6259219Z Node 20 is being deprecated. This workflow is running with Node 24 by default. If you need to temporarily use Node 20, you can set the ACTIONS_ALLOW_USE_UNSECURE_NODE_VERSION=true environment variable. For more information see: https://github.blog/changelog/2025-09-19-deprecation-of-node-20-on-github-actions-runners/
exact-kernel	Run actions/setup-python@v5	2026-09-14T23:22:33.6261385Z ##[group]Run actions/setup-python@v5
exact-kernel	Run actions/setup-python@v5	2026-09-14T23:22:33.6261716Z with:
exact-kernel	Run actions/setup-python@v5	2026-09-14T23:22:33.6261960Z   python-version: 3.12
exact-kernel	Run actions/setup-python@v5	2026-09-14T23:22:33.6262226Z   cache: pip
exact-kernel	Run actions/setup-python@v5	2026-09-14T23:22:33.6262514Z   cache-dependency-path: worker/requirements.txt
exact-kernel	Run actions/setup-python@v5	2026-09-14T23:22:33.6262864Z   check-latest: false
exact-kernel	Run actions/setup-python@v5	2026-09-14T23:22:33.6265822Z   token: ***
exact-kernel	Run actions/setup-python@v5	2026-09-14T23:22:33.6266116Z   update-environment: true
exact-kernel	Run actions/setup-python@v5	2026-09-14T23:22:33.6266414Z   allow-prereleases: false
exact-kernel	Run actions/setup-python@v5	2026-09-14T23:22:33.6266686Z   freethreaded: false
exact-kernel	Run actions/setup-python@v5	2026-09-14T23:22:33.6266947Z ##[endgroup]
exact-kernel	Run actions/setup-python@v5	2026-09-14T23:22:33.7586129Z ##[group]Installed versions
exact-kernel	Run actions/setup-python@v5	2026-09-14T23:22:33.7672647Z (node:2230) [DEP0040] DeprecationWarning: The `punycode` module is deprecated. Please use a userland alternative instead.
exact-kernel	Run actions/setup-python@v5	2026-09-14T23:22:33.7673816Z (Use `node --trace-deprecation ...` to show where the warning was created)
exact-kernel	Run actions/setup-python@v5	2026-09-14T23:22:33.7674581Z Successfully set up CPython (3.12.14)
exact-kernel	Run actions/setup-python@v5	2026-09-14T23:22:33.7675492Z ##[endgroup]
exact-kernel	Run actions/setup-python@v5	2026-09-14T23:22:33.7977379Z [command]/opt/hostedtoolcache/Python/3.12.14/x64/bin/pip cache dir
exact-kernel	Run actions/setup-python@v5	2026-09-14T23:22:34.0980527Z /home/runner/.cache/pip
exact-kernel	Run actions/setup-python@v5	2026-09-14T23:22:34.1817027Z Cache hit for: setup-python-Linux-x64-24.04-Ubuntu-python-3.12.14-pip-bd76c237ce7d5d41afa20297fd51d42ba862c787f2ed2fb77c9a5b5f6f1f464e
exact-kernel	Run actions/setup-python@v5	2026-09-14T23:22:34.1918860Z (node:2230) [DEP0169] DeprecationWarning: `url.parse()` behavior is not standardized and prone to errors that have security implications. Use the WHATWG URL API instead. CVEs are not issued for `url.parse()` vulnerabilities.
exact-kernel	Run actions/setup-python@v5	2026-09-14T23:22:35.0863246Z Received 204199097 of 204199097 (100.0%), 223.1 MBs/sec
exact-kernel	Run actions/setup-python@v5	2026-09-14T23:22:35.0864935Z Cache Size: ~195 MB (204199097 B)
exact-kernel	Run actions/setup-python@v5	2026-09-14T23:22:35.0917141Z [command]/usr/bin/tar -xf /home/runner/work/_temp/41e3960c-f470-4256-9fd1-a1952fed4116/cache.tzst -P -C /home/runner/work/mortra/mortra --use-compress-program unzstd
exact-kernel	Run actions/setup-python@v5	2026-09-14T23:22:35.3948998Z Cache restored successfully
exact-kernel	Run actions/setup-python@v5	2026-09-14T23:22:35.4047676Z Cache restored from key: setup-python-Linux-x64-24.04-Ubuntu-python-3.12.14-pip-bd76c237ce7d5d41afa20297fd51d42ba862c787f2ed2fb77c9a5b5f6f1f464e
exact-kernel	Install symbolic test dependencies	﻿2026-09-14T23:22:35.4259628Z ##[group]Run pip install -r worker/requirements.txt pytest pandas pyarrow
exact-kernel	Install symbolic test dependencies	2026-09-14T23:22:35.4260285Z [36;1mpip install -r worker/requirements.txt pytest pandas pyarrow[0m
exact-kernel	Install symbolic test dependencies	2026-09-14T23:22:35.4302723Z shell: /usr/bin/bash -e {0}
exact-kernel	Install symbolic test dependencies	2026-09-14T23:22:35.4303027Z env:
exact-kernel	Install symbolic test dependencies	2026-09-14T23:22:35.4303318Z   pythonLocation: /opt/hostedtoolcache/Python/3.12.14/x64
exact-kernel	Install symbolic test dependencies	2026-09-14T23:22:35.4304199Z   PKG_CONFIG_PATH: /opt/hostedtoolcache/Python/3.12.14/x64/lib/pkgconfig
exact-kernel	Install symbolic test dependencies	2026-09-14T23:22:35.4304796Z   Python_ROOT_DIR: /opt/hostedtoolcache/Python/3.12.14/x64
exact-kernel	Install symbolic test dependencies	2026-09-14T23:22:35.4305237Z   Python2_ROOT_DIR: /opt/hostedtoolcache/Python/3.12.14/x64
exact-kernel	Install symbolic test dependencies	2026-09-14T23:22:35.4305643Z   Python3_ROOT_DIR: /opt/hostedtoolcache/Python/3.12.14/x64
exact-kernel	Install symbolic test dependencies	2026-09-14T23:22:35.4306050Z   LD_LIBRARY_PATH: /opt/hostedtoolcache/Python/3.12.14/x64/lib
exact-kernel	Install symbolic test dependencies	2026-09-14T23:22:35.4306406Z ##[endgroup]
exact-kernel	Install symbolic test dependencies	2026-09-14T23:22:36.1349046Z Collecting pytest
exact-kernel	Install symbolic test dependencies	2026-09-14T23:22:36.1928968Z   Downloading pytest-9.1.1-py3-none-any.whl.metadata (7.6 kB)
exact-kernel	Install symbolic test dependencies	2026-09-14T23:22:36.3169051Z Collecting pandas
exact-kernel	Install symbolic test dependencies	2026-09-14T23:22:36.3208506Z   Downloading pandas-3.0.5-cp312-cp312-manylinux_2_24_x86_64.manylinux_2_28_x86_64.whl.metadata (79 kB)
exact-kernel	Install symbolic test dependencies	2026-09-14T23:22:36.4790951Z Collecting pyarrow
exact-kernel	Install symbolic test dependencies	2026-09-14T23:22:36.4833046Z   Downloading pyarrow-25.0.1-cp312-cp312-manylinux_2_28_x86_64.whl.metadata (3.0 kB)
exact-kernel	Install symbolic test dependencies	2026-09-14T23:22:36.5008802Z Collecting sympy==1.14.0 (from -r worker/requirements.txt (line 1))
exact-kernel	Install symbolic test dependencies	2026-09-14T23:22:36.5020566Z   Using cached sympy-1.14.0-py3-none-any.whl.metadata (12 kB)
exact-kernel	Install symbolic test dependencies	2026-09-14T23:22:36.5131633Z Collecting antlr4-python3-runtime==4.11.* (from -r worker/requirements.txt (line 2))
exact-kernel	Install symbolic test dependencies	2026-09-14T23:22:36.5143792Z   Using cached antlr4_python3_runtime-4.11.1-py3-none-any.whl.metadata (291 bytes)
exact-kernel	Install symbolic test dependencies	2026-09-14T23:22:36.6773995Z Collecting Pillow<12,>=10 (from -r worker/requirements.txt (line 3))
exact-kernel	Install symbolic test dependencies	2026-09-14T23:22:36.6787779Z   Using cached pillow-11.3.0-cp312-cp312-manylinux_2_27_x86_64.manylinux_2_28_x86_64.whl.metadata (9.0 kB)
exact-kernel	Install symbolic test dependencies	2026-09-14T23:22:36.7170656Z Collecting cvc5==1.3.4 (from -r worker/requirements.txt (line 4))
exact-kernel	Install symbolic test dependencies	2026-09-14T23:22:36.7183120Z   Using cached cvc5-1.3.4-cp312-cp312-manylinux2014_x86_64.manylinux_2_17_x86_64.whl.metadata (757 bytes)
exact-kernel	Install symbolic test dependencies	2026-09-14T23:22:36.7553445Z Collecting egglog==13.2.0 (from -r worker/requirements.txt (line 5))
exact-kernel	Install symbolic test dependencies	2026-09-14T23:22:36.7566061Z   Using cached egglog-13.2.0-cp312-cp312-manylinux_2_17_x86_64.manylinux2014_x86_64.whl.metadata (4.7 kB)
exact-kernel	Install symbolic test dependencies	2026-09-14T23:22:36.9835415Z Collecting numpy<3,>=1.26 (from -r worker/requirements.txt (line 6))
exact-kernel	Install symbolic test dependencies	2026-09-14T23:22:36.9871431Z   Downloading numpy-2.5.3-cp312-cp312-manylinux_2_27_x86_64.manylinux_2_28_x86_64.whl.metadata (6.6 kB)
exact-kernel	Install symbolic test dependencies	2026-09-14T23:22:37.4224680Z Collecting scipy<2,>=1.13 (from -r worker/requirements.txt (line 7))
exact-kernel	Install symbolic test dependencies	2026-09-14T23:22:37.4238551Z   Using cached scipy-1.18.1-cp312-cp312-manylinux_2_27_x86_64.manylinux_2_28_x86_64.whl.metadata (62 kB)
exact-kernel	Install symbolic test dependencies	2026-09-14T23:22:37.6550865Z Collecting opencv-python-headless<5,>=4.10 (from -r worker/requirements.txt (line 8))
exact-kernel	Install symbolic test dependencies	2026-09-14T23:22:37.6563080Z   Using cached opencv_python_headless-4.14.0.94-cp37-abi3-manylinux_2_28_x86_64.whl.metadata (19 kB)
exact-kernel	Install symbolic test dependencies	2026-09-14T23:22:37.9570484Z Collecting mpmath<1.4,>=1.1.0 (from sympy==1.14.0->-r worker/requirements.txt (line 1))
exact-kernel	Install symbolic test dependencies	2026-09-14T23:22:37.9582546Z   Using cached mpmath-1.3.0-py3-none-any.whl.metadata (8.6 kB)
exact-kernel	Install symbolic test dependencies	2026-09-14T23:22:38.0066611Z Collecting typing-extensions (from egglog==13.2.0->-r worker/requirements.txt (line 5))
exact-kernel	Install symbolic test dependencies	2026-09-14T23:22:38.0078626Z   Using cached typing_extensions-4.16.0-py3-none-any.whl.metadata (3.3 kB)
exact-kernel	Install symbolic test dependencies	2026-09-14T23:22:38.0541038Z Collecting black (from egglog==13.2.0->-r worker/requirements.txt (line 5))
exact-kernel	Install symbolic test dependencies	2026-09-14T23:22:38.0553351Z   Using cached black-26.5.1-cp312-cp312-manylinux2014_x86_64.manylinux_2_17_x86_64.manylinux_2_28_x86_64.whl.metadata (95 kB)
exact-kernel	Install symbolic test dependencies	2026-09-14T23:22:38.0767637Z Collecting graphviz (from egglog==13.2.0->-r worker/requirements.txt (line 5))
exact-kernel	Install symbolic test dependencies	2026-09-14T23:22:38.0779924Z   Using cached graphviz-0.21-py3-none-any.whl.metadata (12 kB)
exact-kernel	Install symbolic test dependencies	2026-09-14T23:22:38.0937325Z Collecting anywidget (from egglog==13.2.0->-r worker/requirements.txt (line 5))
exact-kernel	Install symbolic test dependencies	2026-09-14T23:22:38.0949395Z   Using cached anywidget-0.11.0-py3-none-any.whl.metadata (8.9 kB)
exact-kernel	Install symbolic test dependencies	2026-09-14T23:22:38.1067353Z Collecting cloudpickle>=3 (from egglog==13.2.0->-r worker/requirements.txt (line 5))
exact-kernel	Install symbolic test dependencies	2026-09-14T23:22:38.1079412Z   Using cached cloudpickle-3.1.2-py3-none-any.whl.metadata (7.1 kB)
exact-kernel	Install symbolic test dependencies	2026-09-14T23:22:38.1257228Z Collecting opentelemetry-api (from egglog==13.2.0->-r worker/requirements.txt (line 5))
exact-kernel	Install symbolic test dependencies	2026-09-14T23:22:38.1269713Z   Using cached opentelemetry_api-1.44.0-py3-none-any.whl.metadata (1.4 kB)
exact-kernel	Install symbolic test dependencies	2026-09-14T23:22:38.1424005Z Collecting iniconfig>=1.0.1 (from pytest)
exact-kernel	Install symbolic test dependencies	2026-09-14T23:22:38.1455573Z   Downloading iniconfig-2.3.0-py3-none-any.whl.metadata (2.5 kB)
exact-kernel	Install symbolic test dependencies	2026-09-14T23:22:38.1599056Z Collecting packaging>=22 (from pytest)
exact-kernel	Install symbolic test dependencies	2026-09-14T23:22:38.1611222Z   Using cached packaging-26.3-py3-none-any.whl.metadata (3.5 kB)
exact-kernel	Install symbolic test dependencies	2026-09-14T23:22:38.1766032Z Collecting pluggy<2,>=1.5 (from pytest)
exact-kernel	Install symbolic test dependencies	2026-09-14T23:22:38.1797705Z   Downloading pluggy-1.6.0-py3-none-any.whl.metadata (4.8 kB)
exact-kernel	Install symbolic test dependencies	2026-09-14T23:22:38.1978955Z Collecting pygments>=2.7.2 (from pytest)
exact-kernel	Install symbolic test dependencies	2026-09-14T23:22:38.1991651Z   Using cached pygments-2.21.0-py3-none-any.whl.metadata (2.5 kB)
exact-kernel	Install symbolic test dependencies	2026-09-14T23:22:38.2190347Z Collecting python-dateutil>=2.8.2 (from pandas)
exact-kernel	Install symbolic test dependencies	2026-09-14T23:22:38.2236125Z   Downloading python_dateutil-2.9.0.post0-py2.py3-none-any.whl.metadata (8.4 kB)
exact-kernel	Install symbolic test dependencies	2026-09-14T23:22:38.2386783Z Collecting six>=1.5 (from python-dateutil>=2.8.2->pandas)
exact-kernel	Install symbolic test dependencies	2026-09-14T23:22:38.2416787Z   Downloading six-1.17.0-py2.py3-none-any.whl.metadata (1.7 kB)
exact-kernel	Install symbolic test dependencies	2026-09-14T23:22:38.2676481Z Collecting ipywidgets>=7.6.0 (from anywidget->egglog==13.2.0->-r worker/requirements.txt (line 5))
exact-kernel	Install symbolic test dependencies	2026-09-14T23:22:38.2687706Z   Using cached ipywidgets-8.1.9-py3-none-any.whl.metadata (2.4 kB)
exact-kernel	Install symbolic test dependencies	2026-09-14T23:22:38.3319274Z Collecting psygnal>=0.8.1 (from anywidget->egglog==13.2.0->-r worker/requirements.txt (line 5))
exact-kernel	Install symbolic test dependencies	2026-09-14T23:22:38.3381001Z   Downloading psygnal-0.16.1-cp312-cp312-manylinux2014_x86_64.manylinux_2_17_x86_64.manylinux_2_28_x86_64.whl.metadata (6.5 kB)
exact-kernel	Install symbolic test dependencies	2026-09-14T23:22:38.3506117Z Collecting comm>=0.1.3 (from ipywidgets>=7.6.0->anywidget->egglog==13.2.0->-r worker/requirements.txt (line 5))
exact-kernel	Install symbolic test dependencies	2026-09-14T23:22:38.3517084Z   Using cached comm-0.2.3-py3-none-any.whl.metadata (3.7 kB)
exact-kernel	Install symbolic test dependencies	2026-09-14T23:22:38.3835169Z Collecting ipython>=6.1.0 (from ipywidgets>=7.6.0->anywidget->egglog==13.2.0->-r worker/requirements.txt (line 5))
exact-kernel	Install symbolic test dependencies	2026-09-14T23:22:38.3846254Z   Using cached ipython-9.17.1-py3-none-any.whl.metadata (4.6 kB)
exact-kernel	Install symbolic test dependencies	2026-09-14T23:22:38.4017404Z Collecting traitlets>=4.3.1 (from ipywidgets>=7.6.0->anywidget->egglog==13.2.0->-r worker/requirements.txt (line 5))
exact-kernel	Install symbolic test dependencies	2026-09-14T23:22:38.4028442Z   Using cached traitlets-5.16.1-py3-none-any.whl.metadata (10 kB)
exact-kernel	Install symbolic test dependencies	2026-09-14T23:22:38.4258357Z Collecting widgetsnbextension~=4.0.16 (from ipywidgets>=7.6.0->anywidget->egglog==13.2.0->-r worker/requirements.txt (line 5))
exact-kernel	Install symbolic test dependencies	2026-09-14T23:22:38.4269670Z   Using cached widgetsnbextension-4.0.16-py3-none-any.whl.metadata (1.6 kB)
exact-kernel	Install symbolic test dependencies	2026-09-14T23:22:38.4430140Z Collecting jupyterlab_widgets~=3.0.17 (from ipywidgets>=7.6.0->anywidget->egglog==13.2.0->-r worker/requirements.txt (line 5))
exact-kernel	Install symbolic test dependencies	2026-09-14T23:22:38.4442055Z   Using cached jupyterlab_widgets-3.0.17-py3-none-any.whl.metadata (20 kB)
exact-kernel	Install symbolic test dependencies	2026-09-14T23:22:38.4567430Z Collecting ipython-pygments-lexers>=1.0.0 (from ipython>=6.1.0->ipywidgets>=7.6.0->anywidget->egglog==13.2.0->-r worker/requirements.txt (line 5))
exact-kernel	Install symbolic test dependencies	2026-09-14T23:22:38.4578634Z   Using cached ipython_pygments_lexers-1.1.1-py3-none-any.whl.metadata (1.1 kB)
exact-kernel	Install symbolic test dependencies	2026-09-14T23:22:38.4681565Z Collecting jedi>=0.18.2 (from ipython>=6.1.0->ipywidgets>=7.6.0->anywidget->egglog==13.2.0->-r worker/requirements.txt (line 5))
exact-kernel	Install symbolic test dependencies	2026-09-14T23:22:38.4693083Z   Using cached jedi-0.20.0-py2.py3-none-any.whl.metadata (23 kB)
exact-kernel	Install symbolic test dependencies	2026-09-14T23:22:38.4839331Z Collecting matplotlib-inline>=0.1.6 (from ipython>=6.1.0->ipywidgets>=7.6.0->anywidget->egglog==13.2.0->-r worker/requirements.txt (line 5))
exact-kernel	Install symbolic test dependencies	2026-09-14T23:22:38.4851543Z   Using cached matplotlib_inline-0.2.2-py3-none-any.whl.metadata (2.4 kB)
exact-kernel	Install symbolic test dependencies	2026-09-14T23:22:38.4944214Z Collecting pexpect>4.6 (from ipython>=6.1.0->ipywidgets>=7.6.0->anywidget->egglog==13.2.0->-r worker/requirements.txt (line 5))
exact-kernel	Install symbolic test dependencies	2026-09-14T23:22:38.4955669Z   Using cached pexpect-4.9.0-py2.py3-none-any.whl.metadata (2.5 kB)
exact-kernel	Install symbolic test dependencies	2026-09-14T23:22:38.5164995Z Collecting prompt_toolkit<3.1.0,>=3.0.41 (from ipython>=6.1.0->ipywidgets>=7.6.0->anywidget->egglog==13.2.0->-r worker/requirements.txt (line 5))
exact-kernel	Install symbolic test dependencies	2026-09-14T23:22:38.5175955Z   Using cached prompt_toolkit-3.0.53-py3-none-any.whl.metadata (6.4 kB)
exact-kernel	Install symbolic test dependencies	2026-09-14T23:22:38.5785098Z Collecting psutil>=7 (from ipython>=6.1.0->ipywidgets>=7.6.0->anywidget->egglog==13.2.0->-r worker/requirements.txt (line 5))
exact-kernel	Install symbolic test dependencies	2026-09-14T23:22:38.5797648Z   Using cached psutil-7.2.2-cp36-abi3-manylinux2010_x86_64.manylinux_2_12_x86_64.manylinux_2_28_x86_64.whl.metadata (22 kB)
exact-kernel	Install symbolic test dependencies	2026-09-14T23:22:38.5954775Z Collecting stack_data>=0.6.0 (from ipython>=6.1.0->ipywidgets>=7.6.0->anywidget->egglog==13.2.0->-r worker/requirements.txt (line 5))
exact-kernel	Install symbolic test dependencies	2026-09-14T23:22:38.5966315Z   Using cached stack_data-0.6.3-py3-none-any.whl.metadata (18 kB)
exact-kernel	Install symbolic test dependencies	2026-09-14T23:22:38.6116669Z Collecting wcwidth>=0.1.4 (from prompt_toolkit<3.1.0,>=3.0.41->ipython>=6.1.0->ipywidgets>=7.6.0->anywidget->egglog==13.2.0->-r worker/requirements.txt (line 5))
exact-kernel	Install symbolic test dependencies	2026-09-14T23:22:38.6127820Z   Using cached wcwidth-0.8.3-py3-none-any.whl.metadata (43 kB)
exact-kernel	Install symbolic test dependencies	2026-09-14T23:22:38.6266623Z Collecting parso<0.9.0,>=0.8.6 (from jedi>=0.18.2->ipython>=6.1.0->ipywidgets>=7.6.0->anywidget->egglog==13.2.0->-r worker/requirements.txt (line 5))
exact-kernel	Install symbolic test dependencies	2026-09-14T23:22:38.6277972Z   Using cached parso-0.8.7-py2.py3-none-any.whl.metadata (8.2 kB)
exact-kernel	Install symbolic test dependencies	2026-09-14T23:22:38.6401359Z Collecting ptyprocess>=0.5 (from pexpect>4.6->ipython>=6.1.0->ipywidgets>=7.6.0->anywidget->egglog==13.2.0->-r worker/requirements.txt (line 5))
exact-kernel	Install symbolic test dependencies	2026-09-14T23:22:38.6412394Z   Using cached ptyprocess-0.7.0-py2.py3-none-any.whl.metadata (1.3 kB)
exact-kernel	Install symbolic test dependencies	2026-09-14T23:22:38.6542741Z Collecting executing>=1.2.0 (from stack_data>=0.6.0->ipython>=6.1.0->ipywidgets>=7.6.0->anywidget->egglog==13.2.0->-r worker/requirements.txt (line 5))
exact-kernel	Install symbolic test dependencies	2026-09-14T23:22:38.6554085Z   Using cached executing-2.2.1-py2.py3-none-any.whl.metadata (8.9 kB)
exact-kernel	Install symbolic test dependencies	2026-09-14T23:22:38.6679930Z Collecting asttokens>=2.1.0 (from stack_data>=0.6.0->ipython>=6.1.0->ipywidgets>=7.6.0->anywidget->egglog==13.2.0->-r worker/requirements.txt (line 5))
exact-kernel	Install symbolic test dependencies	2026-09-14T23:22:38.6691557Z   Using cached asttokens-3.0.2-py3-none-any.whl.metadata (5.7 kB)
exact-kernel	Install symbolic test dependencies	2026-09-14T23:22:38.6788820Z Collecting pure-eval (from stack_data>=0.6.0->ipython>=6.1.0->ipywidgets>=7.6.0->anywidget->egglog==13.2.0->-r worker/requirements.txt (line 5))
exact-kernel	Install symbolic test dependencies	2026-09-14T23:22:38.6828083Z   Downloading pure_eval-0.2.4-py3-none-any.whl.metadata (6.4 kB)
exact-kernel	Install symbolic test dependencies	2026-09-14T23:22:38.7045421Z Collecting click>=8.0.0 (from black->egglog==13.2.0->-r worker/requirements.txt (line 5))
exact-kernel	Install symbolic test dependencies	2026-09-14T23:22:38.7056576Z   Using cached click-8.5.0-py3-none-any.whl.metadata (2.6 kB)
exact-kernel	Install symbolic test dependencies	2026-09-14T23:22:38.7139911Z Collecting mypy-extensions>=0.4.3 (from black->egglog==13.2.0->-r worker/requirements.txt (line 5))
exact-kernel	Install symbolic test dependencies	2026-09-14T23:22:38.7151277Z   Using cached mypy_extensions-1.1.0-py3-none-any.whl.metadata (1.1 kB)
exact-kernel	Install symbolic test dependencies	2026-09-14T23:22:38.7257374Z Collecting pathspec>=1.0.0 (from black->egglog==13.2.0->-r worker/requirements.txt (line 5))
exact-kernel	Install symbolic test dependencies	2026-09-14T23:22:38.7269052Z   Using cached pathspec-1.1.1-py3-none-any.whl.metadata (14 kB)
exact-kernel	Install symbolic test dependencies	2026-09-14T23:22:38.7446174Z Collecting platformdirs>=2 (from black->egglog==13.2.0->-r worker/requirements.txt (line 5))
exact-kernel	Install symbolic test dependencies	2026-09-14T23:22:38.7478939Z   Downloading platformdirs-4.11.8-py3-none-any.whl.metadata (5.5 kB)
exact-kernel	Install symbolic test dependencies	2026-09-14T23:22:38.7624738Z Collecting pytokens~=0.4.0 (from black->egglog==13.2.0->-r worker/requirements.txt (line 5))
exact-kernel	Install symbolic test dependencies	2026-09-14T23:22:38.7637460Z   Using cached pytokens-0.4.1-cp312-cp312-manylinux2014_x86_64.manylinux_2_17_x86_64.manylinux_2_28_x86_64.whl.metadata (3.8 kB)
exact-kernel	Install symbolic test dependencies	2026-09-14T23:22:38.7722216Z Using cached sympy-1.14.0-py3-none-any.whl (6.3 MB)
exact-kernel	Install symbolic test dependencies	2026-09-14T23:22:38.7757842Z Using cached cvc5-1.3.4-cp312-cp312-manylinux2014_x86_64.manylinux_2_17_x86_64.whl (13.7 MB)
exact-kernel	Install symbolic test dependencies	2026-09-14T23:22:38.7819814Z Using cached egglog-13.2.0-cp312-cp312-manylinux_2_17_x86_64.manylinux2014_x86_64.whl (48.6 MB)
exact-kernel	Install symbolic test dependencies	2026-09-14T23:22:38.8004580Z Using cached antlr4_python3_runtime-4.11.1-py3-none-any.whl (144 kB)
exact-kernel	Install symbolic test dependencies	2026-09-14T23:22:38.8016756Z Using cached pillow-11.3.0-cp312-cp312-manylinux_2_27_x86_64.manylinux_2_28_x86_64.whl (6.6 MB)
exact-kernel	Install symbolic test dependencies	2026-09-14T23:22:38.8105067Z Downloading numpy-2.5.3-cp312-cp312-manylinux_2_27_x86_64.manylinux_2_28_x86_64.whl (16.7 MB)
exact-kernel	Install symbolic test dependencies	2026-09-14T23:22:38.8911512Z    ━━━━━━━━━━━━━━━━━━━━━━━━━━━━━━━━━━━━━━━━ 16.7/16.7 MB 227.1 MB/s  0:00:00
exact-kernel	Install symbolic test dependencies	2026-09-14T23:22:38.8925288Z Using cached scipy-1.18.1-cp312-cp312-manylinux_2_27_x86_64.manylinux_2_28_x86_64.whl (35.3 MB)
exact-kernel	Install symbolic test dependencies	2026-09-14T23:22:38.9065506Z Using cached opencv_python_headless-4.14.0.94-cp37-abi3-manylinux_2_28_x86_64.whl (62.0 MB)
exact-kernel	Install symbolic test dependencies	2026-09-14T23:22:38.9296374Z Using cached mpmath-1.3.0-py3-none-any.whl (536 kB)
exact-kernel	Install symbolic test dependencies	2026-09-14T23:22:38.9335911Z Downloading pytest-9.1.1-py3-none-any.whl (386 kB)
exact-kernel	Install symbolic test dependencies	2026-09-14T23:22:38.9406414Z Downloading pluggy-1.6.0-py3-none-any.whl (20 kB)
exact-kernel	Install symbolic test dependencies	2026-09-14T23:22:38.9466023Z Downloading pandas-3.0.5-cp312-cp312-manylinux_2_24_x86_64.manylinux_2_28_x86_64.whl (11.0 MB)
exact-kernel	Install symbolic test dependencies	2026-09-14T23:22:38.9932739Z    ━━━━━━━━━━━━━━━━━━━━━━━━━━━━━━━━━━━━━━━━ 11.0/11.0 MB 250.7 MB/s  0:00:00
exact-kernel	Install symbolic test dependencies	2026-09-14T23:22:38.9970700Z Downloading pyarrow-25.0.1-cp312-cp312-manylinux_2_28_x86_64.whl (50.1 MB)
exact-kernel	Install symbolic test dependencies	2026-09-14T23:22:39.2042685Z    ━━━━━━━━━━━━━━━━━━━━━━━━━━━━━━━━━━━━━━━━ 50.1/50.1 MB 243.7 MB/s  0:00:00
exact-kernel	Install symbolic test dependencies	2026-09-14T23:22:39.2056645Z Using cached cloudpickle-3.1.2-py3-none-any.whl (22 kB)
exact-kernel	Install symbolic test dependencies	2026-09-14T23:22:39.2139084Z Downloading iniconfig-2.3.0-py3-none-any.whl (7.5 kB)
exact-kernel	Install symbolic test dependencies	2026-09-14T23:22:39.2170829Z Using cached packaging-26.3-py3-none-any.whl (129 kB)
exact-kernel	Install symbolic test dependencies	2026-09-14T23:22:39.2182832Z Using cached pygments-2.21.0-py3-none-any.whl (1.3 MB)
exact-kernel	Install symbolic test dependencies	2026-09-14T23:22:39.2231607Z Downloading python_dateutil-2.9.0.post0-py2.py3-none-any.whl (229 kB)
exact-kernel	Install symbolic test dependencies	2026-09-14T23:22:39.2340452Z Downloading six-1.17.0-py2.py3-none-any.whl (11 kB)
exact-kernel	Install symbolic test dependencies	2026-09-14T23:22:39.2372578Z Using cached anywidget-0.11.0-py3-none-any.whl (317 kB)
exact-kernel	Install symbolic test dependencies	2026-09-14T23:22:39.2385287Z Using cached ipywidgets-8.1.9-py3-none-any.whl (140 kB)
exact-kernel	Install symbolic test dependencies	2026-09-14T23:22:39.2397116Z Using cached jupyterlab_widgets-3.0.17-py3-none-any.whl (217 kB)
exact-kernel	Install symbolic test dependencies	2026-09-14T23:22:39.2409118Z Using cached widgetsnbextension-4.0.16-py3-none-any.whl (2.2 MB)
exact-kernel	Install symbolic test dependencies	2026-09-14T23:22:39.2428466Z Using cached comm-0.2.3-py3-none-any.whl (7.3 kB)
exact-kernel	Install symbolic test dependencies	2026-09-14T23:22:39.2439498Z Using cached ipython-9.17.1-py3-none-any.whl (639 kB)
exact-kernel	Install symbolic test dependencies	2026-09-14T23:22:39.2452831Z Using cached prompt_toolkit-3.0.53-py3-none-any.whl (392 kB)
exact-kernel	Install symbolic test dependencies	2026-09-14T23:22:39.2465937Z Using cached ipython_pygments_lexers-1.1.1-py3-none-any.whl (8.1 kB)
exact-kernel	Install symbolic test dependencies	2026-09-14T23:22:39.2477064Z Using cached jedi-0.20.0-py2.py3-none-any.whl (4.9 MB)
exact-kernel	Install symbolic test dependencies	2026-09-14T23:22:39.2506019Z Using cached parso-0.8.7-py2.py3-none-any.whl (107 kB)
exact-kernel	Install symbolic test dependencies	2026-09-14T23:22:39.2517935Z Using cached matplotlib_inline-0.2.2-py3-none-any.whl (9.5 kB)
exact-kernel	Install symbolic test dependencies	2026-09-14T23:22:39.2528905Z Using cached pexpect-4.9.0-py2.py3-none-any.whl (63 kB)
exact-kernel	Install symbolic test dependencies	2026-09-14T23:22:39.2540942Z Using cached psutil-7.2.2-cp36-abi3-manylinux2010_x86_64.manylinux_2_12_x86_64.manylinux_2_28_x86_64.whl (155 kB)
exact-kernel	Install symbolic test dependencies	2026-09-14T23:22:39.2616147Z Downloading psygnal-0.16.1-cp312-cp312-manylinux2014_x86_64.manylinux_2_17_x86_64.manylinux_2_28_x86_64.whl (548 kB)
exact-kernel	Install symbolic test dependencies	2026-09-14T23:22:39.2668922Z    ━━━━━━━━━━━━━━━━━━━━━━━━━━━━━━━━━━━━━━━━ 548.7/548.7 kB 92.4 MB/s  0:00:00
exact-kernel	Install symbolic test dependencies	2026-09-14T23:22:39.2680148Z Using cached ptyprocess-0.7.0-py2.py3-none-any.whl (13 kB)
exact-kernel	Install symbolic test dependencies	2026-09-14T23:22:39.2691557Z Using cached stack_data-0.6.3-py3-none-any.whl (24 kB)
exact-kernel	Install symbolic test dependencies	2026-09-14T23:22:39.2702933Z Using cached asttokens-3.0.2-py3-none-any.whl (28 kB)
exact-kernel	Install symbolic test dependencies	2026-09-14T23:22:39.2714771Z Using cached executing-2.2.1-py2.py3-none-any.whl (28 kB)
exact-kernel	Install symbolic test dependencies	2026-09-14T23:22:39.2726101Z Using cached traitlets-5.16.1-py3-none-any.whl (86 kB)
exact-kernel	Install symbolic test dependencies	2026-09-14T23:22:39.2737694Z Using cached typing_extensions-4.16.0-py3-none-any.whl (45 kB)
exact-kernel	Install symbolic test dependencies	2026-09-14T23:22:39.2749104Z Using cached wcwidth-0.8.3-py3-none-any.whl (331 kB)
exact-kernel	Install symbolic test dependencies	2026-09-14T23:22:39.2761920Z Using cached black-26.5.1-cp312-cp312-manylinux2014_x86_64.manylinux_2_17_x86_64.manylinux_2_28_x86_64.whl (1.9 MB)
exact-kernel	Install symbolic test dependencies	2026-09-14T23:22:39.2780091Z Using cached pytokens-0.4.1-cp312-cp312-manylinux2014_x86_64.manylinux_2_17_x86_64.manylinux_2_28_x86_64.whl (269 kB)
exact-kernel	Install symbolic test dependencies	2026-09-14T23:22:39.2792002Z Using cached click-8.5.0-py3-none-any.whl (125 kB)
exact-kernel	Install symbolic test dependencies	2026-09-14T23:22:39.2803904Z Using cached mypy_extensions-1.1.0-py3-none-any.whl (5.0 kB)
exact-kernel	Install symbolic test dependencies	2026-09-14T23:22:39.2815274Z Using cached pathspec-1.1.1-py3-none-any.whl (57 kB)
exact-kernel	Install symbolic test dependencies	2026-09-14T23:22:39.2862730Z Downloading platformdirs-4.11.8-py3-none-any.whl (24 kB)
exact-kernel	Install symbolic test dependencies	2026-09-14T23:22:39.2895931Z Using cached graphviz-0.21-py3-none-any.whl (47 kB)
exact-kernel	Install symbolic test dependencies	2026-09-14T23:22:39.2907321Z Using cached opentelemetry_api-1.44.0-py3-none-any.whl (60 kB)
exact-kernel	Install symbolic test dependencies	2026-09-14T23:22:39.2946137Z Downloading pure_eval-0.2.4-py3-none-any.whl (11 kB)
exact-kernel	Install symbolic test dependencies	2026-09-14T23:22:39.8870302Z Installing collected packages: pure-eval, ptyprocess, mpmath, cvc5, antlr4-python3-runtime, widgetsnbextension, wcwidth, typing-extensions, traitlets, sympy, six, pytokens, pygments, pyarrow, psygnal, psutil, pluggy, platformdirs, Pillow, pexpect, pathspec, parso, packaging, numpy, mypy-extensions, jupyterlab_widgets, iniconfig, graphviz, executing, comm, cloudpickle, click, asttokens, stack_data, scipy, python-dateutil, pytest, prompt_toolkit, opentelemetry-api, opencv-python-headless, matplotlib-inline, jedi, ipython-pygments-lexers, black, pandas, ipython, ipywidgets, anywidget, egglog
exact-kernel	Install symbolic test dependencies	2026-09-14T23:23:04.7701140Z 
exact-kernel	Install symbolic test dependencies	2026-09-14T23:23:04.7746430Z Successfully installed Pillow-11.3.0 antlr4-python3-runtime-4.11.1 anywidget-0.11.0 asttokens-3.0.2 black-26.5.1 click-8.5.0 cloudpickle-3.1.2 comm-0.2.3 cvc5-1.3.4 egglog-13.2.0 executing-2.2.1 graphviz-0.21 iniconfig-2.3.0 ipython-9.17.1 ipython-pygments-lexers-1.1.1 ipywidgets-8.1.9 jedi-0.20.0 jupyterlab_widgets-3.0.17 matplotlib-inline-0.2.2 mpmath-1.3.0 mypy-extensions-1.1.0 numpy-2.5.3 opencv-python-headless-4.14.0.94 opentelemetry-api-1.44.0 packaging-26.3 pandas-3.0.5 parso-0.8.7 pathspec-1.1.1 pexpect-4.9.0 platformdirs-4.11.8 pluggy-1.6.0 prompt_toolkit-3.0.53 psutil-7.2.2 psygnal-0.16.1 ptyprocess-0.7.0 pure-eval-0.2.4 pyarrow-25.0.1 pygments-2.21.0 pytest-9.1.1 python-dateutil-2.9.0.post0 pytokens-0.4.1 scipy-1.18.1 six-1.17.0 stack_data-0.6.3 sympy-1.14.0 traitlets-5.16.1 typing-extensions-4.16.0 wcwidth-0.8.3 widgetsnbextension-4.0.16
exact-kernel	Verify exact proposal, search, and proof gates	﻿2026-09-14T23:23:04.8897078Z ##[group]Run python -B -m pytest -q worker/backend/test_numerical_incidence_auxiliary.py worker/backend/test_typed_bidirectional_priority.py worker/backend/test_constructible_groebner.py worker/backend/test_wu_zero_decomposition.py worker/backend/test_typed_candidate_alignment.py worker/backend/test_typed_open_proof_dag.py tests/test_export_hageo409_jgex.py tests/test_finalize_geometry_proof_portfolio.py
exact-kernel	Verify exact proposal, search, and proof gates	2026-09-14T23:23:04.8899929Z [36;1mpython -B -m pytest -q worker/backend/test_numerical_incidence_auxiliary.py worker/backend/test_typed_bidirectional_priority.py worker/backend/test_constructible_groebner.py worker/backend/test_wu_zero_decomposition.py worker/backend/test_typed_candidate_alignment.py worker/backend/test_typed_open_proof_dag.py tests/test_export_hageo409_jgex.py tests/test_finalize_geometry_proof_portfolio.py[0m
exact-kernel	Verify exact proposal, search, and proof gates	2026-09-14T23:23:04.8939683Z shell: /usr/bin/bash -e {0}
exact-kernel	Verify exact proposal, search, and proof gates	2026-09-14T23:23:04.8939952Z env:
exact-kernel	Verify exact proposal, search, and proof gates	2026-09-14T23:23:04.8940234Z   pythonLocation: /opt/hostedtoolcache/Python/3.12.14/x64
exact-kernel	Verify exact proposal, search, and proof gates	2026-09-14T23:23:04.8940726Z   PKG_CONFIG_PATH: /opt/hostedtoolcache/Python/3.12.14/x64/lib/pkgconfig
exact-kernel	Verify exact proposal, search, and proof gates	2026-09-14T23:23:04.8941169Z   Python_ROOT_DIR: /opt/hostedtoolcache/Python/3.12.14/x64
exact-kernel	Verify exact proposal, search, and proof gates	2026-09-14T23:23:04.8941565Z   Python2_ROOT_DIR: /opt/hostedtoolcache/Python/3.12.14/x64
exact-kernel	Verify exact proposal, search, and proof gates	2026-09-14T23:23:04.8941977Z   Python3_ROOT_DIR: /opt/hostedtoolcache/Python/3.12.14/x64
exact-kernel	Verify exact proposal, search, and proof gates	2026-09-14T23:23:04.8942543Z   LD_LIBRARY_PATH: /opt/hostedtoolcache/Python/3.12.14/x64/lib
exact-kernel	Verify exact proposal, search, and proof gates	2026-09-14T23:23:04.8942877Z ##[endgroup]
exact-kernel	Verify exact proposal, search, and proof gates	2026-09-14T23:23:06.6293831Z ................................................................         [100%]
exact-kernel	Verify exact proposal, search, and proof gates	2026-09-14T23:23:06.6294495Z 64 passed in 1.42s
exact-kernel	Post Run actions/setup-python@v5	﻿2026-09-14T23:23:06.7603756Z Node 20 is being deprecated. This workflow is running with Node 24 by default. If you need to temporarily use Node 20, you can set the ACTIONS_ALLOW_USE_UNSECURE_NODE_VERSION=true environment variable. For more information see: https://github.blog/changelog/2025-09-19-deprecation-of-node-20-on-github-actions-runners/
exact-kernel	Post Run actions/setup-python@v5	2026-09-14T23:23:06.7605047Z Post job cleanup.
exact-kernel	Post Run actions/setup-python@v5	2026-09-14T23:23:06.8785919Z Cache hit occurred on the primary key setup-python-Linux-x64-24.04-Ubuntu-python-3.12.14-pip-bd76c237ce7d5d41afa20297fd51d42ba862c787f2ed2fb77c9a5b5f6f1f464e, not saving cache.
exact-kernel	Post Run actions/setup-python@v5	2026-09-14T23:23:06.8787475Z (node:2336) [DEP0040] DeprecationWarning: The `punycode` module is deprecated. Please use a userland alternative instead.
exact-kernel	Post Run actions/setup-python@v5	2026-09-14T23:23:06.8788451Z (Use `node --trace-deprecation ...` to show where the warning was created)
exact-kernel	Post Run actions/checkout@v4	﻿2026-09-14T23:23:06.8942685Z Node 20 is being deprecated. This workflow is running with Node 24 by default. If you need to temporarily use Node 20, you can set the ACTIONS_ALLOW_USE_UNSECURE_NODE_VERSION=true environment variable. For more information see: https://github.blog/changelog/2025-09-19-deprecation-of-node-20-on-github-actions-runners/
exact-kernel	Post Run actions/checkout@v4	2026-09-14T23:23:06.8944311Z Post job cleanup.
exact-kernel	Post Run actions/checkout@v4	2026-09-14T23:23:06.9780780Z [command]/usr/bin/git version
exact-kernel	Post Run actions/checkout@v4	2026-09-14T23:23:06.9824018Z git version 2.55.0
exact-kernel	Post Run actions/checkout@v4	2026-09-14T23:23:06.9862164Z Temporarily overriding HOME='/home/runner/work/_temp/3f58378a-39ad-4a01-a2cd-12282b62d0ea' before making global git config changes
exact-kernel	Post Run actions/checkout@v4	2026-09-14T23:23:06.9863693Z Adding repository directory to the temporary git global config as a safe directory
exact-kernel	Post Run actions/checkout@v4	2026-09-14T23:23:06.9867685Z [command]/usr/bin/git config --global --add safe.directory /home/runner/work/mortra/mortra
exact-kernel	Post Run actions/checkout@v4	2026-09-14T23:23:06.9906213Z [command]/usr/bin/git config --local --name-only --get-regexp core\.sshCommand
exact-kernel	Post Run actions/checkout@v4	2026-09-14T23:23:06.9940741Z [command]/usr/bin/git submodule foreach --recursive sh -c "git config --local --name-only --get-regexp 'core\.sshCommand' && git config --local --unset-all 'core.sshCommand' || :"
exact-kernel	Post Run actions/checkout@v4	2026-09-14T23:23:07.0195613Z [command]/usr/bin/git config --local --name-only --get-regexp http\.https\:\/\/github\.com\/\.extraheader
exact-kernel	Post Run actions/checkout@v4	2026-09-14T23:23:07.0221604Z http.https://github.com/.extraheader
exact-kernel	Post Run actions/checkout@v4	2026-09-14T23:23:07.0236971Z [command]/usr/bin/git config --local --unset-all http.https://github.com/.extraheader
exact-kernel	Post Run actions/checkout@v4	2026-09-14T23:23:07.0275732Z [command]/usr/bin/git submodule foreach --recursive sh -c "git config --local --name-only --get-regexp 'http\.https\:\/\/github\.com\/\.extraheader' && git config --local --unset-all 'http.https://github.com/.extraheader' || :"
exact-kernel	Post Run actions/checkout@v4	2026-09-14T23:23:07.0564638Z [command]/usr/bin/git config --local --name-only --get-regexp ^includeIf\.gitdir:
exact-kernel	Post Run actions/checkout@v4	2026-09-14T23:23:07.0620329Z [command]/usr/bin/git submodule foreach --recursive git config --local --show-origin --name-only --get-regexp remote.origin.url
exact-kernel	Complete job	﻿2026-09-14T23:23:07.1040064Z Cleaning up orphan processes
exact-kernel	Complete job	2026-09-14T23:23:07.1419814Z ##[warning]Node.js 20 is deprecated. The following actions target Node.js 20 but are being forced to run on Node.js 24: actions/checkout@v4, actions/setup-python@v5. For more information see: https://github.blog/changelog/2025-09-19-deprecation-of-node-20-on-github-actions-runners/
semantic-feedback	Set up job	﻿2026-09-14T23:22:26.9407754Z Current runner version: '2.337.0'
semantic-feedback	Set up job	2026-09-14T23:22:26.9424893Z ##[group]Runner Image Provisioner
semantic-feedback	Set up job	2026-09-14T23:22:26.9425457Z Hosted Compute Agent
semantic-feedback	Set up job	2026-09-14T23:22:26.9425911Z Version: 20260828.587
semantic-feedback	Set up job	2026-09-14T23:22:26.9426283Z Commit: abac92662cab4cc7352de4f9f9d2e2419aad9c29
semantic-feedback	Set up job	2026-09-14T23:22:26.9426697Z Build Date: 2026-08-28T16:44:25Z
semantic-feedback	Set up job	2026-09-14T23:22:26.9427140Z Worker ID: {8d87e1ee-92ba-4416-b213-6e82a1df83b0}
semantic-feedback	Set up job	2026-09-14T23:22:26.9427579Z Azure Region: westus3
semantic-feedback	Set up job	2026-09-14T23:22:26.9427939Z ##[endgroup]
semantic-feedback	Set up job	2026-09-14T23:22:26.9428669Z ##[group]Operating System
semantic-feedback	Set up job	2026-09-14T23:22:26.9429022Z Ubuntu
semantic-feedback	Set up job	2026-09-14T23:22:26.9429366Z 24.04.5
semantic-feedback	Set up job	2026-09-14T23:22:26.9429700Z LTS
semantic-feedback	Set up job	2026-09-14T23:22:26.9430055Z ##[endgroup]
semantic-feedback	Set up job	2026-09-14T23:22:26.9430387Z ##[group]Runner Image
semantic-feedback	Set up job	2026-09-14T23:22:26.9430732Z Image: ubuntu-24.04
semantic-feedback	Set up job	2026-09-14T23:22:26.9431101Z Version: 20260907.300.1
semantic-feedback	Set up job	2026-09-14T23:22:26.9431854Z Included Software: https://github.com/actions/runner-images/blob/ubuntu24/20260907.300/images/ubuntu/Ubuntu2404-Readme.md
semantic-feedback	Set up job	2026-09-14T23:22:26.9433160Z Image Release: https://github.com/actions/runner-images/releases/tag/ubuntu24%2F20260907.300
semantic-feedback	Set up job	2026-09-14T23:22:26.9433706Z ##[endgroup]
semantic-feedback	Set up job	2026-09-14T23:22:26.9434419Z ##[group]GITHUB_TOKEN Permissions
semantic-feedback	Set up job	2026-09-14T23:22:26.9435554Z Contents: read
semantic-feedback	Set up job	2026-09-14T23:22:26.9435946Z Metadata: read
semantic-feedback	Set up job	2026-09-14T23:22:26.9436274Z ##[endgroup]
semantic-feedback	Set up job	2026-09-14T23:22:26.9437488Z Secret source: Actions
semantic-feedback	Set up job	2026-09-14T23:22:26.9438115Z Cache mode: write
semantic-feedback	Set up job	2026-09-14T23:22:26.9438501Z Prepare workflow directory
semantic-feedback	Set up job	2026-09-14T23:22:26.9750227Z Prepare all required actions
semantic-feedback	Set up job	2026-09-14T23:22:26.9780750Z Getting action download info
semantic-feedback	Set up job	2026-09-14T23:22:27.2859510Z Download action repository 'actions/checkout@v4' (SHA:11d5960a326750d5838078e36cf38b85af677262)
semantic-feedback	Set up job	2026-09-14T23:22:27.4102067Z Download action repository 'actions/setup-python@v5' (SHA:a26af69be951a213d495a4c3e4e4022e16d87065)
semantic-feedback	Set up job	2026-09-14T23:22:27.5141359Z Download action repository 'actions/upload-artifact@v4' (SHA:ea165f8d65b6e75b540449e92b4886f43607fa02)
semantic-feedback	Set up job	2026-09-14T23:22:27.8035317Z Complete job name: semantic-feedback
semantic-feedback	Run actions/checkout@v4	﻿2026-09-14T23:22:27.8495722Z Node 20 is being deprecated. This workflow is running with Node 24 by default. If you need to temporarily use Node 20, you can set the ACTIONS_ALLOW_USE_UNSECURE_NODE_VERSION=true environment variable. For more information see: https://github.blog/changelog/2025-09-19-deprecation-of-node-20-on-github-actions-runners/
semantic-feedback	Run actions/checkout@v4	2026-09-14T23:22:27.8506239Z ##[group]Run actions/checkout@v4
semantic-feedback	Run actions/checkout@v4	2026-09-14T23:22:27.8507702Z with:
semantic-feedback	Run actions/checkout@v4	2026-09-14T23:22:27.8507997Z   repository: corcondor/mortra
semantic-feedback	Run actions/checkout@v4	2026-09-14T23:22:27.8513816Z   token: ***
semantic-feedback	Run actions/checkout@v4	2026-09-14T23:22:27.8514049Z   ssh-strict: true
semantic-feedback	Run actions/checkout@v4	2026-09-14T23:22:27.8515590Z   ssh-user: git
semantic-feedback	Run actions/checkout@v4	2026-09-14T23:22:27.8515856Z   persist-credentials: true
semantic-feedback	Run actions/checkout@v4	2026-09-14T23:22:27.8517082Z   clean: true
semantic-feedback	Run actions/checkout@v4	2026-09-14T23:22:27.8517367Z   sparse-checkout-cone-mode: true
semantic-feedback	Run actions/checkout@v4	2026-09-14T23:22:27.8517654Z   fetch-depth: 1
semantic-feedback	Run actions/checkout@v4	2026-09-14T23:22:27.8517893Z   fetch-tags: false
semantic-feedback	Run actions/checkout@v4	2026-09-14T23:22:27.8519395Z   show-progress: true
semantic-feedback	Run actions/checkout@v4	2026-09-14T23:22:27.8519747Z   lfs: false
semantic-feedback	Run actions/checkout@v4	2026-09-14T23:22:27.8519975Z   submodules: false
semantic-feedback	Run actions/checkout@v4	2026-09-14T23:22:27.8520259Z   set-safe-directory: true
semantic-feedback	Run actions/checkout@v4	2026-09-14T23:22:27.8520534Z   allow-unsafe-pr-checkout: false
semantic-feedback	Run actions/checkout@v4	2026-09-14T23:22:27.8520883Z env:
semantic-feedback	Run actions/checkout@v4	2026-09-14T23:22:27.8521103Z   PYTHONHASHSEED: 0
semantic-feedback	Run actions/checkout@v4	2026-09-14T23:22:27.8521458Z   EXPERIMENT_CONFIG: configs/theory-geometry-complete-revalidation.json
semantic-feedback	Run actions/checkout@v4	2026-09-14T23:22:27.8521939Z ##[endgroup]
semantic-feedback	Run actions/checkout@v4	2026-09-14T23:22:27.9714161Z Syncing repository: corcondor/mortra
semantic-feedback	Run actions/checkout@v4	2026-09-14T23:22:27.9715851Z ##[group]Getting Git version info
semantic-feedback	Run actions/checkout@v4	2026-09-14T23:22:27.9716421Z Working directory is '/home/runner/work/mortra/mortra'
semantic-feedback	Run actions/checkout@v4	2026-09-14T23:22:27.9717244Z [command]/usr/bin/git version
semantic-feedback	Run actions/checkout@v4	2026-09-14T23:22:28.0540075Z git version 2.55.0
semantic-feedback	Run actions/checkout@v4	2026-09-14T23:22:28.0554974Z ##[endgroup]
semantic-feedback	Run actions/checkout@v4	2026-09-14T23:22:28.0565944Z Temporarily overriding HOME='/home/runner/work/_temp/babe3d56-f9c4-4db4-ab6e-274ce7aa1810' before making global git config changes
semantic-feedback	Run actions/checkout@v4	2026-09-14T23:22:28.0569868Z Adding repository directory to the temporary git global config as a safe directory
semantic-feedback	Run actions/checkout@v4	2026-09-14T23:22:28.0570762Z [command]/usr/bin/git config --global --add safe.directory /home/runner/work/mortra/mortra
semantic-feedback	Run actions/checkout@v4	2026-09-14T23:22:28.0623559Z Deleting the contents of '/home/runner/work/mortra/mortra'
semantic-feedback	Run actions/checkout@v4	2026-09-14T23:22:28.0626338Z ##[group]Initializing the repository
semantic-feedback	Run actions/checkout@v4	2026-09-14T23:22:28.0629226Z [command]/usr/bin/git init /home/runner/work/mortra/mortra
semantic-feedback	Run actions/checkout@v4	2026-09-14T23:22:28.0746624Z hint: Using 'master' as the name for the initial branch. This default branch name
semantic-feedback	Run actions/checkout@v4	2026-09-14T23:22:28.0747186Z hint: will change to "main" in Git 3.0. To configure the initial branch name
semantic-feedback	Run actions/checkout@v4	2026-09-14T23:22:28.0747689Z hint: to use in all of your new repositories, which will suppress this warning,
semantic-feedback	Run actions/checkout@v4	2026-09-14T23:22:28.0748085Z hint: call:
semantic-feedback	Run actions/checkout@v4	2026-09-14T23:22:28.0748309Z hint:
semantic-feedback	Run actions/checkout@v4	2026-09-14T23:22:28.0748599Z hint: 	git config --global init.defaultBranch <name>
semantic-feedback	Run actions/checkout@v4	2026-09-14T23:22:28.0749028Z hint:
semantic-feedback	Run actions/checkout@v4	2026-09-14T23:22:28.0749514Z hint: Names commonly chosen instead of 'master' are 'main', 'trunk' and
semantic-feedback	Run actions/checkout@v4	2026-09-14T23:22:28.0750335Z hint: 'development'. The just-created branch can be renamed via this command:
semantic-feedback	Run actions/checkout@v4	2026-09-14T23:22:28.0750974Z hint:
semantic-feedback	Run actions/checkout@v4	2026-09-14T23:22:28.0751319Z hint: 	git branch -m <name>
semantic-feedback	Run actions/checkout@v4	2026-09-14T23:22:28.0751862Z hint:
semantic-feedback	Run actions/checkout@v4	2026-09-14T23:22:28.0752413Z hint: Disable this message with "git config set advice.defaultBranchName false"
semantic-feedback	Run actions/checkout@v4	2026-09-14T23:22:28.0752986Z Initialized empty Git repository in /home/runner/work/mortra/mortra/.git/
semantic-feedback	Run actions/checkout@v4	2026-09-14T23:22:28.0758650Z [command]/usr/bin/git remote add origin https://github.com/corcondor/mortra
semantic-feedback	Run actions/checkout@v4	2026-09-14T23:22:28.0837486Z ##[endgroup]
semantic-feedback	Run actions/checkout@v4	2026-09-14T23:22:28.0837929Z ##[group]Disabling automatic garbage collection
semantic-feedback	Run actions/checkout@v4	2026-09-14T23:22:28.0840047Z [command]/usr/bin/git config --local gc.auto 0
semantic-feedback	Run actions/checkout@v4	2026-09-14T23:22:28.0868025Z ##[endgroup]
semantic-feedback	Run actions/checkout@v4	2026-09-14T23:22:28.0869044Z ##[group]Setting up auth
semantic-feedback	Run actions/checkout@v4	2026-09-14T23:22:28.0872995Z [command]/usr/bin/git config --local --name-only --get-regexp core\.sshCommand
semantic-feedback	Run actions/checkout@v4	2026-09-14T23:22:28.0900930Z [command]/usr/bin/git submodule foreach --recursive sh -c "git config --local --name-only --get-regexp 'core\.sshCommand' && git config --local --unset-all 'core.sshCommand' || :"
semantic-feedback	Run actions/checkout@v4	2026-09-14T23:22:28.5336828Z [command]/usr/bin/git config --local --name-only --get-regexp http\.https\:\/\/github\.com\/\.extraheader
semantic-feedback	Run actions/checkout@v4	2026-09-14T23:22:28.5367833Z [command]/usr/bin/git submodule foreach --recursive sh -c "git config --local --name-only --get-regexp 'http\.https\:\/\/github\.com\/\.extraheader' && git config --local --unset-all 'http.https://github.com/.extraheader' || :"
semantic-feedback	Run actions/checkout@v4	2026-09-14T23:22:28.5549637Z [command]/usr/bin/git config --local --name-only --get-regexp ^includeIf\.gitdir:
semantic-feedback	Run actions/checkout@v4	2026-09-14T23:22:28.5576575Z [command]/usr/bin/git submodule foreach --recursive git config --local --show-origin --name-only --get-regexp remote.origin.url
semantic-feedback	Run actions/checkout@v4	2026-09-14T23:22:28.5739043Z [command]/usr/bin/git config --local http.https://github.com/.extraheader AUTHORIZATION: basic ***
semantic-feedback	Run actions/checkout@v4	2026-09-14T23:22:28.5767520Z ##[endgroup]
semantic-feedback	Run actions/checkout@v4	2026-09-14T23:22:28.5768558Z ##[group]Fetching the repository
semantic-feedback	Run actions/checkout@v4	2026-09-14T23:22:28.5774518Z [command]/usr/bin/git -c protocol.version=2 fetch --no-tags --prune --no-recurse-submodules --depth=1 origin +f966f3efa4004be1b817c5fe08a412a86357f8e5:refs/remotes/origin/codex/geometry-semantic-feedback-20260915
semantic-feedback	Run actions/checkout@v4	2026-09-14T23:22:35.4600698Z From https://github.com/corcondor/mortra
semantic-feedback	Run actions/checkout@v4	2026-09-14T23:22:35.4601437Z  * [new ref]         f966f3efa4004be1b817c5fe08a412a86357f8e5 -> origin/codex/geometry-semantic-feedback-20260915
semantic-feedback	Run actions/checkout@v4	2026-09-14T23:22:35.4604970Z ##[endgroup]
semantic-feedback	Run actions/checkout@v4	2026-09-14T23:22:35.4605446Z ##[group]Determining the checkout info
semantic-feedback	Run actions/checkout@v4	2026-09-14T23:22:35.4605925Z ##[endgroup]
semantic-feedback	Run actions/checkout@v4	2026-09-14T23:22:35.4610536Z [command]/usr/bin/git sparse-checkout disable
semantic-feedback	Run actions/checkout@v4	2026-09-14T23:22:35.4655924Z [command]/usr/bin/git config --local --unset-all extensions.worktreeConfig
semantic-feedback	Run actions/checkout@v4	2026-09-14T23:22:35.4684688Z ##[group]Checking out the ref
semantic-feedback	Run actions/checkout@v4	2026-09-14T23:22:35.4687088Z [command]/usr/bin/git checkout --progress --force -B codex/geometry-semantic-feedback-20260915 refs/remotes/origin/codex/geometry-semantic-feedback-20260915
semantic-feedback	Run actions/checkout@v4	2026-09-14T23:22:36.4752438Z Updating files:  94% (2944/3110)
semantic-feedback	Run actions/checkout@v4	2026-09-14T23:22:36.4766876Z Updating files:  95% (2955/3110)
semantic-feedback	Run actions/checkout@v4	2026-09-14T23:22:36.4798528Z Updating files:  96% (2986/3110)
semantic-feedback	Run actions/checkout@v4	2026-09-14T23:22:36.4819971Z Updating files:  97% (3017/3110)
semantic-feedback	Run actions/checkout@v4	2026-09-14T23:22:36.4844634Z Updating files:  98% (3048/3110)
semantic-feedback	Run actions/checkout@v4	2026-09-14T23:22:36.4868369Z Updating files:  99% (3079/3110)
semantic-feedback	Run actions/checkout@v4	2026-09-14T23:22:36.4868827Z Updating files: 100% (3110/3110)
semantic-feedback	Run actions/checkout@v4	2026-09-14T23:22:36.4869898Z Updating files: 100% (3110/3110), done.
semantic-feedback	Run actions/checkout@v4	2026-09-14T23:22:36.5622557Z Switched to a new branch 'codex/geometry-semantic-feedback-20260915'
semantic-feedback	Run actions/checkout@v4	2026-09-14T23:22:36.5627383Z branch 'codex/geometry-semantic-feedback-20260915' set up to track 'origin/codex/geometry-semantic-feedback-20260915'.
semantic-feedback	Run actions/checkout@v4	2026-09-14T23:22:36.5699178Z ##[endgroup]
semantic-feedback	Run actions/checkout@v4	2026-09-14T23:22:36.5743366Z [command]/usr/bin/git log -1 --format=%H
semantic-feedback	Run actions/checkout@v4	2026-09-14T23:22:36.5768122Z f966f3efa4004be1b817c5fe08a412a86357f8e5
semantic-feedback	Run actions/setup-python@v5	﻿2026-09-14T23:22:36.5952707Z Node 20 is being deprecated. This workflow is running with Node 24 by default. If you need to temporarily use Node 20, you can set the ACTIONS_ALLOW_USE_UNSECURE_NODE_VERSION=true environment variable. For more information see: https://github.blog/changelog/2025-09-19-deprecation-of-node-20-on-github-actions-runners/
semantic-feedback	Run actions/setup-python@v5	2026-09-14T23:22:36.5953817Z ##[group]Run actions/setup-python@v5
semantic-feedback	Run actions/setup-python@v5	2026-09-14T23:22:36.5954002Z with:
semantic-feedback	Run actions/setup-python@v5	2026-09-14T23:22:36.5954128Z   python-version: 3.12
semantic-feedback	Run actions/setup-python@v5	2026-09-14T23:22:36.5954256Z   cache: pip
semantic-feedback	Run actions/setup-python@v5	2026-09-14T23:22:36.5954502Z   cache-dependency-path: requirements.txt
semantic-feedback	Run actions/setup-python@v5	requirements-test.txt
semantic-feedback	Run actions/setup-python@v5	requirements-geometry-contracts.txt
semantic-feedback	Run actions/setup-python@v5	
semantic-feedback	Run actions/setup-python@v5	2026-09-14T23:22:36.5954802Z   check-latest: false
semantic-feedback	Run actions/setup-python@v5	2026-09-14T23:22:36.5956417Z   token: ***
semantic-feedback	Run actions/setup-python@v5	2026-09-14T23:22:36.5956542Z   update-environment: true
semantic-feedback	Run actions/setup-python@v5	2026-09-14T23:22:36.5956688Z   allow-prereleases: false
semantic-feedback	Run actions/setup-python@v5	2026-09-14T23:22:36.5956823Z   freethreaded: false
semantic-feedback	Run actions/setup-python@v5	2026-09-14T23:22:36.5956947Z env:
semantic-feedback	Run actions/setup-python@v5	2026-09-14T23:22:36.5957060Z   PYTHONHASHSEED: 0
semantic-feedback	Run actions/setup-python@v5	2026-09-14T23:22:36.5957251Z   EXPERIMENT_CONFIG: configs/theory-geometry-complete-revalidation.json
semantic-feedback	Run actions/setup-python@v5	2026-09-14T23:22:36.5957502Z ##[endgroup]
semantic-feedback	Run actions/setup-python@v5	2026-09-14T23:22:36.6902815Z ##[group]Installed versions
semantic-feedback	Run actions/setup-python@v5	2026-09-14T23:22:36.6996718Z (node:2055) [DEP0040] DeprecationWarning: The `punycode` module is deprecated. Please use a userland alternative instead.
semantic-feedback	Run actions/setup-python@v5	2026-09-14T23:22:36.6997184Z (Use `node --trace-deprecation ...` to show where the warning was created)
semantic-feedback	Run actions/setup-python@v5	2026-09-14T23:22:36.6997800Z Successfully set up CPython (3.12.14)
semantic-feedback	Run actions/setup-python@v5	2026-09-14T23:22:36.6998212Z ##[endgroup]
semantic-feedback	Run actions/setup-python@v5	2026-09-14T23:22:36.7257734Z [command]/opt/hostedtoolcache/Python/3.12.14/x64/bin/pip cache dir
semantic-feedback	Run actions/setup-python@v5	2026-09-14T23:22:37.5990548Z /home/runner/.cache/pip
semantic-feedback	Run actions/setup-python@v5	2026-09-14T23:22:37.8495301Z Cache hit for: setup-python-Linux-x64-24.04-Ubuntu-python-3.12.14-pip-cd936e086ff7412a5a0b52a3ea9c94e7404062248816aa0c215801d4be219b70
semantic-feedback	Run actions/setup-python@v5	2026-09-14T23:22:37.8570860Z (node:2055) [DEP0169] DeprecationWarning: `url.parse()` behavior is not standardized and prone to errors that have security implications. Use the WHATWG URL API instead. CVEs are not issued for `url.parse()` vulnerabilities.
semantic-feedback	Run actions/setup-python@v5	2026-09-14T23:22:39.0855087Z Received 37748736 of 345124011 (10.9%), 36.0 MBs/sec
semantic-feedback	Run actions/setup-python@v5	2026-09-14T23:22:40.0865971Z Received 188743680 of 345124011 (54.7%), 89.9 MBs/sec
semantic-feedback	Run actions/setup-python@v5	2026-09-14T23:22:41.0871348Z Received 327155712 of 345124011 (94.8%), 103.9 MBs/sec
semantic-feedback	Run actions/setup-python@v5	2026-09-14T23:22:41.2775201Z Received 345124011 of 345124011 (100.0%), 103.1 MBs/sec
semantic-feedback	Run actions/setup-python@v5	2026-09-14T23:22:41.2775765Z Cache Size: ~329 MB (345124011 B)
semantic-feedback	Run actions/setup-python@v5	2026-09-14T23:22:41.2866795Z [command]/usr/bin/tar -xf /home/runner/work/_temp/129b8921-ea30-4152-ab86-66b5cd9467f9/cache.tzst -P -C /home/runner/work/mortra/mortra --use-compress-program unzstd
semantic-feedback	Run actions/setup-python@v5	2026-09-14T23:22:41.6290281Z Cache restored successfully
semantic-feedback	Run actions/setup-python@v5	2026-09-14T23:22:41.6429478Z Cache restored from key: setup-python-Linux-x64-24.04-Ubuntu-python-3.12.14-pip-cd936e086ff7412a5a0b52a3ea9c94e7404062248816aa0c215801d4be219b70
semantic-feedback	Install declared exact geometry dependencies	﻿2026-09-14T23:22:41.6579807Z ##[group]Run python -m pip install -r requirements-geometry-contracts.txt
semantic-feedback	Install declared exact geometry dependencies	2026-09-14T23:22:41.6580185Z [36;1mpython -m pip install -r requirements-geometry-contracts.txt[0m
semantic-feedback	Install declared exact geometry dependencies	2026-09-14T23:22:41.6616113Z shell: /usr/bin/bash -e {0}
semantic-feedback	Install declared exact geometry dependencies	2026-09-14T23:22:41.6616294Z env:
semantic-feedback	Install declared exact geometry dependencies	2026-09-14T23:22:41.6616416Z   PYTHONHASHSEED: 0
semantic-feedback	Install declared exact geometry dependencies	2026-09-14T23:22:41.6616615Z   EXPERIMENT_CONFIG: configs/theory-geometry-complete-revalidation.json
semantic-feedback	Install declared exact geometry dependencies	2026-09-14T23:22:41.6616874Z   pythonLocation: /opt/hostedtoolcache/Python/3.12.14/x64
semantic-feedback	Install declared exact geometry dependencies	2026-09-14T23:22:41.6617120Z   PKG_CONFIG_PATH: /opt/hostedtoolcache/Python/3.12.14/x64/lib/pkgconfig
semantic-feedback	Install declared exact geometry dependencies	2026-09-14T23:22:41.6617360Z   Python_ROOT_DIR: /opt/hostedtoolcache/Python/3.12.14/x64
semantic-feedback	Install declared exact geometry dependencies	2026-09-14T23:22:41.6617571Z   Python2_ROOT_DIR: /opt/hostedtoolcache/Python/3.12.14/x64
semantic-feedback	Install declared exact geometry dependencies	2026-09-14T23:22:41.6617788Z   Python3_ROOT_DIR: /opt/hostedtoolcache/Python/3.12.14/x64
semantic-feedback	Install declared exact geometry dependencies	2026-09-14T23:22:41.6617999Z   LD_LIBRARY_PATH: /opt/hostedtoolcache/Python/3.12.14/x64/lib
semantic-feedback	Install declared exact geometry dependencies	2026-09-14T23:22:41.6618177Z ##[endgroup]
semantic-feedback	Install declared exact geometry dependencies	2026-09-14T23:22:42.8800577Z Collecting newclid @ git+https://github.com/Newclid/Newclid.git@ac6550732a950564cf7614d605b5bf1eadd29701#subdirectory=newclid (from -r requirements-geometry-contracts.txt (line 4))
semantic-feedback	Install declared exact geometry dependencies	2026-09-14T23:22:42.8801448Z   Using cached newclid-3.0.1-py3-none-any.whl
semantic-feedback	Install declared exact geometry dependencies	2026-09-14T23:22:43.4486196Z Collecting sympy<2,>=1.13 (from -r /home/runner/work/mortra/mortra/requirements.txt (line 1))
semantic-feedback	Install declared exact geometry dependencies	2026-09-14T23:22:43.4497668Z   Using cached sympy-1.14.0-py3-none-any.whl.metadata (12 kB)
semantic-feedback	Install declared exact geometry dependencies	2026-09-14T23:22:43.6712720Z Collecting antlr4-python3-runtime==4.11.* (from -r /home/runner/work/mortra/mortra/requirements.txt (line 2))
semantic-feedback	Install declared exact geometry dependencies	2026-09-14T23:22:43.6721563Z   Using cached antlr4_python3_runtime-4.11.1-py3-none-any.whl.metadata (291 bytes)
semantic-feedback	Install declared exact geometry dependencies	2026-09-14T23:22:43.8219123Z Collecting Pillow<12,>=10 (from -r /home/runner/work/mortra/mortra/requirements.txt (line 3))
semantic-feedback	Install declared exact geometry dependencies	2026-09-14T23:22:43.8231241Z   Using cached pillow-11.3.0-cp312-cp312-manylinux_2_27_x86_64.manylinux_2_28_x86_64.whl.metadata (9.0 kB)
semantic-feedback	Install declared exact geometry dependencies	2026-09-14T23:22:44.0896560Z Collecting python-flint==0.9.0 (from -r /home/runner/work/mortra/mortra/requirements.txt (line 4))
semantic-feedback	Install declared exact geometry dependencies	2026-09-14T23:22:44.0906363Z   Using cached python_flint-0.9.0-cp310-abi3-manylinux2014_x86_64.manylinux_2_17_x86_64.whl.metadata (23 kB)
semantic-feedback	Install declared exact geometry dependencies	2026-09-14T23:22:44.2916289Z Collecting numpy<3,>=1.26 (from -r /home/runner/work/mortra/mortra/requirements.txt (line 5))
semantic-feedback	Install declared exact geometry dependencies	2026-09-14T23:22:44.2926673Z   Using cached numpy-2.5.3-cp312-cp312-manylinux_2_27_x86_64.manylinux_2_28_x86_64.whl.metadata (6.6 kB)
semantic-feedback	Install declared exact geometry dependencies	2026-09-14T23:22:44.2957535Z   Using cached numpy-1.26.4-cp312-cp312-manylinux_2_17_x86_64.manylinux2014_x86_64.whl.metadata (61 kB)
semantic-feedback	Install declared exact geometry dependencies	2026-09-14T23:22:44.3765985Z Collecting pytest==8.4.1 (from -r /home/runner/work/mortra/mortra/requirements-test.txt (line 5))
semantic-feedback	Install declared exact geometry dependencies	2026-09-14T23:22:44.3775176Z   Using cached pytest-8.4.1-py3-none-any.whl.metadata (7.7 kB)
semantic-feedback	Install declared exact geometry dependencies	2026-09-14T23:22:44.4709065Z Collecting colorama>=0.4.6 (from newclid @ git+https://github.com/Newclid/Newclid.git@ac6550732a950564cf7614d605b5bf1eadd29701#subdirectory=newclid->-r requirements-geometry-contracts.txt (line 4))
semantic-feedback	Install declared exact geometry dependencies	2026-09-14T23:22:44.4717860Z   Using cached colorama-0.4.6-py2.py3-none-any.whl.metadata (17 kB)
semantic-feedback	Install declared exact geometry dependencies	2026-09-14T23:22:44.5781036Z Collecting matplotlib>=3.9 (from newclid @ git+https://github.com/Newclid/Newclid.git@ac6550732a950564cf7614d605b5bf1eadd29701#subdirectory=newclid->-r requirements-geometry-contracts.txt (line 4))
semantic-feedback	Install declared exact geometry dependencies	2026-09-14T23:22:44.5791876Z   Using cached matplotlib-3.11.2-cp312-cp312-manylinux2014_x86_64.manylinux_2_17_x86_64.whl.metadata (80 kB)
semantic-feedback	Install declared exact geometry dependencies	2026-09-14T23:22:44.6114544Z Collecting pybind11>=2.13.6 (from newclid @ git+https://github.com/Newclid/Newclid.git@ac6550732a950564cf7614d605b5bf1eadd29701#subdirectory=newclid->-r requirements-geometry-contracts.txt (line 4))
semantic-feedback	Install declared exact geometry dependencies	2026-09-14T23:22:44.6122789Z   Using cached pybind11-3.1.0-py3-none-any.whl.metadata (10 kB)
semantic-feedback	Install declared exact geometry dependencies	2026-09-14T23:22:44.6694909Z Collecting pydantic>=2.11.5 (from newclid @ git+https://github.com/Newclid/Newclid.git@ac6550732a950564cf7614d605b5bf1eadd29701#subdirectory=newclid->-r requirements-geometry-contracts.txt (line 4))
semantic-feedback	Install declared exact geometry dependencies	2026-09-14T23:22:44.6704405Z   Using cached pydantic-2.13.5-py3-none-any.whl.metadata (110 kB)
semantic-feedback	Install declared exact geometry dependencies	2026-09-14T23:22:44.6870492Z Collecting pyvis>=0.3.2 (from newclid @ git+https://github.com/Newclid/Newclid.git@ac6550732a950564cf7614d605b5bf1eadd29701#subdirectory=newclid->-r requirements-geometry-contracts.txt (line 4))
semantic-feedback	Install declared exact geometry dependencies	2026-09-14T23:22:44.6880330Z   Using cached pyvis-0.3.2-py3-none-any.whl.metadata (1.7 kB)
semantic-feedback	Install declared exact geometry dependencies	2026-09-14T23:22:44.7147570Z Collecting pyyaml>=6.0.2 (from newclid @ git+https://github.com/Newclid/Newclid.git@ac6550732a950564cf7614d605b5bf1eadd29701#subdirectory=newclid->-r requirements-geometry-contracts.txt (line 4))
semantic-feedback	Install declared exact geometry dependencies	2026-09-14T23:22:44.7156057Z   Using cached pyyaml-6.0.3-cp312-cp312-manylinux2014_x86_64.manylinux_2_17_x86_64.manylinux_2_28_x86_64.whl.metadata (2.4 kB)
semantic-feedback	Install declared exact geometry dependencies	2026-09-14T23:22:44.7851142Z Collecting scipy>=1.10.0 (from newclid @ git+https://github.com/Newclid/Newclid.git@ac6550732a950564cf7614d605b5bf1eadd29701#subdirectory=newclid->-r requirements-geometry-contracts.txt (line 4))
semantic-feedback	Install declared exact geometry dependencies	2026-09-14T23:22:44.7862076Z   Using cached scipy-1.18.1-cp312-cp312-manylinux_2_27_x86_64.manylinux_2_28_x86_64.whl.metadata (62 kB)
semantic-feedback	Install declared exact geometry dependencies	2026-09-14T23:22:44.8371720Z Collecting symengine>=0.14.1 (from newclid @ git+https://github.com/Newclid/Newclid.git@ac6550732a950564cf7614d605b5bf1eadd29701#subdirectory=newclid->-r requirements-geometry-contracts.txt (line 4))
semantic-feedback	Install declared exact geometry dependencies	2026-09-14T23:22:44.8379602Z   Using cached symengine-0.14.1-cp312-cp312-manylinux_2_17_x86_64.manylinux2014_x86_64.whl.metadata (1.3 kB)
semantic-feedback	Install declared exact geometry dependencies	2026-09-14T23:22:44.8533751Z Collecting typing-extensions>=4.14.0 (from newclid @ git+https://github.com/Newclid/Newclid.git@ac6550732a950564cf7614d605b5bf1eadd29701#subdirectory=newclid->-r requirements-geometry-contracts.txt (line 4))
semantic-feedback	Install declared exact geometry dependencies	2026-09-14T23:22:44.8541381Z   Using cached typing_extensions-4.16.0-py3-none-any.whl.metadata (3.3 kB)
semantic-feedback	Install declared exact geometry dependencies	2026-09-14T23:22:44.8990037Z Collecting mpmath<1.4,>=1.1.0 (from sympy<2,>=1.13->-r /home/runner/work/mortra/mortra/requirements.txt (line 1))
semantic-feedback	Install declared exact geometry dependencies	2026-09-14T23:22:44.8997929Z   Using cached mpmath-1.3.0-py3-none-any.whl.metadata (8.6 kB)
semantic-feedback	Install declared exact geometry dependencies	2026-09-14T23:22:44.9419307Z Collecting iniconfig>=1 (from pytest==8.4.1->-r /home/runner/work/mortra/mortra/requirements-test.txt (line 5))
semantic-feedback	Install declared exact geometry dependencies	2026-09-14T23:22:44.9428378Z   Using cached iniconfig-2.3.0-py3-none-any.whl.metadata (2.5 kB)
semantic-feedback	Install declared exact geometry dependencies	2026-09-14T23:22:45.0209893Z Collecting packaging>=20 (from pytest==8.4.1->-r /home/runner/work/mortra/mortra/requirements-test.txt (line 5))
semantic-feedback	Install declared exact geometry dependencies	2026-09-14T23:22:45.0222554Z   Using cached packaging-26.3-py3-none-any.whl.metadata (3.5 kB)
semantic-feedback	Install declared exact geometry dependencies	2026-09-14T23:22:45.1398240Z Collecting pluggy<2,>=1.5 (from pytest==8.4.1->-r /home/runner/work/mortra/mortra/requirements-test.txt (line 5))
semantic-feedback	Install declared exact geometry dependencies	2026-09-14T23:22:45.1406373Z   Using cached pluggy-1.6.0-py3-none-any.whl.metadata (4.8 kB)
semantic-feedback	Install declared exact geometry dependencies	2026-09-14T23:22:45.1573597Z Collecting pygments>=2.7.2 (from pytest==8.4.1->-r /home/runner/work/mortra/mortra/requirements-test.txt (line 5))
semantic-feedback	Install declared exact geometry dependencies	2026-09-14T23:22:45.1580919Z   Using cached pygments-2.21.0-py3-none-any.whl.metadata (2.5 kB)
semantic-feedback	Install declared exact geometry dependencies	2026-09-14T23:22:45.1981417Z Collecting contourpy>=1.0.1 (from matplotlib>=3.9->newclid @ git+https://github.com/Newclid/Newclid.git@ac6550732a950564cf7614d605b5bf1eadd29701#subdirectory=newclid->-r requirements-geometry-contracts.txt (line 4))
semantic-feedback	Install declared exact geometry dependencies	2026-09-14T23:22:45.1990156Z   Using cached contourpy-1.4.0-cp312-cp312-manylinux_2_27_x86_64.manylinux_2_28_x86_64.whl.metadata (3.8 kB)
semantic-feedback	Install declared exact geometry dependencies	2026-09-14T23:22:45.2128393Z Collecting cycler>=0.10 (from matplotlib>=3.9->newclid @ git+https://github.com/Newclid/Newclid.git@ac6550732a950564cf7614d605b5bf1eadd29701#subdirectory=newclid->-r requirements-geometry-contracts.txt (line 4))
semantic-feedback	Install declared exact geometry dependencies	2026-09-14T23:22:45.2136296Z   Using cached cycler-0.12.1-py3-none-any.whl.metadata (3.8 kB)
semantic-feedback	Install declared exact geometry dependencies	2026-09-14T23:22:45.2930524Z Collecting fonttools>=4.28.2 (from matplotlib>=3.9->newclid @ git+https://github.com/Newclid/Newclid.git@ac6550732a950564cf7614d605b5bf1eadd29701#subdirectory=newclid->-r requirements-geometry-contracts.txt (line 4))
semantic-feedback	Install declared exact geometry dependencies	2026-09-14T23:22:45.2940122Z   Using cached fonttools-4.65.0-cp312-cp312-manylinux2014_x86_64.manylinux_2_17_x86_64.whl.metadata (125 kB)
semantic-feedback	Install declared exact geometry dependencies	2026-09-14T23:22:45.3548001Z Collecting kiwisolver>=1.3.1 (from matplotlib>=3.9->newclid @ git+https://github.com/Newclid/Newclid.git@ac6550732a950564cf7614d605b5bf1eadd29701#subdirectory=newclid->-r requirements-geometry-contracts.txt (line 4))
semantic-feedback	Install declared exact geometry dependencies	2026-09-14T23:22:45.3557655Z   Using cached kiwisolver-1.5.1-cp312-cp312-manylinux2014_x86_64.manylinux_2_17_x86_64.whl.metadata (5.2 kB)
semantic-feedback	Install declared exact geometry dependencies	2026-09-14T23:22:45.3767982Z Collecting pyparsing>=3 (from matplotlib>=3.9->newclid @ git+https://github.com/Newclid/Newclid.git@ac6550732a950564cf7614d605b5bf1eadd29701#subdirectory=newclid->-r requirements-geometry-contracts.txt (line 4))
semantic-feedback	Install declared exact geometry dependencies	2026-09-14T23:22:45.3776500Z   Using cached pyparsing-3.3.2-py3-none-any.whl.metadata (5.8 kB)
semantic-feedback	Install declared exact geometry dependencies	2026-09-14T23:22:45.4245293Z Collecting python-dateutil>=2.7 (from matplotlib>=3.9->newclid @ git+https://github.com/Newclid/Newclid.git@ac6550732a950564cf7614d605b5bf1eadd29701#subdirectory=newclid->-r requirements-geometry-contracts.txt (line 4))
semantic-feedback	Install declared exact geometry dependencies	2026-09-14T23:22:45.4253069Z   Using cached python_dateutil-2.9.0.post0-py2.py3-none-any.whl.metadata (8.4 kB)
semantic-feedback	Install declared exact geometry dependencies	2026-09-14T23:22:45.4273556Z INFO: pip is looking at multiple versions of contourpy to determine which version is compatible with other requirements. This could take a while.
semantic-feedback	Install declared exact geometry dependencies	2026-09-14T23:22:45.4277427Z Collecting contourpy>=1.0.1 (from matplotlib>=3.9->newclid @ git+https://github.com/Newclid/Newclid.git@ac6550732a950564cf7614d605b5bf1eadd29701#subdirectory=newclid->-r requirements-geometry-contracts.txt (line 4))
semantic-feedback	Install declared exact geometry dependencies	2026-09-14T23:22:45.4284680Z   Using cached contourpy-1.3.3-cp312-cp312-manylinux_2_27_x86_64.manylinux_2_28_x86_64.whl.metadata (5.5 kB)
semantic-feedback	Install declared exact geometry dependencies	2026-09-14T23:22:45.4438084Z Collecting annotated-types>=0.6.0 (from pydantic>=2.11.5->newclid @ git+https://github.com/Newclid/Newclid.git@ac6550732a950564cf7614d605b5bf1eadd29701#subdirectory=newclid->-r requirements-geometry-contracts.txt (line 4))
semantic-feedback	Install declared exact geometry dependencies	2026-09-14T23:22:45.4445131Z   Using cached annotated_types-0.8.0-py3-none-any.whl.metadata (15 kB)
semantic-feedback	Install declared exact geometry dependencies	2026-09-14T23:22:45.8174163Z Collecting pydantic-core==2.46.5 (from pydantic>=2.11.5->newclid @ git+https://github.com/Newclid/Newclid.git@ac6550732a950564cf7614d605b5bf1eadd29701#subdirectory=newclid->-r requirements-geometry-contracts.txt (line 4))
semantic-feedback	Install declared exact geometry dependencies	2026-09-14T23:22:45.8184794Z   Using cached pydantic_core-2.46.5-cp312-cp312-manylinux_2_17_x86_64.manylinux2014_x86_64.whl.metadata (6.6 kB)
semantic-feedback	Install declared exact geometry dependencies	2026-09-14T23:22:45.8326974Z Collecting typing-inspection>=0.4.2 (from pydantic>=2.11.5->newclid @ git+https://github.com/Newclid/Newclid.git@ac6550732a950564cf7614d605b5bf1eadd29701#subdirectory=newclid->-r requirements-geometry-contracts.txt (line 4))
semantic-feedback	Install declared exact geometry dependencies	2026-09-14T23:22:45.8334893Z   Using cached typing_inspection-0.4.4-py3-none-any.whl.metadata (2.6 kB)
semantic-feedback	Install declared exact geometry dependencies	2026-09-14T23:22:45.8493606Z Collecting six>=1.5 (from python-dateutil>=2.7->matplotlib>=3.9->newclid @ git+https://github.com/Newclid/Newclid.git@ac6550732a950564cf7614d605b5bf1eadd29701#subdirectory=newclid->-r requirements-geometry-contracts.txt (line 4))
semantic-feedback	Install declared exact geometry dependencies	2026-09-14T23:22:45.8501581Z   Using cached six-1.17.0-py2.py3-none-any.whl.metadata (1.7 kB)
semantic-feedback	Install declared exact geometry dependencies	2026-09-14T23:22:46.0913375Z Collecting ipython>=5.3.0 (from pyvis>=0.3.2->newclid @ git+https://github.com/Newclid/Newclid.git@ac6550732a950564cf7614d605b5bf1eadd29701#subdirectory=newclid->-r requirements-geometry-contracts.txt (line 4))
semantic-feedback	Install declared exact geometry dependencies	2026-09-14T23:22:46.0922169Z   Using cached ipython-9.17.1-py3-none-any.whl.metadata (4.6 kB)
semantic-feedback	Install declared exact geometry dependencies	2026-09-14T23:22:46.1097450Z Collecting jinja2>=2.9.6 (from pyvis>=0.3.2->newclid @ git+https://github.com/Newclid/Newclid.git@ac6550732a950564cf7614d605b5bf1eadd29701#subdirectory=newclid->-r requirements-geometry-contracts.txt (line 4))
semantic-feedback	Install declared exact geometry dependencies	2026-09-14T23:22:46.1104572Z   Using cached jinja2-3.1.6-py3-none-any.whl.metadata (2.9 kB)
semantic-feedback	Install declared exact geometry dependencies	2026-09-14T23:22:46.1260631Z Collecting jsonpickle>=1.4.1 (from pyvis>=0.3.2->newclid @ git+https://github.com/Newclid/Newclid.git@ac6550732a950564cf7614d605b5bf1eadd29701#subdirectory=newclid->-r requirements-geometry-contracts.txt (line 4))
semantic-feedback	Install declared exact geometry dependencies	2026-09-14T23:22:46.1273445Z   Using cached jsonpickle-4.1.2-py3-none-any.whl.metadata (8.1 kB)
semantic-feedback	Install declared exact geometry dependencies	2026-09-14T23:22:46.1463061Z Collecting networkx>=1.11 (from pyvis>=0.3.2->newclid @ git+https://github.com/Newclid/Newclid.git@ac6550732a950564cf7614d605b5bf1eadd29701#subdirectory=newclid->-r requirements-geometry-contracts.txt (line 4))
semantic-feedback	Install declared exact geometry dependencies	2026-09-14T23:22:46.1470144Z   Using cached networkx-3.6.1-py3-none-any.whl.metadata (6.8 kB)
semantic-feedback	Install declared exact geometry dependencies	2026-09-14T23:22:46.1670404Z Collecting ipython-pygments-lexers>=1.0.0 (from ipython>=5.3.0->pyvis>=0.3.2->newclid @ git+https://github.com/Newclid/Newclid.git@ac6550732a950564cf7614d605b5bf1eadd29701#subdirectory=newclid->-r requirements-geometry-contracts.txt (line 4))
semantic-feedback	Install declared exact geometry dependencies	2026-09-14T23:22:46.1677590Z   Using cached ipython_pygments_lexers-1.1.1-py3-none-any.whl.metadata (1.1 kB)
semantic-feedback	Install declared exact geometry dependencies	2026-09-14T23:22:46.1815922Z Collecting jedi>=0.18.2 (from ipython>=5.3.0->pyvis>=0.3.2->newclid @ git+https://github.com/Newclid/Newclid.git@ac6550732a950564cf7614d605b5bf1eadd29701#subdirectory=newclid->-r requirements-geometry-contracts.txt (line 4))
semantic-feedback	Install declared exact geometry dependencies	2026-09-14T23:22:46.1823920Z   Using cached jedi-0.20.0-py2.py3-none-any.whl.metadata (23 kB)
semantic-feedback	Install declared exact geometry dependencies	2026-09-14T23:22:46.1975237Z Collecting matplotlib-inline>=0.1.6 (from ipython>=5.3.0->pyvis>=0.3.2->newclid @ git+https://github.com/Newclid/Newclid.git@ac6550732a950564cf7614d605b5bf1eadd29701#subdirectory=newclid->-r requirements-geometry-contracts.txt (line 4))
semantic-feedback	Install declared exact geometry dependencies	2026-09-14T23:22:46.1982542Z   Using cached matplotlib_inline-0.2.2-py3-none-any.whl.metadata (2.4 kB)
semantic-feedback	Install declared exact geometry dependencies	2026-09-14T23:22:46.2118784Z Collecting pexpect>4.6 (from ipython>=5.3.0->pyvis>=0.3.2->newclid @ git+https://github.com/Newclid/Newclid.git@ac6550732a950564cf7614d605b5bf1eadd29701#subdirectory=newclid->-r requirements-geometry-contracts.txt (line 4))
semantic-feedback	Install declared exact geometry dependencies	2026-09-14T23:22:46.2125888Z   Using cached pexpect-4.9.0-py2.py3-none-any.whl.metadata (2.5 kB)
semantic-feedback	Install declared exact geometry dependencies	2026-09-14T23:22:46.2325745Z Collecting prompt_toolkit<3.1.0,>=3.0.41 (from ipython>=5.3.0->pyvis>=0.3.2->newclid @ git+https://github.com/Newclid/Newclid.git@ac6550732a950564cf7614d605b5bf1eadd29701#subdirectory=newclid->-r requirements-geometry-contracts.txt (line 4))
semantic-feedback	Install declared exact geometry dependencies	2026-09-14T23:22:46.2333730Z   Using cached prompt_toolkit-3.0.53-py3-none-any.whl.metadata (6.4 kB)
semantic-feedback	Install declared exact geometry dependencies	2026-09-14T23:22:46.2729899Z Collecting psutil>=7 (from ipython>=5.3.0->pyvis>=0.3.2->newclid @ git+https://github.com/Newclid/Newclid.git@ac6550732a950564cf7614d605b5bf1eadd29701#subdirectory=newclid->-r requirements-geometry-contracts.txt (line 4))
semantic-feedback	Install declared exact geometry dependencies	2026-09-14T23:22:46.2739635Z   Using cached psutil-7.2.2-cp36-abi3-manylinux2010_x86_64.manylinux_2_12_x86_64.manylinux_2_28_x86_64.whl.metadata (22 kB)
semantic-feedback	Install declared exact geometry dependencies	2026-09-14T23:22:46.2904098Z Collecting stack_data>=0.6.0 (from ipython>=5.3.0->pyvis>=0.3.2->newclid @ git+https://github.com/Newclid/Newclid.git@ac6550732a950564cf7614d605b5bf1eadd29701#subdirectory=newclid->-r requirements-geometry-contracts.txt (line 4))
semantic-feedback	Install declared exact geometry dependencies	2026-09-14T23:22:46.2911741Z   Using cached stack_data-0.6.3-py3-none-any.whl.metadata (18 kB)
semantic-feedback	Install declared exact geometry dependencies	2026-09-14T23:22:46.3068296Z Collecting traitlets>=5.13.0 (from ipython>=5.3.0->pyvis>=0.3.2->newclid @ git+https://github.com/Newclid/Newclid.git@ac6550732a950564cf7614d605b5bf1eadd29701#subdirectory=newclid->-r requirements-geometry-contracts.txt (line 4))
semantic-feedback	Install declared exact geometry dependencies	2026-09-14T23:22:46.3075739Z   Using cached traitlets-5.16.1-py3-none-any.whl.metadata (10 kB)
semantic-feedback	Install declared exact geometry dependencies	2026-09-14T23:22:46.3238737Z Collecting wcwidth>=0.1.4 (from prompt_toolkit<3.1.0,>=3.0.41->ipython>=5.3.0->pyvis>=0.3.2->newclid @ git+https://github.com/Newclid/Newclid.git@ac6550732a950564cf7614d605b5bf1eadd29701#subdirectory=newclid->-r requirements-geometry-contracts.txt (line 4))
semantic-feedback	Install declared exact geometry dependencies	2026-09-14T23:22:46.3246240Z   Using cached wcwidth-0.8.3-py3-none-any.whl.metadata (43 kB)
semantic-feedback	Install declared exact geometry dependencies	2026-09-14T23:22:46.3431329Z Collecting parso<0.9.0,>=0.8.6 (from jedi>=0.18.2->ipython>=5.3.0->pyvis>=0.3.2->newclid @ git+https://github.com/Newclid/Newclid.git@ac6550732a950564cf7614d605b5bf1eadd29701#subdirectory=newclid->-r requirements-geometry-contracts.txt (line 4))
semantic-feedback	Install declared exact geometry dependencies	2026-09-14T23:22:46.3439152Z   Using cached parso-0.8.7-py2.py3-none-any.whl.metadata (8.2 kB)
semantic-feedback	Install declared exact geometry dependencies	2026-09-14T23:22:46.5761880Z Collecting MarkupSafe>=2.0 (from jinja2>=2.9.6->pyvis>=0.3.2->newclid @ git+https://github.com/Newclid/Newclid.git@ac6550732a950564cf7614d605b5bf1eadd29701#subdirectory=newclid->-r requirements-geometry-contracts.txt (line 4))
semantic-feedback	Install declared exact geometry dependencies	2026-09-14T23:22:46.5771119Z   Using cached markupsafe-3.0.3-cp312-cp312-manylinux2014_x86_64.manylinux_2_17_x86_64.manylinux_2_28_x86_64.whl.metadata (2.7 kB)
semantic-feedback	Install declared exact geometry dependencies	2026-09-14T23:22:46.5920870Z Collecting ptyprocess>=0.5 (from pexpect>4.6->ipython>=5.3.0->pyvis>=0.3.2->newclid @ git+https://github.com/Newclid/Newclid.git@ac6550732a950564cf7614d605b5bf1eadd29701#subdirectory=newclid->-r requirements-geometry-contracts.txt (line 4))
semantic-feedback	Install declared exact geometry dependencies	2026-09-14T23:22:46.5927888Z   Using cached ptyprocess-0.7.0-py2.py3-none-any.whl.metadata (1.3 kB)
semantic-feedback	Install declared exact geometry dependencies	2026-09-14T23:22:46.5952356Z INFO: pip is looking at multiple versions of scipy to determine which version is compatible with other requirements. This could take a while.
semantic-feedback	Install declared exact geometry dependencies	2026-09-14T23:22:46.5956206Z Collecting scipy>=1.10.0 (from newclid @ git+https://github.com/Newclid/Newclid.git@ac6550732a950564cf7614d605b5bf1eadd29701#subdirectory=newclid->-r requirements-geometry-contracts.txt (line 4))
semantic-feedback	Install declared exact geometry dependencies	2026-09-14T23:22:46.5963615Z   Using cached scipy-1.18.0-cp312-cp312-manylinux_2_27_x86_64.manylinux_2_28_x86_64.whl.metadata (62 kB)
semantic-feedback	Install declared exact geometry dependencies	2026-09-14T23:22:46.6041829Z   Using cached scipy-1.17.1-cp312-cp312-manylinux_2_27_x86_64.manylinux_2_28_x86_64.whl.metadata (62 kB)
semantic-feedback	Install declared exact geometry dependencies	2026-09-14T23:22:46.6256707Z Collecting executing>=1.2.0 (from stack_data>=0.6.0->ipython>=5.3.0->pyvis>=0.3.2->newclid @ git+https://github.com/Newclid/Newclid.git@ac6550732a950564cf7614d605b5bf1eadd29701#subdirectory=newclid->-r requirements-geometry-contracts.txt (line 4))
semantic-feedback	Install declared exact geometry dependencies	2026-09-14T23:22:46.6263944Z   Using cached executing-2.2.1-py2.py3-none-any.whl.metadata (8.9 kB)
semantic-feedback	Install declared exact geometry dependencies	2026-09-14T23:22:46.6411309Z Collecting asttokens>=2.1.0 (from stack_data>=0.6.0->ipython>=5.3.0->pyvis>=0.3.2->newclid @ git+https://github.com/Newclid/Newclid.git@ac6550732a950564cf7614d605b5bf1eadd29701#subdirectory=newclid->-r requirements-geometry-contracts.txt (line 4))
semantic-feedback	Install declared exact geometry dependencies	2026-09-14T23:22:46.6418735Z   Using cached asttokens-3.0.2-py3-none-any.whl.metadata (5.7 kB)
semantic-feedback	Install declared exact geometry dependencies	2026-09-14T23:22:46.6811438Z Collecting pure-eval (from stack_data>=0.6.0->ipython>=5.3.0->pyvis>=0.3.2->newclid @ git+https://github.com/Newclid/Newclid.git@ac6550732a950564cf7614d605b5bf1eadd29701#subdirectory=newclid->-r requirements-geometry-contracts.txt (line 4))
semantic-feedback	Install declared exact geometry dependencies	2026-09-14T23:22:46.6819317Z   Using cached pure_eval-0.2.4-py3-none-any.whl.metadata (6.4 kB)
semantic-feedback	Install declared exact geometry dependencies	2026-09-14T23:22:46.6867263Z Using cached sympy-1.14.0-py3-none-any.whl (6.3 MB)
semantic-feedback	Install declared exact geometry dependencies	2026-09-14T23:22:46.6890841Z Using cached numpy-1.26.4-cp312-cp312-manylinux_2_17_x86_64.manylinux2014_x86_64.whl (18.0 MB)
semantic-feedback	Install declared exact geometry dependencies	2026-09-14T23:22:46.6942724Z Using cached python_flint-0.9.0-cp310-abi3-manylinux2014_x86_64.manylinux_2_17_x86_64.whl (10.1 MB)
semantic-feedback	Install declared exact geometry dependencies	2026-09-14T23:22:46.6973124Z Using cached pytest-8.4.1-py3-none-any.whl (365 kB)
semantic-feedback	Install declared exact geometry dependencies	2026-09-14T23:22:46.6980906Z Using cached antlr4_python3_runtime-4.11.1-py3-none-any.whl (144 kB)
semantic-feedback	Install declared exact geometry dependencies	2026-09-14T23:22:46.6988204Z Using cached pillow-11.3.0-cp312-cp312-manylinux_2_27_x86_64.manylinux_2_28_x86_64.whl (6.6 MB)
semantic-feedback	Install declared exact geometry dependencies	2026-09-14T23:22:46.7010414Z Using cached mpmath-1.3.0-py3-none-any.whl (536 kB)
semantic-feedback	Install declared exact geometry dependencies	2026-09-14T23:22:46.7018242Z Using cached pluggy-1.6.0-py3-none-any.whl (20 kB)
semantic-feedback	Install declared exact geometry dependencies	2026-09-14T23:22:46.7025152Z Using cached colorama-0.4.6-py2.py3-none-any.whl (25 kB)
semantic-feedback	Install declared exact geometry dependencies	2026-09-14T23:22:46.7031932Z Using cached iniconfig-2.3.0-py3-none-any.whl (7.5 kB)
semantic-feedback	Install declared exact geometry dependencies	2026-09-14T23:22:46.7038718Z Using cached matplotlib-3.11.2-cp312-cp312-manylinux2014_x86_64.manylinux_2_17_x86_64.whl (9.9 MB)
semantic-feedback	Install declared exact geometry dependencies	2026-09-14T23:22:46.7068292Z Using cached contourpy-1.3.3-cp312-cp312-manylinux_2_27_x86_64.manylinux_2_28_x86_64.whl (362 kB)
semantic-feedback	Install declared exact geometry dependencies	2026-09-14T23:22:46.7075803Z Using cached cycler-0.12.1-py3-none-any.whl (8.3 kB)
semantic-feedback	Install declared exact geometry dependencies	2026-09-14T23:22:46.7082703Z Using cached fonttools-4.65.0-cp312-cp312-manylinux2014_x86_64.manylinux_2_17_x86_64.whl (5.4 MB)
semantic-feedback	Install declared exact geometry dependencies	2026-09-14T23:22:46.7101808Z Using cached kiwisolver-1.5.1-cp312-cp312-manylinux2014_x86_64.manylinux_2_17_x86_64.whl (1.5 MB)
semantic-feedback	Install declared exact geometry dependencies	2026-09-14T23:22:46.7111738Z Using cached packaging-26.3-py3-none-any.whl (129 kB)
semantic-feedback	Install declared exact geometry dependencies	2026-09-14T23:22:46.7118603Z Using cached pybind11-3.1.0-py3-none-any.whl (319 kB)
semantic-feedback	Install declared exact geometry dependencies	2026-09-14T23:22:46.7125978Z Using cached pydantic-2.13.5-py3-none-any.whl (472 kB)
semantic-feedback	Install declared exact geometry dependencies	2026-09-14T23:22:46.7133800Z Using cached pydantic_core-2.46.5-cp312-cp312-manylinux_2_17_x86_64.manylinux2014_x86_64.whl (2.1 MB)
semantic-feedback	Install declared exact geometry dependencies	2026-09-14T23:22:46.7145040Z Using cached annotated_types-0.8.0-py3-none-any.whl (13 kB)
semantic-feedback	Install declared exact geometry dependencies	2026-09-14T23:22:46.7151569Z Using cached pygments-2.21.0-py3-none-any.whl (1.3 MB)
semantic-feedback	Install declared exact geometry dependencies	2026-09-14T23:22:46.7160990Z Using cached pyparsing-3.3.2-py3-none-any.whl (122 kB)
semantic-feedback	Install declared exact geometry dependencies	2026-09-14T23:22:46.7167916Z Using cached python_dateutil-2.9.0.post0-py2.py3-none-any.whl (229 kB)
semantic-feedback	Install declared exact geometry dependencies	2026-09-14T23:22:46.7175305Z Using cached pyvis-0.3.2-py3-none-any.whl (756 kB)
semantic-feedback	Install declared exact geometry dependencies	2026-09-14T23:22:46.7183509Z Using cached ipython-9.17.1-py3-none-any.whl (639 kB)
semantic-feedback	Install declared exact geometry dependencies	2026-09-14T23:22:46.7191370Z Using cached prompt_toolkit-3.0.53-py3-none-any.whl (392 kB)
semantic-feedback	Install declared exact geometry dependencies	2026-09-14T23:22:46.7199238Z Using cached ipython_pygments_lexers-1.1.1-py3-none-any.whl (8.1 kB)
semantic-feedback	Install declared exact geometry dependencies	2026-09-14T23:22:46.7206960Z Using cached jedi-0.20.0-py2.py3-none-any.whl (4.9 MB)
semantic-feedback	Install declared exact geometry dependencies	2026-09-14T23:22:46.7226337Z Using cached parso-0.8.7-py2.py3-none-any.whl (107 kB)
semantic-feedback	Install declared exact geometry dependencies	2026-09-14T23:22:46.7233315Z Using cached jinja2-3.1.6-py3-none-any.whl (134 kB)
semantic-feedback	Install declared exact geometry dependencies	2026-09-14T23:22:46.7240022Z Using cached jsonpickle-4.1.2-py3-none-any.whl (47 kB)
semantic-feedback	Install declared exact geometry dependencies	2026-09-14T23:22:46.7246934Z Using cached markupsafe-3.0.3-cp312-cp312-manylinux2014_x86_64.manylinux_2_17_x86_64.manylinux_2_28_x86_64.whl (22 kB)
semantic-feedback	Install declared exact geometry dependencies	2026-09-14T23:22:46.7253439Z Using cached matplotlib_inline-0.2.2-py3-none-any.whl (9.5 kB)
semantic-feedback	Install declared exact geometry dependencies	2026-09-14T23:22:46.7259849Z Using cached networkx-3.6.1-py3-none-any.whl (2.1 MB)
semantic-feedback	Install declared exact geometry dependencies	2026-09-14T23:22:46.7270922Z Using cached pexpect-4.9.0-py2.py3-none-any.whl (63 kB)
semantic-feedback	Install declared exact geometry dependencies	2026-09-14T23:22:46.7277834Z Using cached psutil-7.2.2-cp36-abi3-manylinux2010_x86_64.manylinux_2_12_x86_64.manylinux_2_28_x86_64.whl (155 kB)
semantic-feedback	Install declared exact geometry dependencies	2026-09-14T23:22:46.7284639Z Using cached ptyprocess-0.7.0-py2.py3-none-any.whl (13 kB)
semantic-feedback	Install declared exact geometry dependencies	2026-09-14T23:22:46.7291293Z Using cached pyyaml-6.0.3-cp312-cp312-manylinux2014_x86_64.manylinux_2_17_x86_64.manylinux_2_28_x86_64.whl (807 kB)
semantic-feedback	Install declared exact geometry dependencies	2026-09-14T23:22:46.7299738Z Using cached scipy-1.17.1-cp312-cp312-manylinux_2_27_x86_64.manylinux_2_28_x86_64.whl (35.2 MB)
semantic-feedback	Install declared exact geometry dependencies	2026-09-14T23:22:46.7390726Z Using cached six-1.17.0-py2.py3-none-any.whl (11 kB)
semantic-feedback	Install declared exact geometry dependencies	2026-09-14T23:22:46.7398911Z Using cached stack_data-0.6.3-py3-none-any.whl (24 kB)
semantic-feedback	Install declared exact geometry dependencies	2026-09-14T23:22:46.7406100Z Using cached asttokens-3.0.2-py3-none-any.whl (28 kB)
semantic-feedback	Install declared exact geometry dependencies	2026-09-14T23:22:46.7412898Z Using cached executing-2.2.1-py2.py3-none-any.whl (28 kB)
semantic-feedback	Install declared exact geometry dependencies	2026-09-14T23:22:46.7419633Z Using cached symengine-0.14.1-cp312-cp312-manylinux_2_17_x86_64.manylinux2014_x86_64.whl (50.3 MB)
semantic-feedback	Install declared exact geometry dependencies	2026-09-14T23:22:46.7543510Z Using cached traitlets-5.16.1-py3-none-any.whl (86 kB)
semantic-feedback	Install declared exact geometry dependencies	2026-09-14T23:22:46.7550912Z Using cached typing_extensions-4.16.0-py3-none-any.whl (45 kB)
semantic-feedback	Install declared exact geometry dependencies	2026-09-14T23:22:46.7558269Z Using cached typing_inspection-0.4.4-py3-none-any.whl (14 kB)
semantic-feedback	Install declared exact geometry dependencies	2026-09-14T23:22:46.7565262Z Using cached wcwidth-0.8.3-py3-none-any.whl (331 kB)
semantic-feedback	Install declared exact geometry dependencies	2026-09-14T23:22:46.7572717Z Using cached pure_eval-0.2.4-py3-none-any.whl (11 kB)
semantic-feedback	Install declared exact geometry dependencies	2026-09-14T23:22:47.1428478Z Installing collected packages: pure-eval, ptyprocess, mpmath, antlr4-python3-runtime, wcwidth, typing-extensions, traitlets, sympy, symengine, six, pyyaml, python-flint, pyparsing, pygments, pybind11, psutil, pluggy, Pillow, pexpect, parso, packaging, numpy, networkx, MarkupSafe, kiwisolver, jsonpickle, iniconfig, fonttools, executing, cycler, colorama, asttokens, annotated-types, typing-inspection, stack_data, scipy, python-dateutil, pytest, pydantic-core, prompt_toolkit, matplotlib-inline, jinja2, jedi, ipython-pygments-lexers, contourpy, pydantic, matplotlib, ipython, pyvis, newclid
semantic-feedback	Install declared exact geometry dependencies	2026-09-14T23:23:03.5980796Z 
semantic-feedback	Install declared exact geometry dependencies	2026-09-14T23:23:03.6007022Z Successfully installed MarkupSafe-3.0.3 Pillow-11.3.0 annotated-types-0.8.0 antlr4-python3-runtime-4.11.1 asttokens-3.0.2 colorama-0.4.6 contourpy-1.3.3 cycler-0.12.1 executing-2.2.1 fonttools-4.65.0 iniconfig-2.3.0 ipython-9.17.1 ipython-pygments-lexers-1.1.1 jedi-0.20.0 jinja2-3.1.6 jsonpickle-4.1.2 kiwisolver-1.5.1 matplotlib-3.11.2 matplotlib-inline-0.2.2 mpmath-1.3.0 networkx-3.6.1 newclid-3.0.1 numpy-1.26.4 packaging-26.3 parso-0.8.7 pexpect-4.9.0 pluggy-1.6.0 prompt_toolkit-3.0.53 psutil-7.2.2 ptyprocess-0.7.0 pure-eval-0.2.4 pybind11-3.1.0 pydantic-2.13.5 pydantic-core-2.46.5 pygments-2.21.0 pyparsing-3.3.2 pytest-8.4.1 python-dateutil-2.9.0.post0 python-flint-0.9.0 pyvis-0.3.2 pyyaml-6.0.3 scipy-1.17.1 six-1.17.0 stack_data-0.6.3 symengine-0.14.1 sympy-1.14.0 traitlets-5.16.1 typing-extensions-4.16.0 typing-inspection-0.4.4 wcwidth-0.8.3
semantic-feedback	Verify contracts, feedback and existing library regressions	﻿2026-09-14T23:23:03.7091791Z ##[group]Run mkdir -p reports
semantic-feedback	Verify contracts, feedback and existing library regressions	2026-09-14T23:23:03.7092004Z [36;1mmkdir -p reports[0m
semantic-feedback	Verify contracts, feedback and existing library regressions	2026-09-14T23:23:03.7092869Z [36;1mpython -m pytest -q tests/test_geometry_complete_enumeration.py tests/test_geometry_selection.py math_os_prototype/test_runtime_typed_planner.py tests/test_geometry_semantic_feedback.py tests/test_geometry_contracts.py tests/test_geometry_contraction.py tests/test_theory_geometry.py scripts/test_library_compression.py worker/backend/test_typed_geometry_stalk.py --junitxml=reports/semantic-feedback-tests.xml | tee reports/semantic-feedback-tests.log[0m
semantic-feedback	Verify contracts, feedback and existing library regressions	2026-09-14T23:23:03.7125999Z shell: /usr/bin/bash --noprofile --norc -e -o pipefail {0}
semantic-feedback	Verify contracts, feedback and existing library regressions	2026-09-14T23:23:03.7126190Z env:
semantic-feedback	Verify contracts, feedback and existing library regressions	2026-09-14T23:23:03.7126300Z   PYTHONHASHSEED: 0
semantic-feedback	Verify contracts, feedback and existing library regressions	2026-09-14T23:23:03.7126487Z   EXPERIMENT_CONFIG: configs/theory-geometry-complete-revalidation.json
semantic-feedback	Verify contracts, feedback and existing library regressions	2026-09-14T23:23:03.7126730Z   pythonLocation: /opt/hostedtoolcache/Python/3.12.14/x64
semantic-feedback	Verify contracts, feedback and existing library regressions	2026-09-14T23:23:03.7126971Z   PKG_CONFIG_PATH: /opt/hostedtoolcache/Python/3.12.14/x64/lib/pkgconfig
semantic-feedback	Verify contracts, feedback and existing library regressions	2026-09-14T23:23:03.7127232Z   Python_ROOT_DIR: /opt/hostedtoolcache/Python/3.12.14/x64
semantic-feedback	Verify contracts, feedback and existing library regressions	2026-09-14T23:23:03.7127439Z   Python2_ROOT_DIR: /opt/hostedtoolcache/Python/3.12.14/x64
semantic-feedback	Verify contracts, feedback and existing library regressions	2026-09-14T23:23:03.7127647Z   Python3_ROOT_DIR: /opt/hostedtoolcache/Python/3.12.14/x64
semantic-feedback	Verify contracts, feedback and existing library regressions	2026-09-14T23:23:03.7127855Z   LD_LIBRARY_PATH: /opt/hostedtoolcache/Python/3.12.14/x64/lib
semantic-feedback	Verify contracts, feedback and existing library regressions	2026-09-14T23:23:03.7128032Z ##[endgroup]
semantic-feedback	Verify contracts, feedback and existing library regressions	2026-09-14T23:23:14.5062828Z ........................................................................ [ 31%]
semantic-feedback	Verify contracts, feedback and existing library regressions	2026-09-14T23:23:34.0849365Z .....................................................................s.. [ 63%]
semantic-feedback	Verify contracts, feedback and existing library regressions	2026-09-14T23:23:34.5761250Z ........................................................................ [ 95%]
semantic-feedback	Verify contracts, feedback and existing library regressions	2026-09-14T23:23:34.9895774Z ...........                                                              [100%]
semantic-feedback	Verify contracts, feedback and existing library regressions	2026-09-14T23:23:34.9896255Z - generated xml file: /home/runner/work/mortra/mortra/reports/semantic-feedback-tests.xml -
semantic-feedback	Verify contracts, feedback and existing library regressions	2026-09-14T23:23:34.9896596Z 226 passed, 1 skipped in 30.66s
semantic-feedback	Frozen normal-entry geometry comparison	﻿2026-09-14T23:23:35.2845445Z ##[group]Run python scripts/run_theory_formation.py --config "$EXPERIMENT_CONFIG" --output reports/semantic-feedback-normal
semantic-feedback	Frozen normal-entry geometry comparison	2026-09-14T23:23:35.2845951Z [36;1mpython scripts/run_theory_formation.py --config "$EXPERIMENT_CONFIG" --output reports/semantic-feedback-normal[0m
semantic-feedback	Frozen normal-entry geometry comparison	2026-09-14T23:23:35.2876335Z shell: /usr/bin/bash -e {0}
semantic-feedback	Frozen normal-entry geometry comparison	2026-09-14T23:23:35.2876492Z env:
semantic-feedback	Frozen normal-entry geometry comparison	2026-09-14T23:23:35.2876611Z   PYTHONHASHSEED: 0
semantic-feedback	Frozen normal-entry geometry comparison	2026-09-14T23:23:35.2876807Z   EXPERIMENT_CONFIG: configs/theory-geometry-complete-revalidation.json
semantic-feedback	Frozen normal-entry geometry comparison	2026-09-14T23:23:35.2877079Z   pythonLocation: /opt/hostedtoolcache/Python/3.12.14/x64
semantic-feedback	Frozen normal-entry geometry comparison	2026-09-14T23:23:35.2877316Z   PKG_CONFIG_PATH: /opt/hostedtoolcache/Python/3.12.14/x64/lib/pkgconfig
semantic-feedback	Frozen normal-entry geometry comparison	2026-09-14T23:23:35.2877549Z   Python_ROOT_DIR: /opt/hostedtoolcache/Python/3.12.14/x64
semantic-feedback	Frozen normal-entry geometry comparison	2026-09-14T23:23:35.2877766Z   Python2_ROOT_DIR: /opt/hostedtoolcache/Python/3.12.14/x64
semantic-feedback	Frozen normal-entry geometry comparison	2026-09-14T23:23:35.2877986Z   Python3_ROOT_DIR: /opt/hostedtoolcache/Python/3.12.14/x64
semantic-feedback	Frozen normal-entry geometry comparison	2026-09-14T23:23:35.2878202Z   LD_LIBRARY_PATH: /opt/hostedtoolcache/Python/3.12.14/x64/lib
semantic-feedback	Frozen normal-entry geometry comparison	2026-09-14T23:23:35.2878425Z ##[endgroup]
semantic-feedback	Frozen normal-entry geometry comparison	2026-09-14T23:23:43.3224349Z {"condition": "A", "cycle": 0, "archive": 0, "generations": []}
semantic-feedback	Frozen normal-entry geometry comparison	2026-09-14T23:23:48.9690938Z {"condition": "A", "cycle": 1, "archive": 0, "generations": []}
semantic-feedback	Frozen normal-entry geometry comparison	2026-09-14T23:23:54.7382476Z {"condition": "A", "cycle": 2, "archive": 0, "generations": []}
semantic-feedback	Frozen normal-entry geometry comparison	2026-09-14T23:24:00.5151771Z {"condition": "A", "cycle": 3, "archive": 0, "generations": []}
semantic-feedback	Frozen normal-entry geometry comparison	2026-09-14T23:24:06.6523052Z {"condition": "A", "cycle": 4, "archive": 0, "generations": []}
semantic-feedback	Frozen normal-entry geometry comparison	2026-09-14T23:24:12.8805520Z {"condition": "A", "cycle": 5, "archive": 0, "generations": []}
semantic-feedback	Frozen normal-entry geometry comparison	2026-09-14T23:24:19.4380832Z {"condition": "A", "cycle": 6, "archive": 0, "generations": []}
semantic-feedback	Frozen normal-entry geometry comparison	2026-09-14T23:24:26.2632439Z {"condition": "A", "cycle": 7, "archive": 0, "generations": []}
semantic-feedback	Frozen normal-entry geometry comparison	2026-09-14T23:24:37.2320862Z {"condition": "B", "cycle": 0, "archive": 2, "generations": [1, 1]}
semantic-feedback	Frozen normal-entry geometry comparison	2026-09-14T23:24:42.2856444Z {"condition": "B", "cycle": 1, "archive": 2, "generations": [1, 1]}
semantic-feedback	Frozen normal-entry geometry comparison	2026-09-14T23:24:47.5612177Z {"condition": "B", "cycle": 2, "archive": 2, "generations": [1, 1]}
semantic-feedback	Frozen normal-entry geometry comparison	2026-09-14T23:24:52.8289193Z {"condition": "B", "cycle": 3, "archive": 2, "generations": [1, 1]}
semantic-feedback	Frozen normal-entry geometry comparison	2026-09-14T23:24:58.5875287Z {"condition": "B", "cycle": 4, "archive": 2, "generations": [1, 1]}
semantic-feedback	Frozen normal-entry geometry comparison	2026-09-14T23:25:04.2359955Z {"condition": "B", "cycle": 5, "archive": 2, "generations": [1, 1]}
semantic-feedback	Frozen normal-entry geometry comparison	2026-09-14T23:25:09.7778831Z {"condition": "B", "cycle": 6, "archive": 2, "generations": [1, 1]}
semantic-feedback	Frozen normal-entry geometry comparison	2026-09-14T23:25:15.8090416Z {"condition": "B", "cycle": 7, "archive": 2, "generations": [1, 1]}
semantic-feedback	Frozen normal-entry geometry comparison	2026-09-14T23:25:27.3219108Z {"condition": "C", "cycle": 0, "archive": 2, "generations": [1, 1]}
semantic-feedback	Frozen normal-entry geometry comparison	2026-09-14T23:25:45.4715530Z {"condition": "C", "cycle": 1, "archive": 4, "generations": [1, 1, 1, 1]}
semantic-feedback	Frozen normal-entry geometry comparison	2026-09-14T23:26:06.7134244Z {"condition": "C", "cycle": 2, "archive": 6, "generations": [1, 1, 1, 1, 1, 1]}
semantic-feedback	Frozen normal-entry geometry comparison	2026-09-14T23:26:29.5743727Z {"condition": "C", "cycle": 3, "archive": 8, "generations": [1, 1, 1, 1, 1, 1, 1, 1]}
semantic-feedback	Frozen normal-entry geometry comparison	2026-09-14T23:26:53.8623845Z {"condition": "C", "cycle": 4, "archive": 10, "generations": [1, 1, 1, 1, 1, 1, 1, 1, 1, 1]}
semantic-feedback	Frozen normal-entry geometry comparison	2026-09-14T23:27:17.9186846Z {"condition": "C", "cycle": 5, "archive": 12, "generations": [1, 1, 1, 1, 1, 1, 1, 1, 1, 1, 1, 1]}
semantic-feedback	Frozen normal-entry geometry comparison	2026-09-14T23:27:42.0131438Z {"condition": "C", "cycle": 6, "archive": 14, "generations": [1, 1, 1, 1, 1, 1, 1, 1, 1, 1, 1, 1, 1, 1]}
semantic-feedback	Frozen normal-entry geometry comparison	2026-09-14T23:28:06.6835266Z {"condition": "C", "cycle": 7, "archive": 16, "generations": [1, 1, 1, 1, 1, 1, 1, 1, 1, 1, 1, 1, 1, 1, 1, 1]}
semantic-feedback	Frozen normal-entry geometry comparison	2026-09-14T23:28:17.2989000Z {"condition": "E", "cycle": 0, "archive": 2, "generations": [1, 1]}
semantic-feedback	Frozen normal-entry geometry comparison	2026-09-14T23:28:35.1793051Z {"condition": "E", "cycle": 1, "archive": 4, "generations": [1, 1, 1, 1]}
semantic-feedback	Frozen normal-entry geometry comparison	2026-09-14T23:28:57.7360079Z {"condition": "E", "cycle": 2, "archive": 6, "generations": [1, 1, 1, 1, 1, 1]}
semantic-feedback	Frozen normal-entry geometry comparison	2026-09-14T23:29:20.7692708Z {"condition": "E", "cycle": 3, "archive": 8, "generations": [1, 1, 1, 1, 1, 1, 1, 1]}
semantic-feedback	Frozen normal-entry geometry comparison	2026-09-14T23:29:46.5673492Z {"condition": "E", "cycle": 4, "archive": 10, "generations": [1, 1, 1, 1, 1, 1, 1, 1, 1, 1]}
semantic-feedback	Frozen normal-entry geometry comparison	2026-09-14T23:30:11.2994651Z {"condition": "E", "cycle": 5, "archive": 12, "generations": [1, 1, 1, 1, 1, 1, 1, 1, 1, 1, 1, 1]}
semantic-feedback	Frozen normal-entry geometry comparison	2026-09-14T23:30:36.7252852Z {"condition": "E", "cycle": 6, "archive": 14, "generations": [1, 1, 1, 1, 1, 1, 1, 1, 1, 1, 1, 1, 1, 1]}
semantic-feedback	Frozen normal-entry geometry comparison	2026-09-14T23:31:03.1175538Z {"condition": "E", "cycle": 7, "archive": 16, "generations": [1, 1, 1, 1, 1, 1, 1, 1, 1, 1, 1, 1, 1, 1, 1, 1]}
semantic-feedback	Frozen normal-entry geometry comparison	2026-09-14T23:31:22.8005804Z {"condition": "A", "evaluation_solved": 8}
semantic-feedback	Frozen normal-entry geometry comparison	2026-09-14T23:31:38.9639637Z {"condition": "B", "evaluation_solved": 8}
semantic-feedback	Frozen normal-entry geometry comparison	2026-09-14T23:32:08.8363733Z {"condition": "C", "evaluation_solved": 6}
semantic-feedback	Frozen normal-entry geometry comparison	2026-09-14T23:32:28.7256892Z {"condition": "D", "evaluation_solved": 8}
semantic-feedback	Frozen normal-entry geometry comparison	2026-09-14T23:32:58.1381893Z {"condition": "E", "evaluation_solved": 6}
semantic-feedback	Frozen normal-entry geometry comparison	2026-09-14T23:34:16.2384888Z {"cohort": "regression", "arm": "A", "index": 0, "solved": true, "candidates": 1}
semantic-feedback	Frozen normal-entry geometry comparison	2026-09-14T23:34:16.2522853Z {"cohort": "regression", "arm": "B", "index": 0, "solved": true, "candidates": 1}
semantic-feedback	Frozen normal-entry geometry comparison	2026-09-14T23:34:16.2758667Z {"cohort": "regression", "arm": "C", "index": 0, "solved": true, "candidates": 1}
semantic-feedback	Frozen normal-entry geometry comparison	2026-09-14T23:34:16.3256184Z {"cohort": "regression", "arm": "D", "index": 0, "solved": true, "candidates": 1}
semantic-feedback	Frozen normal-entry geometry comparison	2026-09-14T23:34:16.3541273Z {"cohort": "regression", "arm": "B", "index": 1, "solved": true, "candidates": 1}
semantic-feedback	Frozen normal-entry geometry comparison	2026-09-14T23:34:19.2393157Z {"cohort": "regression", "arm": "C", "index": 1, "solved": false, "candidates": 112}
semantic-feedback	Frozen normal-entry geometry comparison	2026-09-14T23:34:19.3095543Z {"cohort": "regression", "arm": "D", "index": 1, "solved": true, "candidates": 1}
semantic-feedback	Frozen normal-entry geometry comparison	2026-09-14T23:34:20.1402823Z {"cohort": "regression", "arm": "A", "index": 1, "solved": true, "candidates": 49}
semantic-feedback	Frozen normal-entry geometry comparison	2026-09-14T23:34:20.3448138Z {"cohort": "regression", "arm": "C", "index": 2, "solved": true, "candidates": 4}
semantic-feedback	Frozen normal-entry geometry comparison	2026-09-14T23:34:20.4099577Z {"cohort": "regression", "arm": "D", "index": 2, "solved": true, "candidates": 1}
semantic-feedback	Frozen normal-entry geometry comparison	2026-09-14T23:34:20.4601847Z {"cohort": "regression", "arm": "A", "index": 2, "solved": true, "candidates": 4}
semantic-feedback	Frozen normal-entry geometry comparison	2026-09-14T23:34:20.4887606Z {"cohort": "regression", "arm": "B", "index": 2, "solved": true, "candidates": 1}
semantic-feedback	Frozen normal-entry geometry comparison	2026-09-14T23:34:20.5582505Z {"cohort": "regression", "arm": "D", "index": 3, "solved": true, "candidates": 1}
semantic-feedback	Frozen normal-entry geometry comparison	2026-09-14T23:34:20.6316368Z {"cohort": "regression", "arm": "A", "index": 3, "solved": true, "candidates": 5}
semantic-feedback	Frozen normal-entry geometry comparison	2026-09-14T23:34:20.6600275Z {"cohort": "regression", "arm": "B", "index": 3, "solved": true, "candidates": 1}
semantic-feedback	Frozen normal-entry geometry comparison	2026-09-14T23:34:20.7499468Z {"cohort": "regression", "arm": "C", "index": 3, "solved": true, "candidates": 5}
semantic-feedback	Frozen normal-entry geometry comparison	2026-09-14T23:34:20.7584962Z {"cohort": "regression", "arm": "A", "index": 4, "solved": true, "candidates": 1}
semantic-feedback	Frozen normal-entry geometry comparison	2026-09-14T23:34:20.7710712Z {"cohort": "regression", "arm": "B", "index": 4, "solved": true, "candidates": 1}
semantic-feedback	Frozen normal-entry geometry comparison	2026-09-14T23:34:20.7929242Z {"cohort": "regression", "arm": "C", "index": 4, "solved": true, "candidates": 1}
semantic-feedback	Frozen normal-entry geometry comparison	2026-09-14T23:34:20.8395002Z {"cohort": "regression", "arm": "D", "index": 4, "solved": true, "candidates": 1}
semantic-feedback	Frozen normal-entry geometry comparison	2026-09-14T23:34:20.8678169Z {"cohort": "regression", "arm": "B", "index": 5, "solved": true, "candidates": 1}
semantic-feedback	Frozen normal-entry geometry comparison	2026-09-14T23:34:23.7760140Z {"cohort": "regression", "arm": "C", "index": 5, "solved": false, "candidates": 112}
semantic-feedback	Frozen normal-entry geometry comparison	2026-09-14T23:34:23.8455404Z {"cohort": "regression", "arm": "D", "index": 5, "solved": true, "candidates": 1}
semantic-feedback	Frozen normal-entry geometry comparison	2026-09-14T23:34:24.7821468Z {"cohort": "regression", "arm": "A", "index": 5, "solved": true, "candidates": 49}
semantic-feedback	Frozen normal-entry geometry comparison	2026-09-14T23:34:24.8535560Z {"cohort": "regression", "arm": "C", "index": 6, "solved": true, "candidates": 4}
semantic-feedback	Frozen normal-entry geometry comparison	2026-09-14T23:34:24.9197763Z {"cohort": "regression", "arm": "D", "index": 6, "solved": true, "candidates": 1}
semantic-feedback	Frozen normal-entry geometry comparison	2026-09-14T23:34:24.9704798Z {"cohort": "regression", "arm": "A", "index": 6, "solved": true, "candidates": 4}
semantic-feedback	Frozen normal-entry geometry comparison	2026-09-14T23:34:25.0002090Z {"cohort": "regression", "arm": "B", "index": 6, "solved": true, "candidates": 1}
semantic-feedback	Frozen normal-entry geometry comparison	2026-09-14T23:34:25.0670916Z {"cohort": "regression", "arm": "D", "index": 7, "solved": true, "candidates": 1}
semantic-feedback	Frozen normal-entry geometry comparison	2026-09-14T23:34:25.1410426Z {"cohort": "regression", "arm": "A", "index": 7, "solved": true, "candidates": 5}
semantic-feedback	Frozen normal-entry geometry comparison	2026-09-14T23:34:25.3395021Z {"cohort": "regression", "arm": "B", "index": 7, "solved": true, "candidates": 1}
semantic-feedback	Frozen normal-entry geometry comparison	2026-09-14T23:34:25.4304629Z {"cohort": "regression", "arm": "C", "index": 7, "solved": true, "candidates": 5}
semantic-feedback	Frozen normal-entry geometry comparison	2026-09-14T23:34:27.4796778Z {"cohort": "regression", "arm": "A", "index": 8, "solved": false, "candidates": 112}
semantic-feedback	Frozen normal-entry geometry comparison	2026-09-14T23:34:29.3292302Z {"cohort": "regression", "arm": "B", "index": 8, "solved": false, "candidates": 112}
semantic-feedback	Frozen normal-entry geometry comparison	2026-09-14T23:34:32.2208252Z {"cohort": "regression", "arm": "C", "index": 8, "solved": false, "candidates": 112}
semantic-feedback	Frozen normal-entry geometry comparison	2026-09-14T23:34:35.5657440Z {"cohort": "regression", "arm": "D", "index": 8, "solved": false, "candidates": 112}
semantic-feedback	Frozen normal-entry geometry comparison	2026-09-14T23:34:37.3259314Z {"cohort": "regression", "arm": "B", "index": 9, "solved": false, "candidates": 112}
semantic-feedback	Frozen normal-entry geometry comparison	2026-09-14T23:34:40.2062595Z {"cohort": "regression", "arm": "C", "index": 9, "solved": false, "candidates": 112}
semantic-feedback	Frozen normal-entry geometry comparison	2026-09-14T23:34:44.0094496Z {"cohort": "regression", "arm": "D", "index": 9, "solved": false, "candidates": 112}
semantic-feedback	Frozen normal-entry geometry comparison	2026-09-14T23:34:45.9618074Z {"cohort": "regression", "arm": "A", "index": 9, "solved": false, "candidates": 112}
semantic-feedback	Frozen normal-entry geometry comparison	2026-09-14T23:34:48.9392582Z {"cohort": "regression", "arm": "C", "index": 10, "solved": false, "candidates": 112}
semantic-feedback	Frozen normal-entry geometry comparison	2026-09-14T23:34:52.3758931Z {"cohort": "regression", "arm": "D", "index": 10, "solved": false, "candidates": 112}
semantic-feedback	Frozen normal-entry geometry comparison	2026-09-14T23:34:54.5047766Z {"cohort": "regression", "arm": "A", "index": 10, "solved": false, "candidates": 112}
semantic-feedback	Frozen normal-entry geometry comparison	2026-09-14T23:34:56.9485793Z {"cohort": "regression", "arm": "B", "index": 10, "solved": false, "candidates": 112}
semantic-feedback	Frozen normal-entry geometry comparison	2026-09-14T23:35:00.1583086Z {"cohort": "regression", "arm": "D", "index": 11, "solved": false, "candidates": 112}
semantic-feedback	Frozen normal-entry geometry comparison	2026-09-14T23:35:02.5369984Z {"cohort": "regression", "arm": "A", "index": 11, "solved": false, "candidates": 112}
semantic-feedback	Frozen normal-entry geometry comparison	2026-09-14T23:35:04.5387902Z {"cohort": "regression", "arm": "B", "index": 11, "solved": false, "candidates": 112}
semantic-feedback	Frozen normal-entry geometry comparison	2026-09-14T23:35:07.6332180Z {"cohort": "regression", "arm": "C", "index": 11, "solved": false, "candidates": 112}
semantic-feedback	Frozen normal-entry geometry comparison	2026-09-14T23:35:09.7889339Z {"cohort": "regression", "arm": "A", "index": 12, "solved": false, "candidates": 112}
semantic-feedback	Frozen normal-entry geometry comparison	2026-09-14T23:35:11.5849936Z {"cohort": "regression", "arm": "B", "index": 12, "solved": false, "candidates": 112}
semantic-feedback	Frozen normal-entry geometry comparison	2026-09-14T23:35:14.5399337Z {"cohort": "regression", "arm": "C", "index": 12, "solved": false, "candidates": 112}
semantic-feedback	Frozen normal-entry geometry comparison	2026-09-14T23:35:17.7374737Z {"cohort": "regression", "arm": "D", "index": 12, "solved": false, "candidates": 112}
semantic-feedback	Frozen normal-entry geometry comparison	2026-09-14T23:35:19.5282973Z {"cohort": "regression", "arm": "B", "index": 13, "solved": false, "candidates": 112}
semantic-feedback	Frozen normal-entry geometry comparison	2026-09-14T23:35:22.6275992Z {"cohort": "regression", "arm": "C", "index": 13, "solved": false, "candidates": 112}
semantic-feedback	Frozen normal-entry geometry comparison	2026-09-14T23:35:26.2646412Z {"cohort": "regression", "arm": "D", "index": 13, "solved": false, "candidates": 112}
semantic-feedback	Frozen normal-entry geometry comparison	2026-09-14T23:35:28.3911073Z {"cohort": "regression", "arm": "A", "index": 13, "solved": false, "candidates": 112}
semantic-feedback	Frozen normal-entry geometry comparison	2026-09-14T23:35:31.4063023Z {"cohort": "regression", "arm": "C", "index": 14, "solved": false, "candidates": 112}
semantic-feedback	Frozen normal-entry geometry comparison	2026-09-14T23:35:34.7885458Z {"cohort": "regression", "arm": "D", "index": 14, "solved": false, "candidates": 112}
semantic-feedback	Frozen normal-entry geometry comparison	2026-09-14T23:35:37.0196080Z {"cohort": "regression", "arm": "A", "index": 14, "solved": false, "candidates": 112}
semantic-feedback	Frozen normal-entry geometry comparison	2026-09-14T23:35:39.8035727Z {"cohort": "regression", "arm": "B", "index": 14, "solved": false, "candidates": 112}
semantic-feedback	Frozen normal-entry geometry comparison	2026-09-14T23:35:42.9862776Z {"cohort": "regression", "arm": "D", "index": 15, "solved": false, "candidates": 112}
semantic-feedback	Frozen normal-entry geometry comparison	2026-09-14T23:35:45.4211243Z {"cohort": "regression", "arm": "A", "index": 15, "solved": false, "candidates": 112}
semantic-feedback	Frozen normal-entry geometry comparison	2026-09-14T23:35:47.6243794Z {"cohort": "regression", "arm": "B", "index": 15, "solved": false, "candidates": 112}
semantic-feedback	Frozen normal-entry geometry comparison	2026-09-14T23:35:50.7438516Z {"cohort": "regression", "arm": "C", "index": 15, "solved": false, "candidates": 112}
semantic-feedback	Frozen normal-entry geometry comparison	2026-09-14T23:35:50.7606195Z {"cohort": "transfer", "arm": "A", "index": 0, "solved": true, "candidates": 1}
semantic-feedback	Frozen normal-entry geometry comparison	2026-09-14T23:35:50.7739527Z {"cohort": "transfer", "arm": "B", "index": 0, "solved": true, "candidates": 1}
semantic-feedback	Frozen normal-entry geometry comparison	2026-09-14T23:35:50.7979036Z {"cohort": "transfer", "arm": "C", "index": 0, "solved": true, "candidates": 1}
semantic-feedback	Frozen normal-entry geometry comparison	2026-09-14T23:35:50.8461250Z {"cohort": "transfer", "arm": "D", "index": 0, "solved": true, "candidates": 1}
semantic-feedback	Frozen normal-entry geometry comparison	2026-09-14T23:35:50.8756652Z {"cohort": "transfer", "arm": "B", "index": 1, "solved": true, "candidates": 1}
semantic-feedback	Frozen normal-entry geometry comparison	2026-09-14T23:35:54.1078557Z {"cohort": "transfer", "arm": "C", "index": 1, "solved": false, "candidates": 112}
semantic-feedback	Frozen normal-entry geometry comparison	2026-09-14T23:35:54.1756809Z {"cohort": "transfer", "arm": "D", "index": 1, "solved": true, "candidates": 1}
semantic-feedback	Frozen normal-entry geometry comparison	2026-09-14T23:35:55.0828346Z {"cohort": "transfer", "arm": "A", "index": 1, "solved": true, "candidates": 49}
semantic-feedback	Frozen normal-entry geometry comparison	2026-09-14T23:35:55.1581000Z {"cohort": "transfer", "arm": "C", "index": 2, "solved": true, "candidates": 4}
semantic-feedback	Frozen normal-entry geometry comparison	2026-09-14T23:35:55.2308730Z {"cohort": "transfer", "arm": "D", "index": 2, "solved": true, "candidates": 1}
semantic-feedback	Frozen normal-entry geometry comparison	2026-09-14T23:35:55.2846320Z {"cohort": "transfer", "arm": "A", "index": 2, "solved": true, "candidates": 4}
semantic-feedback	Frozen normal-entry geometry comparison	2026-09-14T23:35:55.3171829Z {"cohort": "transfer", "arm": "B", "index": 2, "solved": true, "candidates": 1}
semantic-feedback	Frozen normal-entry geometry comparison	2026-09-14T23:35:55.3902409Z {"cohort": "transfer", "arm": "D", "index": 3, "solved": true, "candidates": 1}
semantic-feedback	Frozen normal-entry geometry comparison	2026-09-14T23:35:55.4790782Z {"cohort": "transfer", "arm": "A", "index": 3, "solved": true, "candidates": 5}
semantic-feedback	Frozen normal-entry geometry comparison	2026-09-14T23:35:55.5107600Z {"cohort": "transfer", "arm": "B", "index": 3, "solved": true, "candidates": 1}
semantic-feedback	Frozen normal-entry geometry comparison	2026-09-14T23:35:55.6058079Z {"cohort": "transfer", "arm": "C", "index": 3, "solved": true, "candidates": 5}
semantic-feedback	Frozen normal-entry geometry comparison	2026-09-14T23:35:55.6151998Z {"cohort": "transfer", "arm": "A", "index": 4, "solved": true, "candidates": 1}
semantic-feedback	Frozen normal-entry geometry comparison	2026-09-14T23:35:55.6288097Z {"cohort": "transfer", "arm": "B", "index": 4, "solved": true, "candidates": 1}
semantic-feedback	Frozen normal-entry geometry comparison	2026-09-14T23:35:55.6525616Z {"cohort": "transfer", "arm": "C", "index": 4, "solved": true, "candidates": 1}
semantic-feedback	Frozen normal-entry geometry comparison	2026-09-14T23:35:55.7016473Z {"cohort": "transfer", "arm": "D", "index": 4, "solved": true, "candidates": 1}
semantic-feedback	Frozen normal-entry geometry comparison	2026-09-14T23:35:55.7316356Z {"cohort": "transfer", "arm": "B", "index": 5, "solved": true, "candidates": 1}
semantic-feedback	Frozen normal-entry geometry comparison	2026-09-14T23:35:58.7439054Z {"cohort": "transfer", "arm": "C", "index": 5, "solved": false, "candidates": 112}
semantic-feedback	Frozen normal-entry geometry comparison	2026-09-14T23:35:58.8150521Z {"cohort": "transfer", "arm": "D", "index": 5, "solved": true, "candidates": 1}
semantic-feedback	Frozen normal-entry geometry comparison	2026-09-14T23:35:59.9037178Z {"cohort": "transfer", "arm": "A", "index": 5, "solved": true, "candidates": 49}
semantic-feedback	Frozen normal-entry geometry comparison	2026-09-14T23:35:59.9814648Z {"cohort": "transfer", "arm": "C", "index": 6, "solved": true, "candidates": 4}
semantic-feedback	Frozen normal-entry geometry comparison	2026-09-14T23:36:00.0487679Z {"cohort": "transfer", "arm": "D", "index": 6, "solved": true, "candidates": 1}
semantic-feedback	Frozen normal-entry geometry comparison	2026-09-14T23:36:00.1010092Z {"cohort": "transfer", "arm": "A", "index": 6, "solved": true, "candidates": 4}
semantic-feedback	Frozen normal-entry geometry comparison	2026-09-14T23:36:00.1312862Z {"cohort": "transfer", "arm": "B", "index": 6, "solved": true, "candidates": 1}
semantic-feedback	Frozen normal-entry geometry comparison	2026-09-14T23:36:00.2021409Z {"cohort": "transfer", "arm": "D", "index": 7, "solved": true, "candidates": 1}
semantic-feedback	Frozen normal-entry geometry comparison	2026-09-14T23:36:00.2787561Z {"cohort": "transfer", "arm": "A", "index": 7, "solved": true, "candidates": 5}
semantic-feedback	Frozen normal-entry geometry comparison	2026-09-14T23:36:00.3127942Z {"cohort": "transfer", "arm": "B", "index": 7, "solved": true, "candidates": 1}
semantic-feedback	Frozen normal-entry geometry comparison	2026-09-14T23:36:00.4133917Z {"cohort": "transfer", "arm": "C", "index": 7, "solved": true, "candidates": 5}
semantic-feedback	Frozen normal-entry geometry comparison	2026-09-14T23:36:02.4182852Z {"cohort": "transfer", "arm": "A", "index": 8, "solved": false, "candidates": 112}
semantic-feedback	Frozen normal-entry geometry comparison	2026-09-14T23:36:04.3811530Z {"cohort": "transfer", "arm": "B", "index": 8, "solved": false, "candidates": 112}
semantic-feedback	Frozen normal-entry geometry comparison	2026-09-14T23:36:07.4797764Z {"cohort": "transfer", "arm": "C", "index": 8, "solved": false, "candidates": 112}
semantic-feedback	Frozen normal-entry geometry comparison	2026-09-14T23:36:11.0590298Z {"cohort": "transfer", "arm": "D", "index": 8, "solved": false, "candidates": 112}
semantic-feedback	Frozen normal-entry geometry comparison	2026-09-14T23:36:13.0325508Z {"cohort": "transfer", "arm": "B", "index": 9, "solved": false, "candidates": 112}
semantic-feedback	Frozen normal-entry geometry comparison	2026-09-14T23:36:16.0943474Z {"cohort": "transfer", "arm": "C", "index": 9, "solved": false, "candidates": 112}
semantic-feedback	Frozen normal-entry geometry comparison	2026-09-14T23:36:20.0250980Z {"cohort": "transfer", "arm": "D", "index": 9, "solved": false, "candidates": 112}
semantic-feedback	Frozen normal-entry geometry comparison	2026-09-14T23:36:22.0490242Z {"cohort": "transfer", "arm": "A", "index": 9, "solved": false, "candidates": 112}
semantic-feedback	Frozen normal-entry geometry comparison	2026-09-14T23:36:25.0234586Z {"cohort": "transfer", "arm": "C", "index": 10, "solved": false, "candidates": 112}
semantic-feedback	Frozen normal-entry geometry comparison	2026-09-14T23:36:28.5357919Z {"cohort": "transfer", "arm": "D", "index": 10, "solved": false, "candidates": 112}
semantic-feedback	Frozen normal-entry geometry comparison	2026-09-14T23:36:30.6600583Z {"cohort": "transfer", "arm": "A", "index": 10, "solved": false, "candidates": 112}
semantic-feedback	Frozen normal-entry geometry comparison	2026-09-14T23:36:33.3242823Z {"cohort": "transfer", "arm": "B", "index": 10, "solved": false, "candidates": 112}
semantic-feedback	Frozen normal-entry geometry comparison	2026-09-14T23:36:36.3865300Z {"cohort": "transfer", "arm": "D", "index": 11, "solved": false, "candidates": 112}
semantic-feedback	Frozen normal-entry geometry comparison	2026-09-14T23:36:38.8244643Z {"cohort": "transfer", "arm": "A", "index": 11, "solved": false, "candidates": 112}
semantic-feedback	Frozen normal-entry geometry comparison	2026-09-14T23:36:40.8843021Z {"cohort": "transfer", "arm": "B", "index": 11, "solved": false, "candidates": 112}
semantic-feedback	Frozen normal-entry geometry comparison	2026-09-14T23:36:43.9574840Z {"cohort": "transfer", "arm": "C", "index": 11, "solved": false, "candidates": 112}
semantic-feedback	Frozen normal-entry geometry comparison	2026-09-14T23:36:46.1282672Z {"cohort": "transfer", "arm": "A", "index": 12, "solved": false, "candidates": 112}
semantic-feedback	Frozen normal-entry geometry comparison	2026-09-14T23:36:48.0371912Z {"cohort": "transfer", "arm": "B", "index": 12, "solved": false, "candidates": 112}
semantic-feedback	Frozen normal-entry geometry comparison	2026-09-14T23:36:51.0295550Z {"cohort": "transfer", "arm": "C", "index": 12, "solved": false, "candidates": 112}
semantic-feedback	Frozen normal-entry geometry comparison	2026-09-14T23:36:54.1984937Z {"cohort": "transfer", "arm": "D", "index": 12, "solved": false, "candidates": 112}
semantic-feedback	Frozen normal-entry geometry comparison	2026-09-14T23:36:55.9737422Z {"cohort": "transfer", "arm": "B", "index": 13, "solved": false, "candidates": 112}
semantic-feedback	Frozen normal-entry geometry comparison	2026-09-14T23:36:59.0612133Z {"cohort": "transfer", "arm": "C", "index": 13, "solved": false, "candidates": 112}
semantic-feedback	Frozen normal-entry geometry comparison	2026-09-14T23:37:02.7724116Z {"cohort": "transfer", "arm": "D", "index": 13, "solved": false, "candidates": 112}
semantic-feedback	Frozen normal-entry geometry comparison	2026-09-14T23:37:04.8598383Z {"cohort": "transfer", "arm": "A", "index": 13, "solved": false, "candidates": 112}
semantic-feedback	Frozen normal-entry geometry comparison	2026-09-14T23:37:07.8731039Z {"cohort": "transfer", "arm": "C", "index": 14, "solved": false, "candidates": 112}
semantic-feedback	Frozen normal-entry geometry comparison	2026-09-14T23:37:11.1719638Z {"cohort": "transfer", "arm": "D", "index": 14, "solved": false, "candidates": 112}
semantic-feedback	Frozen normal-entry geometry comparison	2026-09-14T23:37:13.3053574Z {"cohort": "transfer", "arm": "A", "index": 14, "solved": false, "candidates": 112}
semantic-feedback	Frozen normal-entry geometry comparison	2026-09-14T23:37:15.9609788Z {"cohort": "transfer", "arm": "B", "index": 14, "solved": false, "candidates": 112}
semantic-feedback	Frozen normal-entry geometry comparison	2026-09-14T23:37:19.1930681Z {"cohort": "transfer", "arm": "D", "index": 15, "solved": false, "candidates": 112}
semantic-feedback	Frozen normal-entry geometry comparison	2026-09-14T23:37:21.4346486Z {"cohort": "transfer", "arm": "A", "index": 15, "solved": false, "candidates": 112}
semantic-feedback	Frozen normal-entry geometry comparison	2026-09-14T23:37:23.4371803Z {"cohort": "transfer", "arm": "B", "index": 15, "solved": false, "candidates": 112}
semantic-feedback	Frozen normal-entry geometry comparison	2026-09-14T23:37:26.6187176Z {"cohort": "transfer", "arm": "C", "index": 15, "solved": false, "candidates": 112}
semantic-feedback	Frozen normal-entry geometry comparison	2026-09-14T23:37:35.2848555Z {"cohort": "diagnostic", "arm": "A", "index": 8, "solved": false, "candidates": 448}
semantic-feedback	Frozen normal-entry geometry comparison	2026-09-14T23:37:52.7000308Z {"cohort": "diagnostic", "arm": "D", "index": 8, "solved": false, "candidates": 448}
semantic-feedback	Frozen normal-entry geometry comparison	2026-09-14T23:38:01.5030896Z {"cohort": "diagnostic", "arm": "A", "index": 9, "solved": false, "candidates": 448}
semantic-feedback	Frozen normal-entry geometry comparison	2026-09-14T23:38:15.3477785Z {"cohort": "diagnostic", "arm": "D", "index": 9, "solved": false, "candidates": 448}
semantic-feedback	Frozen normal-entry geometry comparison	2026-09-14T23:38:24.2700357Z {"cohort": "diagnostic", "arm": "A", "index": 10, "solved": false, "candidates": 448}
semantic-feedback	Frozen normal-entry geometry comparison	2026-09-14T23:38:41.0138221Z {"cohort": "diagnostic", "arm": "D", "index": 10, "solved": false, "candidates": 448}
semantic-feedback	Frozen normal-entry geometry comparison	2026-09-14T23:38:51.0910029Z {"cohort": "diagnostic", "arm": "A", "index": 11, "solved": false, "candidates": 448}
semantic-feedback	Frozen normal-entry geometry comparison	2026-09-14T23:39:07.5945408Z {"cohort": "diagnostic", "arm": "D", "index": 11, "solved": false, "candidates": 448}
semantic-feedback	Frozen normal-entry geometry comparison	2026-09-14T23:39:16.3833405Z {"cohort": "diagnostic", "arm": "A", "index": 12, "solved": false, "candidates": 448}
semantic-feedback	Frozen normal-entry geometry comparison	2026-09-14T23:39:33.1513554Z {"cohort": "diagnostic", "arm": "D", "index": 12, "solved": false, "candidates": 448}
semantic-feedback	Frozen normal-entry geometry comparison	2026-09-14T23:39:41.4050521Z {"cohort": "diagnostic", "arm": "A", "index": 13, "solved": false, "candidates": 448}
semantic-feedback	Frozen normal-entry geometry comparison	2026-09-14T23:39:54.6272163Z {"cohort": "diagnostic", "arm": "D", "index": 13, "solved": false, "candidates": 448}
semantic-feedback	Frozen normal-entry geometry comparison	2026-09-14T23:40:03.8193653Z {"cohort": "diagnostic", "arm": "A", "index": 14, "solved": false, "candidates": 448}
semantic-feedback	Frozen normal-entry geometry comparison	2026-09-14T23:40:19.4890990Z {"cohort": "diagnostic", "arm": "D", "index": 14, "solved": false, "candidates": 448}
semantic-feedback	Frozen normal-entry geometry comparison	2026-09-14T23:40:28.9690492Z {"cohort": "diagnostic", "arm": "A", "index": 15, "solved": false, "candidates": 448}
semantic-feedback	Frozen normal-entry geometry comparison	2026-09-14T23:40:44.9864501Z {"cohort": "diagnostic", "arm": "D", "index": 15, "solved": false, "candidates": 448}
semantic-feedback	Frozen normal-entry geometry comparison	2026-09-14T23:40:51.6848832Z {
semantic-feedback	Frozen normal-entry geometry comparison	2026-09-14T23:40:51.6849232Z   "execution_completed": true,
semantic-feedback	Frozen normal-entry geometry comparison	2026-09-14T23:40:51.6849563Z   "candidate_enumeration": "complete",
semantic-feedback	Frozen normal-entry geometry comparison	2026-09-14T23:40:51.6849823Z   "old_library_loaded": false,
semantic-feedback	Frozen normal-entry geometry comparison	2026-09-14T23:40:51.6850034Z   "acquisition": {
semantic-feedback	Frozen normal-entry geometry comparison	2026-09-14T23:40:51.6850407Z     "execution_completed": true,
semantic-feedback	Frozen normal-entry geometry comparison	2026-09-14T23:40:51.6850633Z     "summary": {
semantic-feedback	Frozen normal-entry geometry comparison	2026-09-14T23:40:51.6850810Z       "A": {
semantic-feedback	Frozen normal-entry geometry comparison	2026-09-14T23:40:51.6850981Z         "solved": 8,
semantic-feedback	Frozen normal-entry geometry comparison	2026-09-14T23:40:51.6851217Z         "tasks": 16,
semantic-feedback	Frozen normal-entry geometry comparison	2026-09-14T23:40:51.6851415Z         "candidate_expansions": 1014,
semantic-feedback	Frozen normal-entry geometry comparison	2026-09-14T23:40:51.6851900Z         "evaluation_seconds": 19.529588653999895,
semantic-feedback	Frozen normal-entry geometry comparison	2026-09-14T23:40:51.6852156Z         "goal_acquired_calls": 0,
semantic-feedback	Frozen normal-entry geometry comparison	2026-09-14T23:40:51.6852371Z         "archive_size": 0,
semantic-feedback	Frozen normal-entry geometry comparison	2026-09-14T23:40:51.6852572Z         "active_size": 0,
semantic-feedback	Frozen normal-entry geometry comparison	2026-09-14T23:40:51.6852772Z         "max_generation": 0,
semantic-feedback	Frozen normal-entry geometry comparison	2026-09-14T23:40:51.6853403Z         "reachable_states": [
semantic-feedback	Frozen normal-entry geometry comparison	2026-09-14T23:40:51.6853618Z           92,
semantic-feedback	Frozen normal-entry geometry comparison	2026-09-14T23:40:51.6853788Z           86
semantic-feedback	Frozen normal-entry geometry comparison	2026-09-14T23:40:51.6853950Z         ]
semantic-feedback	Frozen normal-entry geometry comparison	2026-09-14T23:40:51.6854104Z       },
semantic-feedback	Frozen normal-entry geometry comparison	2026-09-14T23:40:51.6854256Z       "B": {
semantic-feedback	Frozen normal-entry geometry comparison	2026-09-14T23:40:51.6854423Z         "solved": 8,
semantic-feedback	Frozen normal-entry geometry comparison	2026-09-14T23:40:51.6854605Z         "tasks": 16,
semantic-feedback	Frozen normal-entry geometry comparison	2026-09-14T23:40:51.6854800Z         "candidate_expansions": 1038,
semantic-feedback	Frozen normal-entry geometry comparison	2026-09-14T23:40:51.6855046Z         "evaluation_seconds": 16.11015041800033,
semantic-feedback	Frozen normal-entry geometry comparison	2026-09-14T23:40:51.6855307Z         "goal_acquired_calls": 0,
semantic-feedback	Frozen normal-entry geometry comparison	2026-09-14T23:40:51.6855547Z         "archive_size": 2,
semantic-feedback	Frozen normal-entry geometry comparison	2026-09-14T23:40:51.6855747Z         "active_size": 2,
semantic-feedback	Frozen normal-entry geometry comparison	2026-09-14T23:40:51.6855952Z         "max_generation": 1,
semantic-feedback	Frozen normal-entry geometry comparison	2026-09-14T23:40:51.6856162Z         "reachable_states": [
semantic-feedback	Frozen normal-entry geometry comparison	2026-09-14T23:40:51.6856359Z           72,
semantic-feedback	Frozen normal-entry geometry comparison	2026-09-14T23:40:51.6856517Z           66
semantic-feedback	Frozen normal-entry geometry comparison	2026-09-14T23:40:51.6856671Z         ]
semantic-feedback	Frozen normal-entry geometry comparison	2026-09-14T23:40:51.6856825Z       },
semantic-feedback	Frozen normal-entry geometry comparison	2026-09-14T23:40:51.6856980Z       "C": {
semantic-feedback	Frozen normal-entry geometry comparison	2026-09-14T23:40:51.6857149Z         "solved": 6,
semantic-feedback	Frozen normal-entry geometry comparison	2026-09-14T23:40:51.6857327Z         "tasks": 16,
semantic-feedback	Frozen normal-entry geometry comparison	2026-09-14T23:40:51.6857521Z         "candidate_expansions": 1140,
semantic-feedback	Frozen normal-entry geometry comparison	2026-09-14T23:40:51.6857771Z         "evaluation_seconds": 29.711609087999477,
semantic-feedback	Frozen normal-entry geometry comparison	2026-09-14T23:40:51.6858027Z         "goal_acquired_calls": 0,
semantic-feedback	Frozen normal-entry geometry comparison	2026-09-14T23:40:51.6858245Z         "archive_size": 16,
semantic-feedback	Frozen normal-entry geometry comparison	2026-09-14T23:40:51.6858457Z         "active_size": 16,
semantic-feedback	Frozen normal-entry geometry comparison	2026-09-14T23:40:51.6858659Z         "max_generation": 1,
semantic-feedback	Frozen normal-entry geometry comparison	2026-09-14T23:40:51.6858879Z         "reachable_states": [
semantic-feedback	Frozen normal-entry geometry comparison	2026-09-14T23:40:51.6859074Z           29,
semantic-feedback	Frozen normal-entry geometry comparison	2026-09-14T23:40:51.6859242Z           26
semantic-feedback	Frozen normal-entry geometry comparison	2026-09-14T23:40:51.6859400Z         ]
semantic-feedback	Frozen normal-entry geometry comparison	2026-09-14T23:40:51.6859557Z       },
semantic-feedback	Frozen normal-entry geometry comparison	2026-09-14T23:40:51.6859708Z       "E": {
semantic-feedback	Frozen normal-entry geometry comparison	2026-09-14T23:40:51.6859871Z         "solved": 6,
semantic-feedback	Frozen normal-entry geometry comparison	2026-09-14T23:40:51.6860054Z         "tasks": 16,
semantic-feedback	Frozen normal-entry geometry comparison	2026-09-14T23:40:51.6860241Z         "candidate_expansions": 1140,
semantic-feedback	Frozen normal-entry geometry comparison	2026-09-14T23:40:51.6860491Z         "evaluation_seconds": 29.24199539700021,
semantic-feedback	Frozen normal-entry geometry comparison	2026-09-14T23:40:51.6860747Z         "goal_acquired_calls": 0,
semantic-feedback	Frozen normal-entry geometry comparison	2026-09-14T23:40:51.6860967Z         "archive_size": 16,
semantic-feedback	Frozen normal-entry geometry comparison	2026-09-14T23:40:51.6861177Z         "active_size": 16,
semantic-feedback	Frozen normal-entry geometry comparison	2026-09-14T23:40:51.6861388Z         "max_generation": 1,
semantic-feedback	Frozen normal-entry geometry comparison	2026-09-14T23:40:51.6861730Z         "reachable_states": [
semantic-feedback	Frozen normal-entry geometry comparison	2026-09-14T23:40:51.6861929Z           32,
semantic-feedback	Frozen normal-entry geometry comparison	2026-09-14T23:40:51.6862088Z           28
semantic-feedback	Frozen normal-entry geometry comparison	2026-09-14T23:40:51.6862252Z         ]
semantic-feedback	Frozen normal-entry geometry comparison	2026-09-14T23:40:51.6862404Z       },
semantic-feedback	Frozen normal-entry geometry comparison	2026-09-14T23:40:51.6862555Z       "D": {
semantic-feedback	Frozen normal-entry geometry comparison	2026-09-14T23:40:51.6862715Z         "solved": 8,
semantic-feedback	Frozen normal-entry geometry comparison	2026-09-14T23:40:51.6862919Z         "tasks": 16,
semantic-feedback	Frozen normal-entry geometry comparison	2026-09-14T23:40:51.6863241Z         "candidate_expansions": 1014,
semantic-feedback	Frozen normal-entry geometry comparison	2026-09-14T23:40:51.6863824Z         "evaluation_seconds": 19.845814744000336,
semantic-feedback	Frozen normal-entry geometry comparison	2026-09-14T23:40:51.6864081Z         "goal_acquired_calls": 0,
semantic-feedback	Frozen normal-entry geometry comparison	2026-09-14T23:40:51.6864302Z         "archive_size": 16,
semantic-feedback	Frozen normal-entry geometry comparison	2026-09-14T23:40:51.6864504Z         "active_size": 0,
semantic-feedback	Frozen normal-entry geometry comparison	2026-09-14T23:40:51.6864703Z         "max_generation": 1,
semantic-feedback	Frozen normal-entry geometry comparison	2026-09-14T23:40:51.6864913Z         "reachable_states": [
semantic-feedback	Frozen normal-entry geometry comparison	2026-09-14T23:40:51.6865121Z           92,
semantic-feedback	Frozen normal-entry geometry comparison	2026-09-14T23:40:51.6865288Z           86
semantic-feedback	Frozen normal-entry geometry comparison	2026-09-14T23:40:51.6865445Z         ]
semantic-feedback	Frozen normal-entry geometry comparison	2026-09-14T23:40:51.6865601Z       }
semantic-feedback	Frozen normal-entry geometry comparison	2026-09-14T23:40:51.6865750Z     },
semantic-feedback	Frozen normal-entry geometry comparison	2026-09-14T23:40:51.6865927Z     "reach_differences": [
semantic-feedback	Frozen normal-entry geometry comparison	2026-09-14T23:40:51.6866119Z       {
semantic-feedback	Frozen normal-entry geometry comparison	2026-09-14T23:40:51.6866389Z         "from": "L0",
semantic-feedback	Frozen normal-entry geometry comparison	2026-09-14T23:40:51.6866576Z         "to": "L1",
semantic-feedback	Frozen normal-entry geometry comparison	2026-09-14T23:40:51.6866913Z         "task_sha256": "6d893f84e73cc83a65232dbb14c7f33eeb4886d6c13d79785c0ed80a83590126",
semantic-feedback	Frozen normal-entry geometry comparison	2026-09-14T23:40:51.6867310Z         "new_reachable_states": [],
semantic-feedback	Frozen normal-entry geometry comparison	2026-09-14T23:40:51.6867554Z         "lost_reachable_states": [
semantic-feedback	Frozen normal-entry geometry comparison	2026-09-14T23:40:51.6867882Z           "0852998ce54eb0b26eb218b154271843f2658a5496391d813093948a30ccdaa6",
semantic-feedback	Frozen normal-entry geometry comparison	2026-09-14T23:40:51.6868321Z           "0d09d55db55a3f2544cdd669fe939b1537c9e1a88c2467c36515978f3a7f3610",
semantic-feedback	Frozen normal-entry geometry comparison	2026-09-14T23:40:51.6868756Z           "259572c31ee8f0c4cd8cc2f6a9e3c47dc9c5300b8c96d8f718c7ee62bba00f9c",
semantic-feedback	Frozen normal-entry geometry comparison	2026-09-14T23:40:51.6869187Z           "2692cd684528592074f97752f7ab0bb43ea35c223172ecaf8d4b81a8ed69663d",
semantic-feedback	Frozen normal-entry geometry comparison	2026-09-14T23:40:51.6869787Z           "28e5625f56c3d34c16c92e90001380f909ed383e54efbe999380f5987342124a",
semantic-feedback	Frozen normal-entry geometry comparison	2026-09-14T23:40:51.6870210Z           "31fbffac3d04fd8dd3d966b2a080ae668816d0875c5372e197644796db2dada1",
semantic-feedback	Frozen normal-entry geometry comparison	2026-09-14T23:40:51.6870642Z           "4266ee6c5cecab23ef4dbc6f169906f62f7a8b371a478081bba55b6c5a673345",
semantic-feedback	Frozen normal-entry geometry comparison	2026-09-14T23:40:51.6871054Z           "4c22918c56baa840f9600ccc0b1590b19e011bf51714020bf7ef87c6b1978461",
semantic-feedback	Frozen normal-entry geometry comparison	2026-09-14T23:40:51.6871470Z           "62b4cdd4dbfdbb961bdd5e841e00e3297b77f089487d20feebb2b35e1b1485e3",
semantic-feedback	Frozen normal-entry geometry comparison	2026-09-14T23:40:51.6872029Z           "66b1d0b94c88f1c3d524edbdcf874b11f7c62d0f91d62f292db91d128a0c7313",
semantic-feedback	Frozen normal-entry geometry comparison	2026-09-14T23:40:51.6872468Z           "75afa7b1b0acff403a09ae2f5bed2b32fdab205af3af96cab6859ddf0392e84f",
semantic-feedback	Frozen normal-entry geometry comparison	2026-09-14T23:40:51.6872897Z           "7bd0f3f13a7a795f355c8858d14395d793d0416e706b151173c2e1f93adca66e",
semantic-feedback	Frozen normal-entry geometry comparison	2026-09-14T23:40:51.6873314Z           "96af55898035edb53c3ca76a8097cf6b06dc68351bc099c8b9e5832193286ba3",
semantic-feedback	Frozen normal-entry geometry comparison	2026-09-14T23:40:51.6873732Z           "ae223cd71490b6f19f239a73004be496f84192666b318fa2cc60558ef6b441ec",
semantic-feedback	Frozen normal-entry geometry comparison	2026-09-14T23:40:51.6874155Z           "af00eefd56935cae33c3c61a8dbe3d737884804400f464730e26412a028ec9db",
semantic-feedback	Frozen normal-entry geometry comparison	2026-09-14T23:40:51.6874582Z           "afe462157ccb8949f23259094e82d0438eee7936ab5080d386c74898e0483076",
semantic-feedback	Frozen normal-entry geometry comparison	2026-09-14T23:40:51.6875018Z           "cfefc25c64080a3a7fce618a6efd2cb610be76fe9c2f76f68899ad5474181bb0",
semantic-feedback	Frozen normal-entry geometry comparison	2026-09-14T23:40:51.6875447Z           "d810bbcc3260e60b1c3767b29a08de2acec0829088f7571043b684261ca81371",
semantic-feedback	Frozen normal-entry geometry comparison	2026-09-14T23:40:51.6875860Z           "f91a285d99b635c8165f21498eee606636cb99726f0435947d0efba651acb4da",
semantic-feedback	Frozen normal-entry geometry comparison	2026-09-14T23:40:51.6876292Z           "fb7931fc8cfaf5a0ae81091c1d7bc0c6facb66a35d8ccac4e95ec8bf980148c5"
semantic-feedback	Frozen normal-entry geometry comparison	2026-09-14T23:40:51.6876628Z         ]
semantic-feedback	Frozen normal-entry geometry comparison	2026-09-14T23:40:51.6876786Z       },
semantic-feedback	Frozen normal-entry geometry comparison	2026-09-14T23:40:51.6876936Z       {
semantic-feedback	Frozen normal-entry geometry comparison	2026-09-14T23:40:51.6877095Z         "from": "L0",
semantic-feedback	Frozen normal-entry geometry comparison	2026-09-14T23:40:51.6877277Z         "to": "L1",
semantic-feedback	Frozen normal-entry geometry comparison	2026-09-14T23:40:51.6877584Z         "task_sha256": "7fe576413f8014ccf5c42200892788759537cb44070eb80dd6b898c40d6f5c59",
semantic-feedback	Frozen normal-entry geometry comparison	2026-09-14T23:40:51.6877956Z         "new_reachable_states": [],
semantic-feedback	Frozen normal-entry geometry comparison	2026-09-14T23:40:51.6878190Z         "lost_reachable_states": [
semantic-feedback	Frozen normal-entry geometry comparison	2026-09-14T23:40:51.6878509Z           "08f54b8b3c938cc8e59c94d5a41fb708c1dba728fe794bc9909e94501d67dec6",
semantic-feedback	Frozen normal-entry geometry comparison	2026-09-14T23:40:51.6878927Z           "0961ddf62a6634bebad73409d68b584197a29e98928b99fe3eb6a26952799af2",
semantic-feedback	Frozen normal-entry geometry comparison	2026-09-14T23:40:51.6879351Z           "10f4d022585431437111a8cfd3ccb9a6917e12f8700ceb27ebd489c0f18064d9",
semantic-feedback	Frozen normal-entry geometry comparison	2026-09-14T23:40:51.6879776Z           "1df837aa13f9cc801af8be2ffc64bf2b1c8f17fc2206436b0f46a58cc13254f3",
semantic-feedback	Frozen normal-entry geometry comparison	2026-09-14T23:40:51.6880208Z           "1e2ea8e30301acedeeeb374222d270472ed9372bc970772f91a4b60ca8da5564",
semantic-feedback	Frozen normal-entry geometry comparison	2026-09-14T23:40:51.6880786Z           "3f1e7f8f16bebb9f8062f969f8e4146f82b5a319cab72b97a6b8a35cd55cd80b",
semantic-feedback	Frozen normal-entry geometry comparison	2026-09-14T23:40:51.6881206Z           "40630f69e25235c9db2b0636d3eebdf59a08a1a405309279855b3432ee942fae",
semantic-feedback	Frozen normal-entry geometry comparison	2026-09-14T23:40:51.6881729Z           "461015572f2356663c793555d4ef3d26c73f626ffc27412b8b0b2622aaab9157",
semantic-feedback	Frozen normal-entry geometry comparison	2026-09-14T23:40:51.6882385Z           "4bc57f5b4116c8fa960ff3e00813c60c12ec55ceb866a7c7e08327f64131ba63",
semantic-feedback	Frozen normal-entry geometry comparison	2026-09-14T23:40:51.6882940Z           "4f918e8567b61cf1e907f53f484b690c4b5ffb84123bf2c8d22a3a0c56edc763",
semantic-feedback	Frozen normal-entry geometry comparison	2026-09-14T23:40:51.6883425Z           "53874db4bfcbb6685dce2c3579c68279ccca135f6978078ca98ccdcd294ed632",
semantic-feedback	Frozen normal-entry geometry comparison	2026-09-14T23:40:51.6884047Z           "61ce022d80741cd618f9ecc71d5dbe4024f240d09b0d109ad36451daee33b37f",
semantic-feedback	Frozen normal-entry geometry comparison	2026-09-14T23:40:51.6884557Z           "77cad61e8b4e3d037429865796b214084d4a5bc330fd5a472089acc7e6b19b77",
semantic-feedback	Frozen normal-entry geometry comparison	2026-09-14T23:40:51.6885133Z           "844336ec775f3f32a73d78c1c6cbb86caa3e935f5a9d09b39cc323438d6c31f4",
semantic-feedback	Frozen normal-entry geometry comparison	2026-09-14T23:40:51.6885633Z           "9229b89e24dcca69ee41000ec74d125de0144531263db26080cdc8ae153c3589",
semantic-feedback	Frozen normal-entry geometry comparison	2026-09-14T23:40:51.6886138Z           "a2cc458a7e9bdd5da5cbea4a2bea0e50c259cbfb0200310ac85eeb1f276523c3",
semantic-feedback	Frozen normal-entry geometry comparison	2026-09-14T23:40:51.6886769Z           "ba5b334c61ffeb009850e0ad9a977a1b9e4519403a8c7fd0d1caad44e5698aef",
semantic-feedback	Frozen normal-entry geometry comparison	2026-09-14T23:40:51.6940513Z           "eaa7b69131c9ecf686ccf97f12959b5b287ec260576d3ebaa5e3f8fe71eff018",
semantic-feedback	Frozen normal-entry geometry comparison	2026-09-14T23:40:51.6941388Z           "efe77f375fdc8ebc648d53481ebc1321137e9621585c74342722229d20c1bda3",
semantic-feedback	Frozen normal-entry geometry comparison	2026-09-14T23:40:51.6941935Z           "f4344caf6a798cccd67a56cf9541c6586cc85144806a34320b67369efff2bc78"
semantic-feedback	Frozen normal-entry geometry comparison	2026-09-14T23:40:51.6942252Z         ]
semantic-feedback	Frozen normal-entry geometry comparison	2026-09-14T23:40:51.6942411Z       },
semantic-feedback	Frozen normal-entry geometry comparison	2026-09-14T23:40:51.6942570Z       {
semantic-feedback	Frozen normal-entry geometry comparison	2026-09-14T23:40:51.6942733Z         "from": "L1",
semantic-feedback	Frozen normal-entry geometry comparison	2026-09-14T23:40:51.6942918Z         "to": "L2",
semantic-feedback	Frozen normal-entry geometry comparison	2026-09-14T23:40:51.6943238Z         "task_sha256": "6d893f84e73cc83a65232dbb14c7f33eeb4886d6c13d79785c0ed80a83590126",
semantic-feedback	Frozen normal-entry geometry comparison	2026-09-14T23:40:51.6943613Z         "new_reachable_states": [],
semantic-feedback	Frozen normal-entry geometry comparison	2026-09-14T23:40:51.6943849Z         "lost_reachable_states": [
semantic-feedback	Frozen normal-entry geometry comparison	2026-09-14T23:40:51.6944164Z           "04e4db892374878ae9c24d1dd89035490e786e966b53f55f6c0eca1065e6c92a",
semantic-feedback	Frozen normal-entry geometry comparison	2026-09-14T23:40:51.6944580Z           "07155c6814026279dc8ac4d44b200d66e4e2d501d49a9d7c2651e2a505777d06",
semantic-feedback	Frozen normal-entry geometry comparison	2026-09-14T23:40:51.6945006Z           "16efda483a6b3ba56ce58a3c3e86163f7403a0e004b021b14b7bfddc4458bbda",
semantic-feedback	Frozen normal-entry geometry comparison	2026-09-14T23:40:51.6945438Z           "551ed13d26447ac7692638863830a639a8dc7c58b4d50d6b6f7e6ca412d99fd6",
semantic-feedback	Frozen normal-entry geometry comparison	2026-09-14T23:40:51.6945854Z           "624be926480e6aac6a2832c37d5bd51eef7853542dfd4f634401af0a26abb79f",
semantic-feedback	Frozen normal-entry geometry comparison	2026-09-14T23:40:51.6946267Z           "682e90447fa98fad5212471f97fb791bf2300f00cc26e450b6f021148791eb48",
semantic-feedback	Frozen normal-entry geometry comparison	2026-09-14T23:40:51.6946681Z           "6b379643e15e907e6202fe4307ca9cd039789ea07c61a757fb70f3d9a6a594dd",
semantic-feedback	Frozen normal-entry geometry comparison	2026-09-14T23:40:51.6947098Z           "6f5f9d28dc917dd8738883c1d77f225790082c6082c8f797191a08f65a73e9ce",
semantic-feedback	Frozen normal-entry geometry comparison	2026-09-14T23:40:51.6947523Z           "6f8d7aa390c008a15e3faf1df88fc2104c33633b4c5651dcd5be1e51268c47c3",
semantic-feedback	Frozen normal-entry geometry comparison	2026-09-14T23:40:51.6947959Z           "8402f77607e614444cb4bbb6fd5b3ecdc4a509aa1c921055a60cdda41ce0b089",
semantic-feedback	Frozen normal-entry geometry comparison	2026-09-14T23:40:51.6948369Z           "b3eb73351487282271e7b2014042a4709891ddcdc28783ace599c3cde3ebf7ac",
semantic-feedback	Frozen normal-entry geometry comparison	2026-09-14T23:40:51.6948780Z           "e471ebf6c185b30bdf238a291b609ce621b41782226e6e4276cc660ada1b2581",
semantic-feedback	Frozen normal-entry geometry comparison	2026-09-14T23:40:51.6949215Z           "e8b1ac5dc8bea0e885a0a3cdab82bd0a6955c922981af7af852f17045e0e36a7"
semantic-feedback	Frozen normal-entry geometry comparison	2026-09-14T23:40:51.6949549Z         ]
semantic-feedback	Frozen normal-entry geometry comparison	2026-09-14T23:40:51.6949707Z       },
semantic-feedback	Frozen normal-entry geometry comparison	2026-09-14T23:40:51.6949860Z       {
semantic-feedback	Frozen normal-entry geometry comparison	2026-09-14T23:40:51.6950019Z         "from": "L1",
semantic-feedback	Frozen normal-entry geometry comparison	2026-09-14T23:40:51.6950195Z         "to": "L2",
semantic-feedback	Frozen normal-entry geometry comparison	2026-09-14T23:40:51.6950494Z         "task_sha256": "7fe576413f8014ccf5c42200892788759537cb44070eb80dd6b898c40d6f5c59",
semantic-feedback	Frozen normal-entry geometry comparison	2026-09-14T23:40:51.6950865Z         "new_reachable_states": [],
semantic-feedback	Frozen normal-entry geometry comparison	2026-09-14T23:40:51.6951091Z         "lost_reachable_states": [
semantic-feedback	Frozen normal-entry geometry comparison	2026-09-14T23:40:51.6951410Z           "06615a7d143b9fe5dc6e2bd826d89fb455899ada1a07ae8e8c089e5a9fe59c15",
semantic-feedback	Frozen normal-entry geometry comparison	2026-09-14T23:40:51.6952096Z           "17fd210b198b328d8d4b41003511d803debed16eb82dea93662f8c75dfa21b16",
semantic-feedback	Frozen normal-entry geometry comparison	2026-09-14T23:40:51.6952507Z           "20ea8a884e528b3792878986f3b5d70b7cb3a91fb2c63845c71c56b9a8a88f9c",
semantic-feedback	Frozen normal-entry geometry comparison	2026-09-14T23:40:51.6952924Z           "4d0bfad44ae2e4a2e19cf18984d6d2232bf670ec109346e13247747dc018127e",
semantic-feedback	Frozen normal-entry geometry comparison	2026-09-14T23:40:51.6953335Z           "5199d620963f7380060a3b764b2116dbea28ccbdc93ec395c5a1b9202fdb273b",
semantic-feedback	Frozen normal-entry geometry comparison	2026-09-14T23:40:51.6953758Z           "74fd1cd88b7f4d2dbdeaa8fe4ce37592bd45c6c78c12d5b93f1d7d37670f7534",
semantic-feedback	Frozen normal-entry geometry comparison	2026-09-14T23:40:51.6954188Z           "8654139c1c3f6ddb334c695e4fc8bdbd8e1319db0ed9fcf7b16f4539d5fb7078",
semantic-feedback	Frozen normal-entry geometry comparison	2026-09-14T23:40:51.6954607Z           "9f833430378497b93e318930fc8da9b8464ba6a4a3a92ec3647a7cb720900c8d",
semantic-feedback	Frozen normal-entry geometry comparison	2026-09-14T23:40:51.6955024Z           "b793b412e91693ee7b7fccbba356bdcdbea081e2e375189414a85111d5d40340",
semantic-feedback	Frozen normal-entry geometry comparison	2026-09-14T23:40:51.6955439Z           "cd8829f1ce9f9e42cd718218cd7ad5772e047f91bc6a274f381bb6b48b663399",
semantic-feedback	Frozen normal-entry geometry comparison	2026-09-14T23:40:51.6955857Z           "fdc7c533b541953dcf07b8787517721a3893c42becfbd44445d77c582acb87d3"
semantic-feedback	Frozen normal-entry geometry comparison	2026-09-14T23:40:51.6956181Z         ]
semantic-feedback	Frozen normal-entry geometry comparison	2026-09-14T23:40:51.6956336Z       },
semantic-feedback	Frozen normal-entry geometry comparison	2026-09-14T23:40:51.6956486Z       {
semantic-feedback	Frozen normal-entry geometry comparison	2026-09-14T23:40:51.6956646Z         "from": "L2",
semantic-feedback	Frozen normal-entry geometry comparison	2026-09-14T23:40:51.6956827Z         "to": "L3",
semantic-feedback	Frozen normal-entry geometry comparison	2026-09-14T23:40:51.6957134Z         "task_sha256": "6d893f84e73cc83a65232dbb14c7f33eeb4886d6c13d79785c0ed80a83590126",
semantic-feedback	Frozen normal-entry geometry comparison	2026-09-14T23:40:51.6957513Z         "new_reachable_states": [],
semantic-feedback	Frozen normal-entry geometry comparison	2026-09-14T23:40:51.6957871Z         "lost_reachable_states": [
semantic-feedback	Frozen normal-entry geometry comparison	2026-09-14T23:40:51.6958190Z           "6e53c571eb56079549e724de4f1a08c729b2dd81449ba2d327af7cede849393b",
semantic-feedback	Frozen normal-entry geometry comparison	2026-09-14T23:40:51.6958600Z           "78d627cd049e45d48e0383a777c01a5c1cb38b03858b55009686d1ab57ee2680",
semantic-feedback	Frozen normal-entry geometry comparison	2026-09-14T23:40:51.6959016Z           "87e43d3ace6b20b5cd5c4b6e3a3e79c27d2442ef07eed252636766fa09c85657",
semantic-feedback	Frozen normal-entry geometry comparison	2026-09-14T23:40:51.6959441Z           "9ac0654bb633bf3501a8939681d9db787fc99ab59a2244e6d08d86a2b525aca7",
semantic-feedback	Frozen normal-entry geometry comparison	2026-09-14T23:40:51.6959866Z           "b0a42fd3daba3a6528d2ca04d4d50509a6e905871901477b6bdc7774b2f360d6",
semantic-feedback	Frozen normal-entry geometry comparison	2026-09-14T23:40:51.6960296Z           "b8e15df56eedfe58d61d6e282decd963c3845c632d3e76f5e97fda7fc9e14428",
semantic-feedback	Frozen normal-entry geometry comparison	2026-09-14T23:40:51.6960724Z           "b97a7c4db4b9dc0ccea94f2122f0ab9dc3b776b6338ce05e8129443d8b7ed2fe",
semantic-feedback	Frozen normal-entry geometry comparison	2026-09-14T23:40:51.6961133Z           "d52b5613f1994cf6f39e58940e74b008f604a2f9369632e087608c475c558192",
semantic-feedback	Frozen normal-entry geometry comparison	2026-09-14T23:40:51.6961543Z           "e181fbbab35fd28be0d150f9183e3511eed34733b9ac0b992ce0f1d10e061537"
semantic-feedback	Frozen normal-entry geometry comparison	2026-09-14T23:40:51.6961966Z         ]
semantic-feedback	Frozen normal-entry geometry comparison	2026-09-14T23:40:51.6962122Z       },
semantic-feedback	Frozen normal-entry geometry comparison	2026-09-14T23:40:51.6962275Z       {
semantic-feedback	Frozen normal-entry geometry comparison	2026-09-14T23:40:51.6962458Z         "from": "L2",
semantic-feedback	Frozen normal-entry geometry comparison	2026-09-14T23:40:51.6962638Z         "to": "L3",
semantic-feedback	Frozen normal-entry geometry comparison	2026-09-14T23:40:51.6962936Z         "task_sha256": "7fe576413f8014ccf5c42200892788759537cb44070eb80dd6b898c40d6f5c59",
semantic-feedback	Frozen normal-entry geometry comparison	2026-09-14T23:40:51.6963300Z         "new_reachable_states": [],
semantic-feedback	Frozen normal-entry geometry comparison	2026-09-14T23:40:51.6963526Z         "lost_reachable_states": [
semantic-feedback	Frozen normal-entry geometry comparison	2026-09-14T23:40:51.6963835Z           "0d6e4a67a03bd2691310f08c228f247d1eaeb43309be5586cfb094677812087b",
semantic-feedback	Frozen normal-entry geometry comparison	2026-09-14T23:40:51.6964261Z           "24f5fb6df8987b47b3d09c8f0602743e28a4acbd74967fc8351e6b061809603b",
semantic-feedback	Frozen normal-entry geometry comparison	2026-09-14T23:40:51.6964677Z           "4366722a66170297540b47cdf5d33b1a9008a3fd58c8d2488c1b0ee936bdf118",
semantic-feedback	Frozen normal-entry geometry comparison	2026-09-14T23:40:51.6965099Z           "4d3d8da80bf0884ad28cd8721e4e9d1f79e97b3e7185bc94db6f36833c421072",
semantic-feedback	Frozen normal-entry geometry comparison	2026-09-14T23:40:51.6965531Z           "56b5e04a0e2000b6ceadae53cd20827b2675ea2acfed76008b5b6e7cbb20fe87",
semantic-feedback	Frozen normal-entry geometry comparison	2026-09-14T23:40:51.6965961Z           "7e4ec65bc7bf6ffa17687992067b82d093504cfc1a20c1c313bcedd652eb44c8",
semantic-feedback	Frozen normal-entry geometry comparison	2026-09-14T23:40:51.6966391Z           "eba1588558f8929ed0dfd5fa1869730eaae4d011d78dde8a99a87b6f38aa5612",
semantic-feedback	Frozen normal-entry geometry comparison	2026-09-14T23:40:51.6966810Z           "f30ab65165a55bdb55301924adc222f9da103ceb6d2782623cce7ddb403694aa"
semantic-feedback	Frozen normal-entry geometry comparison	2026-09-14T23:40:51.6967129Z         ]
semantic-feedback	Frozen normal-entry geometry comparison	2026-09-14T23:40:51.6967279Z       },
semantic-feedback	Frozen normal-entry geometry comparison	2026-09-14T23:40:51.6967435Z       {
semantic-feedback	Frozen normal-entry geometry comparison	2026-09-14T23:40:51.6967592Z         "from": "L3",
semantic-feedback	Frozen normal-entry geometry comparison	2026-09-14T23:40:51.6967766Z         "to": "L4",
semantic-feedback	Frozen normal-entry geometry comparison	2026-09-14T23:40:51.6968073Z         "task_sha256": "6d893f84e73cc83a65232dbb14c7f33eeb4886d6c13d79785c0ed80a83590126",
semantic-feedback	Frozen normal-entry geometry comparison	2026-09-14T23:40:51.6968580Z         "new_reachable_states": [],
semantic-feedback	Frozen normal-entry geometry comparison	2026-09-14T23:40:51.6968802Z         "lost_reachable_states": [
semantic-feedback	Frozen normal-entry geometry comparison	2026-09-14T23:40:51.6969106Z           "159c65399098b86608eecbfabad4506dbc4cf2059e09921057e1293587a7fcfc",
semantic-feedback	Frozen normal-entry geometry comparison	2026-09-14T23:40:51.6969518Z           "3dd2e16a41d9eda388c22cc136d584a02a611739f7703ddb05979b5be4f5bf0d",
semantic-feedback	Frozen normal-entry geometry comparison	2026-09-14T23:40:51.6969949Z           "67091c929c36b2d6b2d174399575df3fb0ad3f7898f49992c53e0eadea6ee7e1",
semantic-feedback	Frozen normal-entry geometry comparison	2026-09-14T23:40:51.6970366Z           "8d1a166d5beef9a033be3ecc8607c7668fa34898d81af1bcc92514d2ccfb46fe"
semantic-feedback	Frozen normal-entry geometry comparison	2026-09-14T23:40:51.6970687Z         ]
semantic-feedback	Frozen normal-entry geometry comparison	2026-09-14T23:40:51.6970843Z       },
semantic-feedback	Frozen normal-entry geometry comparison	2026-09-14T23:40:51.6971002Z       {
semantic-feedback	Frozen normal-entry geometry comparison	2026-09-14T23:40:51.6971157Z         "from": "L3",
semantic-feedback	Frozen normal-entry geometry comparison	2026-09-14T23:40:51.6971333Z         "to": "L4",
semantic-feedback	Frozen normal-entry geometry comparison	2026-09-14T23:40:51.6971748Z         "task_sha256": "7fe576413f8014ccf5c42200892788759537cb44070eb80dd6b898c40d6f5c59",
semantic-feedback	Frozen normal-entry geometry comparison	2026-09-14T23:40:51.6972114Z         "new_reachable_states": [],
semantic-feedback	Frozen normal-entry geometry comparison	2026-09-14T23:40:51.6972348Z         "lost_reachable_states": [
semantic-feedback	Frozen normal-entry geometry comparison	2026-09-14T23:40:51.6972653Z           "3b0f252a4847130a715ec6e4465042e3f77f255f997f2b906695fe25c9a08bf4",
semantic-feedback	Frozen normal-entry geometry comparison	2026-09-14T23:40:51.6973052Z           "49773f0f28f57616203af76e87931c97742abbe7f2e6b850586f57e17c88ad4a",
semantic-feedback	Frozen normal-entry geometry comparison	2026-09-14T23:40:51.6973464Z           "9f8dabf320f4855b6c46b8dfd4d9c639778f52fba13df8423b2d2777746e6806",
semantic-feedback	Frozen normal-entry geometry comparison	2026-09-14T23:40:51.6973882Z           "b4527e06e74f2ada3205f067a0a647fa06e68714c1e5572ccea1e97ce9aa8359"
semantic-feedback	Frozen normal-entry geometry comparison	2026-09-14T23:40:51.6974371Z         ]
semantic-feedback	Frozen normal-entry geometry comparison	2026-09-14T23:40:51.6974521Z       },
semantic-feedback	Frozen normal-entry geometry comparison	2026-09-14T23:40:51.6974670Z       {
semantic-feedback	Frozen normal-entry geometry comparison	2026-09-14T23:40:51.6974824Z         "from": "L4",
semantic-feedback	Frozen normal-entry geometry comparison	2026-09-14T23:40:51.6974997Z         "to": "L5",
semantic-feedback	Frozen normal-entry geometry comparison	2026-09-14T23:40:51.6975292Z         "task_sha256": "6d893f84e73cc83a65232dbb14c7f33eeb4886d6c13d79785c0ed80a83590126",
semantic-feedback	Frozen normal-entry geometry comparison	2026-09-14T23:40:51.6975656Z         "new_reachable_states": [],
semantic-feedback	Frozen normal-entry geometry comparison	2026-09-14T23:40:51.6975887Z         "lost_reachable_states": [
semantic-feedback	Frozen normal-entry geometry comparison	2026-09-14T23:40:51.6976188Z           "083153da76732071768fa9393e466aef223c2c28e419e0b996c86c2978e2e89e",
semantic-feedback	Frozen normal-entry geometry comparison	2026-09-14T23:40:51.6976599Z           "618a8f57a80901934c0dae57d52f154560b213e537eb8d65be86ec0b760a6f90",
semantic-feedback	Frozen normal-entry geometry comparison	2026-09-14T23:40:51.6977009Z           "b11f6d5001a02766af0b1a4f6261814d45f0bd08edb2b82963c0bec87e6916e6",
semantic-feedback	Frozen normal-entry geometry comparison	2026-09-14T23:40:51.6977436Z           "ca7f0a04affbeeda4796b1ef17390b0163ef8b142c97e4600832b5f3bc2092eb",
semantic-feedback	Frozen normal-entry geometry comparison	2026-09-14T23:40:51.6977862Z           "f6a950ff2c88d942aaa64fd721fa661e58efc6d03102efd743ee4f70adf805b8",
semantic-feedback	Frozen normal-entry geometry comparison	2026-09-14T23:40:51.6978292Z           "fe7103d55200f08b8cf316cae61754787ade97eaa7cbedfd7ac7fa053114b832"
semantic-feedback	Frozen normal-entry geometry comparison	2026-09-14T23:40:51.6978614Z         ]
semantic-feedback	Frozen normal-entry geometry comparison	2026-09-14T23:40:51.6978764Z       },
semantic-feedback	Frozen normal-entry geometry comparison	2026-09-14T23:40:51.6978916Z       {
semantic-feedback	Frozen normal-entry geometry comparison	2026-09-14T23:40:51.6979072Z         "from": "L4",
semantic-feedback	Frozen normal-entry geometry comparison	2026-09-14T23:40:51.6979254Z         "to": "L5",
semantic-feedback	Frozen normal-entry geometry comparison	2026-09-14T23:40:51.6979561Z         "task_sha256": "7fe576413f8014ccf5c42200892788759537cb44070eb80dd6b898c40d6f5c59",
semantic-feedback	Frozen normal-entry geometry comparison	2026-09-14T23:40:51.6979932Z         "new_reachable_states": [],
semantic-feedback	Frozen normal-entry geometry comparison	2026-09-14T23:40:51.6980163Z         "lost_reachable_states": [
semantic-feedback	Frozen normal-entry geometry comparison	2026-09-14T23:40:51.6980486Z           "0c62ecb4f200d95d8717e616dbded7ccea2e4d7b7e7edb8007381295a10a8431",
semantic-feedback	Frozen normal-entry geometry comparison	2026-09-14T23:40:51.6980916Z           "2af740fb67813c97ed2945c4c724c690ce35301e7ef8063e898772a5ffd8c354",
semantic-feedback	Frozen normal-entry geometry comparison	2026-09-14T23:40:51.6981332Z           "339dc43c126a25c7e464340ee22fdb3b9bed5df4d4ff79f157874788a80ab7e4",
semantic-feedback	Frozen normal-entry geometry comparison	2026-09-14T23:40:51.6981854Z           "6d0465ee84bd8c4815d88045dedd55a77d76d1fa3071915039fa8b23cfe8f24d",
semantic-feedback	Frozen normal-entry geometry comparison	2026-09-14T23:40:51.6982283Z           "b33cea3b3e5f03673365df6a2cffc91f9af020a6dc0179ec7b1fe5b93be1eeff",
semantic-feedback	Frozen normal-entry geometry comparison	2026-09-14T23:40:51.6982716Z           "f520540772fd8d3bbdf42fc1b63b02b47fcda126a9c79321092498f50032e0a8"
semantic-feedback	Frozen normal-entry geometry comparison	2026-09-14T23:40:51.6983039Z         ]
semantic-feedback	Frozen normal-entry geometry comparison	2026-09-14T23:40:51.6983196Z       },
semantic-feedback	Frozen normal-entry geometry comparison	2026-09-14T23:40:51.6983349Z       {
semantic-feedback	Frozen normal-entry geometry comparison	2026-09-14T23:40:51.6983508Z         "from": "L5",
semantic-feedback	Frozen normal-entry geometry comparison	2026-09-14T23:40:51.6983690Z         "to": "L6",
semantic-feedback	Frozen normal-entry geometry comparison	2026-09-14T23:40:51.6983999Z         "task_sha256": "6d893f84e73cc83a65232dbb14c7f33eeb4886d6c13d79785c0ed80a83590126",
semantic-feedback	Frozen normal-entry geometry comparison	2026-09-14T23:40:51.6984369Z         "new_reachable_states": [],
semantic-feedback	Frozen normal-entry geometry comparison	2026-09-14T23:40:51.6984716Z         "lost_reachable_states": [
semantic-feedback	Frozen normal-entry geometry comparison	2026-09-14T23:40:51.6985025Z           "573859ca56cd64e31bf692fb178aae580425a357a4f2f5be9b604db3d3afd71f",
semantic-feedback	Frozen normal-entry geometry comparison	2026-09-14T23:40:51.6985434Z           "928f595aac6c994becf24208947e74030ddf82581170d3f1e95f0b2f91af4a66",
semantic-feedback	Frozen normal-entry geometry comparison	2026-09-14T23:40:51.6985849Z           "937a62955e20bee995fd33915361e81a9c0007fb1db7f56398d124a7c272cffe",
semantic-feedback	Frozen normal-entry geometry comparison	2026-09-14T23:40:51.6986265Z           "b0121fe906125dbfa954fe2fa90ffc516f8d848adc5479066091f4c916107d6d",
semantic-feedback	Frozen normal-entry geometry comparison	2026-09-14T23:40:51.6986697Z           "dee2b35ea0ce7e38ab70343a6266e9473adc6beaace99c167b4d22ba8e14fe7a",
semantic-feedback	Frozen normal-entry geometry comparison	2026-09-14T23:40:51.6987146Z           "ea511ce5be6c83fc129ec1dcefe441e7ef8c10844f18c4ae37c1afc43d67fa23"
semantic-feedback	Frozen normal-entry geometry comparison	2026-09-14T23:40:51.6987486Z         ]
semantic-feedback	Frozen normal-entry geometry comparison	2026-09-14T23:40:51.6987642Z       },
semantic-feedback	Frozen normal-entry geometry comparison	2026-09-14T23:40:51.6987799Z       {
semantic-feedback	Frozen normal-entry geometry comparison	2026-09-14T23:40:51.6987952Z         "from": "L5",
semantic-feedback	Frozen normal-entry geometry comparison	2026-09-14T23:40:51.6988126Z         "to": "L6",
semantic-feedback	Frozen normal-entry geometry comparison	2026-09-14T23:40:51.6988429Z         "task_sha256": "7fe576413f8014ccf5c42200892788759537cb44070eb80dd6b898c40d6f5c59",
semantic-feedback	Frozen normal-entry geometry comparison	2026-09-14T23:40:51.6988799Z         "new_reachable_states": [],
semantic-feedback	Frozen normal-entry geometry comparison	2026-09-14T23:40:51.6989032Z         "lost_reachable_states": [
semantic-feedback	Frozen normal-entry geometry comparison	2026-09-14T23:40:51.6989355Z           "1185d0f01f0ddeed811e1eeb099535c1f4b44b8c9791cb1a4ec97aba2e8fb133",
semantic-feedback	Frozen normal-entry geometry comparison	2026-09-14T23:40:51.6989805Z           "17176963a2bddfa620e1bf15ce6ccc221a159d6c5ce1bd219ef5b1a0dcc3c0ac",
semantic-feedback	Frozen normal-entry geometry comparison	2026-09-14T23:40:51.6990229Z           "881e5198541c51dadda746ade403496701251cecee5527078b875ed3805ec963",
semantic-feedback	Frozen normal-entry geometry comparison	2026-09-14T23:40:51.6990754Z           "94334b270510214beafbc97a249574b3e71897534b6414934d5892e1bad2bc1d",
semantic-feedback	Frozen normal-entry geometry comparison	2026-09-14T23:40:51.6991159Z           "9c5775af9ca21a8c4cb442fe07575553d7b73f9635527a05948fe220b02449a2",
semantic-feedback	Frozen normal-entry geometry comparison	2026-09-14T23:40:51.6991574Z           "ff2adc5752815a7ba1cf3b75ee181620612db6441ab3536a309432f7eb1f7d3c"
semantic-feedback	Frozen normal-entry geometry comparison	2026-09-14T23:40:51.6991998Z         ]
semantic-feedback	Frozen normal-entry geometry comparison	2026-09-14T23:40:51.6992154Z       },
semantic-feedback	Frozen normal-entry geometry comparison	2026-09-14T23:40:51.6992305Z       {
semantic-feedback	Frozen normal-entry geometry comparison	2026-09-14T23:40:51.6992465Z         "from": "L6",
semantic-feedback	Frozen normal-entry geometry comparison	2026-09-14T23:40:51.6992646Z         "to": "L7",
semantic-feedback	Frozen normal-entry geometry comparison	2026-09-14T23:40:51.6992964Z         "task_sha256": "6d893f84e73cc83a65232dbb14c7f33eeb4886d6c13d79785c0ed80a83590126",
semantic-feedback	Frozen normal-entry geometry comparison	2026-09-14T23:40:51.6993337Z         "new_reachable_states": [],
semantic-feedback	Frozen normal-entry geometry comparison	2026-09-14T23:40:51.6993573Z         "lost_reachable_states": []
semantic-feedback	Frozen normal-entry geometry comparison	2026-09-14T23:40:51.6993780Z       },
semantic-feedback	Frozen normal-entry geometry comparison	2026-09-14T23:40:51.6993934Z       {
semantic-feedback	Frozen normal-entry geometry comparison	2026-09-14T23:40:51.6994095Z         "from": "L6",
semantic-feedback	Frozen normal-entry geometry comparison	2026-09-14T23:40:51.6994274Z         "to": "L7",
semantic-feedback	Frozen normal-entry geometry comparison	2026-09-14T23:40:51.6994573Z         "task_sha256": "7fe576413f8014ccf5c42200892788759537cb44070eb80dd6b898c40d6f5c59",
semantic-feedback	Frozen normal-entry geometry comparison	2026-09-14T23:40:51.6994931Z         "new_reachable_states": [],
semantic-feedback	Frozen normal-entry geometry comparison	2026-09-14T23:40:51.6995159Z         "lost_reachable_states": []
semantic-feedback	Frozen normal-entry geometry comparison	2026-09-14T23:40:51.6995379Z       },
semantic-feedback	Frozen normal-entry geometry comparison	2026-09-14T23:40:51.6995530Z       {
semantic-feedback	Frozen normal-entry geometry comparison	2026-09-14T23:40:51.6995689Z         "from": "L7",
semantic-feedback	Frozen normal-entry geometry comparison	2026-09-14T23:40:51.6995869Z         "to": "L8",
semantic-feedback	Frozen normal-entry geometry comparison	2026-09-14T23:40:51.6996167Z         "task_sha256": "6d893f84e73cc83a65232dbb14c7f33eeb4886d6c13d79785c0ed80a83590126",
semantic-feedback	Frozen normal-entry geometry comparison	2026-09-14T23:40:51.6996537Z         "new_reachable_states": [
semantic-feedback	Frozen normal-entry geometry comparison	2026-09-14T23:40:51.6996858Z           "b0ba84217fad76ca5bcae4e560c957c456c2533a63e3a8c5f4cc7702cd725fae",
semantic-feedback	Frozen normal-entry geometry comparison	2026-09-14T23:40:51.6997278Z           "cfefc25c64080a3a7fce618a6efd2cb610be76fe9c2f76f68899ad5474181bb0"
semantic-feedback	Frozen normal-entry geometry comparison	2026-09-14T23:40:51.6997595Z         ],
semantic-feedback	Frozen normal-entry geometry comparison	2026-09-14T23:40:51.6997766Z         "lost_reachable_states": [
semantic-feedback	Frozen normal-entry geometry comparison	2026-09-14T23:40:51.6998071Z           "07413ece58bb60eff151469340fa6321eb80b0b067348943cef31f1effc462a9",
semantic-feedback	Frozen normal-entry geometry comparison	2026-09-14T23:40:51.6998480Z           "76715e20b3c18e23841d3e1a07f07f0ca73fdf7885782aa07cada5960b8a65a2",
semantic-feedback	Frozen normal-entry geometry comparison	2026-09-14T23:40:51.6998902Z           "8478ab8eb3a7abcf8ff1d3e8d2930f4be62e20cc0adc27b52e4594e62a3fa922",
semantic-feedback	Frozen normal-entry geometry comparison	2026-09-14T23:40:51.6999326Z           "9601fb4771d9228dda9c24b5111d5d3faccbf26461119014051034623dc0cb81",
semantic-feedback	Frozen normal-entry geometry comparison	2026-09-14T23:40:51.6999739Z           "a0bb051aa82b838ce6d226de5a6534532a28dd14733eb79f1818b3f4cd8d7636",
semantic-feedback	Frozen normal-entry geometry comparison	2026-09-14T23:40:51.7000168Z           "cce15bdfdd05354429e818b6fca4dc2eccc69b8479ef8b82d5c10630a35e5e19",
semantic-feedback	Frozen normal-entry geometry comparison	2026-09-14T23:40:51.7000588Z           "d324b3bdb1d269cb57b3494065e31b9d7e1c86462d9b33ed05de990c8d5c0227"
semantic-feedback	Frozen normal-entry geometry comparison	2026-09-14T23:40:51.7001018Z         ]
semantic-feedback	Frozen normal-entry geometry comparison	2026-09-14T23:40:51.7001170Z       },
semantic-feedback	Frozen normal-entry geometry comparison	2026-09-14T23:40:51.7001321Z       {
semantic-feedback	Frozen normal-entry geometry comparison	2026-09-14T23:40:51.7001474Z         "from": "L7",
semantic-feedback	Frozen normal-entry geometry comparison	2026-09-14T23:40:51.7001772Z         "to": "L8",
semantic-feedback	Frozen normal-entry geometry comparison	2026-09-14T23:40:51.7002068Z         "task_sha256": "7fe576413f8014ccf5c42200892788759537cb44070eb80dd6b898c40d6f5c59",
semantic-feedback	Frozen normal-entry geometry comparison	2026-09-14T23:40:51.7002431Z         "new_reachable_states": [
semantic-feedback	Frozen normal-entry geometry comparison	2026-09-14T23:40:51.7002739Z           "40630f69e25235c9db2b0636d3eebdf59a08a1a405309279855b3432ee942fae",
semantic-feedback	Frozen normal-entry geometry comparison	2026-09-14T23:40:51.7003157Z           "5d4db3f7ff74e11d149b693270910b90c5796eb4a3cc722723e45d965bf8852a"
semantic-feedback	Frozen normal-entry geometry comparison	2026-09-14T23:40:51.7003471Z         ],
semantic-feedback	Frozen normal-entry geometry comparison	2026-09-14T23:40:51.7003647Z         "lost_reachable_states": [
semantic-feedback	Frozen normal-entry geometry comparison	2026-09-14T23:40:51.7003970Z           "48dbdf64786f3c38b78e84a53dcef5dae2684898e3a0779dfedf59dde5333c01",
semantic-feedback	Frozen normal-entry geometry comparison	2026-09-14T23:40:51.7004387Z           "5ac9db05548eb3878373687a81d4d5872dfd28c8c4c47114480248b20226fd48",
semantic-feedback	Frozen normal-entry geometry comparison	2026-09-14T23:40:51.7004807Z           "7a2184292ca6598afcfe68ed073a3929d9ea59acd435aa7ef4044573f905396d",
semantic-feedback	Frozen normal-entry geometry comparison	2026-09-14T23:40:51.7005221Z           "7c250348db735a7f9591a4ce46d3628352aaf8dfdb8c7c942e38893be4365060",
semantic-feedback	Frozen normal-entry geometry comparison	2026-09-14T23:40:51.7005641Z           "abe929dcf6e6c1ac90e78527dde96354bf5b81ec28a212706b3c0a454bba4fa0",
semantic-feedback	Frozen normal-entry geometry comparison	2026-09-14T23:40:51.7006048Z           "c2668400e49cb48d1842b2f062da120a9887adf0d90ec42e0ed81060c67a0c6d",
semantic-feedback	Frozen normal-entry geometry comparison	2026-09-14T23:40:51.7006463Z           "eb299302382ead6e0bf2eec942bff56eed32e48bf3b0e4bccc8cb919fae9629e"
semantic-feedback	Frozen normal-entry geometry comparison	2026-09-14T23:40:51.7006896Z         ]
semantic-feedback	Frozen normal-entry geometry comparison	2026-09-14T23:40:51.7007052Z       }
semantic-feedback	Frozen normal-entry geometry comparison	2026-09-14T23:40:51.7007205Z     ],
semantic-feedback	Frozen normal-entry geometry comparison	2026-09-14T23:40:51.7007402Z     "common_primitive_schema_certification_cost": {
semantic-feedback	Frozen normal-entry geometry comparison	2026-09-14T23:40:51.7007691Z       "certification_seconds": 1.3205507140000066,
semantic-feedback	Frozen normal-entry geometry comparison	2026-09-14T23:40:51.7007944Z       "primitive_schema_steps": 7,
semantic-feedback	Frozen normal-entry geometry comparison	2026-09-14T23:40:51.7008168Z       "prover_calls": 46
semantic-feedback	Frozen normal-entry geometry comparison	2026-09-14T23:40:51.7008356Z     },
semantic-feedback	Frozen normal-entry geometry comparison	2026-09-14T23:40:51.7008523Z     "C_minus_control": {
semantic-feedback	Frozen normal-entry geometry comparison	2026-09-14T23:40:51.7008709Z       "A": [
semantic-feedback	Frozen normal-entry geometry comparison	2026-09-14T23:40:51.7008877Z         [
semantic-feedback	Frozen normal-entry geometry comparison	2026-09-14T23:40:51.7009134Z           "b0ba84217fad76ca5bcae4e560c957c456c2533a63e3a8c5f4cc7702cd725fae"
semantic-feedback	Frozen normal-entry geometry comparison	2026-09-14T23:40:51.7009451Z         ],
semantic-feedback	Frozen normal-entry geometry comparison	2026-09-14T23:40:51.7009602Z         [
semantic-feedback	Frozen normal-entry geometry comparison	2026-09-14T23:40:51.7009854Z           "5d4db3f7ff74e11d149b693270910b90c5796eb4a3cc722723e45d965bf8852a"
semantic-feedback	Frozen normal-entry geometry comparison	2026-09-14T23:40:51.7010157Z         ]
semantic-feedback	Frozen normal-entry geometry comparison	2026-09-14T23:40:51.7010304Z       ],
semantic-feedback	Frozen normal-entry geometry comparison	2026-09-14T23:40:51.7010456Z       "D": [
semantic-feedback	Frozen normal-entry geometry comparison	2026-09-14T23:40:51.7010617Z         [
semantic-feedback	Frozen normal-entry geometry comparison	2026-09-14T23:40:51.7010870Z           "b0ba84217fad76ca5bcae4e560c957c456c2533a63e3a8c5f4cc7702cd725fae"
semantic-feedback	Frozen normal-entry geometry comparison	2026-09-14T23:40:51.7011180Z         ],
semantic-feedback	Frozen normal-entry geometry comparison	2026-09-14T23:40:51.7011329Z         [
semantic-feedback	Frozen normal-entry geometry comparison	2026-09-14T23:40:51.7011569Z           "5d4db3f7ff74e11d149b693270910b90c5796eb4a3cc722723e45d965bf8852a"
semantic-feedback	Frozen normal-entry geometry comparison	2026-09-14T23:40:51.7012034Z         ]
semantic-feedback	Frozen normal-entry geometry comparison	2026-09-14T23:40:51.7012180Z       ],
semantic-feedback	Frozen normal-entry geometry comparison	2026-09-14T23:40:51.7012327Z       "E": [
semantic-feedback	Frozen normal-entry geometry comparison	2026-09-14T23:40:51.7012484Z         [
semantic-feedback	Frozen normal-entry geometry comparison	2026-09-14T23:40:51.7012741Z           "cfefc25c64080a3a7fce618a6efd2cb610be76fe9c2f76f68899ad5474181bb0"
semantic-feedback	Frozen normal-entry geometry comparison	2026-09-14T23:40:51.7013063Z         ],
semantic-feedback	Frozen normal-entry geometry comparison	2026-09-14T23:40:51.7013213Z         [
semantic-feedback	Frozen normal-entry geometry comparison	2026-09-14T23:40:51.7013454Z           "40630f69e25235c9db2b0636d3eebdf59a08a1a405309279855b3432ee942fae"
semantic-feedback	Frozen normal-entry geometry comparison	2026-09-14T23:40:51.7013754Z         ]
semantic-feedback	Frozen normal-entry geometry comparison	2026-09-14T23:40:51.7013906Z       ]
semantic-feedback	Frozen normal-entry geometry comparison	2026-09-14T23:40:51.7014052Z     },
semantic-feedback	Frozen normal-entry geometry comparison	2026-09-14T23:40:51.7014239Z     "archive_unchanged_during_evaluation": true,
semantic-feedback	Frozen normal-entry geometry comparison	2026-09-14T23:40:51.7014510Z     "recursive_acquisition_observed": false,
semantic-feedback	Frozen normal-entry geometry comparison	2026-09-14T23:40:51.7014754Z     "total_seconds": 629.4817852900001,
semantic-feedback	Frozen normal-entry geometry comparison	2026-09-14T23:40:51.7015135Z     "scope": "exact rational configurations and universally certified rational Point morphisms",
semantic-feedback	Frozen normal-entry geometry comparison	2026-09-14T23:40:51.7015556Z     "unbounded_expressivity_increase_claimed": false,
semantic-feedback	Frozen normal-entry geometry comparison	2026-09-14T23:40:51.7015833Z     "external_online_prover": false,
semantic-feedback	Frozen normal-entry geometry comparison	2026-09-14T23:40:51.7016058Z     "external_llm": false,
semantic-feedback	Frozen normal-entry geometry comparison	2026-09-14T23:40:51.7016434Z     "reach_definition": "sets of rational points; macro names, paths and redundant proof caches excluded",
semantic-feedback	Frozen normal-entry geometry comparison	2026-09-14T23:40:51.7016833Z     "reach_budget": {
semantic-feedback	Frozen normal-entry geometry comparison	2026-09-14T23:40:51.7017150Z       "reachability_applications": 112
semantic-feedback	Frozen normal-entry geometry comparison	2026-09-14T23:40:51.7017369Z     },
semantic-feedback	Frozen normal-entry geometry comparison	2026-09-14T23:40:51.7017776Z     "conditional_cost_note": "witness execution, primitive replay, macro expansion and schema certification are separate counters"
semantic-feedback	Frozen normal-entry geometry comparison	2026-09-14T23:40:51.7018244Z   },
semantic-feedback	Frozen normal-entry geometry comparison	2026-09-14T23:40:51.7018400Z   "selection": {
semantic-feedback	Frozen normal-entry geometry comparison	2026-09-14T23:40:51.7018584Z     "execution_completed": true,
semantic-feedback	Frozen normal-entry geometry comparison	2026-09-14T23:40:51.7018836Z     "experiment": "fixed_library_by_contract_order_2x2",
semantic-feedback	Frozen normal-entry geometry comparison	2026-09-14T23:40:51.7019093Z     "summary": {
semantic-feedback	Frozen normal-entry geometry comparison	2026-09-14T23:40:51.7019264Z       "regression": {
semantic-feedback	Frozen normal-entry geometry comparison	2026-09-14T23:40:51.7019443Z         "arms": {
semantic-feedback	Frozen normal-entry geometry comparison	2026-09-14T23:40:51.7019609Z           "A": {
semantic-feedback	Frozen normal-entry geometry comparison	2026-09-14T23:40:51.7019825Z             "tasks": 16,
semantic-feedback	Frozen normal-entry geometry comparison	2026-09-14T23:40:51.7020012Z             "solved": 8,
semantic-feedback	Frozen normal-entry geometry comparison	2026-09-14T23:40:51.7020212Z             "task_seconds": 19.418789112000127,
semantic-feedback	Frozen normal-entry geometry comparison	2026-09-14T23:40:51.7020437Z             "costs": {
semantic-feedback	Frozen normal-entry geometry comparison	2026-09-14T23:40:51.7020651Z               "registry_sync_seconds": 0.056972740999754024,
semantic-feedback	Frozen normal-entry geometry comparison	2026-09-14T23:40:51.7020959Z               "selection_setup_seconds": 8.946999969339231e-06,
semantic-feedback	Frozen normal-entry geometry comparison	2026-09-14T23:40:51.7021240Z               "predicate_prover_calls": 24609,
semantic-feedback	Frozen normal-entry geometry comparison	2026-09-14T23:40:51.7021486Z               "goal_seconds": 1.10499947899973,
semantic-feedback	Frozen normal-entry geometry comparison	2026-09-14T23:40:51.7021837Z               "complete_candidate_checks": 6824,
semantic-feedback	Frozen normal-entry geometry comparison	2026-09-14T23:40:51.7022087Z               "examined_input_tuples": 6824,
semantic-feedback	Frozen normal-entry geometry comparison	2026-09-14T23:40:51.7022354Z               "candidate_guard_seconds": 0.18167727599700356,
semantic-feedback	Frozen normal-entry geometry comparison	2026-09-14T23:40:51.7022788Z               "candidate_generation_seconds": 0.18700574700426387,
semantic-feedback	Frozen normal-entry geometry comparison	2026-09-14T23:40:51.7023078Z               "selection_seconds": 0.0007853900004874959,
semantic-feedback	Frozen normal-entry geometry comparison	2026-09-14T23:40:51.7023334Z               "proposed_candidates": 6724,
semantic-feedback	Frozen normal-entry geometry comparison	2026-09-14T23:40:51.7023574Z               "candidate_expansions": 1014,
semantic-feedback	Frozen normal-entry geometry comparison	2026-09-14T23:40:51.7023834Z               "primitive_equivalent_operations": 1014,
semantic-feedback	Frozen normal-entry geometry comparison	2026-09-14T23:40:51.7024106Z               "applicability_seconds": 2.1929602060025672,
semantic-feedback	Frozen normal-entry geometry comparison	2026-09-14T23:40:51.7024364Z               "expansion_visits": 11904,
semantic-feedback	Frozen normal-entry geometry comparison	2026-09-14T23:40:51.7024614Z               "witness_evaluation_attempts": 1014,
semantic-feedback	Frozen normal-entry geometry comparison	2026-09-14T23:40:51.7024868Z               "witness_evaluations": 1014,
semantic-feedback	Frozen normal-entry geometry comparison	2026-09-14T23:40:51.7025113Z               "execution_seconds": 13.222304003999284,
semantic-feedback	Frozen normal-entry geometry comparison	2026-09-14T23:40:51.7025394Z               "independent_replay_seconds": 0.08930942200015579,
semantic-feedback	Frozen normal-entry geometry comparison	2026-09-14T23:40:51.7025704Z               "independent_replay_primitive_operations": 926,
semantic-feedback	Frozen normal-entry geometry comparison	2026-09-14T23:40:51.7025990Z               "successful_primitive_calls": 912,
semantic-feedback	Frozen normal-entry geometry comparison	2026-09-14T23:40:51.7026275Z               "application_seconds_inclusive": 17.629578418000392,
semantic-feedback	Frozen normal-entry geometry comparison	2026-09-14T23:40:51.7026552Z               "predicate_cache_hits": 1909,
semantic-feedback	Frozen normal-entry geometry comparison	2026-09-14T23:40:51.7026788Z               "planner_applications": 1014,
semantic-feedback	Frozen normal-entry geometry comparison	2026-09-14T23:40:51.7027029Z               "candidate_guard_checks": 4844,
semantic-feedback	Frozen normal-entry geometry comparison	2026-09-14T23:40:51.7027280Z               "applicability_prover_calls": 720,
semantic-feedback	Frozen normal-entry geometry comparison	2026-09-14T23:40:51.7027525Z               "rejected_applications": 102,
semantic-feedback	Frozen normal-entry geometry comparison	2026-09-14T23:40:51.7027765Z               "input_guard_filtered": 100
semantic-feedback	Frozen normal-entry geometry comparison	2026-09-14T23:40:51.7027981Z             },
semantic-feedback	Frozen normal-entry geometry comparison	2026-09-14T23:40:51.7028164Z             "answer_term_acquired_calls": 0,
semantic-feedback	Frozen normal-entry geometry comparison	2026-09-14T23:40:51.7028412Z             "solved_with_acquired_ancestors": 0
semantic-feedback	Frozen normal-entry geometry comparison	2026-09-14T23:40:51.7028644Z           },
semantic-feedback	Frozen normal-entry geometry comparison	2026-09-14T23:40:51.7028796Z           "B": {
semantic-feedback	Frozen normal-entry geometry comparison	2026-09-14T23:40:51.7028962Z             "tasks": 16,
semantic-feedback	Frozen normal-entry geometry comparison	2026-09-14T23:40:51.7029146Z             "solved": 8,
semantic-feedback	Frozen normal-entry geometry comparison	2026-09-14T23:40:51.7029344Z             "task_seconds": 16.7665469570004,
semantic-feedback	Frozen normal-entry geometry comparison	2026-09-14T23:40:51.7029568Z             "costs": {
semantic-feedback	Frozen normal-entry geometry comparison	2026-09-14T23:40:51.7029781Z               "registry_sync_seconds": 0.05252609100000427,
semantic-feedback	Frozen normal-entry geometry comparison	2026-09-14T23:40:51.7030069Z               "selection_setup_seconds": 0.0007816520002279503,
semantic-feedback	Frozen normal-entry geometry comparison	2026-09-14T23:40:51.7030342Z               "predicate_prover_calls": 19990,
semantic-feedback	Frozen normal-entry geometry comparison	2026-09-14T23:40:51.7030591Z               "goal_seconds": 0.9824957829987397,
semantic-feedback	Frozen normal-entry geometry comparison	2026-09-14T23:40:51.7030842Z               "complete_candidate_checks": 49715,
semantic-feedback	Frozen normal-entry geometry comparison	2026-09-14T23:40:51.7031092Z               "examined_input_tuples": 49715,
semantic-feedback	Frozen normal-entry geometry comparison	2026-09-14T23:40:51.7031514Z               "candidate_guard_seconds": 1.1165671549900935,
semantic-feedback	Frozen normal-entry geometry comparison	2026-09-14T23:40:51.7031911Z               "candidate_generation_seconds": 1.1511035519856705,
semantic-feedback	Frozen normal-entry geometry comparison	2026-09-14T23:40:51.7032195Z               "selection_alignment_calls": 48152,
semantic-feedback	Frozen normal-entry geometry comparison	2026-09-14T23:40:51.7032449Z               "selection_seconds": 1.6849993240042522,
semantic-feedback	Frozen normal-entry geometry comparison	2026-09-14T23:40:51.7032704Z               "proposed_candidates": 48152,
semantic-feedback	Frozen normal-entry geometry comparison	2026-09-14T23:40:51.7032951Z               "candidate_guard_checks": 36141,
semantic-feedback	Frozen normal-entry geometry comparison	2026-09-14T23:40:51.7033195Z               "candidate_expansions": 904,
semantic-feedback	Frozen normal-entry geometry comparison	2026-09-14T23:40:51.7033462Z               "primitive_equivalent_operations": 904,
semantic-feedback	Frozen normal-entry geometry comparison	2026-09-14T23:40:51.7033741Z               "applicability_seconds": 1.4775696250022747,
semantic-feedback	Frozen normal-entry geometry comparison	2026-09-14T23:40:51.7034002Z               "expansion_visits": 9930,
semantic-feedback	Frozen normal-entry geometry comparison	2026-09-14T23:40:51.7034243Z               "witness_evaluation_attempts": 904,
semantic-feedback	Frozen normal-entry geometry comparison	2026-09-14T23:40:51.7034496Z               "witness_evaluations": 904,
semantic-feedback	Frozen normal-entry geometry comparison	2026-09-14T23:40:51.7034740Z               "execution_seconds": 8.16898092500071,
semantic-feedback	Frozen normal-entry geometry comparison	2026-09-14T23:40:51.7035038Z               "independent_replay_seconds": 0.06885605300215047,
semantic-feedback	Frozen normal-entry geometry comparison	2026-09-14T23:40:51.7035343Z               "independent_replay_primitive_operations": 774,
semantic-feedback	Frozen normal-entry geometry comparison	2026-09-14T23:40:51.7035624Z               "successful_primitive_calls": 754,
semantic-feedback	Frozen normal-entry geometry comparison	2026-09-14T23:40:51.7035905Z               "application_seconds_inclusive": 11.362979152998946,
semantic-feedback	Frozen normal-entry geometry comparison	2026-09-14T23:40:51.7036183Z               "predicate_cache_hits": 2782,
semantic-feedback	Frozen normal-entry geometry comparison	2026-09-14T23:40:51.7036533Z               "planner_applications": 904,
semantic-feedback	Frozen normal-entry geometry comparison	2026-09-14T23:40:51.7036780Z               "applicability_prover_calls": 464,
semantic-feedback	Frozen normal-entry geometry comparison	2026-09-14T23:40:51.7037024Z               "input_guard_filtered": 1563,
semantic-feedback	Frozen normal-entry geometry comparison	2026-09-14T23:40:51.7037261Z               "rejected_applications": 150
semantic-feedback	Frozen normal-entry geometry comparison	2026-09-14T23:40:51.7037477Z             },
semantic-feedback	Frozen normal-entry geometry comparison	2026-09-14T23:40:51.7037661Z             "answer_term_acquired_calls": 0,
semantic-feedback	Frozen normal-entry geometry comparison	2026-09-14T23:40:51.7037907Z             "solved_with_acquired_ancestors": 0
semantic-feedback	Frozen normal-entry geometry comparison	2026-09-14T23:40:51.7038136Z           },
semantic-feedback	Frozen normal-entry geometry comparison	2026-09-14T23:40:51.7038294Z           "C": {
semantic-feedback	Frozen normal-entry geometry comparison	2026-09-14T23:40:51.7038463Z             "tasks": 16,
semantic-feedback	Frozen normal-entry geometry comparison	2026-09-14T23:40:51.7038647Z             "solved": 6,
semantic-feedback	Frozen normal-entry geometry comparison	2026-09-14T23:40:51.7038846Z             "task_seconds": 30.240036033000138,
semantic-feedback	Frozen normal-entry geometry comparison	2026-09-14T23:40:51.7039070Z             "costs": {
semantic-feedback	Frozen normal-entry geometry comparison	2026-09-14T23:40:51.7039275Z               "registry_sync_seconds": 0.3018916429999763,
semantic-feedback	Frozen normal-entry geometry comparison	2026-09-14T23:40:51.7039564Z               "selection_setup_seconds": 8.710000201972434e-06,
semantic-feedback	Frozen normal-entry geometry comparison	2026-09-14T23:40:51.7039840Z               "predicate_prover_calls": 9536,
semantic-feedback	Frozen normal-entry geometry comparison	2026-09-14T23:40:51.7040084Z               "goal_seconds": 0.4180385580004895,
semantic-feedback	Frozen normal-entry geometry comparison	2026-09-14T23:40:51.7040336Z               "complete_candidate_checks": 19626,
semantic-feedback	Frozen normal-entry geometry comparison	2026-09-14T23:40:51.7040586Z               "examined_input_tuples": 19626,
semantic-feedback	Frozen normal-entry geometry comparison	2026-09-14T23:40:51.7040849Z               "candidate_guard_seconds": 0.42039401900149187,
semantic-feedback	Frozen normal-entry geometry comparison	2026-09-14T23:40:51.7041149Z               "candidate_generation_seconds": 0.43467933498402545,
semantic-feedback	Frozen normal-entry geometry comparison	2026-09-14T23:40:51.7041440Z               "selection_seconds": 0.0012694239985648892,
semantic-feedback	Frozen normal-entry geometry comparison	2026-09-14T23:40:51.7041795Z               "proposed_candidates": 13174,
semantic-feedback	Frozen normal-entry geometry comparison	2026-09-14T23:40:51.7042040Z               "candidate_expansions": 1140,
semantic-feedback	Frozen normal-entry geometry comparison	2026-09-14T23:40:51.7042298Z               "primitive_equivalent_operations": 1910,
semantic-feedback	Frozen normal-entry geometry comparison	2026-09-14T23:40:51.7042571Z               "applicability_seconds": 5.001520025999412,
semantic-feedback	Frozen normal-entry geometry comparison	2026-09-14T23:40:51.7042827Z               "expansion_visits": 29108,
semantic-feedback	Frozen normal-entry geometry comparison	2026-09-14T23:40:51.7043073Z               "witness_evaluation_attempts": 1550,
semantic-feedback	Frozen normal-entry geometry comparison	2026-09-14T23:40:51.7043336Z               "witness_evaluations": 1550,
semantic-feedback	Frozen normal-entry geometry comparison	2026-09-14T23:40:51.7043592Z               "execution_seconds": 22.818308805998527,
semantic-feedback	Frozen normal-entry geometry comparison	2026-09-14T23:40:51.7043875Z               "independent_replay_seconds": 0.03984700299884025,
semantic-feedback	Frozen normal-entry geometry comparison	2026-09-14T23:40:51.7044185Z               "independent_replay_primitive_operations": 376,
semantic-feedback	Frozen normal-entry geometry comparison	2026-09-14T23:40:51.7044467Z               "successful_primitive_calls": 330,
semantic-feedback	Frozen normal-entry geometry comparison	2026-09-14T23:40:51.7044755Z               "application_seconds_inclusive": 28.60401159199853,
semantic-feedback	Frozen normal-entry geometry comparison	2026-09-14T23:40:51.7045034Z               "predicate_cache_hits": 602,
semantic-feedback	Frozen normal-entry geometry comparison	2026-09-14T23:40:51.7045387Z               "planner_applications": 1140,
semantic-feedback	Frozen normal-entry geometry comparison	2026-09-14T23:40:51.7045635Z               "candidate_guard_checks": 17662,
semantic-feedback	Frozen normal-entry geometry comparison	2026-09-14T23:40:51.7045895Z               "applicability_prover_calls": 1410,
semantic-feedback	Frozen normal-entry geometry comparison	2026-09-14T23:40:51.7046152Z               "macro_expansions": 770,
semantic-feedback	Frozen normal-entry geometry comparison	2026-09-14T23:40:51.7046391Z               "rejected_applications": 790,
semantic-feedback	Frozen normal-entry geometry comparison	2026-09-14T23:40:51.7046633Z               "input_guard_filtered": 6452,
semantic-feedback	Frozen normal-entry geometry comparison	2026-09-14T23:40:51.7046880Z               "successful_acquired_calls": 20
semantic-feedback	Frozen normal-entry geometry comparison	2026-09-14T23:40:51.7047109Z             },
semantic-feedback	Frozen normal-entry geometry comparison	2026-09-14T23:40:51.7047289Z             "answer_term_acquired_calls": 0,
semantic-feedback	Frozen normal-entry geometry comparison	2026-09-14T23:40:51.7047538Z             "solved_with_acquired_ancestors": 0
semantic-feedback	Frozen normal-entry geometry comparison	2026-09-14T23:40:51.7047766Z           },
semantic-feedback	Frozen normal-entry geometry comparison	2026-09-14T23:40:51.7047925Z           "D": {
semantic-feedback	Frozen normal-entry geometry comparison	2026-09-14T23:40:51.7048090Z             "tasks": 16,
semantic-feedback	Frozen normal-entry geometry comparison	2026-09-14T23:40:51.7048272Z             "solved": 8,
semantic-feedback	Frozen normal-entry geometry comparison	2026-09-14T23:40:51.7048466Z             "task_seconds": 27.610381599000107,
semantic-feedback	Frozen normal-entry geometry comparison	2026-09-14T23:40:51.7048692Z             "costs": {
semantic-feedback	Frozen normal-entry geometry comparison	2026-09-14T23:40:51.7048903Z               "registry_sync_seconds": 0.29148803899988707,
semantic-feedback	Frozen normal-entry geometry comparison	2026-09-14T23:40:51.7049194Z               "selection_setup_seconds": 0.0007466310001973397,
semantic-feedback	Frozen normal-entry geometry comparison	2026-09-14T23:40:51.7049468Z               "predicate_prover_calls": 9863,
semantic-feedback	Frozen normal-entry geometry comparison	2026-09-14T23:40:51.7049717Z               "goal_seconds": 0.46393824599863365,
semantic-feedback	Frozen normal-entry geometry comparison	2026-09-14T23:40:51.7049971Z               "complete_candidate_checks": 46076,
semantic-feedback	Frozen normal-entry geometry comparison	2026-09-14T23:40:51.7050339Z               "examined_input_tuples": 46076,
semantic-feedback	Frozen normal-entry geometry comparison	2026-09-14T23:40:51.7050606Z               "candidate_guard_seconds": 0.9708367760051715,
semantic-feedback	Frozen normal-entry geometry comparison	2026-09-14T23:40:51.7050904Z               "candidate_generation_seconds": 1.0018558249994385,
semantic-feedback	Frozen normal-entry geometry comparison	2026-09-14T23:40:51.7051187Z               "selection_alignment_calls": 30274,
semantic-feedback	Frozen normal-entry geometry comparison	2026-09-14T23:40:51.7051450Z               "selection_seconds": 1.3606488129964873,
semantic-feedback	Frozen normal-entry geometry comparison	2026-09-14T23:40:51.7051838Z               "proposed_candidates": 30274,
semantic-feedback	Frozen normal-entry geometry comparison	2026-09-14T23:40:51.7052091Z               "candidate_guard_checks": 41788,
semantic-feedback	Frozen normal-entry geometry comparison	2026-09-14T23:40:51.7052277Z               "input_guard_filtered": 15802,
semantic-feedback	Frozen normal-entry geometry comparison	2026-09-14T23:40:51.7052435Z               "candidate_expansions": 904,
semantic-feedback	Frozen normal-entry geometry comparison	2026-09-14T23:40:51.7052603Z               "primitive_equivalent_operations": 1460,
semantic-feedback	Frozen normal-entry geometry comparison	2026-09-14T23:40:51.7052781Z               "applicability_seconds": 3.566397741999822,
semantic-feedback	Frozen normal-entry geometry comparison	2026-09-14T23:40:51.7052946Z               "expansion_visits": 22102,
semantic-feedback	Frozen normal-entry geometry comparison	2026-09-14T23:40:51.7053104Z               "witness_evaluation_attempts": 1317,
semantic-feedback	Frozen normal-entry geometry comparison	2026-09-14T23:40:51.7053270Z               "witness_evaluations": 1317,
semantic-feedback	Frozen normal-entry geometry comparison	2026-09-14T23:40:51.7053431Z               "execution_seconds": 18.964719336000257,
semantic-feedback	Frozen normal-entry geometry comparison	2026-09-14T23:40:51.7053614Z               "independent_replay_seconds": 0.03904298900079084,
semantic-feedback	Frozen normal-entry geometry comparison	2026-09-14T23:40:51.7053812Z               "independent_replay_primitive_operations": 431,
semantic-feedback	Frozen normal-entry geometry comparison	2026-09-14T23:40:51.7053997Z               "successful_primitive_calls": 317,
semantic-feedback	Frozen normal-entry geometry comparison	2026-09-14T23:40:51.7054184Z               "application_seconds_inclusive": 23.547306420999234,
semantic-feedback	Frozen normal-entry geometry comparison	2026-09-14T23:40:51.7054363Z               "predicate_cache_hits": 1136,
semantic-feedback	Frozen normal-entry geometry comparison	2026-09-14T23:40:51.7054522Z               "planner_applications": 904,
semantic-feedback	Frozen normal-entry geometry comparison	2026-09-14T23:40:51.7054687Z               "applicability_prover_calls": 1058,
semantic-feedback	Frozen normal-entry geometry comparison	2026-09-14T23:40:51.7054849Z               "macro_expansions": 556,
semantic-feedback	Frozen normal-entry geometry comparison	2026-09-14T23:40:51.7055000Z               "rejected_applications": 540,
semantic-feedback	Frozen normal-entry geometry comparison	2026-09-14T23:40:51.7055159Z               "successful_acquired_calls": 47,
semantic-feedback	Frozen normal-entry geometry comparison	2026-09-14T23:40:51.7055330Z               "conditional_effects_not_published": 12
semantic-feedback	Frozen normal-entry geometry comparison	2026-09-14T23:40:51.7055487Z             },
semantic-feedback	Frozen normal-entry geometry comparison	2026-09-14T23:40:51.7055608Z             "answer_term_acquired_calls": 0,
semantic-feedback	Frozen normal-entry geometry comparison	2026-09-14T23:40:51.7055771Z             "solved_with_acquired_ancestors": 0
semantic-feedback	Frozen normal-entry geometry comparison	2026-09-14T23:40:51.7055917Z           }
semantic-feedback	Frozen normal-entry geometry comparison	2026-09-14T23:40:51.7056020Z         },
semantic-feedback	Frozen normal-entry geometry comparison	2026-09-14T23:40:51.7056147Z         "interaction_D_minus_C_minus_B_plus_A": {
semantic-feedback	Frozen normal-entry geometry comparison	2026-09-14T23:40:51.7056302Z           "solved": 2,
semantic-feedback	Frozen normal-entry geometry comparison	2026-09-14T23:40:51.7056431Z           "task_seconds": 0.022587720999695193,
semantic-feedback	Frozen normal-entry geometry comparison	2026-09-14T23:40:51.7056581Z           "costs": {
semantic-feedback	Frozen normal-entry geometry comparison	2026-09-14T23:40:51.7056821Z             "complete_candidate_checks": -16441,
semantic-feedback	Frozen normal-entry geometry comparison	2026-09-14T23:40:51.7057001Z             "applicability_seconds": -0.7197317029992973,
semantic-feedback	Frozen normal-entry geometry comparison	2026-09-14T23:40:51.7057189Z             "registry_sync_seconds": -0.005956954000339465,
semantic-feedback	Frozen normal-entry geometry comparison	2026-09-14T23:40:51.7057371Z             "witness_evaluation_attempts": -123,
semantic-feedback	Frozen normal-entry geometry comparison	2026-09-14T23:40:51.7057535Z             "goal_seconds": 0.16840338399913435,
semantic-feedback	Frozen normal-entry geometry comparison	2026-09-14T23:40:51.7057711Z             "independent_replay_seconds": 0.019649354999955904,
semantic-feedback	Frozen normal-entry geometry comparison	2026-09-14T23:40:51.7057894Z             "examined_input_tuples": -16441,
semantic-feedback	Frozen normal-entry geometry comparison	2026-09-14T23:40:51.7058061Z             "selection_seconds": -0.3248345450058423,
semantic-feedback	Frozen normal-entry geometry comparison	2026-09-14T23:40:51.7058231Z             "selection_alignment_calls": -17878,
semantic-feedback	Frozen normal-entry geometry comparison	2026-09-14T23:40:51.7058411Z             "independent_replay_primitive_operations": 207,
semantic-feedback	Frozen normal-entry geometry comparison	2026-09-14T23:40:51.7058591Z             "candidate_expansions": -126,
semantic-feedback	Frozen normal-entry geometry comparison	2026-09-14T23:40:51.7058750Z             "predicate_prover_calls": 4946,
semantic-feedback	Frozen normal-entry geometry comparison	2026-09-14T23:40:51.7058928Z             "selection_setup_seconds": -3.47840002632438e-05,
semantic-feedback	Frozen normal-entry geometry comparison	2026-09-14T23:40:51.7059117Z             "primitive_equivalent_operations": -340,
semantic-feedback	Frozen normal-entry geometry comparison	2026-09-14T23:40:51.7059296Z             "conditional_effects_not_published": 12,
semantic-feedback	Frozen normal-entry geometry comparison	2026-09-14T23:40:51.7059472Z             "applicability_prover_calls": -96,
semantic-feedback	Frozen normal-entry geometry comparison	2026-09-14T23:40:51.7059635Z             "proposed_candidates": -24328,
semantic-feedback	Frozen normal-entry geometry comparison	2026-09-14T23:40:51.7059793Z             "candidate_guard_checks": -7171,
semantic-feedback	Frozen normal-entry geometry comparison	2026-09-14T23:40:51.7060033Z             "input_guard_filtered": 7887,
semantic-feedback	Frozen normal-entry geometry comparison	2026-09-14T23:40:51.7060192Z             "expansion_visits": -5032,
semantic-feedback	Frozen normal-entry geometry comparison	2026-09-14T23:40:51.7060365Z             "candidate_guard_seconds": -0.38444712198941033,
semantic-feedback	Frozen normal-entry geometry comparison	2026-09-14T23:40:51.7060542Z             "planner_applications": -126,
semantic-feedback	Frozen normal-entry geometry comparison	2026-09-14T23:40:51.7060724Z             "application_seconds_inclusive": 1.209894094002152,
semantic-feedback	Frozen normal-entry geometry comparison	2026-09-14T23:40:51.7060907Z             "macro_expansions": -214,
semantic-feedback	Frozen normal-entry geometry comparison	2026-09-14T23:40:51.7061061Z             "successful_acquired_calls": 27,
semantic-feedback	Frozen normal-entry geometry comparison	2026-09-14T23:40:51.7061238Z             "candidate_generation_seconds": -0.3969213149659936,
semantic-feedback	Frozen normal-entry geometry comparison	2026-09-14T23:40:51.7061422Z             "successful_primitive_calls": 145,
semantic-feedback	Frozen normal-entry geometry comparison	2026-09-14T23:40:51.7061584Z             "witness_evaluations": -123,
semantic-feedback	Frozen normal-entry geometry comparison	2026-09-14T23:40:51.7061837Z             "execution_seconds": 1.1997336090003046,
semantic-feedback	Frozen normal-entry geometry comparison	2026-09-14T23:40:51.7062001Z             "predicate_cache_hits": -339,
semantic-feedback	Frozen normal-entry geometry comparison	2026-09-14T23:40:51.7062155Z             "rejected_applications": -298
semantic-feedback	Frozen normal-entry geometry comparison	2026-09-14T23:40:51.7062297Z           }
semantic-feedback	Frozen normal-entry geometry comparison	2026-09-14T23:40:51.7062403Z         },
semantic-feedback	Frozen normal-entry geometry comparison	2026-09-14T23:40:51.7062509Z         "paired": [
semantic-feedback	Frozen normal-entry geometry comparison	2026-09-14T23:40:51.7062621Z           {
semantic-feedback	Frozen normal-entry geometry comparison	2026-09-14T23:40:51.7062818Z             "task_sha256": "e3bdfd646dc9efa3060de67e9066d04b2848d44e84769cc5a5099589c068015d",
semantic-feedback	Frozen normal-entry geometry comparison	2026-09-14T23:40:51.7063051Z             "solved": {
semantic-feedback	Frozen normal-entry geometry comparison	2026-09-14T23:40:51.7063173Z               "A": true,
semantic-feedback	Frozen normal-entry geometry comparison	2026-09-14T23:40:51.7063297Z               "B": true,
semantic-feedback	Frozen normal-entry geometry comparison	2026-09-14T23:40:51.7063416Z               "C": true,
semantic-feedback	Frozen normal-entry geometry comparison	2026-09-14T23:40:51.7063537Z               "D": true
semantic-feedback	Frozen normal-entry geometry comparison	2026-09-14T23:40:51.7063651Z             },
semantic-feedback	Frozen normal-entry geometry comparison	2026-09-14T23:40:51.7063770Z             "solve_interaction": 0
semantic-feedback	Frozen normal-entry geometry comparison	2026-09-14T23:40:51.7063908Z           },
semantic-feedback	Frozen normal-entry geometry comparison	2026-09-14T23:40:51.7064017Z           {
semantic-feedback	Frozen normal-entry geometry comparison	2026-09-14T23:40:51.7064212Z             "task_sha256": "35d57cea3a14eb3d683aacf347450de8537fbcdf2284de18b41d42ee79e5d5e0",
semantic-feedback	Frozen normal-entry geometry comparison	2026-09-14T23:40:51.7064444Z             "solved": {
semantic-feedback	Frozen normal-entry geometry comparison	2026-09-14T23:40:51.7064563Z               "A": true,
semantic-feedback	Frozen normal-entry geometry comparison	2026-09-14T23:40:51.7064688Z               "B": true,
semantic-feedback	Frozen normal-entry geometry comparison	2026-09-14T23:40:51.7064811Z               "C": false,
semantic-feedback	Frozen normal-entry geometry comparison	2026-09-14T23:40:51.7064934Z               "D": true
semantic-feedback	Frozen normal-entry geometry comparison	2026-09-14T23:40:51.7065048Z             },
semantic-feedback	Frozen normal-entry geometry comparison	2026-09-14T23:40:51.7065162Z             "solve_interaction": 1
semantic-feedback	Frozen normal-entry geometry comparison	2026-09-14T23:40:51.7065296Z           },
semantic-feedback	Frozen normal-entry geometry comparison	2026-09-14T23:40:51.7065397Z           {
semantic-feedback	Frozen normal-entry geometry comparison	2026-09-14T23:40:51.7065594Z             "task_sha256": "d27b60ca09b0f5614d290784b2b0cfe228ae70d7cf2f534467ac4e634341e137",
semantic-feedback	Frozen normal-entry geometry comparison	2026-09-14T23:40:51.7065821Z             "solved": {
semantic-feedback	Frozen normal-entry geometry comparison	2026-09-14T23:40:51.7065941Z               "A": true,
semantic-feedback	Frozen normal-entry geometry comparison	2026-09-14T23:40:51.7066059Z               "B": true,
semantic-feedback	Frozen normal-entry geometry comparison	2026-09-14T23:40:51.7066276Z               "C": true,
semantic-feedback	Frozen normal-entry geometry comparison	2026-09-14T23:40:51.7066396Z               "D": true
semantic-feedback	Frozen normal-entry geometry comparison	2026-09-14T23:40:51.7066511Z             },
semantic-feedback	Frozen normal-entry geometry comparison	2026-09-14T23:40:51.7066626Z             "solve_interaction": 0
semantic-feedback	Frozen normal-entry geometry comparison	2026-09-14T23:40:51.7066760Z           },
semantic-feedback	Frozen normal-entry geometry comparison	2026-09-14T23:40:51.7066864Z           {
semantic-feedback	Frozen normal-entry geometry comparison	2026-09-14T23:40:51.7067050Z             "task_sha256": "718ec060ca18941b3812586c262567b4a9540c9f01e3689259473aec6b7695ca",
semantic-feedback	Frozen normal-entry geometry comparison	2026-09-14T23:40:51.7067274Z             "solved": {
semantic-feedback	Frozen normal-entry geometry comparison	2026-09-14T23:40:51.7067394Z               "A": true,
semantic-feedback	Frozen normal-entry geometry comparison	2026-09-14T23:40:51.7067513Z               "B": true,
semantic-feedback	Frozen normal-entry geometry comparison	2026-09-14T23:40:51.7067632Z               "C": true,
semantic-feedback	Frozen normal-entry geometry comparison	2026-09-14T23:40:51.7067752Z               "D": true
semantic-feedback	Frozen normal-entry geometry comparison	2026-09-14T23:40:51.7067865Z             },
semantic-feedback	Frozen normal-entry geometry comparison	2026-09-14T23:40:51.7067981Z             "solve_interaction": 0
semantic-feedback	Frozen normal-entry geometry comparison	2026-09-14T23:40:51.7068114Z           },
semantic-feedback	Frozen normal-entry geometry comparison	2026-09-14T23:40:51.7068218Z           {
semantic-feedback	Frozen normal-entry geometry comparison	2026-09-14T23:40:51.7068408Z             "task_sha256": "ac0e7a91c2f0d2446e9bc32707f85f057f61fbe3d9f176c65b095fb2af406961",
semantic-feedback	Frozen normal-entry geometry comparison	2026-09-14T23:40:51.7068636Z             "solved": {
semantic-feedback	Frozen normal-entry geometry comparison	2026-09-14T23:40:51.7068755Z               "A": true,
semantic-feedback	Frozen normal-entry geometry comparison	2026-09-14T23:40:51.7068880Z               "B": true,
semantic-feedback	Frozen normal-entry geometry comparison	2026-09-14T23:40:51.7068998Z               "C": true,
semantic-feedback	Frozen normal-entry geometry comparison	2026-09-14T23:40:51.7069117Z               "D": true
semantic-feedback	Frozen normal-entry geometry comparison	2026-09-14T23:40:51.7069230Z             },
semantic-feedback	Frozen normal-entry geometry comparison	2026-09-14T23:40:51.7069344Z             "solve_interaction": 0
semantic-feedback	Frozen normal-entry geometry comparison	2026-09-14T23:40:51.7069478Z           },
semantic-feedback	Frozen normal-entry geometry comparison	2026-09-14T23:40:51.7069580Z           {
semantic-feedback	Frozen normal-entry geometry comparison	2026-09-14T23:40:51.7069856Z             "task_sha256": "2af2f4a0eda76915275c028564fd259ed3f412db68e83078998ed66f727d63b6",
semantic-feedback	Frozen normal-entry geometry comparison	2026-09-14T23:40:51.7070082Z             "solved": {
semantic-feedback	Frozen normal-entry geometry comparison	2026-09-14T23:40:51.7070205Z               "A": true,
semantic-feedback	Frozen normal-entry geometry comparison	2026-09-14T23:40:51.7070324Z               "B": true,
semantic-feedback	Frozen normal-entry geometry comparison	2026-09-14T23:40:51.7070445Z               "C": false,
semantic-feedback	Frozen normal-entry geometry comparison	2026-09-14T23:40:51.7070567Z               "D": true
semantic-feedback	Frozen normal-entry geometry comparison	2026-09-14T23:40:51.7070682Z             },
semantic-feedback	Frozen normal-entry geometry comparison	2026-09-14T23:40:51.7070796Z             "solve_interaction": 1
semantic-feedback	Frozen normal-entry geometry comparison	2026-09-14T23:40:51.7070927Z           },
semantic-feedback	Frozen normal-entry geometry comparison	2026-09-14T23:40:51.7071028Z           {
semantic-feedback	Frozen normal-entry geometry comparison	2026-09-14T23:40:51.7071219Z             "task_sha256": "9fec4b4a54b59a9b43824b8c50757ab4210005f60494879245728b0e9ce5aeb1",
semantic-feedback	Frozen normal-entry geometry comparison	2026-09-14T23:40:51.7071442Z             "solved": {
semantic-feedback	Frozen normal-entry geometry comparison	2026-09-14T23:40:51.7071559Z               "A": true,
semantic-feedback	Frozen normal-entry geometry comparison	2026-09-14T23:40:51.7071797Z               "B": true,
semantic-feedback	Frozen normal-entry geometry comparison	2026-09-14T23:40:51.7071916Z               "C": true,
semantic-feedback	Frozen normal-entry geometry comparison	2026-09-14T23:40:51.7072037Z               "D": true
semantic-feedback	Frozen normal-entry geometry comparison	2026-09-14T23:40:51.7072152Z             },
semantic-feedback	Frozen normal-entry geometry comparison	2026-09-14T23:40:51.7072267Z             "solve_interaction": 0
semantic-feedback	Frozen normal-entry geometry comparison	2026-09-14T23:40:51.7072405Z           },
semantic-feedback	Frozen normal-entry geometry comparison	2026-09-14T23:40:51.7072508Z           {
semantic-feedback	Frozen normal-entry geometry comparison	2026-09-14T23:40:51.7072697Z             "task_sha256": "6d5a3eb853d1d31ff0d71243ed8b493e66efc2e4d897f7e7a6fd39257a974489",
semantic-feedback	Frozen normal-entry geometry comparison	2026-09-14T23:40:51.7072925Z             "solved": {
semantic-feedback	Frozen normal-entry geometry comparison	2026-09-14T23:40:51.7073042Z               "A": true,
semantic-feedback	Frozen normal-entry geometry comparison	2026-09-14T23:40:51.7073162Z               "B": true,
semantic-feedback	Frozen normal-entry geometry comparison	2026-09-14T23:40:51.7073281Z               "C": true,
semantic-feedback	Frozen normal-entry geometry comparison	2026-09-14T23:40:51.7073398Z               "D": true
semantic-feedback	Frozen normal-entry geometry comparison	2026-09-14T23:40:51.7073512Z             },
semantic-feedback	Frozen normal-entry geometry comparison	2026-09-14T23:40:51.7073631Z             "solve_interaction": 0
semantic-feedback	Frozen normal-entry geometry comparison	2026-09-14T23:40:51.7073762Z           },
semantic-feedback	Frozen normal-entry geometry comparison	2026-09-14T23:40:51.7073865Z           {
semantic-feedback	Frozen normal-entry geometry comparison	2026-09-14T23:40:51.7074057Z             "task_sha256": "64fe01e5661d3d3c81cddeeda57d5af0a682348da9878127ae6f0e0060d4b4f6",
semantic-feedback	Frozen normal-entry geometry comparison	2026-09-14T23:40:51.7074288Z             "solved": {
semantic-feedback	Frozen normal-entry geometry comparison	2026-09-14T23:40:51.7074409Z               "A": false,
semantic-feedback	Frozen normal-entry geometry comparison	2026-09-14T23:40:51.7074531Z               "B": false,
semantic-feedback	Frozen normal-entry geometry comparison	2026-09-14T23:40:51.7074652Z               "C": false,
semantic-feedback	Frozen normal-entry geometry comparison	2026-09-14T23:40:51.7074776Z               "D": false
semantic-feedback	Frozen normal-entry geometry comparison	2026-09-14T23:40:51.7074896Z             },
semantic-feedback	Frozen normal-entry geometry comparison	2026-09-14T23:40:51.7075010Z             "solve_interaction": 0
semantic-feedback	Frozen normal-entry geometry comparison	2026-09-14T23:40:51.7075143Z           },
semantic-feedback	Frozen normal-entry geometry comparison	2026-09-14T23:40:51.7075244Z           {
semantic-feedback	Frozen normal-entry geometry comparison	2026-09-14T23:40:51.7075437Z             "task_sha256": "f542da7141a4993ecce97ece81bf284d6e34f97a1bf8963bfe1715e32ed571ef",
semantic-feedback	Frozen normal-entry geometry comparison	2026-09-14T23:40:51.7075668Z             "solved": {
semantic-feedback	Frozen normal-entry geometry comparison	2026-09-14T23:40:51.7075787Z               "A": false,
semantic-feedback	Frozen normal-entry geometry comparison	2026-09-14T23:40:51.7075910Z               "B": false,
semantic-feedback	Frozen normal-entry geometry comparison	2026-09-14T23:40:51.7076034Z               "C": false,
semantic-feedback	Frozen normal-entry geometry comparison	2026-09-14T23:40:51.7076256Z               "D": false
semantic-feedback	Frozen normal-entry geometry comparison	2026-09-14T23:40:51.7076373Z             },
semantic-feedback	Frozen normal-entry geometry comparison	2026-09-14T23:40:51.7076492Z             "solve_interaction": 0
semantic-feedback	Frozen normal-entry geometry comparison	2026-09-14T23:40:51.7076623Z           },
semantic-feedback	Frozen normal-entry geometry comparison	2026-09-14T23:40:51.7076729Z           {
semantic-feedback	Frozen normal-entry geometry comparison	2026-09-14T23:40:51.7076921Z             "task_sha256": "8cc885a65affe43ed420ccdb056ab5f17013232d79353fc86425d5056ad1a8ee",
semantic-feedback	Frozen normal-entry geometry comparison	2026-09-14T23:40:51.7077148Z             "solved": {
semantic-feedback	Frozen normal-entry geometry comparison	2026-09-14T23:40:51.7077269Z               "A": false,
semantic-feedback	Frozen normal-entry geometry comparison	2026-09-14T23:40:51.7077393Z               "B": false,
semantic-feedback	Frozen normal-entry geometry comparison	2026-09-14T23:40:51.7077514Z               "C": false,
semantic-feedback	Frozen normal-entry geometry comparison	2026-09-14T23:40:51.7077635Z               "D": false
semantic-feedback	Frozen normal-entry geometry comparison	2026-09-14T23:40:51.7077751Z             },
semantic-feedback	Frozen normal-entry geometry comparison	2026-09-14T23:40:51.7077867Z             "solve_interaction": 0
semantic-feedback	Frozen normal-entry geometry comparison	2026-09-14T23:40:51.7077998Z           },
semantic-feedback	Frozen normal-entry geometry comparison	2026-09-14T23:40:51.7078101Z           {
semantic-feedback	Frozen normal-entry geometry comparison	2026-09-14T23:40:51.7078287Z             "task_sha256": "4ace21c8fa9677b18d62460a9e07fb68702728fbaa138387246991684702a90f",
semantic-feedback	Frozen normal-entry geometry comparison	2026-09-14T23:40:51.7078513Z             "solved": {
semantic-feedback	Frozen normal-entry geometry comparison	2026-09-14T23:40:51.7078632Z               "A": false,
semantic-feedback	Frozen normal-entry geometry comparison	2026-09-14T23:40:51.7078752Z               "B": false,
semantic-feedback	Frozen normal-entry geometry comparison	2026-09-14T23:40:51.7078870Z               "C": false,
semantic-feedback	Frozen normal-entry geometry comparison	2026-09-14T23:40:51.7078989Z               "D": false
semantic-feedback	Frozen normal-entry geometry comparison	2026-09-14T23:40:51.7079107Z             },
semantic-feedback	Frozen normal-entry geometry comparison	2026-09-14T23:40:51.7079220Z             "solve_interaction": 0
semantic-feedback	Frozen normal-entry geometry comparison	2026-09-14T23:40:51.7079350Z           },
semantic-feedback	Frozen normal-entry geometry comparison	2026-09-14T23:40:51.7079451Z           {
semantic-feedback	Frozen normal-entry geometry comparison	2026-09-14T23:40:51.7079737Z             "task_sha256": "aea7ee90e8f6b31a017e44b8ba73e2f87c8975f1ae8f5b6f5ab6de8a5dc36a08",
semantic-feedback	Frozen normal-entry geometry comparison	2026-09-14T23:40:51.7079969Z             "solved": {
semantic-feedback	Frozen normal-entry geometry comparison	2026-09-14T23:40:51.7080087Z               "A": false,
semantic-feedback	Frozen normal-entry geometry comparison	2026-09-14T23:40:51.7080206Z               "B": false,
semantic-feedback	Frozen normal-entry geometry comparison	2026-09-14T23:40:51.7080330Z               "C": false,
semantic-feedback	Frozen normal-entry geometry comparison	2026-09-14T23:40:51.7080449Z               "D": false
semantic-feedback	Frozen normal-entry geometry comparison	2026-09-14T23:40:51.7080565Z             },
semantic-feedback	Frozen normal-entry geometry comparison	2026-09-14T23:40:51.7080679Z             "solve_interaction": 0
semantic-feedback	Frozen normal-entry geometry comparison	2026-09-14T23:40:51.7080812Z           },
semantic-feedback	Frozen normal-entry geometry comparison	2026-09-14T23:40:51.7080915Z           {
semantic-feedback	Frozen normal-entry geometry comparison	2026-09-14T23:40:51.7081111Z             "task_sha256": "2ef02920fd9bdc1f5b7f15ce061280fa55bd3ceae50c645fd3ffcac74cdae732",
semantic-feedback	Frozen normal-entry geometry comparison	2026-09-14T23:40:51.7081342Z             "solved": {
semantic-feedback	Frozen normal-entry geometry comparison	2026-09-14T23:40:51.7081459Z               "A": false,
semantic-feedback	Frozen normal-entry geometry comparison	2026-09-14T23:40:51.7081582Z               "B": false,
semantic-feedback	Frozen normal-entry geometry comparison	2026-09-14T23:40:51.7081779Z               "C": false,
semantic-feedback	Frozen normal-entry geometry comparison	2026-09-14T23:40:51.7081901Z               "D": false
semantic-feedback	Frozen normal-entry geometry comparison	2026-09-14T23:40:51.7082017Z             },
semantic-feedback	Frozen normal-entry geometry comparison	2026-09-14T23:40:51.7082136Z             "solve_interaction": 0
semantic-feedback	Frozen normal-entry geometry comparison	2026-09-14T23:40:51.7082268Z           },
semantic-feedback	Frozen normal-entry geometry comparison	2026-09-14T23:40:51.7082369Z           {
semantic-feedback	Frozen normal-entry geometry comparison	2026-09-14T23:40:51.7082561Z             "task_sha256": "68c99a6adbab9bcaf00f44855b04f878e514a5a06f95842deb37491b46d8d25b",
semantic-feedback	Frozen normal-entry geometry comparison	2026-09-14T23:40:51.7082793Z             "solved": {
semantic-feedback	Frozen normal-entry geometry comparison	2026-09-14T23:40:51.7082914Z               "A": false,
semantic-feedback	Frozen normal-entry geometry comparison	2026-09-14T23:40:51.7083033Z               "B": false,
semantic-feedback	Frozen normal-entry geometry comparison	2026-09-14T23:40:51.7083155Z               "C": false,
semantic-feedback	Frozen normal-entry geometry comparison	2026-09-14T23:40:51.7083275Z               "D": false
semantic-feedback	Frozen normal-entry geometry comparison	2026-09-14T23:40:51.7083393Z             },
semantic-feedback	Frozen normal-entry geometry comparison	2026-09-14T23:40:51.7083510Z             "solve_interaction": 0
semantic-feedback	Frozen normal-entry geometry comparison	2026-09-14T23:40:51.7083643Z           },
semantic-feedback	Frozen normal-entry geometry comparison	2026-09-14T23:40:51.7083744Z           {
semantic-feedback	Frozen normal-entry geometry comparison	2026-09-14T23:40:51.7083935Z             "task_sha256": "d305fe4f4e04f299028210a6c7b534afcdf68acce18bd5f62e30d790c907408b",
semantic-feedback	Frozen normal-entry geometry comparison	2026-09-14T23:40:51.7084163Z             "solved": {
semantic-feedback	Frozen normal-entry geometry comparison	2026-09-14T23:40:51.7084281Z               "A": false,
semantic-feedback	Frozen normal-entry geometry comparison	2026-09-14T23:40:51.7084400Z               "B": false,
semantic-feedback	Frozen normal-entry geometry comparison	2026-09-14T23:40:51.7084524Z               "C": false,
semantic-feedback	Frozen normal-entry geometry comparison	2026-09-14T23:40:51.7084644Z               "D": false
semantic-feedback	Frozen normal-entry geometry comparison	2026-09-14T23:40:51.7084759Z             },
semantic-feedback	Frozen normal-entry geometry comparison	2026-09-14T23:40:51.7084873Z             "solve_interaction": 0
semantic-feedback	Frozen normal-entry geometry comparison	2026-09-14T23:40:51.7085009Z           }
semantic-feedback	Frozen normal-entry geometry comparison	2026-09-14T23:40:51.7085109Z         ],
semantic-feedback	Frozen normal-entry geometry comparison	2026-09-14T23:40:51.7085225Z         "common_solved_count": 6,
semantic-feedback	Frozen normal-entry geometry comparison	2026-09-14T23:40:51.7085368Z         "common_solved_costs": {
semantic-feedback	Frozen normal-entry geometry comparison	2026-09-14T23:40:51.7085500Z           "A": {
semantic-feedback	Frozen normal-entry geometry comparison	2026-09-14T23:40:51.7085616Z             "tasks": 6,
semantic-feedback	Frozen normal-entry geometry comparison	2026-09-14T23:40:51.7085736Z             "solved": 6,
semantic-feedback	Frozen normal-entry geometry comparison	2026-09-14T23:40:51.7085969Z             "task_seconds": 0.25860992399998395,
semantic-feedback	Frozen normal-entry geometry comparison	2026-09-14T23:40:51.7086120Z             "costs": {
semantic-feedback	Frozen normal-entry geometry comparison	2026-09-14T23:40:51.7086266Z               "registry_sync_seconds": 0.02033357800007707,
semantic-feedback	Frozen normal-entry geometry comparison	2026-09-14T23:40:51.7086462Z               "selection_setup_seconds": 3.4459998232705402e-06,
semantic-feedback	Frozen normal-entry geometry comparison	2026-09-14T23:40:51.7086646Z               "predicate_prover_calls": 534,
semantic-feedback	Frozen normal-entry geometry comparison	2026-09-14T23:40:51.7086811Z               "goal_seconds": 0.016610082999932274,
semantic-feedback	Frozen normal-entry geometry comparison	2026-09-14T23:40:51.7086987Z               "complete_candidate_checks": 156,
semantic-feedback	Frozen normal-entry geometry comparison	2026-09-14T23:40:51.7087151Z               "examined_input_tuples": 156,
semantic-feedback	Frozen normal-entry geometry comparison	2026-09-14T23:40:51.7087326Z               "candidate_guard_seconds": 0.0015126270001246667,
semantic-feedback	Frozen normal-entry geometry comparison	2026-09-14T23:40:51.7087525Z               "candidate_generation_seconds": 0.0016283619995647314,
semantic-feedback	Frozen normal-entry geometry comparison	2026-09-14T23:40:51.7087724Z               "selection_seconds": 2.7710999802366132e-05,
semantic-feedback	Frozen normal-entry geometry comparison	2026-09-14T23:40:51.7087897Z               "proposed_candidates": 156,
semantic-feedback	Frozen normal-entry geometry comparison	2026-09-14T23:40:51.7088054Z               "candidate_expansions": 20,
semantic-feedback	Frozen normal-entry geometry comparison	2026-09-14T23:40:51.7095812Z               "primitive_equivalent_operations": 20,
semantic-feedback	Frozen normal-entry geometry comparison	2026-09-14T23:40:51.7096069Z               "applicability_seconds": 0.024238394000008157,
semantic-feedback	Frozen normal-entry geometry comparison	2026-09-14T23:40:51.7096250Z               "expansion_visits": 276,
semantic-feedback	Frozen normal-entry geometry comparison	2026-09-14T23:40:51.7096410Z               "witness_evaluation_attempts": 20,
semantic-feedback	Frozen normal-entry geometry comparison	2026-09-14T23:40:51.7096576Z               "witness_evaluations": 20,
semantic-feedback	Frozen normal-entry geometry comparison	2026-09-14T23:40:51.7096743Z               "execution_seconds": 0.16669453199972395,
semantic-feedback	Frozen normal-entry geometry comparison	2026-09-14T23:40:51.7097070Z               "independent_replay_seconds": 0.0020840529998622515,
semantic-feedback	Frozen normal-entry geometry comparison	2026-09-14T23:40:51.7097273Z               "independent_replay_primitive_operations": 26,
semantic-feedback	Frozen normal-entry geometry comparison	2026-09-14T23:40:51.7097458Z               "successful_primitive_calls": 20,
semantic-feedback	Frozen normal-entry geometry comparison	2026-09-14T23:40:51.7097651Z               "application_seconds_inclusive": 0.2098218309999993,
semantic-feedback	Frozen normal-entry geometry comparison	2026-09-14T23:40:51.7097834Z               "predicate_cache_hits": 42,
semantic-feedback	Frozen normal-entry geometry comparison	2026-09-14T23:40:51.7097990Z               "planner_applications": 20,
semantic-feedback	Frozen normal-entry geometry comparison	2026-09-14T23:40:51.7098147Z               "candidate_guard_checks": 72,
semantic-feedback	Frozen normal-entry geometry comparison	2026-09-14T23:40:51.7098315Z               "applicability_prover_calls": 10
semantic-feedback	Frozen normal-entry geometry comparison	2026-09-14T23:40:51.7098463Z             },
semantic-feedback	Frozen normal-entry geometry comparison	2026-09-14T23:40:51.7098588Z             "answer_term_acquired_calls": 0,
semantic-feedback	Frozen normal-entry geometry comparison	2026-09-14T23:40:51.7098753Z             "solved_with_acquired_ancestors": 0
semantic-feedback	Frozen normal-entry geometry comparison	2026-09-14T23:40:51.7098902Z           },
semantic-feedback	Frozen normal-entry geometry comparison	2026-09-14T23:40:51.7099008Z           "B": {
semantic-feedback	Frozen normal-entry geometry comparison	2026-09-14T23:40:51.7099123Z             "tasks": 6,
semantic-feedback	Frozen normal-entry geometry comparison	2026-09-14T23:40:51.7099252Z             "solved": 6,
semantic-feedback	Frozen normal-entry geometry comparison	2026-09-14T23:40:51.7099386Z             "task_seconds": 0.13463584400028594,
semantic-feedback	Frozen normal-entry geometry comparison	2026-09-14T23:40:51.7099538Z             "costs": {
semantic-feedback	Frozen normal-entry geometry comparison	2026-09-14T23:40:51.7099682Z               "registry_sync_seconds": 0.019111146999875928,
semantic-feedback	Frozen normal-entry geometry comparison	2026-09-14T23:40:51.7099873Z               "selection_setup_seconds": 0.0002368880000176432,
semantic-feedback	Frozen normal-entry geometry comparison	2026-09-14T23:40:51.7100055Z               "predicate_prover_calls": 194,
semantic-feedback	Frozen normal-entry geometry comparison	2026-09-14T23:40:51.7100217Z               "goal_seconds": 0.008139804999700573,
semantic-feedback	Frozen normal-entry geometry comparison	2026-09-14T23:40:51.7100384Z               "complete_candidate_checks": 318,
semantic-feedback	Frozen normal-entry geometry comparison	2026-09-14T23:40:51.7100546Z               "examined_input_tuples": 318,
semantic-feedback	Frozen normal-entry geometry comparison	2026-09-14T23:40:51.7100720Z               "candidate_guard_seconds": 0.005641706000233171,
semantic-feedback	Frozen normal-entry geometry comparison	2026-09-14T23:40:51.7100919Z               "candidate_generation_seconds": 0.005864261999477094,
semantic-feedback	Frozen normal-entry geometry comparison	2026-09-14T23:40:51.7101104Z               "selection_alignment_calls": 318,
semantic-feedback	Frozen normal-entry geometry comparison	2026-09-14T23:40:51.7101272Z               "selection_seconds": 0.009402648999980556,
semantic-feedback	Frozen normal-entry geometry comparison	2026-09-14T23:40:51.7101442Z               "proposed_candidates": 318,
semantic-feedback	Frozen normal-entry geometry comparison	2026-09-14T23:40:51.7101686Z               "candidate_guard_checks": 210,
semantic-feedback	Frozen normal-entry geometry comparison	2026-09-14T23:40:51.7101844Z               "candidate_expansions": 6,
semantic-feedback	Frozen normal-entry geometry comparison	2026-09-14T23:40:51.7102008Z               "primitive_equivalent_operations": 6,
semantic-feedback	Frozen normal-entry geometry comparison	2026-09-14T23:40:51.7102190Z               "applicability_seconds": 0.009562299000094754,
semantic-feedback	Frozen normal-entry geometry comparison	2026-09-14T23:40:51.7102363Z               "expansion_visits": 132,
semantic-feedback	Frozen normal-entry geometry comparison	2026-09-14T23:40:51.7102521Z               "witness_evaluation_attempts": 6,
semantic-feedback	Frozen normal-entry geometry comparison	2026-09-14T23:40:51.7102680Z               "witness_evaluations": 6,
semantic-feedback	Frozen normal-entry geometry comparison	2026-09-14T23:40:51.7102939Z               "execution_seconds": 0.06469827800015082,
semantic-feedback	Frozen normal-entry geometry comparison	2026-09-14T23:40:51.7103126Z               "independent_replay_seconds": 0.0010272520000853547,
semantic-feedback	Frozen normal-entry geometry comparison	2026-09-14T23:40:51.7103324Z               "independent_replay_primitive_operations": 12,
semantic-feedback	Frozen normal-entry geometry comparison	2026-09-14T23:40:51.7103507Z               "successful_primitive_calls": 6,
semantic-feedback	Frozen normal-entry geometry comparison	2026-09-14T23:40:51.7103692Z               "application_seconds_inclusive": 0.0804253050001762,
semantic-feedback	Frozen normal-entry geometry comparison	2026-09-14T23:40:51.7103879Z               "predicate_cache_hits": 12,
semantic-feedback	Frozen normal-entry geometry comparison	2026-09-14T23:40:51.7104036Z               "planner_applications": 6,
semantic-feedback	Frozen normal-entry geometry comparison	2026-09-14T23:40:51.7104195Z               "applicability_prover_calls": 4
semantic-feedback	Frozen normal-entry geometry comparison	2026-09-14T23:40:51.7104341Z             },
semantic-feedback	Frozen normal-entry geometry comparison	2026-09-14T23:40:51.7104463Z             "answer_term_acquired_calls": 0,
semantic-feedback	Frozen normal-entry geometry comparison	2026-09-14T23:40:51.7104623Z             "solved_with_acquired_ancestors": 0
semantic-feedback	Frozen normal-entry geometry comparison	2026-09-14T23:40:51.7104770Z           },
semantic-feedback	Frozen normal-entry geometry comparison	2026-09-14T23:40:51.7104873Z           "C": {
semantic-feedback	Frozen normal-entry geometry comparison	2026-09-14T23:40:51.7104988Z             "tasks": 6,
semantic-feedback	Frozen normal-entry geometry comparison	2026-09-14T23:40:51.7105111Z             "solved": 6,
semantic-feedback	Frozen normal-entry geometry comparison	2026-09-14T23:40:51.7105246Z             "task_seconds": 0.49448265599994556,
semantic-feedback	Frozen normal-entry geometry comparison	2026-09-14T23:40:51.7105395Z             "costs": {
semantic-feedback	Frozen normal-entry geometry comparison	2026-09-14T23:40:51.7105535Z               "registry_sync_seconds": 0.1097296869999127,
semantic-feedback	Frozen normal-entry geometry comparison	2026-09-14T23:40:51.7105728Z               "selection_setup_seconds": 2.902999995058053e-06,
semantic-feedback	Frozen normal-entry geometry comparison	2026-09-14T23:40:51.7105907Z               "predicate_prover_calls": 534,
semantic-feedback	Frozen normal-entry geometry comparison	2026-09-14T23:40:51.7106067Z               "goal_seconds": 0.01577320100000179,
semantic-feedback	Frozen normal-entry geometry comparison	2026-09-14T23:40:51.7106367Z               "complete_candidate_checks": 156,
semantic-feedback	Frozen normal-entry geometry comparison	2026-09-14T23:40:51.7106529Z               "examined_input_tuples": 156,
semantic-feedback	Frozen normal-entry geometry comparison	2026-09-14T23:40:51.7106701Z               "candidate_guard_seconds": 0.002091583000492392,
semantic-feedback	Frozen normal-entry geometry comparison	2026-09-14T23:40:51.7106898Z               "candidate_generation_seconds": 0.002210350999689581,
semantic-feedback	Frozen normal-entry geometry comparison	2026-09-14T23:40:51.7107093Z               "selection_seconds": 2.6636000143298588e-05,
semantic-feedback	Frozen normal-entry geometry comparison	2026-09-14T23:40:51.7107265Z               "proposed_candidates": 156,
semantic-feedback	Frozen normal-entry geometry comparison	2026-09-14T23:40:51.7107419Z               "candidate_expansions": 20,
semantic-feedback	Frozen normal-entry geometry comparison	2026-09-14T23:40:51.7107591Z               "primitive_equivalent_operations": 20,
semantic-feedback	Frozen normal-entry geometry comparison	2026-09-14T23:40:51.7107776Z               "applicability_seconds": 0.15784301399980905,
semantic-feedback	Frozen normal-entry geometry comparison	2026-09-14T23:40:51.7107952Z               "expansion_visits": 276,
semantic-feedback	Frozen normal-entry geometry comparison	2026-09-14T23:40:51.7108109Z               "witness_evaluation_attempts": 20,
semantic-feedback	Frozen normal-entry geometry comparison	2026-09-14T23:40:51.7108274Z               "witness_evaluations": 20,
semantic-feedback	Frozen normal-entry geometry comparison	2026-09-14T23:40:51.7108439Z               "execution_seconds": 0.1773147520003704,
semantic-feedback	Frozen normal-entry geometry comparison	2026-09-14T23:40:51.7108626Z               "independent_replay_seconds": 0.0021576640001512715,
semantic-feedback	Frozen normal-entry geometry comparison	2026-09-14T23:40:51.7108825Z               "independent_replay_primitive_operations": 26,
semantic-feedback	Frozen normal-entry geometry comparison	2026-09-14T23:40:51.7109008Z               "successful_primitive_calls": 20,
semantic-feedback	Frozen normal-entry geometry comparison	2026-09-14T23:40:51.7109191Z               "application_seconds_inclusive": 0.3563820500002066,
semantic-feedback	Frozen normal-entry geometry comparison	2026-09-14T23:40:51.7109374Z               "predicate_cache_hits": 42,
semantic-feedback	Frozen normal-entry geometry comparison	2026-09-14T23:40:51.7109532Z               "planner_applications": 20,
semantic-feedback	Frozen normal-entry geometry comparison	2026-09-14T23:40:51.7109691Z               "candidate_guard_checks": 72,
semantic-feedback	Frozen normal-entry geometry comparison	2026-09-14T23:40:51.7109850Z               "applicability_prover_calls": 10
semantic-feedback	Frozen normal-entry geometry comparison	2026-09-14T23:40:51.7109997Z             },
semantic-feedback	Frozen normal-entry geometry comparison	2026-09-14T23:40:51.7110118Z             "answer_term_acquired_calls": 0,
semantic-feedback	Frozen normal-entry geometry comparison	2026-09-14T23:40:51.7110276Z             "solved_with_acquired_ancestors": 0
semantic-feedback	Frozen normal-entry geometry comparison	2026-09-14T23:40:51.7110423Z           },
semantic-feedback	Frozen normal-entry geometry comparison	2026-09-14T23:40:51.7110525Z           "D": {
semantic-feedback	Frozen normal-entry geometry comparison	2026-09-14T23:40:51.7110636Z             "tasks": 6,
semantic-feedback	Frozen normal-entry geometry comparison	2026-09-14T23:40:51.7110761Z             "solved": 6,
semantic-feedback	Frozen normal-entry geometry comparison	2026-09-14T23:40:51.7110895Z             "task_seconds": 0.35753681600010623,
semantic-feedback	Frozen normal-entry geometry comparison	2026-09-14T23:40:51.7111042Z             "costs": {
semantic-feedback	Frozen normal-entry geometry comparison	2026-09-14T23:40:51.7111182Z               "registry_sync_seconds": 0.1032646929998009,
semantic-feedback	Frozen normal-entry geometry comparison	2026-09-14T23:40:51.7111373Z               "selection_setup_seconds": 0.0002175790000364941,
semantic-feedback	Frozen normal-entry geometry comparison	2026-09-14T23:40:51.7111552Z               "predicate_prover_calls": 194,
semantic-feedback	Frozen normal-entry geometry comparison	2026-09-14T23:40:51.7111836Z               "goal_seconds": 0.006869975999961753,
semantic-feedback	Frozen normal-entry geometry comparison	2026-09-14T23:40:51.7112004Z               "complete_candidate_checks": 2790,
semantic-feedback	Frozen normal-entry geometry comparison	2026-09-14T23:40:51.7112266Z               "examined_input_tuples": 2790,
semantic-feedback	Frozen normal-entry geometry comparison	2026-09-14T23:40:51.7112441Z               "candidate_guard_seconds": 0.04584639499853438,
semantic-feedback	Frozen normal-entry geometry comparison	2026-09-14T23:40:51.7112638Z               "candidate_generation_seconds": 0.04759252999781438,
semantic-feedback	Frozen normal-entry geometry comparison	2026-09-14T23:40:51.7112822Z               "selection_alignment_calls": 1854,
semantic-feedback	Frozen normal-entry geometry comparison	2026-09-14T23:40:51.7112995Z               "selection_seconds": 0.07310294200010503,
semantic-feedback	Frozen normal-entry geometry comparison	2026-09-14T23:40:51.7113167Z               "proposed_candidates": 1854,
semantic-feedback	Frozen normal-entry geometry comparison	2026-09-14T23:40:51.7113326Z               "candidate_guard_checks": 2562,
semantic-feedback	Frozen normal-entry geometry comparison	2026-09-14T23:40:51.7113490Z               "input_guard_filtered": 936,
semantic-feedback	Frozen normal-entry geometry comparison	2026-09-14T23:40:51.7113648Z               "candidate_expansions": 6,
semantic-feedback	Frozen normal-entry geometry comparison	2026-09-14T23:40:51.7113811Z               "primitive_equivalent_operations": 6,
semantic-feedback	Frozen normal-entry geometry comparison	2026-09-14T23:40:51.7113991Z               "applicability_seconds": 0.00962698800015005,
semantic-feedback	Frozen normal-entry geometry comparison	2026-09-14T23:40:51.7114161Z               "expansion_visits": 132,
semantic-feedback	Frozen normal-entry geometry comparison	2026-09-14T23:40:51.7114319Z               "witness_evaluation_attempts": 6,
semantic-feedback	Frozen normal-entry geometry comparison	2026-09-14T23:40:51.7114481Z               "witness_evaluations": 6,
semantic-feedback	Frozen normal-entry geometry comparison	2026-09-14T23:40:51.7114647Z               "execution_seconds": 0.06717180999999073,
semantic-feedback	Frozen normal-entry geometry comparison	2026-09-14T23:40:51.7114834Z               "independent_replay_seconds": 0.0010642599996799618,
semantic-feedback	Frozen normal-entry geometry comparison	2026-09-14T23:40:51.7115034Z               "independent_replay_primitive_operations": 12,
semantic-feedback	Frozen normal-entry geometry comparison	2026-09-14T23:40:51.7115215Z               "successful_primitive_calls": 6,
semantic-feedback	Frozen normal-entry geometry comparison	2026-09-14T23:40:51.7115524Z               "application_seconds_inclusive": 0.083451795999963,
semantic-feedback	Frozen normal-entry geometry comparison	2026-09-14T23:40:51.7115702Z               "predicate_cache_hits": 12,
semantic-feedback	Frozen normal-entry geometry comparison	2026-09-14T23:40:51.7115861Z               "planner_applications": 6,
semantic-feedback	Frozen normal-entry geometry comparison	2026-09-14T23:40:51.7116019Z               "applicability_prover_calls": 4
semantic-feedback	Frozen normal-entry geometry comparison	2026-09-14T23:40:51.7116167Z             },
semantic-feedback	Frozen normal-entry geometry comparison	2026-09-14T23:40:51.7116287Z             "answer_term_acquired_calls": 0,
semantic-feedback	Frozen normal-entry geometry comparison	2026-09-14T23:40:51.7116451Z             "solved_with_acquired_ancestors": 0
semantic-feedback	Frozen normal-entry geometry comparison	2026-09-14T23:40:51.7116599Z           }
semantic-feedback	Frozen normal-entry geometry comparison	2026-09-14T23:40:51.7116706Z         },
semantic-feedback	Frozen normal-entry geometry comparison	2026-09-14T23:40:51.7117036Z         "interpretation": "Counts: positive favors complementarity. Costs: negative favors cost reduction. Not a scalar reward or a statistical population claim."
semantic-feedback	Frozen normal-entry geometry comparison	2026-09-14T23:40:51.7117388Z       },
semantic-feedback	Frozen normal-entry geometry comparison	2026-09-14T23:40:51.7117498Z       "transfer": {
semantic-feedback	Frozen normal-entry geometry comparison	2026-09-14T23:40:51.7117614Z         "arms": {
semantic-feedback	Frozen normal-entry geometry comparison	2026-09-14T23:40:51.7117724Z           "A": {
semantic-feedback	Frozen normal-entry geometry comparison	2026-09-14T23:40:51.7117841Z             "tasks": 16,
semantic-feedback	Frozen normal-entry geometry comparison	2026-09-14T23:40:51.7117971Z             "solved": 8,
semantic-feedback	Frozen normal-entry geometry comparison	2026-09-14T23:40:51.7118104Z             "task_seconds": 19.437101879000124,
semantic-feedback	Frozen normal-entry geometry comparison	2026-09-14T23:40:51.7118254Z             "costs": {
semantic-feedback	Frozen normal-entry geometry comparison	2026-09-14T23:40:51.7118393Z               "registry_sync_seconds": 0.0573975660005317,
semantic-feedback	Frozen normal-entry geometry comparison	2026-09-14T23:40:51.7118586Z               "selection_setup_seconds": 8.032000209823309e-06,
semantic-feedback	Frozen normal-entry geometry comparison	2026-09-14T23:40:51.7118769Z               "predicate_prover_calls": 25175,
semantic-feedback	Frozen normal-entry geometry comparison	2026-09-14T23:40:51.7118931Z               "goal_seconds": 1.3216331779985921,
semantic-feedback	Frozen normal-entry geometry comparison	2026-09-14T23:40:51.7119098Z               "complete_candidate_checks": 6824,
semantic-feedback	Frozen normal-entry geometry comparison	2026-09-14T23:40:51.7119264Z               "examined_input_tuples": 6824,
semantic-feedback	Frozen normal-entry geometry comparison	2026-09-14T23:40:51.7119436Z               "candidate_guard_seconds": 0.1912359040015872,
semantic-feedback	Frozen normal-entry geometry comparison	2026-09-14T23:40:51.7119629Z               "candidate_generation_seconds": 0.19669578499963336,
semantic-feedback	Frozen normal-entry geometry comparison	2026-09-14T23:40:51.7119850Z               "selection_seconds": 0.0007593729999371135,
semantic-feedback	Frozen normal-entry geometry comparison	2026-09-14T23:40:51.7120020Z               "proposed_candidates": 6731,
semantic-feedback	Frozen normal-entry geometry comparison	2026-09-14T23:40:51.7120179Z               "candidate_expansions": 1014,
semantic-feedback	Frozen normal-entry geometry comparison	2026-09-14T23:40:51.7120348Z               "primitive_equivalent_operations": 1014,
semantic-feedback	Frozen normal-entry geometry comparison	2026-09-14T23:40:51.7120532Z               "applicability_seconds": 2.058345200996314,
semantic-feedback	Frozen normal-entry geometry comparison	2026-09-14T23:40:51.7120700Z               "expansion_visits": 11904,
semantic-feedback	Frozen normal-entry geometry comparison	2026-09-14T23:40:51.7120861Z               "witness_evaluation_attempts": 1014,
semantic-feedback	Frozen normal-entry geometry comparison	2026-09-14T23:40:51.7121030Z               "witness_evaluations": 1014,
semantic-feedback	Frozen normal-entry geometry comparison	2026-09-14T23:40:51.7121195Z               "execution_seconds": 13.107663972999944,
semantic-feedback	Frozen normal-entry geometry comparison	2026-09-14T23:40:51.7121386Z               "independent_replay_seconds": 0.09430508199852738,
semantic-feedback	Frozen normal-entry geometry comparison	2026-09-14T23:40:51.7121729Z               "independent_replay_primitive_operations": 954,
semantic-feedback	Frozen normal-entry geometry comparison	2026-09-14T23:40:51.7121914Z               "successful_primitive_calls": 940,
semantic-feedback	Frozen normal-entry geometry comparison	2026-09-14T23:40:51.7122101Z               "application_seconds_inclusive": 17.406890378002572,
semantic-feedback	Frozen normal-entry geometry comparison	2026-09-14T23:40:51.7122282Z               "predicate_cache_hits": 1930,
semantic-feedback	Frozen normal-entry geometry comparison	2026-09-14T23:40:51.7122440Z               "planner_applications": 1014,
semantic-feedback	Frozen normal-entry geometry comparison	2026-09-14T23:40:51.7122600Z               "candidate_guard_checks": 4844,
semantic-feedback	Frozen normal-entry geometry comparison	2026-09-14T23:40:51.7122767Z               "applicability_prover_calls": 720,
semantic-feedback	Frozen normal-entry geometry comparison	2026-09-14T23:40:51.7122929Z               "rejected_applications": 74,
semantic-feedback	Frozen normal-entry geometry comparison	2026-09-14T23:40:51.7123084Z               "input_guard_filtered": 93
semantic-feedback	Frozen normal-entry geometry comparison	2026-09-14T23:40:51.7123228Z             },
semantic-feedback	Frozen normal-entry geometry comparison	2026-09-14T23:40:51.7123351Z             "answer_term_acquired_calls": 0,
semantic-feedback	Frozen normal-entry geometry comparison	2026-09-14T23:40:51.7123517Z             "solved_with_acquired_ancestors": 0
semantic-feedback	Frozen normal-entry geometry comparison	2026-09-14T23:40:51.7123666Z           },
semantic-feedback	Frozen normal-entry geometry comparison	2026-09-14T23:40:51.7123775Z           "B": {
semantic-feedback	Frozen normal-entry geometry comparison	2026-09-14T23:40:51.7123888Z             "tasks": 16,
semantic-feedback	Frozen normal-entry geometry comparison	2026-09-14T23:40:51.7124016Z             "solved": 8,
semantic-feedback	Frozen normal-entry geometry comparison	2026-09-14T23:40:51.7124151Z             "task_seconds": 17.1528609610001,
semantic-feedback	Frozen normal-entry geometry comparison	2026-09-14T23:40:51.7124296Z             "costs": {
semantic-feedback	Frozen normal-entry geometry comparison	2026-09-14T23:40:51.7124437Z               "registry_sync_seconds": 0.05524000699927001,
semantic-feedback	Frozen normal-entry geometry comparison	2026-09-14T23:40:51.7124627Z               "selection_setup_seconds": 0.0007987229997752365,
semantic-feedback	Frozen normal-entry geometry comparison	2026-09-14T23:40:51.7124899Z               "predicate_prover_calls": 19919,
semantic-feedback	Frozen normal-entry geometry comparison	2026-09-14T23:40:51.7125062Z               "goal_seconds": 1.129206113000805,
semantic-feedback	Frozen normal-entry geometry comparison	2026-09-14T23:40:51.7125226Z               "complete_candidate_checks": 49868,
semantic-feedback	Frozen normal-entry geometry comparison	2026-09-14T23:40:51.7125395Z               "examined_input_tuples": 49868,
semantic-feedback	Frozen normal-entry geometry comparison	2026-09-14T23:40:51.7125568Z               "candidate_guard_seconds": 1.300414569012446,
semantic-feedback	Frozen normal-entry geometry comparison	2026-09-14T23:40:51.7125760Z               "candidate_generation_seconds": 1.3355023360082896,
semantic-feedback	Frozen normal-entry geometry comparison	2026-09-14T23:40:51.7125944Z               "selection_alignment_calls": 48309,
semantic-feedback	Frozen normal-entry geometry comparison	2026-09-14T23:40:51.7126120Z               "selection_seconds": 1.5683546950009486,
semantic-feedback	Frozen normal-entry geometry comparison	2026-09-14T23:40:51.7126288Z               "proposed_candidates": 48309,
semantic-feedback	Frozen normal-entry geometry comparison	2026-09-14T23:40:51.7126446Z               "candidate_guard_checks": 36252,
semantic-feedback	Frozen normal-entry geometry comparison	2026-09-14T23:40:51.7126605Z               "candidate_expansions": 904,
semantic-feedback	Frozen normal-entry geometry comparison	2026-09-14T23:40:51.7126774Z               "primitive_equivalent_operations": 904,
semantic-feedback	Frozen normal-entry geometry comparison	2026-09-14T23:40:51.7126955Z               "applicability_seconds": 1.2848149840059477,
semantic-feedback	Frozen normal-entry geometry comparison	2026-09-14T23:40:51.7127130Z               "expansion_visits": 9933,
semantic-feedback	Frozen normal-entry geometry comparison	2026-09-14T23:40:51.7127292Z               "witness_evaluation_attempts": 904,
semantic-feedback	Frozen normal-entry geometry comparison	2026-09-14T23:40:51.7127461Z               "witness_evaluations": 904,
semantic-feedback	Frozen normal-entry geometry comparison	2026-09-14T23:40:51.7127622Z               "execution_seconds": 8.282086275002143,
semantic-feedback	Frozen normal-entry geometry comparison	2026-09-14T23:40:51.7127805Z               "independent_replay_seconds": 0.07551869199960493,
semantic-feedback	Frozen normal-entry geometry comparison	2026-09-14T23:40:51.7128006Z               "independent_replay_primitive_operations": 776,
semantic-feedback	Frozen normal-entry geometry comparison	2026-09-14T23:40:51.7128193Z               "successful_primitive_calls": 756,
semantic-feedback	Frozen normal-entry geometry comparison	2026-09-14T23:40:51.7128380Z               "application_seconds_inclusive": 11.504206442000509,
semantic-feedback	Frozen normal-entry geometry comparison	2026-09-14T23:40:51.7128561Z               "predicate_cache_hits": 2713,
semantic-feedback	Frozen normal-entry geometry comparison	2026-09-14T23:40:51.7128718Z               "planner_applications": 904,
semantic-feedback	Frozen normal-entry geometry comparison	2026-09-14T23:40:51.7128884Z               "applicability_prover_calls": 465,
semantic-feedback	Frozen normal-entry geometry comparison	2026-09-14T23:40:51.7129045Z               "input_guard_filtered": 1559,
semantic-feedback	Frozen normal-entry geometry comparison	2026-09-14T23:40:51.7129200Z               "rejected_applications": 148
semantic-feedback	Frozen normal-entry geometry comparison	2026-09-14T23:40:51.7129342Z             },
semantic-feedback	Frozen normal-entry geometry comparison	2026-09-14T23:40:51.7129468Z             "answer_term_acquired_calls": 0,
semantic-feedback	Frozen normal-entry geometry comparison	2026-09-14T23:40:51.7129630Z             "solved_with_acquired_ancestors": 0
semantic-feedback	Frozen normal-entry geometry comparison	2026-09-14T23:40:51.7129779Z           },
semantic-feedback	Frozen normal-entry geometry comparison	2026-09-14T23:40:51.7129883Z           "C": {
semantic-feedback	Frozen normal-entry geometry comparison	2026-09-14T23:40:51.7130000Z             "tasks": 16,
semantic-feedback	Frozen normal-entry geometry comparison	2026-09-14T23:40:51.7130144Z             "solved": 6,
semantic-feedback	Frozen normal-entry geometry comparison	2026-09-14T23:40:51.7130279Z             "task_seconds": 31.024001868000028,
semantic-feedback	Frozen normal-entry geometry comparison	2026-09-14T23:40:51.7130426Z             "costs": {
semantic-feedback	Frozen normal-entry geometry comparison	2026-09-14T23:40:51.7130569Z               "registry_sync_seconds": 0.3095003070000075,
semantic-feedback	Frozen normal-entry geometry comparison	2026-09-14T23:40:51.7130856Z               "selection_setup_seconds": 9.625000188862032e-06,
semantic-feedback	Frozen normal-entry geometry comparison	2026-09-14T23:40:51.7131039Z               "predicate_prover_calls": 9557,
semantic-feedback	Frozen normal-entry geometry comparison	2026-09-14T23:40:51.7131202Z               "goal_seconds": 0.570502477999753,
semantic-feedback	Frozen normal-entry geometry comparison	2026-09-14T23:40:51.7131369Z               "complete_candidate_checks": 19626,
semantic-feedback	Frozen normal-entry geometry comparison	2026-09-14T23:40:51.7131534Z               "examined_input_tuples": 19626,
semantic-feedback	Frozen normal-entry geometry comparison	2026-09-14T23:40:51.7131810Z               "candidate_guard_seconds": 0.4327603899885162,
semantic-feedback	Frozen normal-entry geometry comparison	2026-09-14T23:40:51.7132007Z               "candidate_generation_seconds": 0.4472796920052815,
semantic-feedback	Frozen normal-entry geometry comparison	2026-09-14T23:40:51.7132197Z               "selection_seconds": 0.0014410030024691878,
semantic-feedback	Frozen normal-entry geometry comparison	2026-09-14T23:40:51.7132365Z               "proposed_candidates": 13175,
semantic-feedback	Frozen normal-entry geometry comparison	2026-09-14T23:40:51.7132520Z               "candidate_expansions": 1140,
semantic-feedback	Frozen normal-entry geometry comparison	2026-09-14T23:40:51.7132686Z               "primitive_equivalent_operations": 1910,
semantic-feedback	Frozen normal-entry geometry comparison	2026-09-14T23:40:51.7132871Z               "applicability_seconds": 4.803922149001892,
semantic-feedback	Frozen normal-entry geometry comparison	2026-09-14T23:40:51.7133040Z               "expansion_visits": 29108,
semantic-feedback	Frozen normal-entry geometry comparison	2026-09-14T23:40:51.7133201Z               "witness_evaluation_attempts": 1550,
semantic-feedback	Frozen normal-entry geometry comparison	2026-09-14T23:40:51.7133371Z               "witness_evaluations": 1550,
semantic-feedback	Frozen normal-entry geometry comparison	2026-09-14T23:40:51.7133533Z               "execution_seconds": 23.36360419600271,
semantic-feedback	Frozen normal-entry geometry comparison	2026-09-14T23:40:51.7133715Z               "independent_replay_seconds": 0.04962262999936229,
semantic-feedback	Frozen normal-entry geometry comparison	2026-09-14T23:40:51.7134002Z               "independent_replay_primitive_operations": 378,
semantic-feedback	Frozen normal-entry geometry comparison	2026-09-14T23:40:51.7134186Z               "successful_primitive_calls": 332,
semantic-feedback	Frozen normal-entry geometry comparison	2026-09-14T23:40:51.7134374Z               "application_seconds_inclusive": 29.19397027300056,
semantic-feedback	Frozen normal-entry geometry comparison	2026-09-14T23:40:51.7134555Z               "predicate_cache_hits": 603,
semantic-feedback	Frozen normal-entry geometry comparison	2026-09-14T23:40:51.7134711Z               "planner_applications": 1140,
semantic-feedback	Frozen normal-entry geometry comparison	2026-09-14T23:40:51.7134872Z               "candidate_guard_checks": 17662,
semantic-feedback	Frozen normal-entry geometry comparison	2026-09-14T23:40:51.7135044Z               "applicability_prover_calls": 1410,
semantic-feedback	Frozen normal-entry geometry comparison	2026-09-14T23:40:51.7135210Z               "macro_expansions": 770,
semantic-feedback	Frozen normal-entry geometry comparison	2026-09-14T23:40:51.7135366Z               "rejected_applications": 788,
semantic-feedback	Frozen normal-entry geometry comparison	2026-09-14T23:40:51.7135522Z               "input_guard_filtered": 6451,
semantic-feedback	Frozen normal-entry geometry comparison	2026-09-14T23:40:51.7135681Z               "successful_acquired_calls": 20
semantic-feedback	Frozen normal-entry geometry comparison	2026-09-14T23:40:51.7135827Z             },
semantic-feedback	Frozen normal-entry geometry comparison	2026-09-14T23:40:51.7135948Z             "answer_term_acquired_calls": 0,
semantic-feedback	Frozen normal-entry geometry comparison	2026-09-14T23:40:51.7136112Z             "solved_with_acquired_ancestors": 0
semantic-feedback	Frozen normal-entry geometry comparison	2026-09-14T23:40:51.7136266Z           },
semantic-feedback	Frozen normal-entry geometry comparison	2026-09-14T23:40:51.7136372Z           "D": {
semantic-feedback	Frozen normal-entry geometry comparison	2026-09-14T23:40:51.7136487Z             "tasks": 16,
semantic-feedback	Frozen normal-entry geometry comparison	2026-09-14T23:40:51.7136614Z             "solved": 8,
semantic-feedback	Frozen normal-entry geometry comparison	2026-09-14T23:40:51.7136746Z             "task_seconds": 27.949424284999964,
semantic-feedback	Frozen normal-entry geometry comparison	2026-09-14T23:40:51.7136895Z             "costs": {
semantic-feedback	Frozen normal-entry geometry comparison	2026-09-14T23:40:51.7137037Z               "registry_sync_seconds": 0.29408318000071176,
semantic-feedback	Frozen normal-entry geometry comparison	2026-09-14T23:40:51.7137227Z               "selection_setup_seconds": 0.0007859180002469657,
semantic-feedback	Frozen normal-entry geometry comparison	2026-09-14T23:40:51.7137405Z               "predicate_prover_calls": 9807,
semantic-feedback	Frozen normal-entry geometry comparison	2026-09-14T23:40:51.7137572Z               "goal_seconds": 0.45399666900073044,
semantic-feedback	Frozen normal-entry geometry comparison	2026-09-14T23:40:51.7137743Z               "complete_candidate_checks": 46076,
semantic-feedback	Frozen normal-entry geometry comparison	2026-09-14T23:40:51.7137908Z               "examined_input_tuples": 46076,
semantic-feedback	Frozen normal-entry geometry comparison	2026-09-14T23:40:51.7138081Z               "candidate_guard_seconds": 0.8097589699989385,
semantic-feedback	Frozen normal-entry geometry comparison	2026-09-14T23:40:51.7138276Z               "candidate_generation_seconds": 0.8404677490040058,
semantic-feedback	Frozen normal-entry geometry comparison	2026-09-14T23:40:51.7138461Z               "selection_alignment_calls": 30275,
semantic-feedback	Frozen normal-entry geometry comparison	2026-09-14T23:40:51.7138630Z               "selection_seconds": 1.2137356689967191,
semantic-feedback	Frozen normal-entry geometry comparison	2026-09-14T23:40:51.7138795Z               "proposed_candidates": 30275,
semantic-feedback	Frozen normal-entry geometry comparison	2026-09-14T23:40:51.7138954Z               "candidate_guard_checks": 41788,
semantic-feedback	Frozen normal-entry geometry comparison	2026-09-14T23:40:51.7139115Z               "input_guard_filtered": 15801,
semantic-feedback	Frozen normal-entry geometry comparison	2026-09-14T23:40:51.7139273Z               "candidate_expansions": 904,
semantic-feedback	Frozen normal-entry geometry comparison	2026-09-14T23:40:51.7139439Z               "primitive_equivalent_operations": 1460,
semantic-feedback	Frozen normal-entry geometry comparison	2026-09-14T23:40:51.7139624Z               "applicability_seconds": 3.6008814519969974,
semantic-feedback	Frozen normal-entry geometry comparison	2026-09-14T23:40:51.7139891Z               "expansion_visits": 22102,
semantic-feedback	Frozen normal-entry geometry comparison	2026-09-14T23:40:51.7140053Z               "witness_evaluation_attempts": 1318,
semantic-feedback	Frozen normal-entry geometry comparison	2026-09-14T23:40:51.7140219Z               "witness_evaluations": 1318,
semantic-feedback	Frozen normal-entry geometry comparison	2026-09-14T23:40:51.7140381Z               "execution_seconds": 19.412528523000105,
semantic-feedback	Frozen normal-entry geometry comparison	2026-09-14T23:40:51.7140566Z               "independent_replay_seconds": 0.043546548000563234,
semantic-feedback	Frozen normal-entry geometry comparison	2026-09-14T23:40:51.7140768Z               "independent_replay_primitive_operations": 432,
semantic-feedback	Frozen normal-entry geometry comparison	2026-09-14T23:40:51.7140952Z               "successful_primitive_calls": 316,
semantic-feedback	Frozen normal-entry geometry comparison	2026-09-14T23:40:51.7141032Z               "application_seconds_inclusive": 24.19998266500113,
semantic-feedback	Frozen normal-entry geometry comparison	2026-09-14T23:40:51.7141092Z               "predicate_cache_hits": 1094,
semantic-feedback	Frozen normal-entry geometry comparison	2026-09-14T23:40:51.7141150Z               "planner_applications": 904,
semantic-feedback	Frozen normal-entry geometry comparison	2026-09-14T23:40:51.7141216Z               "applicability_prover_calls": 1058,
semantic-feedback	Frozen normal-entry geometry comparison	2026-09-14T23:40:51.7141274Z               "macro_expansions": 556,
semantic-feedback	Frozen normal-entry geometry comparison	2026-09-14T23:40:51.7141332Z               "rejected_applications": 540,
semantic-feedback	Frozen normal-entry geometry comparison	2026-09-14T23:40:51.7141396Z               "successful_acquired_calls": 48,
semantic-feedback	Frozen normal-entry geometry comparison	2026-09-14T23:40:51.7141467Z               "conditional_effects_not_published": 12
semantic-feedback	Frozen normal-entry geometry comparison	2026-09-14T23:40:51.7141511Z             },
semantic-feedback	Frozen normal-entry geometry comparison	2026-09-14T23:40:51.7141574Z             "answer_term_acquired_calls": 0,
semantic-feedback	Frozen normal-entry geometry comparison	2026-09-14T23:40:51.7141714Z             "solved_with_acquired_ancestors": 0
semantic-feedback	Frozen normal-entry geometry comparison	2026-09-14T23:40:51.7141758Z           }
semantic-feedback	Frozen normal-entry geometry comparison	2026-09-14T23:40:51.7141888Z         },
semantic-feedback	Frozen normal-entry geometry comparison	2026-09-14T23:40:51.7141954Z         "interaction_D_minus_C_minus_B_plus_A": {
semantic-feedback	Frozen normal-entry geometry comparison	2026-09-14T23:40:51.7142004Z           "solved": 2,
semantic-feedback	Frozen normal-entry geometry comparison	2026-09-14T23:40:51.7142070Z           "task_seconds": -0.7903366650000407,
semantic-feedback	Frozen normal-entry geometry comparison	2026-09-14T23:40:51.7142117Z           "costs": {
semantic-feedback	Frozen normal-entry geometry comparison	2026-09-14T23:40:51.7142184Z             "complete_candidate_checks": -16594,
semantic-feedback	Frozen normal-entry geometry comparison	2026-09-14T23:40:51.7142261Z             "applicability_seconds": -0.4295104800145282,
semantic-feedback	Frozen normal-entry geometry comparison	2026-09-14T23:40:51.7142334Z             "registry_sync_seconds": -0.013259567998034072,
semantic-feedback	Frozen normal-entry geometry comparison	2026-09-14T23:40:51.7142399Z             "witness_evaluation_attempts": -122,
semantic-feedback	Frozen normal-entry geometry comparison	2026-09-14T23:40:51.7142461Z             "goal_seconds": 0.07592125599876454,
semantic-feedback	Frozen normal-entry geometry comparison	2026-09-14T23:40:51.7142538Z             "independent_replay_seconds": 0.012710308000123405,
semantic-feedback	Frozen normal-entry geometry comparison	2026-09-14T23:40:51.7142601Z             "examined_input_tuples": -16594,
semantic-feedback	Frozen normal-entry geometry comparison	2026-09-14T23:40:51.7142666Z             "selection_seconds": -0.35530065600676153,
semantic-feedback	Frozen normal-entry geometry comparison	2026-09-14T23:40:51.7142728Z             "selection_alignment_calls": -18034,
semantic-feedback	Frozen normal-entry geometry comparison	2026-09-14T23:40:51.7142809Z             "independent_replay_primitive_operations": 232,
semantic-feedback	Frozen normal-entry geometry comparison	2026-09-14T23:40:51.7142868Z             "candidate_expansions": -126,
semantic-feedback	Frozen normal-entry geometry comparison	2026-09-14T23:40:51.7142929Z             "predicate_prover_calls": 5506,
semantic-feedback	Frozen normal-entry geometry comparison	2026-09-14T23:40:51.7143007Z             "selection_setup_seconds": -1.4397999507309578e-05,
semantic-feedback	Frozen normal-entry geometry comparison	2026-09-14T23:40:51.7143076Z             "primitive_equivalent_operations": -340,
semantic-feedback	Frozen normal-entry geometry comparison	2026-09-14T23:40:51.7143147Z             "conditional_effects_not_published": 12,
semantic-feedback	Frozen normal-entry geometry comparison	2026-09-14T23:40:51.7143212Z             "applicability_prover_calls": -97,
semantic-feedback	Frozen normal-entry geometry comparison	2026-09-14T23:40:51.7143272Z             "proposed_candidates": -24478,
semantic-feedback	Frozen normal-entry geometry comparison	2026-09-14T23:40:51.7143334Z             "candidate_guard_checks": -7282,
semantic-feedback	Frozen normal-entry geometry comparison	2026-09-14T23:40:51.7143392Z             "input_guard_filtered": 7884,
semantic-feedback	Frozen normal-entry geometry comparison	2026-09-14T23:40:51.7143448Z             "expansion_visits": -5035,
semantic-feedback	Frozen normal-entry geometry comparison	2026-09-14T23:40:51.7143522Z             "candidate_guard_seconds": -0.7321800850004365,
semantic-feedback	Frozen normal-entry geometry comparison	2026-09-14T23:40:51.7143579Z             "planner_applications": -126,
semantic-feedback	Frozen normal-entry geometry comparison	2026-09-14T23:40:51.7143660Z             "application_seconds_inclusive": 0.9086963280026339,
semantic-feedback	Frozen normal-entry geometry comparison	2026-09-14T23:40:51.7143721Z             "macro_expansions": -214,
semantic-feedback	Frozen normal-entry geometry comparison	2026-09-14T23:40:51.7143780Z             "successful_acquired_calls": 28,
semantic-feedback	Frozen normal-entry geometry comparison	2026-09-14T23:40:51.7143858Z             "candidate_generation_seconds": -0.745618494009932,
semantic-feedback	Frozen normal-entry geometry comparison	2026-09-14T23:40:51.7143921Z             "successful_primitive_calls": 168,
semantic-feedback	Frozen normal-entry geometry comparison	2026-09-14T23:40:51.7143976Z             "witness_evaluations": -122,
semantic-feedback	Frozen normal-entry geometry comparison	2026-09-14T23:40:51.7144041Z             "execution_seconds": 0.8745020249951949,
semantic-feedback	Frozen normal-entry geometry comparison	2026-09-14T23:40:51.7144099Z             "predicate_cache_hits": -292,
semantic-feedback	Frozen normal-entry geometry comparison	2026-09-14T23:40:51.7144239Z             "rejected_applications": -322
semantic-feedback	Frozen normal-entry geometry comparison	2026-09-14T23:40:51.7144284Z           }
semantic-feedback	Frozen normal-entry geometry comparison	2026-09-14T23:40:51.7144329Z         },
semantic-feedback	Frozen normal-entry geometry comparison	2026-09-14T23:40:51.7144375Z         "paired": [
semantic-feedback	Frozen normal-entry geometry comparison	2026-09-14T23:40:51.7144420Z           {
semantic-feedback	Frozen normal-entry geometry comparison	2026-09-14T23:40:51.7144560Z             "task_sha256": "dedb03d1d4f4376a22c52609565ee5970063d0f34dba076e383a6f38fdab7120",
semantic-feedback	Frozen normal-entry geometry comparison	2026-09-14T23:40:51.7144613Z             "solved": {
semantic-feedback	Frozen normal-entry geometry comparison	2026-09-14T23:40:51.7144665Z               "A": true,
semantic-feedback	Frozen normal-entry geometry comparison	2026-09-14T23:40:51.7144713Z               "B": true,
semantic-feedback	Frozen normal-entry geometry comparison	2026-09-14T23:40:51.7144761Z               "C": true,
semantic-feedback	Frozen normal-entry geometry comparison	2026-09-14T23:40:51.7144810Z               "D": true
semantic-feedback	Frozen normal-entry geometry comparison	2026-09-14T23:40:51.7144852Z             },
semantic-feedback	Frozen normal-entry geometry comparison	2026-09-14T23:40:51.7144910Z             "solve_interaction": 0
semantic-feedback	Frozen normal-entry geometry comparison	2026-09-14T23:40:51.7144953Z           },
semantic-feedback	Frozen normal-entry geometry comparison	2026-09-14T23:40:51.7144997Z           {
semantic-feedback	Frozen normal-entry geometry comparison	2026-09-14T23:40:51.7145134Z             "task_sha256": "0bb038896a1855b9350a242a5db78bc069bd7e63497adcd90f3c1b066a71cbfa",
semantic-feedback	Frozen normal-entry geometry comparison	2026-09-14T23:40:51.7145182Z             "solved": {
semantic-feedback	Frozen normal-entry geometry comparison	2026-09-14T23:40:51.7145235Z               "A": true,
semantic-feedback	Frozen normal-entry geometry comparison	2026-09-14T23:40:51.7145285Z               "B": true,
semantic-feedback	Frozen normal-entry geometry comparison	2026-09-14T23:40:51.7145335Z               "C": false,
semantic-feedback	Frozen normal-entry geometry comparison	2026-09-14T23:40:51.7145385Z               "D": true
semantic-feedback	Frozen normal-entry geometry comparison	2026-09-14T23:40:51.7145431Z             },
semantic-feedback	Frozen normal-entry geometry comparison	2026-09-14T23:40:51.7145485Z             "solve_interaction": 1
semantic-feedback	Frozen normal-entry geometry comparison	2026-09-14T23:40:51.7145531Z           },
semantic-feedback	Frozen normal-entry geometry comparison	2026-09-14T23:40:51.7145573Z           {
semantic-feedback	Frozen normal-entry geometry comparison	2026-09-14T23:40:51.7145705Z             "task_sha256": "806a216162239d5e07255c7ae253de3a99bb9b2e7711bc0c71274bb9e3003b76",
semantic-feedback	Frozen normal-entry geometry comparison	2026-09-14T23:40:51.7145815Z             "solved": {
semantic-feedback	Frozen normal-entry geometry comparison	2026-09-14T23:40:51.7145862Z               "A": true,
semantic-feedback	Frozen normal-entry geometry comparison	2026-09-14T23:40:51.7145910Z               "B": true,
semantic-feedback	Frozen normal-entry geometry comparison	2026-09-14T23:40:51.7145958Z               "C": true,
semantic-feedback	Frozen normal-entry geometry comparison	2026-09-14T23:40:51.7146004Z               "D": true
semantic-feedback	Frozen normal-entry geometry comparison	2026-09-14T23:40:51.7146049Z             },
semantic-feedback	Frozen normal-entry geometry comparison	2026-09-14T23:40:51.7146104Z             "solve_interaction": 0
semantic-feedback	Frozen normal-entry geometry comparison	2026-09-14T23:40:51.7146146Z           },
semantic-feedback	Frozen normal-entry geometry comparison	2026-09-14T23:40:51.7146190Z           {
semantic-feedback	Frozen normal-entry geometry comparison	2026-09-14T23:40:51.7146321Z             "task_sha256": "81a6eefd04810a109a39969206794703b0c1ffb9fdf23bf3a7b054444d93dce1",
semantic-feedback	Frozen normal-entry geometry comparison	2026-09-14T23:40:51.7146371Z             "solved": {
semantic-feedback	Frozen normal-entry geometry comparison	2026-09-14T23:40:51.7146419Z               "A": true,
semantic-feedback	Frozen normal-entry geometry comparison	2026-09-14T23:40:51.7146466Z               "B": true,
semantic-feedback	Frozen normal-entry geometry comparison	2026-09-14T23:40:51.7146515Z               "C": true,
semantic-feedback	Frozen normal-entry geometry comparison	2026-09-14T23:40:51.7146563Z               "D": true
semantic-feedback	Frozen normal-entry geometry comparison	2026-09-14T23:40:51.7146605Z             },
semantic-feedback	Frozen normal-entry geometry comparison	2026-09-14T23:40:51.7146660Z             "solve_interaction": 0
semantic-feedback	Frozen normal-entry geometry comparison	2026-09-14T23:40:51.7146704Z           },
semantic-feedback	Frozen normal-entry geometry comparison	2026-09-14T23:40:51.7146749Z           {
semantic-feedback	Frozen normal-entry geometry comparison	2026-09-14T23:40:51.7146885Z             "task_sha256": "d1cbc723606b23b627aa352ed030e19546982fd0903fba7ff32170affce31283",
semantic-feedback	Frozen normal-entry geometry comparison	2026-09-14T23:40:51.7146944Z             "solved": {
semantic-feedback	Frozen normal-entry geometry comparison	2026-09-14T23:40:51.7146990Z               "A": true,
semantic-feedback	Frozen normal-entry geometry comparison	2026-09-14T23:40:51.7147038Z               "B": true,
semantic-feedback	Frozen normal-entry geometry comparison	2026-09-14T23:40:51.7147085Z               "C": true,
semantic-feedback	Frozen normal-entry geometry comparison	2026-09-14T23:40:51.7147131Z               "D": true
semantic-feedback	Frozen normal-entry geometry comparison	2026-09-14T23:40:51.7147177Z             },
semantic-feedback	Frozen normal-entry geometry comparison	2026-09-14T23:40:51.7147234Z             "solve_interaction": 0
semantic-feedback	Frozen normal-entry geometry comparison	2026-09-14T23:40:51.7147278Z           },
semantic-feedback	Frozen normal-entry geometry comparison	2026-09-14T23:40:51.7147322Z           {
semantic-feedback	Frozen normal-entry geometry comparison	2026-09-14T23:40:51.7147456Z             "task_sha256": "02e1a5790ab749b20c040559a99bb5ebe732ab8f701e09d6fcdc132a49647498",
semantic-feedback	Frozen normal-entry geometry comparison	2026-09-14T23:40:51.7147503Z             "solved": {
semantic-feedback	Frozen normal-entry geometry comparison	2026-09-14T23:40:51.7147552Z               "A": true,
semantic-feedback	Frozen normal-entry geometry comparison	2026-09-14T23:40:51.7147598Z               "B": true,
semantic-feedback	Frozen normal-entry geometry comparison	2026-09-14T23:40:51.7147647Z               "C": false,
semantic-feedback	Frozen normal-entry geometry comparison	2026-09-14T23:40:51.7147697Z               "D": true
semantic-feedback	Frozen normal-entry geometry comparison	2026-09-14T23:40:51.7147739Z             },
semantic-feedback	Frozen normal-entry geometry comparison	2026-09-14T23:40:51.7147795Z             "solve_interaction": 1
semantic-feedback	Frozen normal-entry geometry comparison	2026-09-14T23:40:51.7147839Z           },
semantic-feedback	Frozen normal-entry geometry comparison	2026-09-14T23:40:51.7147881Z           {
semantic-feedback	Frozen normal-entry geometry comparison	2026-09-14T23:40:51.7148014Z             "task_sha256": "bf70433f10195bb13504fdde55f27d68dc03675e92bcee88dac99676edd72279",
semantic-feedback	Frozen normal-entry geometry comparison	2026-09-14T23:40:51.7148063Z             "solved": {
semantic-feedback	Frozen normal-entry geometry comparison	2026-09-14T23:40:51.7148109Z               "A": true,
semantic-feedback	Frozen normal-entry geometry comparison	2026-09-14T23:40:51.7148157Z               "B": true,
semantic-feedback	Frozen normal-entry geometry comparison	2026-09-14T23:40:51.7148202Z               "C": true,
semantic-feedback	Frozen normal-entry geometry comparison	2026-09-14T23:40:51.7148312Z               "D": true
semantic-feedback	Frozen normal-entry geometry comparison	2026-09-14T23:40:51.7148355Z             },
semantic-feedback	Frozen normal-entry geometry comparison	2026-09-14T23:40:51.7148407Z             "solve_interaction": 0
semantic-feedback	Frozen normal-entry geometry comparison	2026-09-14T23:40:51.7148454Z           },
semantic-feedback	Frozen normal-entry geometry comparison	2026-09-14T23:40:51.7148498Z           {
semantic-feedback	Frozen normal-entry geometry comparison	2026-09-14T23:40:51.7148630Z             "task_sha256": "e99695ef543a2dd50cc4cf3c143ab2ee8c9a81be24955dbf3164b35e180609ec",
semantic-feedback	Frozen normal-entry geometry comparison	2026-09-14T23:40:51.7148679Z             "solved": {
semantic-feedback	Frozen normal-entry geometry comparison	2026-09-14T23:40:51.7148726Z               "A": true,
semantic-feedback	Frozen normal-entry geometry comparison	2026-09-14T23:40:51.7148773Z               "B": true,
semantic-feedback	Frozen normal-entry geometry comparison	2026-09-14T23:40:51.7148820Z               "C": true,
semantic-feedback	Frozen normal-entry geometry comparison	2026-09-14T23:40:51.7148865Z               "D": true
semantic-feedback	Frozen normal-entry geometry comparison	2026-09-14T23:40:51.7148909Z             },
semantic-feedback	Frozen normal-entry geometry comparison	2026-09-14T23:40:51.7148963Z             "solve_interaction": 0
semantic-feedback	Frozen normal-entry geometry comparison	2026-09-14T23:40:51.7149005Z           },
semantic-feedback	Frozen normal-entry geometry comparison	2026-09-14T23:40:51.7149049Z           {
semantic-feedback	Frozen normal-entry geometry comparison	2026-09-14T23:40:51.7149178Z             "task_sha256": "46ade7feac05047e2a7a1404285878018b28d1272f06a31e5a38561aa0319bde",
semantic-feedback	Frozen normal-entry geometry comparison	2026-09-14T23:40:51.7149225Z             "solved": {
semantic-feedback	Frozen normal-entry geometry comparison	2026-09-14T23:40:51.7149276Z               "A": false,
semantic-feedback	Frozen normal-entry geometry comparison	2026-09-14T23:40:51.7149324Z               "B": false,
semantic-feedback	Frozen normal-entry geometry comparison	2026-09-14T23:40:51.7149372Z               "C": false,
semantic-feedback	Frozen normal-entry geometry comparison	2026-09-14T23:40:51.7149420Z               "D": false
semantic-feedback	Frozen normal-entry geometry comparison	2026-09-14T23:40:51.7149462Z             },
semantic-feedback	Frozen normal-entry geometry comparison	2026-09-14T23:40:51.7149517Z             "solve_interaction": 0
semantic-feedback	Frozen normal-entry geometry comparison	2026-09-14T23:40:51.7149562Z           },
semantic-feedback	Frozen normal-entry geometry comparison	2026-09-14T23:40:51.7149603Z           {
semantic-feedback	Frozen normal-entry geometry comparison	2026-09-14T23:40:51.7149734Z             "task_sha256": "bbc1fc9374812691278a728297b112ed76983ac081e1668a19cba6b09a113fb6",
semantic-feedback	Frozen normal-entry geometry comparison	2026-09-14T23:40:51.7149842Z             "solved": {
semantic-feedback	Frozen normal-entry geometry comparison	2026-09-14T23:40:51.7149889Z               "A": false,
semantic-feedback	Frozen normal-entry geometry comparison	2026-09-14T23:40:51.7149938Z               "B": false,
semantic-feedback	Frozen normal-entry geometry comparison	2026-09-14T23:40:51.7149985Z               "C": false,
semantic-feedback	Frozen normal-entry geometry comparison	2026-09-14T23:40:51.7150034Z               "D": false
semantic-feedback	Frozen normal-entry geometry comparison	2026-09-14T23:40:51.7150079Z             },
semantic-feedback	Frozen normal-entry geometry comparison	2026-09-14T23:40:51.7150132Z             "solve_interaction": 0
semantic-feedback	Frozen normal-entry geometry comparison	2026-09-14T23:40:51.7150176Z           },
semantic-feedback	Frozen normal-entry geometry comparison	2026-09-14T23:40:51.7150221Z           {
semantic-feedback	Frozen normal-entry geometry comparison	2026-09-14T23:40:51.7150351Z             "task_sha256": "c2ed8d51e50b3d80133372dadb3789cd78a985c07d28d3cb3937dc8c30445901",
semantic-feedback	Frozen normal-entry geometry comparison	2026-09-14T23:40:51.7150403Z             "solved": {
semantic-feedback	Frozen normal-entry geometry comparison	2026-09-14T23:40:51.7150450Z               "A": false,
semantic-feedback	Frozen normal-entry geometry comparison	2026-09-14T23:40:51.7150497Z               "B": false,
semantic-feedback	Frozen normal-entry geometry comparison	2026-09-14T23:40:51.7150544Z               "C": false,
semantic-feedback	Frozen normal-entry geometry comparison	2026-09-14T23:40:51.7150590Z               "D": false
semantic-feedback	Frozen normal-entry geometry comparison	2026-09-14T23:40:51.7150634Z             },
semantic-feedback	Frozen normal-entry geometry comparison	2026-09-14T23:40:51.7150689Z             "solve_interaction": 0
semantic-feedback	Frozen normal-entry geometry comparison	2026-09-14T23:40:51.7150734Z           },
semantic-feedback	Frozen normal-entry geometry comparison	2026-09-14T23:40:51.7150779Z           {
semantic-feedback	Frozen normal-entry geometry comparison	2026-09-14T23:40:51.7150909Z             "task_sha256": "97e5ac6089d67d2e7c279e0dff4da2d587e1654945b0d1de299164545be19138",
semantic-feedback	Frozen normal-entry geometry comparison	2026-09-14T23:40:51.7150956Z             "solved": {
semantic-feedback	Frozen normal-entry geometry comparison	2026-09-14T23:40:51.7151004Z               "A": false,
semantic-feedback	Frozen normal-entry geometry comparison	2026-09-14T23:40:51.7151050Z               "B": false,
semantic-feedback	Frozen normal-entry geometry comparison	2026-09-14T23:40:51.7151097Z               "C": false,
semantic-feedback	Frozen normal-entry geometry comparison	2026-09-14T23:40:51.7151144Z               "D": false
semantic-feedback	Frozen normal-entry geometry comparison	2026-09-14T23:40:51.7151186Z             },
semantic-feedback	Frozen normal-entry geometry comparison	2026-09-14T23:40:51.7151241Z             "solve_interaction": 0
semantic-feedback	Frozen normal-entry geometry comparison	2026-09-14T23:40:51.7151286Z           },
semantic-feedback	Frozen normal-entry geometry comparison	2026-09-14T23:40:51.7151329Z           {
semantic-feedback	Frozen normal-entry geometry comparison	2026-09-14T23:40:51.7151460Z             "task_sha256": "84630cc6731f671bc8e65d946fbf12459a994518ebe9b31350369e227c306b8e",
semantic-feedback	Frozen normal-entry geometry comparison	2026-09-14T23:40:51.7151509Z             "solved": {
semantic-feedback	Frozen normal-entry geometry comparison	2026-09-14T23:40:51.7151554Z               "A": false,
semantic-feedback	Frozen normal-entry geometry comparison	2026-09-14T23:40:51.7151691Z               "B": false,
semantic-feedback	Frozen normal-entry geometry comparison	2026-09-14T23:40:51.7151738Z               "C": false,
semantic-feedback	Frozen normal-entry geometry comparison	2026-09-14T23:40:51.7151788Z               "D": false
semantic-feedback	Frozen normal-entry geometry comparison	2026-09-14T23:40:51.7151834Z             },
semantic-feedback	Frozen normal-entry geometry comparison	2026-09-14T23:40:51.7151886Z             "solve_interaction": 0
semantic-feedback	Frozen normal-entry geometry comparison	2026-09-14T23:40:51.7151929Z           },
semantic-feedback	Frozen normal-entry geometry comparison	2026-09-14T23:40:51.7151973Z           {
semantic-feedback	Frozen normal-entry geometry comparison	2026-09-14T23:40:51.7152108Z             "task_sha256": "a7fffa0ad576fd153cd546b7b7dcba6d0c6ca2a141e9664a53b385c4d1e0013f",
semantic-feedback	Frozen normal-entry geometry comparison	2026-09-14T23:40:51.7152157Z             "solved": {
semantic-feedback	Frozen normal-entry geometry comparison	2026-09-14T23:40:51.7152203Z               "A": false,
semantic-feedback	Frozen normal-entry geometry comparison	2026-09-14T23:40:51.7152250Z               "B": false,
semantic-feedback	Frozen normal-entry geometry comparison	2026-09-14T23:40:51.7152297Z               "C": false,
semantic-feedback	Frozen normal-entry geometry comparison	2026-09-14T23:40:51.7152436Z               "D": false
semantic-feedback	Frozen normal-entry geometry comparison	2026-09-14T23:40:51.7152481Z             },
semantic-feedback	Frozen normal-entry geometry comparison	2026-09-14T23:40:51.7152536Z             "solve_interaction": 0
semantic-feedback	Frozen normal-entry geometry comparison	2026-09-14T23:40:51.7152578Z           },
semantic-feedback	Frozen normal-entry geometry comparison	2026-09-14T23:40:51.7152621Z           {
semantic-feedback	Frozen normal-entry geometry comparison	2026-09-14T23:40:51.7152748Z             "task_sha256": "1e203a3255587118c08a6ce96878729f01e4999fce48396264b008fee56d87e0",
semantic-feedback	Frozen normal-entry geometry comparison	2026-09-14T23:40:51.7152796Z             "solved": {
semantic-feedback	Frozen normal-entry geometry comparison	2026-09-14T23:40:51.7152846Z               "A": false,
semantic-feedback	Frozen normal-entry geometry comparison	2026-09-14T23:40:51.7152892Z               "B": false,
semantic-feedback	Frozen normal-entry geometry comparison	2026-09-14T23:40:51.7152938Z               "C": false,
semantic-feedback	Frozen normal-entry geometry comparison	2026-09-14T23:40:51.7152985Z               "D": false
semantic-feedback	Frozen normal-entry geometry comparison	2026-09-14T23:40:51.7153028Z             },
semantic-feedback	Frozen normal-entry geometry comparison	2026-09-14T23:40:51.7153082Z             "solve_interaction": 0
semantic-feedback	Frozen normal-entry geometry comparison	2026-09-14T23:40:51.7153125Z           },
semantic-feedback	Frozen normal-entry geometry comparison	2026-09-14T23:40:51.7153166Z           {
semantic-feedback	Frozen normal-entry geometry comparison	2026-09-14T23:40:51.7153296Z             "task_sha256": "a93c8cecc82e00347b758f69e3e9d02741f4a606e072f1c434af5c283801fe3c",
semantic-feedback	Frozen normal-entry geometry comparison	2026-09-14T23:40:51.7153345Z             "solved": {
semantic-feedback	Frozen normal-entry geometry comparison	2026-09-14T23:40:51.7153392Z               "A": false,
semantic-feedback	Frozen normal-entry geometry comparison	2026-09-14T23:40:51.7153439Z               "B": false,
semantic-feedback	Frozen normal-entry geometry comparison	2026-09-14T23:40:51.7153485Z               "C": false,
semantic-feedback	Frozen normal-entry geometry comparison	2026-09-14T23:40:51.7153532Z               "D": false
semantic-feedback	Frozen normal-entry geometry comparison	2026-09-14T23:40:51.7153576Z             },
semantic-feedback	Frozen normal-entry geometry comparison	2026-09-14T23:40:51.7153628Z             "solve_interaction": 0
semantic-feedback	Frozen normal-entry geometry comparison	2026-09-14T23:40:51.7153672Z           }
semantic-feedback	Frozen normal-entry geometry comparison	2026-09-14T23:40:51.7153718Z         ],
semantic-feedback	Frozen normal-entry geometry comparison	2026-09-14T23:40:51.7153773Z         "common_solved_count": 6,
semantic-feedback	Frozen normal-entry geometry comparison	2026-09-14T23:40:51.7153916Z         "common_solved_costs": {
semantic-feedback	Frozen normal-entry geometry comparison	2026-09-14T23:40:51.7153960Z           "A": {
semantic-feedback	Frozen normal-entry geometry comparison	2026-09-14T23:40:51.7154009Z             "tasks": 6,
semantic-feedback	Frozen normal-entry geometry comparison	2026-09-14T23:40:51.7154058Z             "solved": 6,
semantic-feedback	Frozen normal-entry geometry comparison	2026-09-14T23:40:51.7154117Z             "task_seconds": 0.28056063200006065,
semantic-feedback	Frozen normal-entry geometry comparison	2026-09-14T23:40:51.7154166Z             "costs": {
semantic-feedback	Frozen normal-entry geometry comparison	2026-09-14T23:40:51.7154242Z               "registry_sync_seconds": 0.020678962000147294,
semantic-feedback	Frozen normal-entry geometry comparison	2026-09-14T23:40:51.7154320Z               "selection_setup_seconds": 3.3750002330634743e-06,
semantic-feedback	Frozen normal-entry geometry comparison	2026-09-14T23:40:51.7154385Z               "predicate_prover_calls": 534,
semantic-feedback	Frozen normal-entry geometry comparison	2026-09-14T23:40:51.7154448Z               "goal_seconds": 0.017253225999525057,
semantic-feedback	Frozen normal-entry geometry comparison	2026-09-14T23:40:51.7154512Z               "complete_candidate_checks": 156,
semantic-feedback	Frozen normal-entry geometry comparison	2026-09-14T23:40:51.7154572Z               "examined_input_tuples": 156,
semantic-feedback	Frozen normal-entry geometry comparison	2026-09-14T23:40:51.7154646Z               "candidate_guard_seconds": 0.0015848910007889572,
semantic-feedback	Frozen normal-entry geometry comparison	2026-09-14T23:40:51.7154729Z               "candidate_generation_seconds": 0.0017022519998590724,
semantic-feedback	Frozen normal-entry geometry comparison	2026-09-14T23:40:51.7154803Z               "selection_seconds": 2.9312999913599924e-05,
semantic-feedback	Frozen normal-entry geometry comparison	2026-09-14T23:40:51.7154861Z               "proposed_candidates": 156,
semantic-feedback	Frozen normal-entry geometry comparison	2026-09-14T23:40:51.7154919Z               "candidate_expansions": 20,
semantic-feedback	Frozen normal-entry geometry comparison	2026-09-14T23:40:51.7154989Z               "primitive_equivalent_operations": 20,
semantic-feedback	Frozen normal-entry geometry comparison	2026-09-14T23:40:51.7155061Z               "applicability_seconds": 0.026450876999660977,
semantic-feedback	Frozen normal-entry geometry comparison	2026-09-14T23:40:51.7155122Z               "expansion_visits": 276,
semantic-feedback	Frozen normal-entry geometry comparison	2026-09-14T23:40:51.7155188Z               "witness_evaluation_attempts": 20,
semantic-feedback	Frozen normal-entry geometry comparison	2026-09-14T23:40:51.7155246Z               "witness_evaluations": 20,
semantic-feedback	Frozen normal-entry geometry comparison	2026-09-14T23:40:51.7155316Z               "execution_seconds": 0.17870203600000423,
semantic-feedback	Frozen normal-entry geometry comparison	2026-09-14T23:40:51.7155399Z               "independent_replay_seconds": 0.0023958359995503997,
semantic-feedback	Frozen normal-entry geometry comparison	2026-09-14T23:40:51.7155476Z               "independent_replay_primitive_operations": 26,
semantic-feedback	Frozen normal-entry geometry comparison	2026-09-14T23:40:51.7155543Z               "successful_primitive_calls": 20,
semantic-feedback	Frozen normal-entry geometry comparison	2026-09-14T23:40:51.7155629Z               "application_seconds_inclusive": 0.22935795599983066,
semantic-feedback	Frozen normal-entry geometry comparison	2026-09-14T23:40:51.7155687Z               "predicate_cache_hits": 42,
semantic-feedback	Frozen normal-entry geometry comparison	2026-09-14T23:40:51.7155747Z               "planner_applications": 20,
semantic-feedback	Frozen normal-entry geometry comparison	2026-09-14T23:40:51.7155804Z               "candidate_guard_checks": 72,
semantic-feedback	Frozen normal-entry geometry comparison	2026-09-14T23:40:51.7155868Z               "applicability_prover_calls": 10
semantic-feedback	Frozen normal-entry geometry comparison	2026-09-14T23:40:51.7155915Z             },
semantic-feedback	Frozen normal-entry geometry comparison	2026-09-14T23:40:51.7155974Z             "answer_term_acquired_calls": 0,
semantic-feedback	Frozen normal-entry geometry comparison	2026-09-14T23:40:51.7156038Z             "solved_with_acquired_ancestors": 0
semantic-feedback	Frozen normal-entry geometry comparison	2026-09-14T23:40:51.7156142Z           },
semantic-feedback	Frozen normal-entry geometry comparison	2026-09-14T23:40:51.7156185Z           "B": {
semantic-feedback	Frozen normal-entry geometry comparison	2026-09-14T23:40:51.7156235Z             "tasks": 6,
semantic-feedback	Frozen normal-entry geometry comparison	2026-09-14T23:40:51.7156285Z             "solved": 6,
semantic-feedback	Frozen normal-entry geometry comparison	2026-09-14T23:40:51.7156344Z             "task_seconds": 0.14534160000005159,
semantic-feedback	Frozen normal-entry geometry comparison	2026-09-14T23:40:51.7156393Z             "costs": {
semantic-feedback	Frozen normal-entry geometry comparison	2026-09-14T23:40:51.7156463Z               "registry_sync_seconds": 0.020512225999823386,
semantic-feedback	Frozen normal-entry geometry comparison	2026-09-14T23:40:51.7156541Z               "selection_setup_seconds": 0.0002713309999080593,
semantic-feedback	Frozen normal-entry geometry comparison	2026-09-14T23:40:51.7156604Z               "predicate_prover_calls": 194,
semantic-feedback	Frozen normal-entry geometry comparison	2026-09-14T23:40:51.7156665Z               "goal_seconds": 0.007029677999980777,
semantic-feedback	Frozen normal-entry geometry comparison	2026-09-14T23:40:51.7156730Z               "complete_candidate_checks": 318,
semantic-feedback	Frozen normal-entry geometry comparison	2026-09-14T23:40:51.7156790Z               "examined_input_tuples": 318,
semantic-feedback	Frozen normal-entry geometry comparison	2026-09-14T23:40:51.7156864Z               "candidate_guard_seconds": 0.00580121400025746,
semantic-feedback	Frozen normal-entry geometry comparison	2026-09-14T23:40:51.7156947Z               "candidate_generation_seconds": 0.006023372000527161,
semantic-feedback	Frozen normal-entry geometry comparison	2026-09-14T23:40:51.7157013Z               "selection_alignment_calls": 316,
semantic-feedback	Frozen normal-entry geometry comparison	2026-09-14T23:40:51.7157081Z               "selection_seconds": 0.012041923999731807,
semantic-feedback	Frozen normal-entry geometry comparison	2026-09-14T23:40:51.7157141Z               "proposed_candidates": 316,
semantic-feedback	Frozen normal-entry geometry comparison	2026-09-14T23:40:51.7157200Z               "candidate_guard_checks": 210,
semantic-feedback	Frozen normal-entry geometry comparison	2026-09-14T23:40:51.7157257Z               "candidate_expansions": 6,
semantic-feedback	Frozen normal-entry geometry comparison	2026-09-14T23:40:51.7157324Z               "primitive_equivalent_operations": 6,
semantic-feedback	Frozen normal-entry geometry comparison	2026-09-14T23:40:51.7157459Z               "applicability_seconds": 0.010163379999994504,
semantic-feedback	Frozen normal-entry geometry comparison	2026-09-14T23:40:51.7157517Z               "expansion_visits": 132,
semantic-feedback	Frozen normal-entry geometry comparison	2026-09-14T23:40:51.7157580Z               "witness_evaluation_attempts": 6,
semantic-feedback	Frozen normal-entry geometry comparison	2026-09-14T23:40:51.7157635Z               "witness_evaluations": 6,
semantic-feedback	Frozen normal-entry geometry comparison	2026-09-14T23:40:51.7157702Z               "execution_seconds": 0.06786812400002873,
semantic-feedback	Frozen normal-entry geometry comparison	2026-09-14T23:40:51.7157783Z               "independent_replay_seconds": 0.001207809000106863,
semantic-feedback	Frozen normal-entry geometry comparison	2026-09-14T23:40:51.7157860Z               "independent_replay_primitive_operations": 12,
semantic-feedback	Frozen normal-entry geometry comparison	2026-09-14T23:40:51.7157923Z               "successful_primitive_calls": 6,
semantic-feedback	Frozen normal-entry geometry comparison	2026-09-14T23:40:51.7158006Z               "application_seconds_inclusive": 0.08733079400008137,
semantic-feedback	Frozen normal-entry geometry comparison	2026-09-14T23:40:51.7158062Z               "predicate_cache_hits": 12,
semantic-feedback	Frozen normal-entry geometry comparison	2026-09-14T23:40:51.7158120Z               "planner_applications": 6,
semantic-feedback	Frozen normal-entry geometry comparison	2026-09-14T23:40:51.7158178Z               "input_guard_filtered": 2,
semantic-feedback	Frozen normal-entry geometry comparison	2026-09-14T23:40:51.7158240Z               "applicability_prover_calls": 4
semantic-feedback	Frozen normal-entry geometry comparison	2026-09-14T23:40:51.7158287Z             },
semantic-feedback	Frozen normal-entry geometry comparison	2026-09-14T23:40:51.7158345Z             "answer_term_acquired_calls": 0,
semantic-feedback	Frozen normal-entry geometry comparison	2026-09-14T23:40:51.7158409Z             "solved_with_acquired_ancestors": 0
semantic-feedback	Frozen normal-entry geometry comparison	2026-09-14T23:40:51.7158454Z           },
semantic-feedback	Frozen normal-entry geometry comparison	2026-09-14T23:40:51.7158497Z           "C": {
semantic-feedback	Frozen normal-entry geometry comparison	2026-09-14T23:40:51.7158545Z             "tasks": 6,
semantic-feedback	Frozen normal-entry geometry comparison	2026-09-14T23:40:51.7158599Z             "solved": 6,
semantic-feedback	Frozen normal-entry geometry comparison	2026-09-14T23:40:51.7158655Z             "task_seconds": 0.3856842499999402,
semantic-feedback	Frozen normal-entry geometry comparison	2026-09-14T23:40:51.7158704Z             "costs": {
semantic-feedback	Frozen normal-entry geometry comparison	2026-09-14T23:40:51.7158774Z               "registry_sync_seconds": 0.11521240100000796,
semantic-feedback	Frozen normal-entry geometry comparison	2026-09-14T23:40:51.7158854Z               "selection_setup_seconds": 3.634999984569731e-06,
semantic-feedback	Frozen normal-entry geometry comparison	2026-09-14T23:40:51.7158915Z               "predicate_prover_calls": 534,
semantic-feedback	Frozen normal-entry geometry comparison	2026-09-14T23:40:51.7158975Z               "goal_seconds": 0.016920834999837098,
semantic-feedback	Frozen normal-entry geometry comparison	2026-09-14T23:40:51.7159037Z               "complete_candidate_checks": 156,
semantic-feedback	Frozen normal-entry geometry comparison	2026-09-14T23:40:51.7159097Z               "examined_input_tuples": 156,
semantic-feedback	Frozen normal-entry geometry comparison	2026-09-14T23:40:51.7159170Z               "candidate_guard_seconds": 0.00275126899919087,
semantic-feedback	Frozen normal-entry geometry comparison	2026-09-14T23:40:51.7159252Z               "candidate_generation_seconds": 0.002877246001048661,
semantic-feedback	Frozen normal-entry geometry comparison	2026-09-14T23:40:51.7159322Z               "selection_seconds": 3.341000024192908e-05,
semantic-feedback	Frozen normal-entry geometry comparison	2026-09-14T23:40:51.7159379Z               "proposed_candidates": 156,
semantic-feedback	Frozen normal-entry geometry comparison	2026-09-14T23:40:51.7159437Z               "candidate_expansions": 20,
semantic-feedback	Frozen normal-entry geometry comparison	2026-09-14T23:40:51.7159506Z               "primitive_equivalent_operations": 20,
semantic-feedback	Frozen normal-entry geometry comparison	2026-09-14T23:40:51.7159578Z               "applicability_seconds": 0.0258173019996093,
semantic-feedback	Frozen normal-entry geometry comparison	2026-09-14T23:40:51.7159636Z               "expansion_visits": 276,
semantic-feedback	Frozen normal-entry geometry comparison	2026-09-14T23:40:51.7159800Z               "witness_evaluation_attempts": 20,
semantic-feedback	Frozen normal-entry geometry comparison	2026-09-14T23:40:51.7159857Z               "witness_evaluations": 20,
semantic-feedback	Frozen normal-entry geometry comparison	2026-09-14T23:40:51.7159924Z               "execution_seconds": 0.18751261000011255,
semantic-feedback	Frozen normal-entry geometry comparison	2026-09-14T23:40:51.7160003Z               "independent_replay_seconds": 0.0038614970001162874,
semantic-feedback	Frozen normal-entry geometry comparison	2026-09-14T23:40:51.7160080Z               "independent_replay_primitive_operations": 26,
semantic-feedback	Frozen normal-entry geometry comparison	2026-09-14T23:40:51.7160146Z               "successful_primitive_calls": 20,
semantic-feedback	Frozen normal-entry geometry comparison	2026-09-14T23:40:51.7160226Z               "application_seconds_inclusive": 0.23861267999984648,
semantic-feedback	Frozen normal-entry geometry comparison	2026-09-14T23:40:51.7160284Z               "predicate_cache_hits": 42,
semantic-feedback	Frozen normal-entry geometry comparison	2026-09-14T23:40:51.7160343Z               "planner_applications": 20,
semantic-feedback	Frozen normal-entry geometry comparison	2026-09-14T23:40:51.7160400Z               "candidate_guard_checks": 72,
semantic-feedback	Frozen normal-entry geometry comparison	2026-09-14T23:40:51.7160465Z               "applicability_prover_calls": 10
semantic-feedback	Frozen normal-entry geometry comparison	2026-09-14T23:40:51.7160511Z             },
semantic-feedback	Frozen normal-entry geometry comparison	2026-09-14T23:40:51.7160569Z             "answer_term_acquired_calls": 0,
semantic-feedback	Frozen normal-entry geometry comparison	2026-09-14T23:40:51.7160633Z             "solved_with_acquired_ancestors": 0
semantic-feedback	Frozen normal-entry geometry comparison	2026-09-14T23:40:51.7160676Z           },
semantic-feedback	Frozen normal-entry geometry comparison	2026-09-14T23:40:51.7160721Z           "D": {
semantic-feedback	Frozen normal-entry geometry comparison	2026-09-14T23:40:51.7160771Z             "tasks": 6,
semantic-feedback	Frozen normal-entry geometry comparison	2026-09-14T23:40:51.7160818Z             "solved": 6,
semantic-feedback	Frozen normal-entry geometry comparison	2026-09-14T23:40:51.7160877Z             "task_seconds": 0.3734404929998618,
semantic-feedback	Frozen normal-entry geometry comparison	2026-09-14T23:40:51.7160925Z             "costs": {
semantic-feedback	Frozen normal-entry geometry comparison	2026-09-14T23:40:51.7161054Z               "registry_sync_seconds": 0.10659374300030322,
semantic-feedback	Frozen normal-entry geometry comparison	2026-09-14T23:40:51.7161131Z               "selection_setup_seconds": 0.00025573700008862943,
semantic-feedback	Frozen normal-entry geometry comparison	2026-09-14T23:40:51.7161193Z               "predicate_prover_calls": 194,
semantic-feedback	Frozen normal-entry geometry comparison	2026-09-14T23:40:51.7161252Z               "goal_seconds": 0.007624424000255203,
semantic-feedback	Frozen normal-entry geometry comparison	2026-09-14T23:40:51.7161316Z               "complete_candidate_checks": 2790,
semantic-feedback	Frozen normal-entry geometry comparison	2026-09-14T23:40:51.7161374Z               "examined_input_tuples": 2790,
semantic-feedback	Frozen normal-entry geometry comparison	2026-09-14T23:40:51.7161450Z               "candidate_guard_seconds": 0.04734024500180567,
semantic-feedback	Frozen normal-entry geometry comparison	2026-09-14T23:40:51.7161533Z               "candidate_generation_seconds": 0.04911033499752193,
semantic-feedback	Frozen normal-entry geometry comparison	2026-09-14T23:40:51.7161594Z               "selection_alignment_calls": 1852,
semantic-feedback	Frozen normal-entry geometry comparison	2026-09-14T23:40:51.7161756Z               "selection_seconds": 0.07437391799942361,
semantic-feedback	Frozen normal-entry geometry comparison	2026-09-14T23:40:51.7161818Z               "proposed_candidates": 1852,
semantic-feedback	Frozen normal-entry geometry comparison	2026-09-14T23:40:51.7161878Z               "candidate_guard_checks": 2562,
semantic-feedback	Frozen normal-entry geometry comparison	2026-09-14T23:40:51.7161938Z               "input_guard_filtered": 938,
semantic-feedback	Frozen normal-entry geometry comparison	2026-09-14T23:40:51.7161997Z               "candidate_expansions": 6,
semantic-feedback	Frozen normal-entry geometry comparison	2026-09-14T23:40:51.7162062Z               "primitive_equivalent_operations": 6,
semantic-feedback	Frozen normal-entry geometry comparison	2026-09-14T23:40:51.7162135Z               "applicability_seconds": 0.010476533000087329,
semantic-feedback	Frozen normal-entry geometry comparison	2026-09-14T23:40:51.7162193Z               "expansion_visits": 132,
semantic-feedback	Frozen normal-entry geometry comparison	2026-09-14T23:40:51.7162254Z               "witness_evaluation_attempts": 6,
semantic-feedback	Frozen normal-entry geometry comparison	2026-09-14T23:40:51.7162315Z               "witness_evaluations": 6,
semantic-feedback	Frozen normal-entry geometry comparison	2026-09-14T23:40:51.7162379Z               "execution_seconds": 0.0723566630000505,
semantic-feedback	Frozen normal-entry geometry comparison	2026-09-14T23:40:51.7162461Z               "independent_replay_seconds": 0.001180277000003116,
semantic-feedback	Frozen normal-entry geometry comparison	2026-09-14T23:40:51.7162540Z               "independent_replay_primitive_operations": 12,
semantic-feedback	Frozen normal-entry geometry comparison	2026-09-14T23:40:51.7162602Z               "successful_primitive_calls": 6,
semantic-feedback	Frozen normal-entry geometry comparison	2026-09-14T23:40:51.7162684Z               "application_seconds_inclusive": 0.0901663809999036,
semantic-feedback	Frozen normal-entry geometry comparison	2026-09-14T23:40:51.7162744Z               "predicate_cache_hits": 12,
semantic-feedback	Frozen normal-entry geometry comparison	2026-09-14T23:40:51.7162801Z               "planner_applications": 6,
semantic-feedback	Frozen normal-entry geometry comparison	2026-09-14T23:40:51.7162865Z               "applicability_prover_calls": 4
semantic-feedback	Frozen normal-entry geometry comparison	2026-09-14T23:40:51.7162912Z             },
semantic-feedback	Frozen normal-entry geometry comparison	2026-09-14T23:40:51.7162970Z             "answer_term_acquired_calls": 0,
semantic-feedback	Frozen normal-entry geometry comparison	2026-09-14T23:40:51.7163034Z             "solved_with_acquired_ancestors": 0
semantic-feedback	Frozen normal-entry geometry comparison	2026-09-14T23:40:51.7163080Z           }
semantic-feedback	Frozen normal-entry geometry comparison	2026-09-14T23:40:51.7163123Z         },
semantic-feedback	Frozen normal-entry geometry comparison	2026-09-14T23:40:51.7163385Z         "interpretation": "Counts: positive favors complementarity. Costs: negative favors cost reduction. Not a scalar reward or a statistical population claim."
semantic-feedback	Frozen normal-entry geometry comparison	2026-09-14T23:40:51.7163559Z       }
semantic-feedback	Frozen normal-entry geometry comparison	2026-09-14T23:40:51.7163603Z     },
semantic-feedback	Frozen normal-entry geometry comparison	2026-09-14T23:40:51.7163655Z     "library_size": 16,
semantic-feedback	Frozen normal-entry geometry comparison	2026-09-14T23:40:51.7163710Z     "library_unchanged": true,
semantic-feedback	Frozen normal-entry geometry comparison	2026-09-14T23:40:51.7163763Z     "reacquisitions": 0,
semantic-feedback	Frozen normal-entry geometry comparison	2026-09-14T23:40:51.7163819Z     "policy_learning": false,
semantic-feedback	Frozen normal-entry geometry comparison	2026-09-14T23:40:51.7163873Z     "source_load_seconds": 0.0,
semantic-feedback	Frozen normal-entry geometry comparison	2026-09-14T23:40:51.7163966Z     "shared_certificate_revalidation_seconds": 7.332754450999914,
semantic-feedback	Frozen normal-entry geometry comparison	2026-09-14T23:40:51.7164025Z     "shared_certificate_costs": {
semantic-feedback	Frozen normal-entry geometry comparison	2026-09-14T23:40:51.7164093Z       "certification_seconds": 1.2755002240002113,
semantic-feedback	Frozen normal-entry geometry comparison	2026-09-14T23:40:51.7164152Z       "primitive_schema_steps": 7,
semantic-feedback	Frozen normal-entry geometry comparison	2026-09-14T23:40:51.7164203Z       "prover_calls": 46,
semantic-feedback	Frozen normal-entry geometry comparison	2026-09-14T23:40:51.7164269Z       "registration_seconds": 5.9386702930000865,
semantic-feedback	Frozen normal-entry geometry comparison	2026-09-14T23:40:51.7164328Z       "registration_prover_calls": 208
semantic-feedback	Frozen normal-entry geometry comparison	2026-09-14T23:40:51.7164371Z     },
semantic-feedback	Frozen normal-entry geometry comparison	2026-09-14T23:40:51.7164433Z     "json_output_seconds": 1.7837724349991504,
semantic-feedback	Frozen normal-entry geometry comparison	2026-09-14T23:40:51.7164529Z     "event_output_seconds_included_in_task_time": 5.971962653989863,
semantic-feedback	Frozen normal-entry geometry comparison	2026-09-14T23:40:51.7164589Z     "candidate_membership_checks": 64,
semantic-feedback	Frozen normal-entry geometry comparison	2026-09-14T23:40:51.7164649Z     "candidate_membership_mismatches": 0,
semantic-feedback	Frozen normal-entry geometry comparison	2026-09-14T23:40:51.7164706Z     "diagnostic_witnesses": 0,
semantic-feedback	Frozen normal-entry geometry comparison	2026-09-14T23:40:51.7164759Z     "diagnostic_tasks": 16,
semantic-feedback	Frozen normal-entry geometry comparison	2026-09-14T23:40:51.7164813Z     "total_seconds": 396.36679717200013,
semantic-feedback	Frozen normal-entry geometry comparison	2026-09-14T23:40:51.7164966Z     "scope": "exact rational configurations; transfer instances use previously seen goal templates",
semantic-feedback	Frozen normal-entry geometry comparison	2026-09-14T23:40:51.7165142Z     "selection_postconditions_not_used_as_proof": true,
semantic-feedback	Frozen normal-entry geometry comparison	2026-09-14T23:40:51.7165231Z     "diagnostic_failures_are_not_impossibility_proofs": true
semantic-feedback	Frozen normal-entry geometry comparison	2026-09-14T23:40:51.7165275Z   },
semantic-feedback	Frozen normal-entry geometry comparison	2026-09-14T23:40:51.7165336Z   "source_configs_unchanged": true,
semantic-feedback	Frozen normal-entry geometry comparison	2026-09-14T23:40:51.7165392Z   "sources_unchanged": true,
semantic-feedback	Frozen normal-entry geometry comparison	2026-09-14T23:40:51.7165468Z   "sha": "f966f3efa4004be1b817c5fe08a412a86357f8e5",
semantic-feedback	Frozen normal-entry geometry comparison	2026-09-14T23:40:51.7165525Z   "workflow_run_id": "34908552962"
semantic-feedback	Frozen normal-entry geometry comparison	2026-09-14T23:40:51.7165612Z }
semantic-feedback	Preserve fresh evidence even on failure	﻿2026-09-14T23:40:52.1055292Z Node 20 is being deprecated. This workflow is running with Node 24 by default. If you need to temporarily use Node 20, you can set the ACTIONS_ALLOW_USE_UNSECURE_NODE_VERSION=true environment variable. For more information see: https://github.blog/changelog/2025-09-19-deprecation-of-node-20-on-github-actions-runners/
semantic-feedback	Preserve fresh evidence even on failure	2026-09-14T23:40:52.1056002Z ##[group]Run actions/upload-artifact@v4
semantic-feedback	Preserve fresh evidence even on failure	2026-09-14T23:40:52.1056156Z with:
semantic-feedback	Preserve fresh evidence even on failure	2026-09-14T23:40:52.1056371Z   name: semantic-geometry-f966f3efa4004be1b817c5fe08a412a86357f8e5-34908552962
semantic-feedback	Preserve fresh evidence even on failure	2026-09-14T23:40:52.1056679Z   path: reports/semantic-feedback-tests.*
semantic-feedback	Preserve fresh evidence even on failure	reports/semantic-feedback-normal/
semantic-feedback	Preserve fresh evidence even on failure	
semantic-feedback	Preserve fresh evidence even on failure	2026-09-14T23:40:52.1056910Z   if-no-files-found: warn
semantic-feedback	Preserve fresh evidence even on failure	2026-09-14T23:40:52.1057046Z   compression-level: 6
semantic-feedback	Preserve fresh evidence even on failure	2026-09-14T23:40:52.1057172Z   overwrite: false
semantic-feedback	Preserve fresh evidence even on failure	2026-09-14T23:40:52.1057297Z   include-hidden-files: false
semantic-feedback	Preserve fresh evidence even on failure	2026-09-14T23:40:52.1057432Z env:
semantic-feedback	Preserve fresh evidence even on failure	2026-09-14T23:40:52.1057543Z   PYTHONHASHSEED: 0
semantic-feedback	Preserve fresh evidence even on failure	2026-09-14T23:40:52.1057727Z   EXPERIMENT_CONFIG: configs/theory-geometry-complete-revalidation.json
semantic-feedback	Preserve fresh evidence even on failure	2026-09-14T23:40:52.1057999Z   pythonLocation: /opt/hostedtoolcache/Python/3.12.14/x64
semantic-feedback	Preserve fresh evidence even on failure	2026-09-14T23:40:52.1058229Z   PKG_CONFIG_PATH: /opt/hostedtoolcache/Python/3.12.14/x64/lib/pkgconfig
semantic-feedback	Preserve fresh evidence even on failure	2026-09-14T23:40:52.1058464Z   Python_ROOT_DIR: /opt/hostedtoolcache/Python/3.12.14/x64
semantic-feedback	Preserve fresh evidence even on failure	2026-09-14T23:40:52.1058677Z   Python2_ROOT_DIR: /opt/hostedtoolcache/Python/3.12.14/x64
semantic-feedback	Preserve fresh evidence even on failure	2026-09-14T23:40:52.1058890Z   Python3_ROOT_DIR: /opt/hostedtoolcache/Python/3.12.14/x64
semantic-feedback	Preserve fresh evidence even on failure	2026-09-14T23:40:52.1059103Z   LD_LIBRARY_PATH: /opt/hostedtoolcache/Python/3.12.14/x64/lib
semantic-feedback	Preserve fresh evidence even on failure	2026-09-14T23:40:52.1059282Z ##[endgroup]
semantic-feedback	Preserve fresh evidence even on failure	2026-09-14T23:40:52.2123806Z (node:2384) [DEP0040] DeprecationWarning: The `punycode` module is deprecated. Please use a userland alternative instead.
semantic-feedback	Preserve fresh evidence even on failure	2026-09-14T23:40:52.2124327Z (Use `node --trace-deprecation ...` to show where the warning was created)
semantic-feedback	Preserve fresh evidence even on failure	2026-09-14T23:40:52.2207778Z With the provided path, there will be 45 files uploaded
semantic-feedback	Preserve fresh evidence even on failure	2026-09-14T23:40:52.2211574Z Artifact name is valid!
semantic-feedback	Preserve fresh evidence even on failure	2026-09-14T23:40:52.2211945Z Root directory input is valid!
semantic-feedback	Preserve fresh evidence even on failure	2026-09-14T23:40:52.5673420Z Beginning upload of artifact content to blob storage
semantic-feedback	Preserve fresh evidence even on failure	2026-09-14T23:40:53.1722339Z (node:2384) [DEP0169] DeprecationWarning: `url.parse()` behavior is not standardized and prone to errors that have security implications. Use the WHATWG URL API instead. CVEs are not issued for `url.parse()` vulnerabilities.
semantic-feedback	Preserve fresh evidence even on failure	2026-09-14T23:40:53.9163554Z Uploaded bytes 8388608
semantic-feedback	Preserve fresh evidence even on failure	2026-09-14T23:40:54.6627246Z Uploaded bytes 16777216
semantic-feedback	Preserve fresh evidence even on failure	2026-09-14T23:40:54.9789823Z Uploaded bytes 25165824
semantic-feedback	Preserve fresh evidence even on failure	2026-09-14T23:40:55.9510933Z Uploaded bytes 33554432
semantic-feedback	Preserve fresh evidence even on failure	2026-09-14T23:40:56.8304476Z Uploaded bytes 41943040
semantic-feedback	Preserve fresh evidence even on failure	2026-09-14T23:40:57.8527161Z Uploaded bytes 50331648
semantic-feedback	Preserve fresh evidence even on failure	2026-09-14T23:40:58.7756133Z Uploaded bytes 58720256
semantic-feedback	Preserve fresh evidence even on failure	2026-09-14T23:40:58.8909553Z Uploaded bytes 61275536
semantic-feedback	Preserve fresh evidence even on failure	2026-09-14T23:40:58.9522623Z Finished uploading artifact content to blob storage!
semantic-feedback	Preserve fresh evidence even on failure	2026-09-14T23:40:58.9524782Z SHA256 digest of uploaded artifact zip is 30ac5e43b17c2c63768be81f876a5d54182cd8c299dad9aa4e9d674f67d49b63
semantic-feedback	Preserve fresh evidence even on failure	2026-09-14T23:40:58.9526040Z Finalizing artifact upload
semantic-feedback	Preserve fresh evidence even on failure	2026-09-14T23:40:59.2954632Z Artifact semantic-geometry-f966f3efa4004be1b817c5fe08a412a86357f8e5-34908552962.zip successfully finalized. Artifact ID 10374072207
semantic-feedback	Preserve fresh evidence even on failure	2026-09-14T23:40:59.2955507Z Artifact semantic-geometry-f966f3efa4004be1b817c5fe08a412a86357f8e5-34908552962 has been successfully uploaded! Final size is 61275536 bytes. Artifact ID is 10374072207
semantic-feedback	Preserve fresh evidence even on failure	2026-09-14T23:40:59.2959786Z Artifact download URL: https://github.com/corcondor/mortra/actions/runs/34908552962/artifacts/10374072207
semantic-feedback	Post Run actions/setup-python@v5	﻿2026-09-14T23:40:59.3127330Z Node 20 is being deprecated. This workflow is running with Node 24 by default. If you need to temporarily use Node 20, you can set the ACTIONS_ALLOW_USE_UNSECURE_NODE_VERSION=true environment variable. For more information see: https://github.blog/changelog/2025-09-19-deprecation-of-node-20-on-github-actions-runners/
semantic-feedback	Post Run actions/setup-python@v5	2026-09-14T23:40:59.3128000Z Post job cleanup.
semantic-feedback	Post Run actions/setup-python@v5	2026-09-14T23:40:59.3875789Z Cache hit occurred on the primary key setup-python-Linux-x64-24.04-Ubuntu-python-3.12.14-pip-cd936e086ff7412a5a0b52a3ea9c94e7404062248816aa0c215801d4be219b70, not saving cache.
semantic-feedback	Post Run actions/setup-python@v5	2026-09-14T23:40:59.3876732Z (node:2397) [DEP0040] DeprecationWarning: The `punycode` module is deprecated. Please use a userland alternative instead.
semantic-feedback	Post Run actions/setup-python@v5	2026-09-14T23:40:59.3877240Z (Use `node --trace-deprecation ...` to show where the warning was created)
semantic-feedback	Post Run actions/checkout@v4	﻿2026-09-14T23:40:59.3967248Z Node 20 is being deprecated. This workflow is running with Node 24 by default. If you need to temporarily use Node 20, you can set the ACTIONS_ALLOW_USE_UNSECURE_NODE_VERSION=true environment variable. For more information see: https://github.blog/changelog/2025-09-19-deprecation-of-node-20-on-github-actions-runners/
semantic-feedback	Post Run actions/checkout@v4	2026-09-14T23:40:59.3967924Z Post job cleanup.
semantic-feedback	Post Run actions/checkout@v4	2026-09-14T23:40:59.4510447Z [command]/usr/bin/git version
semantic-feedback	Post Run actions/checkout@v4	2026-09-14T23:40:59.4543230Z git version 2.55.0
semantic-feedback	Post Run actions/checkout@v4	2026-09-14T23:40:59.4566475Z Temporarily overriding HOME='/home/runner/work/_temp/7ba388f6-d1f9-49ee-b946-27da58c875d6' before making global git config changes
semantic-feedback	Post Run actions/checkout@v4	2026-09-14T23:40:59.4567272Z Adding repository directory to the temporary git global config as a safe directory
semantic-feedback	Post Run actions/checkout@v4	2026-09-14T23:40:59.4570315Z [command]/usr/bin/git config --global --add safe.directory /home/runner/work/mortra/mortra
semantic-feedback	Post Run actions/checkout@v4	2026-09-14T23:40:59.4600381Z [command]/usr/bin/git config --local --name-only --get-regexp core\.sshCommand
semantic-feedback	Post Run actions/checkout@v4	2026-09-14T23:40:59.4627464Z [command]/usr/bin/git submodule foreach --recursive sh -c "git config --local --name-only --get-regexp 'core\.sshCommand' && git config --local --unset-all 'core.sshCommand' || :"
semantic-feedback	Post Run actions/checkout@v4	2026-09-14T23:40:59.4835648Z [command]/usr/bin/git config --local --name-only --get-regexp http\.https\:\/\/github\.com\/\.extraheader
semantic-feedback	Post Run actions/checkout@v4	2026-09-14T23:40:59.4861126Z http.https://github.com/.extraheader
semantic-feedback	Post Run actions/checkout@v4	2026-09-14T23:40:59.4870757Z [command]/usr/bin/git config --local --unset-all http.https://github.com/.extraheader
semantic-feedback	Post Run actions/checkout@v4	2026-09-14T23:40:59.4908736Z [command]/usr/bin/git submodule foreach --recursive sh -c "git config --local --name-only --get-regexp 'http\.https\:\/\/github\.com\/\.extraheader' && git config --local --unset-all 'http.https://github.com/.extraheader' || :"
semantic-feedback	Post Run actions/checkout@v4	2026-09-14T23:40:59.5118067Z [command]/usr/bin/git config --local --name-only --get-regexp ^includeIf\.gitdir:
semantic-feedback	Post Run actions/checkout@v4	2026-09-14T23:40:59.5151882Z [command]/usr/bin/git submodule foreach --recursive git config --local --show-origin --name-only --get-regexp remote.origin.url
semantic-feedback	Complete job	﻿2026-09-14T23:40:59.5482315Z Cleaning up orphan processes
semantic-feedback	Complete job	2026-09-14T23:40:59.5707626Z ##[warning]Node.js 20 is deprecated. The following actions target Node.js 20 but are being forced to run on Node.js 24: actions/checkout@v4, actions/setup-python@v5, actions/upload-artifact@v4. For more information see: https://github.blog/changelog/2025-09-19-deprecation-of-node-20-on-github-actions-runners/
