capped_steps,constant_source_roundoff_corrections,cpu_seconds,exploration_decisions,exploration_steps,failure_reason,field_changed_decisions,field_solve_seconds,final_memory,final_memory_accepting,generic_counterfactual_action_switches,has_changed_decision,max_field_residual,policy,process_peak_rss_bytes_so_far,real_product_nodes_max,replans,sampled_peak_rss_bytes,seed,states_known_at_end,success,task_id,task_signal_available_decisions,task_steps,task_type,virtual_field_decisions,virtual_nodes_max,virtual_nodes_mean,virtual_nodes_total,wall_seconds
36,0,0.048897458999999976,11,11,success,0,0,3,True,0,False,0,structural,62967808,0,36,63094784,73000000,44,True,0,0,36,sequence,0,0,0.0,0,0.04893832899999495
36,0,0.049137206000000044,11,11,success,0,0,3,True,0,False,0,frontier_t0,62967808,0,36,63115264,73000000,44,True,0,0,36,sequence,0,0,0.0,0,0.04914095899999893
36,0,0.05511387900000003,11,11,success,0,0.002995355999992455,3,True,7,False,3.3306690738754696e-16,virtual_frontier,63229952,75,36,63320064,73000000,44,True,0,1,36,sequence,11,57,10.454545454545455,115,0.05513994100000019
36,0,0.05454084900000006,11,11,success,0,0.00285042999998808,3,True,7,False,3.3306690738754696e-16,task_virtual_frontier,63229952,75,36,63361024,73000000,44,True,0,1,36,sequence,11,57,10.454545454545455,115,0.05456053500000024
147,0,0.17325963599999994,147,147,success,0,0,7,True,0,False,0,structural,63361024,0,147,63463424,73000000,59,True,1,0,147,all_of,0,0,0.0,0,0.17328129599999897
112,0,0.14230094199999999,99,99,success,0,0,7,True,0,False,0,frontier_t0,63361024,0,112,63512576,73000000,56,True,1,0,112,all_of,0,0,0.0,0,0.14231534299999993
113,0,0.29338237599999994,100,100,success,0,0.03806874499997548,7,True,82,False,6.661338147750939e-16,virtual_frontier,63492096,111,113,63660032,73000000,57,True,1,72,113,all_of,100,143,77.43,7743,0.29338201300000577
113,0,0.29275334100000006,100,100,success,0,0.03776432299999044,7,True,82,False,6.661338147750939e-16,task_virtual_frontier,63492096,111,113,63680512,73000000,57,True,1,72,113,all_of,100,143,77.43,7743,0.2928610689999971
25,0,0.02637615400000004,9,9,success,0,0,2,True,0,False,0,structural,63492096,0,25,63680512,73000000,43,True,2,0,25,condition_then,0,0,0.0,0,0.026378720000003852
25,0,0.027630606999999863,9,9,success,0,0,2,True,0,False,0,frontier_t0,63492096,0,25,63680512,73000000,43,True,2,0,25,condition_then,0,0,0.0,0,0.027644614000003287
25,0,0.030965705999999926,9,9,success,0,0.002287686000002509,2,True,5,False,2.220446049250313e-16,virtual_frontier,63492096,2,25,63680512,73000000,43,True,2,0,25,condition_then,9,8,5.777777777777778,52,0.030968469000001164
25,0,0.03092794600000004,9,9,success,0,0.002237014000002091,2,True,5,False,2.220446049250313e-16,task_virtual_frontier,63492096,2,25,63680512,73000000,43,True,2,0,25,condition_then,9,8,5.777777777777778,52,0.030930488999999284
11,0,0.018884561999999994,0,0,success,0,0,3,True,0,False,0,structural,63492096,0,11,63680512,73000000,38,True,3,0,11,sequence,0,0,0.0,0,0.01888697600000455
11,0,0.018950604999999898,0,0,success,0,0,3,True,0,False,0,frontier_t0,63492096,0,11,63680512,73000000,38,True,3,0,11,sequence,0,0,0.0,0,0.01896191400000191
11,0,0.01920719400000004,0,0,success,0,0,3,True,0,False,0,virtual_frontier,63492096,0,11,63680512,73000000,38,True,3,0,11,sequence,0,0,0.0,0,0.01920981399999988
11,0,0.01894257999999982,0,0,success,0,0,3,True,0,False,0,task_virtual_frontier,63492096,0,11,63680512,73000000,38,True,3,0,11,sequence,0,0,0.0,0,0.018945283999997287
1102,0,1.6930141819999998,1091,1091,success,0,0,7,True,0,False,0,structural,64278528,0,1102,64352256,73000000,51,True,4,0,1102,all_of,0,0,0.0,0,1.6932435140000024
76,0,0.15288284799999996,61,61,success,0,0,7,True,0,False,0,frontier_t0,64278528,0,76,64352256,73000000,48,True,4,0,76,all_of,0,0,0.0,0,0.15288736700000527
74,0,0.2822659940000003,59,59,success,0,0.0256658909999814,7,True,51,False,6.661338147750939e-16,virtual_frontier,64278528,180,74,64352256,73000000,47,True,4,45,74,all_of,59,156,91.13559322033899,5377,0.2822908549999994
74,0,0.2824156730000005,59,59,success,0,0.02575367699996889,7,True,51,False,6.661338147750939e-16,task_virtual_frontier,64278528,180,74,64352256,73000000,47,True,4,45,74,all_of,59,156,91.13559322033899,5377,0.28242066899999685
4,0,0.0021088990000004415,4,4,success,0,0,2,True,0,False,0,structural,64278528,0,4,64352256,73000000,41,True,5,0,4,condition_then,0,0,0.0,0,0.0021114070000010088
4,0,0.0023217769999996918,4,4,success,0,0,2,True,0,False,0,frontier_t0,64278528,0,4,64352256,73000000,41,True,5,0,4,condition_then,0,0,0.0,0,0.0023240450000017177
4,0,0.005568058999999792,4,4,success,0,0.0012866520000045512,2,True,2,False,2.220446049250313e-16,virtual_frontier,64278528,47,4,64352256,73000000,41,True,5,2,4,condition_then,4,39,22.0,88,0.005570329000001095
3,0,0.004488562999999779,3,3,success,1,0.0009333580000046027,2,True,2,True,2.220446049250313e-16,task_virtual_frontier,64278528,47,3,64352256,73000000,40,True,5,1,3,condition_then,3,39,24.666666666666668,74,0.004490835999995113
39,0,0.051592982999999926,23,23,success,0,0,3,True,0,False,0,structural,64278528,0,39,64352256,73000000,39,True,6,0,39,sequence,0,0,0.0,0,0.05159630099999646
22,0,0.034991596000000236,6,6,success,0,0,3,True,0,False,0,frontier_t0,64278528,0,22,64352256,73000000,39,True,6,0,22,sequence,0,0,0.0,0,0.0349944490000027
24,0,0.04566699500000038,6,6,success,0,0.002192670000006558,3,True,2,False,3.3306690738754696e-16,virtual_frontier,64278528,75,24,64352256,73000000,39,True,6,5,24,sequence,6,58,49.333333333333336,296,0.04568543299999561
24,0,0.04588241700000051,6,6,success,0,0.002182130000008442,3,True,2,False,3.3306690738754696e-16,task_virtual_frontier,64278528,75,24,64352256,73000000,39,True,6,5,24,sequence,6,58,49.333333333333336,296,0.045886429999995926
29,0,0.03960982099999999,23,23,success,0,0,7,True,0,False,0,structural,64278528,0,29,64352256,73000000,39,True,7,0,29,all_of,0,0,0.0,0,0.03964422199999973
14,0,0.025462378000000285,6,6,success,0,0,7,True,0,False,0,frontier_t0,64278528,0,14,64352256,73000000,39,True,7,0,14,all_of,0,0,0.0,0,0.02546508100000011
14,0,0.03778458299999965,6,6,success,0,0.0026187469999925383,7,True,2,False,2.220446049250313e-16,virtual_frontier,64278528,148,14,64352256,73000000,39,True,7,5,14,all_of,6,116,97.66666666666667,586,0.03779616899999638
14,0,0.03779063400000027,6,6,success,0,0.002592167000003087,7,True,2,False,2.220446049250313e-16,task_virtual_frontier,64278528,148,14,64352256,73000000,39,True,7,5,14,all_of,6,116,97.66666666666667,586,0.037793434000001014
4096,0,1.8874849179999993,4096,4096,task_step_limit,0,0,1,False,0,False,0,structural,66637824,0,4096,66760704,73000000,51,False,8,0,4096,condition_then,0,0,0.0,0,1.8877007500000005
157,0,0.11856611299999997,157,157,success,0,0,2,True,0,False,0,frontier_t0,66637824,0,157,66760704,73000000,62,True,8,0,157,condition_then,0,0,0.0,0,0.11858827100000013
157,0,0.274461187,157,157,success,0,0.05051824800001725,2,True,138,False,6.661338147750939e-16,virtual_frontier,66637824,61,157,66760704,73000000,62,True,8,0,157,condition_then,157,48,33.00636942675159,5182,0.2745176279999981
157,0,0.27412546900000034,157,157,success,0,0.04987186100001395,2,True,138,False,6.661338147750939e-16,task_virtual_frontier,66637824,61,157,66760704,73000000,62,True,8,0,157,condition_then,157,48,33.00636942675159,5182,0.27414914799999934
4096,0,1.8909890310000002,4096,4096,task_step_limit,0,0,1,False,0,False,0,structural,66637824,0,4096,66813952,73000000,52,False,9,0,4096,branch,0,0,0.0,0,1.8912405300000046
118,0,0.10103370699999914,118,118,success,0,0,3,True,0,False,0,frontier_t0,66637824,0,118,66813952,73000000,57,True,9,0,118,branch,0,0,0.0,0,0.1010445269999991
121,0,0.23895164199999996,121,121,success,0,0.040086463000001515,3,True,102,False,6.661338147750939e-16,virtual_frontier,66637824,121,121,66813952,73000000,57,True,9,23,121,branch,121,93,37.11570247933884,4491,0.23898997799999933
121,0,0.23902321799999982,121,121,success,0,0.039875883999997086,3,True,102,False,6.661338147750939e-16,task_virtual_frontier,66637824,121,121,66813952,73000000,57,True,9,23,121,branch,121,93,37.11570247933884,4491,0.23907868299999535
10,0,0.007719748000001303,6,6,success,0,0,3,True,0,False,0,structural,66637824,0,10,66813952,73000000,43,True,10,0,10,branch,0,0,0.0,0,0.007722133000001463
10,0,0.008003849999999701,6,6,success,0,0,3,True,0,False,0,frontier_t0,66637824,0,10,66813952,73000000,43,True,10,0,10,branch,0,0,0.0,0,0.008006413000003931
10,0,0.01094945100000011,6,6,success,0,0.0015432879999934812,3,True,1,False,1.1102230246251565e-16,virtual_frontier,66637824,1,10,66813952,73000000,43,True,10,0,10,branch,6,6,5.833333333333333,35,0.01095199699999938
10,0,0.01080102399999916,6,6,success,0,0.0015663409999859823,3,True,1,False,1.1102230246251565e-16,task_virtual_frontier,66637824,1,10,66813952,73000000,43,True,10,0,10,branch,6,6,5.833333333333333,35,0.010803580000001034
4096,0,2.1045339389999995,4096,4096,task_step_limit,0,0,1,False,0,False,0,structural,66637824,0,4096,66830336,73000000,51,False,11,0,4096,branch,0,0,0.0,0,2.1048120200000042
61,0,0.059447223999999466,57,57,success,0,0,3,True,0,False,0,frontier_t0,66637824,0,61,66830336,73000000,48,True,11,0,61,branch,0,0,0.0,0,0.05946190299999898
53,0,0.1083223499999999,49,49,success,0,0.016830437000002973,3,True,43,False,4.440892098500626e-16,virtual_frontier,66637824,87,53,66830336,73000000,47,True,11,33,53,branch,49,79,46.08163265306123,2258,0.10832585699999697
53,0,0.10838135000000015,49,49,success,0,0.016676899000003687,3,True,43,False,4.440892098500626e-16,task_virtual_frontier,66637824,87,53,66830336,73000000,47,True,11,33,53,branch,49,79,46.08163265306123,2258,0.10838599099999868
18,0,0.06750101599999958,0,0,success,0,0,3,True,0,False,0,structural,66637824,0,18,66830336,73000001,91,True,0,0,18,sequence,0,0,0.0,0,0.06750567699999976
18,0,0.06715480899999982,0,0,success,0,0,3,True,0,False,0,frontier_t0,66637824,0,18,66830336,73000001,91,True,0,0,18,sequence,0,0,0.0,0,0.06715842599999888
18,0,0.06721585300000044,0,0,success,0,0,3,True,0,False,0,virtual_frontier,66637824,0,18,66830336,73000001,91,True,0,0,18,sequence,0,0,0.0,0,0.06723617100000467
18,0,0.07326234499999984,0,0,success,0,0,3,True,0,False,0,task_virtual_frontier,66637824,0,18,66830336,73000001,91,True,0,0,18,sequence,0,0,0.0,0,0.07326631099999759
14,0,0.07413157999999953,0,0,success,0,0,7,True,0,False,0,structural,66768896,0,14,66830336,73000001,91,True,1,0,14,all_of,0,0,0.0,0,0.07417037500000134
14,0,0.07387804599999903,0,0,success,0,0,7,True,0,False,0,frontier_t0,66768896,0,14,66830336,73000001,91,True,1,0,14,all_of,0,0,0.0,0,0.07390334400000143
14,0,0.07355838900000045,0,0,success,0,0,7,True,0,False,0,virtual_frontier,66768896,0,14,66830336,73000001,91,True,1,0,14,all_of,0,0,0.0,0,0.07357631200000014
14,0,0.07404981600000049,0,0,success,0,0,7,True,0,False,0,task_virtual_frontier,66768896,0,14,66830336,73000001,91,True,1,0,14,all_of,0,0,0.0,0,0.0740625829999999
7,0,0.021886568999999412,0,0,success,0,0,2,True,0,False,0,structural,66768896,0,7,66830336,73000001,91,True,2,0,7,condition_then,0,0,0.0,0,0.021898014000001353
7,0,0.021924739999999332,0,0,success,0,0,2,True,0,False,0,frontier_t0,66768896,0,7,66830336,73000001,91,True,2,0,7,condition_then,0,0,0.0,0,0.021927359000002866
7,0,0.021920922999999704,0,0,success,0,0,2,True,0,False,0,virtual_frontier,66768896,0,7,66830336,73000001,91,True,2,0,7,condition_then,0,0,0.0,0,0.02192368200000061
7,0,0.021907247999999768,0,0,success,0,0,2,True,0,False,0,task_virtual_frontier,66768896,0,7,66830336,73000001,91,True,2,0,7,condition_then,0,0,0.0,0,0.021909986000004267
20,0,0.0742159959999995,0,0,success,0,0,3,True,0,False,0,structural,66768896,0,20,66830336,73000001,91,True,3,0,20,sequence,0,0,0.0,0,0.07423656799999634
20,0,0.07463010100000034,0,0,success,0,0,3,True,0,False,0,frontier_t0,66768896,0,20,66830336,73000001,91,True,3,0,20,sequence,0,0,0.0,0,0.07463399299999907
20,0,0.0809249189999992,0,0,success,0,0,3,True,0,False,0,virtual_frontier,66768896,0,20,66830336,73000001,91,True,3,0,20,sequence,0,0,0.0,0,0.08092813799999732
20,0,0.07434306499999899,0,0,success,0,0,3,True,0,False,0,task_virtual_frontier,66768896,0,20,66830336,73000001,91,True,3,0,20,sequence,0,0,0.0,0,0.07434622499999932
15,0,0.08675665999999893,0,0,success,0,0,7,True,0,False,0,structural,66768896,0,15,66830336,73000001,91,True,4,0,15,all_of,0,0,0.0,0,0.08677785999999799
15,0,0.08591141100000144,0,0,success,0,0,7,True,0,False,0,frontier_t0,66768896,0,15,66830336,73000001,91,True,4,0,15,all_of,0,0,0.0,0,0.08593584200000493
15,0,0.08609274900000052,0,0,success,0,0,7,True,0,False,0,virtual_frontier,66768896,0,15,66830336,73000001,91,True,4,0,15,all_of,0,0,0.0,0,0.0862181789999994
15,0,0.08665631200000057,0,0,success,0,0,7,True,0,False,0,task_virtual_frontier,66768896,0,15,66830336,73000001,91,True,4,0,15,all_of,0,0,0.0,0,0.086660289000001
8,0,0.027615620000000618,0,0,success,0,0,2,True,0,False,0,structural,66768896,0,8,66830336,73000001,91,True,5,0,8,condition_then,0,0,0.0,0,0.02762688899999688
8,0,0.027528976999999344,0,0,success,0,0,2,True,0,False,0,frontier_t0,66768896,0,8,66830336,73000001,91,True,5,0,8,condition_then,0,0,0.0,0,0.027531991000003586
8,0,0.027540488999999724,0,0,success,0,0,2,True,0,False,0,virtual_frontier,66768896,0,8,66830336,73000001,91,True,5,0,8,condition_then,0,0,0.0,0,0.027543301999997993
8,0,0.027548463999998773,0,0,success,0,0,2,True,0,False,0,task_virtual_frontier,66768896,0,8,66830336,73000001,91,True,5,0,8,condition_then,0,0,0.0,0,0.02755141699999797
22,0,0.08992626000000037,0,0,success,0,0,3,True,0,False,0,structural,66768896,0,22,66830336,73000001,91,True,6,0,22,sequence,0,0,0.0,0,0.08992990599999473
22,0,0.08370984899999989,0,0,success,0,0,3,True,0,False,0,frontier_t0,66768896,0,22,66830336,73000001,91,True,6,0,22,sequence,0,0,0.0,0,0.08371366800000146
22,0,0.0870760060000002,0,0,success,0,0,3,True,0,False,0,virtual_frontier,66768896,0,22,66830336,73000001,91,True,6,0,22,sequence,0,0,0.0,0,0.08708925399999856
22,0,0.08339658399999905,0,0,success,0,0,3,True,0,False,0,task_virtual_frontier,66768896,0,22,66830336,73000001,91,True,6,0,22,sequence,0,0,0.0,0,0.08340051100000068
18,0,0.15059816099999956,0,0,success,0,0,7,True,0,False,0,structural,66768896,0,18,66830336,73000001,91,True,7,0,18,all_of,0,0,0.0,0,0.15060232799999795
18,0,0.1491874459999991,0,0,success,0,0,7,True,0,False,0,frontier_t0,66768896,0,18,66830336,73000001,91,True,7,0,18,all_of,0,0,0.0,0,0.14928584099999398
18,0,0.15613994100000106,0,0,success,0,0,7,True,0,False,0,virtual_frontier,66768896,0,18,66830336,73000001,91,True,7,0,18,all_of,0,0,0.0,0,0.15616157499999872
18,0,0.14989996599999955,0,0,success,0,0,7,True,0,False,0,task_virtual_frontier,66768896,0,18,66830336,73000001,91,True,7,0,18,all_of,0,0,0.0,0,0.1499114830000039
12,0,0.0406847189999997,0,0,success,0,0,2,True,0,False,0,structural,66768896,0,12,66830336,73000001,91,True,8,0,12,condition_then,0,0,0.0,0,0.04068733199999741
12,0,0.04065455299999954,0,0,success,0,0,2,True,0,False,0,frontier_t0,66768896,0,12,66830336,73000001,91,True,8,0,12,condition_then,0,0,0.0,0,0.04065737600000574
12,0,0.04055979600000015,0,0,success,0,0,2,True,0,False,0,virtual_frontier,66768896,0,12,66830336,73000001,91,True,8,0,12,condition_then,0,0,0.0,0,0.040562659000002554
12,0,0.040734001000000575,0,0,success,0,0,2,True,0,False,0,task_virtual_frontier,66768896,0,12,66830336,73000001,91,True,8,0,12,condition_then,0,0,0.0,0,0.040737075999999206
8,0,0.032447230000000715,0,0,success,0,0,3,True,0,False,0,structural,66768896,0,8,66830336,73000001,91,True,9,0,8,branch,0,0,0.0,0,0.03245884600000437
8,0,0.03251300600000029,0,0,success,0,0,3,True,0,False,0,frontier_t0,66768896,0,8,66830336,73000001,91,True,9,0,8,branch,0,0,0.0,0,0.032516972000003364
8,0,0.03219707600000099,0,0,success,0,0,3,True,0,False,0,virtual_frontier,66768896,0,8,66830336,73000001,91,True,9,0,8,branch,0,0,0.0,0,0.03219980800000144
8,0,0.03227809700000073,0,0,success,0,0,3,True,0,False,0,task_virtual_frontier,66768896,0,8,66830336,73000001,91,True,9,0,8,branch,0,0,0.0,0,0.03228068000000661
8,0,0.04041450399999924,0,0,success,0,0,3,True,0,False,0,structural,66768896,0,8,66830336,73000001,91,True,10,0,8,branch,0,0,0.0,0,0.04041742700000128
8,0,0.03434086000000036,0,0,success,0,0,3,True,0,False,0,frontier_t0,66768896,0,8,66830336,73000001,91,True,10,0,8,branch,0,0,0.0,0,0.03434345400000183
8,0,0.03434122100000003,0,0,success,0,0,3,True,0,False,0,virtual_frontier,66768896,0,8,66830336,73000001,91,True,10,0,8,branch,0,0,0.0,0,0.034343995999996935
8,0,0.03447446000000021,0,0,success,0,0,3,True,0,False,0,task_virtual_frontier,66768896,0,8,66830336,73000001,91,True,10,0,8,branch,0,0,0.0,0,0.034477725999998654
9,0,0.03944534400000066,0,0,success,0,0,3,True,0,False,0,structural,66768896,0,9,66830336,73000001,91,True,11,0,9,branch,0,0,0.0,0,0.039448772000000076
9,0,0.0392047850000008,0,0,success,0,0,3,True,0,False,0,frontier_t0,66768896,0,9,66830336,73000001,91,True,11,0,9,branch,0,0,0.0,0,0.03920791000000179
9,0,0.03957134999999923,0,0,success,0,0,3,True,0,False,0,virtual_frontier,66768896,0,9,66830336,73000001,91,True,11,0,9,branch,0,0,0.0,0,0.03959025599999677
9,0,0.039089077999999944,0,0,success,0,0,3,True,0,False,0,task_virtual_frontier,66768896,0,9,66830336,73000001,91,True,11,0,9,branch,0,0,0.0,0,0.03912504399999506
14,0,0.007857225000000412,0,0,success,0,0,3,True,0,False,0,structural,66768896,0,14,66830336,73000002,15,True,0,0,14,sequence,0,0,0.0,0,0.007860018999998886
14,0,0.007589805999998589,0,0,success,0,0,3,True,0,False,0,frontier_t0,66768896,0,14,66830336,73000002,15,True,0,0,14,sequence,0,0,0.0,0,0.007592427999995266
14,0,0.008082124999999607,0,0,success,0,0,3,True,0,False,0,virtual_frontier,66768896,0,14,66830336,73000002,15,True,0,0,14,sequence,0,0,0.0,0,0.008084639999999865
14,0,0.008809403999999077,0,0,success,0,0,3,True,0,False,0,task_virtual_frontier,66768896,0,14,66830336,73000002,15,True,0,0,14,sequence,0,0,0.0,0,0.008811952000002066
11,0,0.006546808000001292,0,0,success,0,0,7,True,0,False,0,structural,66768896,0,11,66830336,73000002,15,True,1,0,11,all_of,0,0,0.0,0,0.0065493429999960995
11,0,0.0065086870000001795,0,0,success,0,0,7,True,0,False,0,frontier_t0,66768896,0,11,66830336,73000002,15,True,1,0,11,all_of,0,0,0.0,0,0.006511210999995853
11,0,0.00660102900000048,0,0,success,0,0,7,True,0,False,0,virtual_frontier,66768896,0,11,66830336,73000002,15,True,1,0,11,all_of,0,0,0.0,0,0.006603464000001225
11,0,0.006495812000000711,0,0,success,0,0,7,True,0,False,0,task_virtual_frontier,66768896,0,11,66830336,73000002,15,True,1,0,11,all_of,0,0,0.0,0,0.006498396999994327
6,0,0.003074792999999687,0,0,success,0,0,2,True,0,False,0,structural,66768896,0,6,66830336,73000002,15,True,2,0,6,condition_then,0,0,0.0,0,0.0030774270000009096
6,0,0.0030650249999997214,0,0,success,0,0,2,True,0,False,0,frontier_t0,66768896,0,6,66830336,73000002,15,True,2,0,6,condition_then,0,0,0.0,0,0.0030675679999987437
6,0,0.0030748139999996482,0,0,success,0,0,2,True,0,False,0,virtual_frontier,66768896,0,6,66830336,73000002,15,True,2,0,6,condition_then,0,0,0.0,0,0.0030774170000000822
6,0,0.003076346000000285,0,0,success,0,0,2,True,0,False,0,task_virtual_frontier,66768896,0,6,66830336,73000002,15,True,2,0,6,condition_then,0,0,0.0,0,0.003078979000001425
12,0,0.006330795000000222,0,0,success,0,0,3,True,0,False,0,structural,66768896,0,12,66830336,73000002,15,True,3,0,12,sequence,0,0,0.0,0,0.006333337999997468
12,0,0.006268778999999114,0,0,success,0,0,3,True,0,False,0,frontier_t0,66768896,0,12,66830336,73000002,15,True,3,0,12,sequence,0,0,0.0,0,0.006271372000000497
12,0,0.006350580999999522,0,0,success,0,0,3,True,0,False,0,virtual_frontier,66768896,0,12,66830336,73000002,15,True,3,0,12,sequence,0,0,0.0,0,0.006353185000001815
12,0,0.006276353000000512,0,0,success,0,0,3,True,0,False,0,task_virtual_frontier,66768896,0,12,66830336,73000002,15,True,3,0,12,sequence,0,0,0.0,0,0.006278946000001895
11,0,0.006362362999999149,0,0,success,0,0,7,True,0,False,0,structural,66768896,0,11,66830336,73000002,15,True,4,0,11,all_of,0,0,0.0,0,0.006364947000001564
11,0,0.006332397999999628,0,0,success,0,0,7,True,0,False,0,frontier_t0,66768896,0,11,66830336,73000002,15,True,4,0,11,all_of,0,0,0.0,0,0.006335039999996184
11,0,0.006391457999999517,0,0,success,0,0,7,True,0,False,0,virtual_frontier,66768896,0,11,66830336,73000002,15,True,4,0,11,all_of,0,0,0.0,0,0.0063939220000008845
11,0,0.0062784970000002716,0,0,success,0,0,7,True,0,False,0,task_virtual_frontier,66768896,0,11,66830336,73000002,15,True,4,0,11,all_of,0,0,0.0,0,0.006281068999996364
8,0,0.0042529340000001525,0,0,success,0,0,2,True,0,False,0,structural,66768896,0,8,66830336,73000002,15,True,5,0,8,condition_then,0,0,0.0,0,0.004255534999998645
8,0,0.00416366700000026,0,0,success,0,0,2,True,0,False,0,frontier_t0,66768896,0,8,66830336,73000002,15,True,5,0,8,condition_then,0,0,0.0,0,0.004166247000000567
8,0,0.004121939000000907,0,0,success,0,0,2,True,0,False,0,virtual_frontier,66768896,0,8,66830336,73000002,15,True,5,0,8,condition_then,0,0,0.0,0,0.004124548999996591
8,0,0.004168375000000779,0,0,success,0,0,2,True,0,False,0,task_virtual_frontier,66768896,0,8,66830336,73000002,15,True,5,0,8,condition_then,0,0,0.0,0,0.004171036000002459
12,0,0.006387890999999257,0,0,success,0,0,3,True,0,False,0,structural,66768896,0,12,66830336,73000002,15,True,6,0,12,sequence,0,0,0.0,0,0.006390304999996488
12,0,0.006416534999999612,0,0,success,0,0,3,True,0,False,0,frontier_t0,66768896,0,12,66830336,73000002,15,True,6,0,12,sequence,0,0,0.0,0,0.006419119000000251
12,0,0.006347815999999895,0,0,success,0,0,3,True,0,False,0,virtual_frontier,66768896,0,12,66830336,73000002,15,True,6,0,12,sequence,0,0,0.0,0,0.006350160000003768
12,0,0.006369275999999147,0,0,success,0,0,3,True,0,False,0,task_virtual_frontier,66768896,0,12,66830336,73000002,15,True,6,0,12,sequence,0,0,0.0,0,0.006371869999995283
5,0,0.0028382009999994295,0,0,success,0,0,7,True,0,False,0,structural,66768896,0,5,66830336,73000002,15,True,7,0,5,all_of,0,0,0.0,0,0.0028407739999991577
5,0,0.0028400539999999808,0,0,success,0,0,7,True,0,False,0,frontier_t0,66768896,0,5,66830336,73000002,15,True,7,0,5,all_of,0,0,0.0,0,0.002842686999997568
5,0,0.0028321990000002017,0,0,success,0,0,7,True,0,False,0,virtual_frontier,66768896,0,5,66830336,73000002,15,True,7,0,5,all_of,0,0,0.0,0,0.0028347820000007573
5,0,0.0028067619999987414,0,0,success,0,0,7,True,0,False,0,task_virtual_frontier,66768896,0,5,66830336,73000002,15,True,7,0,5,all_of,0,0,0.0,0,0.0028093549999965717
7,0,0.003742580000000828,0,0,success,0,0,2,True,0,False,0,structural,66768896,0,7,66830336,73000002,15,True,8,0,7,condition_then,0,0,0.0,0,0.0037451179999976603
7,0,0.003854840000000692,0,0,success,0,0,2,True,0,False,0,frontier_t0,66768896,0,7,66830336,73000002,15,True,8,0,7,condition_then,0,0,0.0,0,0.0038574680000067474
7,0,0.0037183449999993456,0,0,success,0,0,2,True,0,False,0,virtual_frontier,66768896,0,7,66830336,73000002,15,True,8,0,7,condition_then,0,0,0.0,0,0.003720872000002373
7,0,0.003678480999999678,0,0,success,0,0,2,True,0,False,0,task_virtual_frontier,66768896,0,7,66830336,73000002,15,True,8,0,7,condition_then,0,0,0.0,0,0.003680977999998447
12,0,0.006240254999999806,0,0,success,0,0,3,True,0,False,0,structural,66768896,0,12,66830336,73000002,15,True,9,0,12,branch,0,0,0.0,0,0.00624302900000373
12,0,0.006284788000000319,0,0,success,0,0,3,True,0,False,0,frontier_t0,66768896,0,12,66830336,73000002,15,True,9,0,12,branch,0,0,0.0,0,0.006287332000006529
12,0,0.00652314299999901,0,0,success,0,0,3,True,0,False,0,virtual_frontier,66768896,0,12,66830336,73000002,15,True,9,0,12,branch,0,0,0.0,0,0.006525668000001872
12,0,0.0063392599999989585,0,0,success,0,0,3,True,0,False,0,task_virtual_frontier,66768896,0,12,66830336,73000002,15,True,9,0,12,branch,0,0,0.0,0,0.006341893999994852
11,0,0.005717278999998854,0,0,success,0,0,3,True,0,False,0,structural,66768896,0,11,66830336,73000002,15,True,10,0,11,branch,0,0,0.0,0,0.005719878999997263
11,0,0.005642068000000222,0,0,success,0,0,3,True,0,False,0,frontier_t0,66768896,0,11,66830336,73000002,15,True,10,0,11,branch,0,0,0.0,0,0.00564471699999558
11,0,0.005650504000000112,0,0,success,0,0,3,True,0,False,0,virtual_frontier,66768896,0,11,66830336,73000002,15,True,10,0,11,branch,0,0,0.0,0,0.005653162999998074
11,0,0.005731935000000021,0,0,success,0,0,3,True,0,False,0,task_virtual_frontier,66768896,0,11,66830336,73000002,15,True,10,0,11,branch,0,0,0.0,0,0.005734676000002992
11,0,0.005662366000001029,0,0,success,0,0,3,True,0,False,0,structural,66768896,0,11,66830336,73000002,15,True,11,0,11,branch,0,0,0.0,0,0.005664965000001132
11,0,0.005704164000000844,0,0,success,0,0,3,True,0,False,0,frontier_t0,66768896,0,11,66830336,73000002,15,True,11,0,11,branch,0,0,0.0,0,0.0057067539999948735
11,0,0.006055149999999898,0,0,success,0,0,3,True,0,False,0,virtual_frontier,66768896,0,11,66830336,73000002,15,True,11,0,11,branch,0,0,0.0,0,0.006057730999998512
11,0,0.005772912000001185,0,0,success,0,0,3,True,0,False,0,task_virtual_frontier,66768896,0,11,66830336,73000002,15,True,11,0,11,branch,0,0,0.0,0,0.005776453999999376
29,0,0.09315291699999939,0,0,success,0,0,3,True,0,False,0,structural,66768896,0,29,66830336,73000003,78,True,0,0,29,sequence,0,0,0.0,0,0.09316626100000036
29,0,0.0928462329999995,0,0,success,0,0,3,True,0,False,0,frontier_t0,66768896,0,29,66830336,73000003,78,True,0,0,29,sequence,0,0,0.0,0,0.09286340300000262
29,0,0.09960680100000019,0,0,success,0,0,3,True,0,False,0,virtual_frontier,66768896,0,29,66830336,73000003,78,True,0,0,29,sequence,0,0,0.0,0,0.09961034600000573
29,0,0.09291394000000253,0,0,success,0,0,3,True,0,False,0,task_virtual_frontier,66768896,0,29,66830336,73000003,78,True,0,0,29,sequence,0,0,0.0,0,0.09291771499999868
14,0,0.04923307500000007,0,0,success,0,0,7,True,0,False,0,structural,66768896,0,14,66830336,73000003,78,True,1,0,14,all_of,0,0,0.0,0,0.04923666200000554
14,0,0.048937913999999694,0,0,success,0,0,7,True,0,False,0,frontier_t0,66768896,0,14,66830336,73000003,78,True,1,0,14,all_of,0,0,0.0,0,0.04894904300000036
14,0,0.04903983499999853,0,0,success,0,0,7,True,0,False,0,virtual_frontier,66768896,0,14,66830336,73000003,78,True,1,0,14,all_of,0,0,0.0,0,0.0490428589999965
14,0,0.04918061700000109,0,0,success,0,0,7,True,0,False,0,task_virtual_frontier,66768896,0,14,66830336,73000003,78,True,1,0,14,all_of,0,0,0.0,0,0.04921973999999807
13,0,0.036179855000000316,0,0,success,0,0,2,True,0,False,0,structural,66768896,0,13,66830336,73000003,78,True,2,0,13,condition_then,0,0,0.0,0,0.03618275100000545
13,0,0.0361249629999989,0,0,success,0,0,2,True,0,False,0,frontier_t0,66768896,0,13,66830336,73000003,78,True,2,0,13,condition_then,0,0,0.0,0,0.03612813900000589
13,0,0.03618421400000216,0,0,success,0,0,2,True,0,False,0,virtual_frontier,66768896,0,13,66830336,73000003,78,True,2,0,13,condition_then,0,0,0.0,0,0.036196648000000664
13,0,0.03620772600000066,0,0,success,0,0,2,True,0,False,0,task_virtual_frontier,66768896,0,13,66830336,73000003,78,True,2,0,13,condition_then,0,0,0.0,0,0.03622401900000227
14,0,0.04606524900000153,0,0,success,0,0,3,True,0,False,0,structural,66768896,0,14,66830336,73000003,78,True,3,0,14,sequence,0,0,0.0,0,0.046077982999996436
14,0,0.04624902199999781,0,0,success,0,0,3,True,0,False,0,frontier_t0,66768896,0,14,66830336,73000003,78,True,3,0,14,sequence,0,0,0.0,0,0.046251818999998306
14,0,0.046200950999999435,0,0,success,0,0,3,True,0,False,0,virtual_frontier,66768896,0,14,66830336,73000003,78,True,3,0,14,sequence,0,0,0.0,0,0.04622208400000005
14,0,0.04602083600000029,0,0,success,0,0,3,True,0,False,0,task_virtual_frontier,66768896,0,14,66830336,73000003,78,True,3,0,14,sequence,0,0,0.0,0,0.046024002999999425
11,0,0.049384206999999236,0,0,success,0,0,7,True,0,False,0,structural,66768896,0,11,66830336,73000003,78,True,4,0,11,all_of,0,0,0.0,0,0.04940780100000097
11,0,0.04955216199999768,0,0,success,0,0,7,True,0,False,0,frontier_t0,66768896,0,11,66830336,73000003,78,True,4,0,11,all_of,0,0,0.0,0,0.0495545250000049
11,0,0.04969136100000071,0,0,success,0,0,7,True,0,False,0,virtual_frontier,66768896,0,11,66830336,73000003,78,True,4,0,11,all_of,0,0,0.0,0,0.04969421499999527
11,0,0.049462494000000135,0,0,success,0,0,7,True,0,False,0,task_virtual_frontier,66768896,0,11,66830336,73000003,78,True,4,0,11,all_of,0,0,0.0,0,0.049464997999997706
6,0,0.014280011999996844,0,0,success,0,0,2,True,0,False,0,structural,66768896,0,6,66830336,73000003,78,True,5,0,6,condition_then,0,0,0.0,0,0.014282450000003166
6,0,0.014107067999997724,0,0,success,0,0,2,True,0,False,0,frontier_t0,66768896,0,6,66830336,73000003,78,True,5,0,6,condition_then,0,0,0.0,0,0.014109536999995953
6,0,0.014134219999998976,0,0,success,0,0,2,True,0,False,0,virtual_frontier,66768896,0,6,66830336,73000003,78,True,5,0,6,condition_then,0,0,0.0,0,0.014136747999998533
6,0,0.014250787000001708,0,0,success,0,0,2,True,0,False,0,task_virtual_frontier,66768896,0,6,66830336,73000003,78,True,5,0,6,condition_then,0,0,0.0,0,0.014253294999996058
15,0,0.044726147000002214,0,0,success,0,0,3,True,0,False,0,structural,66768896,0,15,66830336,73000003,78,True,6,0,15,sequence,0,0,0.0,0,0.04472850400000539
15,0,0.04490258699999927,0,0,success,0,0,3,True,0,False,0,frontier_t0,66768896,0,15,66830336,73000003,78,True,6,0,15,sequence,0,0,0.0,0,0.04491327699999914
15,0,0.044788593999999904,0,0,success,0,0,3,True,0,False,0,virtual_frontier,66768896,0,15,66830336,73000003,78,True,6,0,15,sequence,0,0,0.0,0,0.04479089000000158
15,0,0.045064049000000495,0,0,success,0,0,3,True,0,False,0,task_virtual_frontier,66768896,0,15,66830336,73000003,78,True,6,0,15,sequence,0,0,0.0,0,0.045074538000001496
11,0,0.06013986700000018,0,0,success,0,0,7,True,0,False,0,structural,66768896,0,11,66830336,73000003,78,True,7,0,11,all_of,0,0,0.0,0,0.06014237100000486
11,0,0.060144104000002585,0,0,success,0,0,7,True,0,False,0,frontier_t0,66768896,0,11,66830336,73000003,78,True,7,0,11,all_of,0,0,0.0,0,0.060192895000000135
11,0,0.06018801700000154,0,0,success,0,0,7,True,0,False,0,virtual_frontier,66768896,0,11,66830336,73000003,78,True,7,0,11,all_of,0,0,0.0,0,0.06021729100000073
11,0,0.06640361500000225,0,0,success,0,0,7,True,0,False,0,task_virtual_frontier,66768896,0,11,66830336,73000003,78,True,7,0,11,all_of,0,0,0.0,0,0.06641686099999333
8,0,0.02066861400000164,0,0,success,0,0,2,True,0,False,0,structural,66768896,0,8,66830336,73000003,78,True,8,0,8,condition_then,0,0,0.0,0,0.020671112000002267
8,0,0.02052278100000038,0,0,success,0,0,2,True,0,False,0,frontier_t0,66768896,0,8,66830336,73000003,78,True,8,0,8,condition_then,0,0,0.0,0,0.020525150000004544
8,0,0.02053056600000147,0,0,success,0,0,2,True,0,False,0,virtual_frontier,66768896,0,8,66830336,73000003,78,True,8,0,8,condition_then,0,0,0.0,0,0.020533055000001355
8,0,0.02059396499999977,0,0,success,0,0,2,True,0,False,0,task_virtual_frontier,66768896,0,8,66830336,73000003,78,True,8,0,8,condition_then,0,0,0.0,0,0.020596443000002296
8,0,0.027951726999997817,0,0,success,0,0,3,True,0,False,0,structural,66768896,0,8,66830336,73000003,78,True,9,0,8,branch,0,0,0.0,0,0.027954311000002008
8,0,0.027932290999999054,0,0,success,0,0,3,True,0,False,0,frontier_t0,66768896,0,8,66830336,73000003,78,True,9,0,8,branch,0,0,0.0,0,0.02793550599999861
8,0,0.027866587999998416,0,0,success,0,0,3,True,0,False,0,virtual_frontier,66768896,0,8,66830336,73000003,78,True,9,0,8,branch,0,0,0.0,0,0.027878078999997058
8,0,0.02789025199999884,0,0,success,0,0,3,True,0,False,0,task_virtual_frontier,66768896,0,8,66830336,73000003,78,True,9,0,8,branch,0,0,0.0,0,0.02789304699999917
9,0,0.03212233599999692,0,0,success,0,0,3,True,0,False,0,structural,66768896,0,9,66830336,73000003,78,True,10,0,9,branch,0,0,0.0,0,0.032125403000001995
9,0,0.03190988999999789,0,0,success,0,0,3,True,0,False,0,frontier_t0,66768896,0,9,66830336,73000003,78,True,10,0,9,branch,0,0,0.0,0,0.03191222599999577
9,0,0.03242933999999664,0,0,success,0,0,3,True,0,False,0,virtual_frontier,66768896,0,9,66830336,73000003,78,True,10,0,9,branch,0,0,0.0,0,0.032431662999997
9,0,0.03220181400000044,0,0,success,0,0,3,True,0,False,0,task_virtual_frontier,66768896,0,9,66830336,73000003,78,True,10,0,9,branch,0,0,0.0,0,0.032204079000003105
9,0,0.034062410000000654,0,0,success,0,0,3,True,0,False,0,structural,66768896,0,9,66830336,73000003,78,True,11,0,9,branch,0,0,0.0,0,0.03406496599999542
9,0,0.03396351600000003,0,0,success,0,0,3,True,0,False,0,frontier_t0,66768896,0,9,66830336,73000003,78,True,11,0,9,branch,0,0,0.0,0,0.03396612199999538
9,0,0.03404227300000073,0,0,success,0,0,3,True,0,False,0,virtual_frontier,66768896,0,9,66830336,73000003,78,True,11,0,9,branch,0,0,0.0,0,0.03404467800000077
9,0,0.03427325400000214,0,0,success,0,0,3,True,0,False,0,task_virtual_frontier,66768896,0,9,66830336,73000003,78,True,11,0,9,branch,0,0,0.0,0,0.03427612000000124
252,0,0.35065924499999923,241,241,success,0,0,3,True,0,False,0,structural,66899968,0,252,66977792,73000004,165,True,0,0,252,sequence,0,0,0.0,0,0.35072338999999886
170,0,0.25092169999999925,170,170,success,0,0,3,True,0,False,0,frontier_t0,66899968,0,170,66977792,73000004,162,True,0,0,170,sequence,0,0,0.0,0,0.2509609040000029
105,0,0.312987482999997,105,105,success,0,0.05045767200005713,3,True,93,False,6.661338147750939e-16,virtual_frontier,66899968,160,105,66977792,73000004,161,True,0,0,105,sequence,105,80,55.57142857142857,5835,0.3130194550000027
105,0,0.31372573300000184,105,105,success,0,0.050680404999994266,3,True,93,False,6.661338147750939e-16,task_virtual_frontier,66899968,160,105,66977792,73000004,161,True,0,0,105,sequence,105,80,55.57142857142857,5835,0.3138102020000062
238,0,0.3331870210000005,238,238,success,0,0,7,True,0,False,0,structural,66899968,0,238,66977792,73000004,164,True,1,0,238,all_of,0,0,0.0,0,0.33320102599999757
159,0,0.26156215199999977,159,159,success,0,0,7,True,0,False,0,frontier_t0,66899968,0,159,66977792,73000004,159,True,1,0,159,all_of,0,0,0.0,0,0.26158917499999745
102,0,0.33451744699999963,102,102,success,0,0.04951661299998733,7,True,90,False,6.661338147750939e-16,virtual_frontier,66899968,159,102,66977792,73000004,160,True,1,0,102,all_of,102,80,56.09803921568628,5722,0.3345744869999976
102,0,0.33514842599999994,102,102,success,0,0.04962158600006461,7,True,90,False,6.661338147750939e-16,task_virtual_frontier,66899968,159,102,66977792,73000004,160,True,1,0,102,all_of,102,80,56.09803921568628,5722,0.3352212379999955
127,0,0.16975135299999877,120,120,success,0,0,2,True,0,False,0,structural,66899968,0,127,66977792,73000004,149,True,2,0,127,condition_then,0,0,0.0,0,0.16976801400000596
61,0,0.09335238899999965,56,56,success,0,0,2,True,0,False,0,frontier_t0,66899968,0,61,66977792,73000004,151,True,2,0,61,condition_then,0,0,0.0,0,0.09335588500000114
39,0,0.11569744400000204,34,34,success,0,0.015379225000039298,2,True,31,False,3.3306690738754696e-16,virtual_frontier,66899968,150,39,66977792,73000004,151,True,2,0,39,condition_then,34,80,59.088235294117645,2009,0.11570105599999891
39,0,0.10844705200000249,34,34,success,0,0.015543463000042834,2,True,31,False,3.3306690738754696e-16,task_virtual_frontier,66899968,150,39,66977792,73000004,151,True,2,0,39,condition_then,34,80,59.088235294117645,2009,0.10846238099999539
18,0,0.0808769379999994,0,0,success,0,0,3,True,0,False,0,structural,67162112,0,18,67297280,73000004,146,True,3,0,18,sequence,0,0,0.0,0,0.08087999500000365
18,0,0.08036735700000008,0,0,success,0,0,3,True,0,False,0,frontier_t0,67162112,0,18,67297280,73000004,146,True,3,0,18,sequence,0,0,0.0,0,0.08042232799999738
18,0,0.08098910700000062,0,0,success,0,0,3,True,0,False,0,virtual_frontier,67162112,0,18,67297280,73000004,146,True,3,0,18,sequence,0,0,0.0,0,0.08099228499999356
18,0,0.08056512599999976,0,0,success,0,0,3,True,0,False,0,task_virtual_frontier,67162112,0,18,67297280,73000004,146,True,3,0,18,sequence,0,0,0.0,0,0.08057720799999402
15,0,0.1210270290000004,0,0,success,0,0,7,True,0,False,0,structural,67424256,0,15,67297280,73000004,146,True,4,0,15,all_of,0,0,0.0,0,0.12104049299999531
15,0,0.11384242999999827,0,0,success,0,0,7,True,0,False,0,frontier_t0,67457024,0,15,67006464,73000004,146,True,4,0,15,all_of,0,0,0.0,0,0.11384555099999716
15,0,0.11409135499999934,0,0,success,0,0,7,True,0,False,0,virtual_frontier,67457024,0,15,67006464,73000004,146,True,4,0,15,all_of,0,0,0.0,0,0.11410218199999633
15,0,0.1202440970000005,0,0,success,0,0,7,True,0,False,0,task_virtual_frontier,67457024,0,15,67006464,73000004,146,True,4,0,15,all_of,0,0,0.0,0,0.12024758799999802
10,0,0.03290088099999977,0,0,success,0,0,2,True,0,False,0,structural,67457024,0,10,67006464,73000004,146,True,5,0,10,condition_then,0,0,0.0,0,0.03290363099999638
10,0,0.032917922999999405,0,0,success,0,0,2,True,0,False,0,frontier_t0,67457024,0,10,67006464,73000004,146,True,5,0,10,condition_then,0,0,0.0,0,0.032920412000009946
10,0,0.0328462490000021,0,0,success,0,0,2,True,0,False,0,virtual_frontier,67457024,0,10,67006464,73000004,146,True,5,0,10,condition_then,0,0,0.0,0,0.03284896799999615
10,0,0.032848513000001134,0,0,success,0,0,2,True,0,False,0,task_virtual_frontier,67457024,0,10,67006464,73000004,146,True,5,0,10,condition_then,0,0,0.0,0,0.03285975800000074
25,0,0.10785970599999928,0,0,success,0,0,3,True,0,False,0,structural,67457024,0,25,67018752,73000004,146,True,6,0,25,sequence,0,0,0.0,0,0.10790084900000352
25,0,0.11462030299999881,0,0,success,0,0,3,True,0,False,0,frontier_t0,67457024,0,25,67018752,73000004,146,True,6,0,25,sequence,0,0,0.0,0,0.11465388499999563
25,0,0.10790456999999876,0,0,success,0,0,3,True,0,False,0,virtual_frontier,67457024,0,25,67018752,73000004,146,True,6,0,25,sequence,0,0,0.0,0,0.10792565599999193
25,0,0.10782900699999942,0,0,success,0,0,3,True,0,False,0,task_virtual_frontier,67457024,0,25,67018752,73000004,146,True,6,0,25,sequence,0,0,0.0,0,0.10785241899999676
18,0,0.10959515700000111,0,0,success,0,0,7,True,0,False,0,structural,67457024,0,18,67117056,73000004,146,True,7,0,18,all_of,0,0,0.0,0,0.10962684199999728
18,0,0.10293386500000068,0,0,success,0,0,7,True,0,False,0,frontier_t0,67457024,0,18,67117056,73000004,146,True,7,0,18,all_of,0,0,0.0,0,0.10293750700000714
18,0,0.10281312900000117,0,0,success,0,0,7,True,0,False,0,virtual_frontier,67551232,0,18,67117056,73000004,146,True,7,0,18,all_of,0,0,0.0,0,0.10282502599999077
18,0,0.10264326299999738,0,0,success,0,0,7,True,0,False,0,task_virtual_frontier,67551232,0,18,67117056,73000004,146,True,7,0,18,all_of,0,0,0.0,0,0.10264619100000516
11,0,0.04759200999999891,0,0,success,0,0,2,True,0,False,0,structural,67551232,0,11,67117056,73000004,146,True,8,0,11,condition_then,0,0,0.0,0,0.04760354500000119
11,0,0.04155621700000012,0,0,success,0,0,2,True,0,False,0,frontier_t0,67551232,0,11,67117056,73000004,146,True,8,0,11,condition_then,0,0,0.0,0,0.04156933699999854
11,0,0.041534476999999015,0,0,success,0,0,2,True,0,False,0,virtual_frontier,67551232,0,11,67117056,73000004,146,True,8,0,11,condition_then,0,0,0.0,0,0.04154664500001104
11,0,0.041595952000001546,0,0,success,0,0,2,True,0,False,0,task_virtual_frontier,67551232,0,11,67117056,73000004,146,True,8,0,11,condition_then,0,0,0.0,0,0.04163316599999689
15,0,0.050708241000002374,0,0,success,0,0,3,True,0,False,0,structural,67551232,0,15,67121152,73000004,146,True,9,0,15,branch,0,0,0.0,0,0.05071097399999758
15,0,0.050286823000000425,0,0,success,0,0,3,True,0,False,0,frontier_t0,67551232,0,15,67121152,73000004,146,True,9,0,15,branch,0,0,0.0,0,0.05028954500001248
15,0,0.05006432599999755,0,0,success,0,0,3,True,0,False,0,virtual_frontier,67551232,0,15,67121152,73000004,146,True,9,0,15,branch,0,0,0.0,0,0.05007555400000285
15,0,0.05031190000000052,0,0,success,0,0,3,True,0,False,0,task_virtual_frontier,67551232,0,15,67121152,73000004,146,True,9,0,15,branch,0,0,0.0,0,0.050314562000011165
11,0,0.05492840299999813,0,0,success,0,0,3,True,0,False,0,structural,67551232,0,11,67121152,73000004,146,True,10,0,11,branch,0,0,0.0,0,0.05493133599999567
11,0,0.061253597000000326,0,0,success,0,0,3,True,0,False,0,frontier_t0,67551232,0,11,67121152,73000004,146,True,10,0,11,branch,0,0,0.0,0,0.061256580000005556
11,0,0.05493119800000201,0,0,success,0,0,3,True,0,False,0,virtual_frontier,67551232,0,11,67121152,73000004,146,True,10,0,11,branch,0,0,0.0,0,0.05493395199999895
11,0,0.05467870600000069,0,0,success,0,0,3,True,0,False,0,task_virtual_frontier,67551232,0,11,67121152,73000004,146,True,10,0,11,branch,0,0,0.0,0,0.054696104000001355
9,0,0.038863377999998505,0,0,success,0,0,3,True,0,False,0,structural,67551232,0,9,67121152,73000004,146,True,11,0,9,branch,0,0,0.0,0,0.038866505999990864
9,0,0.03856814599999936,0,0,success,0,0,3,True,0,False,0,frontier_t0,67551232,0,9,67121152,73000004,146,True,11,0,9,branch,0,0,0.0,0,0.03857121299999733
9,0,0.03851837300000227,0,0,success,0,0,3,True,0,False,0,virtual_frontier,67551232,0,9,67121152,73000004,146,True,11,0,9,branch,0,0,0.0,0,0.038521068999997965
9,0,0.038458020000000204,0,0,success,0,0,3,True,0,False,0,task_virtual_frontier,67551232,0,9,67121152,73000004,146,True,11,0,9,branch,0,0,0.0,0,0.03846057599999142
19,0,0.06935507299999999,0,0,success,0,0,3,True,0,False,0,structural,63426560,0,19,63639552,73000005,91,True,0,0,19,sequence,0,0,0.0,0,0.06935568699999806
19,0,0.06595274300000004,0,0,success,0,0,3,True,0,False,0,frontier_t0,63426560,0,19,63647744,73000005,91,True,0,0,19,sequence,0,0,0.0,0,0.0659528999999992
19,0,0.06724816999999994,0,0,success,0,0,3,True,0,False,0,virtual_frontier,63557632,0,19,63664128,73000005,91,True,0,0,19,sequence,0,0,0.0,0,0.06724785400000144
19,0,0.06549996700000005,0,0,success,0,0,3,True,0,False,0,task_virtual_frontier,63557632,0,19,63672320,73000005,91,True,0,0,19,sequence,0,0,0.0,0,0.0654997270000024
20,0,0.09951693100000003,0,0,success,0,0,7,True,0,False,0,structural,63819776,0,20,63991808,73000005,91,True,1,0,20,all_of,0,0,0.0,0,0.09952840599999746
20,0,0.08791658899999999,0,0,success,0,0,7,True,0,False,0,frontier_t0,63950848,0,20,64008192,73000005,91,True,1,0,20,all_of,0,0,0.0,0,0.08791486799999859
20,0,0.08937198499999999,0,0,success,0,0,7,True,0,False,0,virtual_frontier,63950848,0,20,64024576,73000005,91,True,1,0,20,all_of,0,0,0.0,0,0.08941334699999715
20,0,0.08801278900000009,0,0,success,0,0,7,True,0,False,0,task_virtual_frontier,63950848,0,20,64024576,73000005,91,True,1,0,20,all_of,0,0,0.0,0,0.08802159900000106
10,0,0.030630392000000173,0,0,success,0,0,2,True,0,False,0,structural,63950848,0,10,64024576,73000005,91,True,2,0,10,condition_then,0,0,0.0,0,0.03063250400000328
10,0,0.03055417100000013,0,0,success,0,0,2,True,0,False,0,frontier_t0,63950848,0,10,64024576,73000005,91,True,2,0,10,condition_then,0,0,0.0,0,0.030569371000005674
10,0,0.03022660900000007,0,0,success,0,0,2,True,0,False,0,virtual_frontier,63950848,0,10,64024576,73000005,91,True,2,0,10,condition_then,0,0,0.0,0,0.0302292109999982
10,0,0.031774918999999846,0,0,success,0,0,2,True,0,False,0,task_virtual_frontier,63950848,0,10,64024576,73000005,91,True,2,0,10,condition_then,0,0,0.0,0,0.03180176200000062
16,0,0.04734633300000013,0,0,success,0,0,3,True,0,False,0,structural,63950848,0,16,64024576,73000005,91,True,3,0,16,sequence,0,0,0.0,0,0.04736548799999696
16,0,0.04763424699999996,0,0,success,0,0,3,True,0,False,0,frontier_t0,63950848,0,16,64024576,73000005,91,True,3,0,16,sequence,0,0,0.0,0,0.04765989699999551
16,0,0.047174271999999906,0,0,success,0,0,3,True,0,False,0,virtual_frontier,63950848,0,16,64024576,73000005,91,True,3,0,16,sequence,0,0,0.0,0,0.04717879599999719
16,0,0.04726114399999992,0,0,success,0,0,3,True,0,False,0,task_virtual_frontier,63950848,0,16,64024576,73000005,91,True,3,0,16,sequence,0,0,0.0,0,0.04726556900000389
10,0,0.04843614600000001,0,0,success,0,0,7,True,0,False,0,structural,63950848,0,10,64045056,73000005,91,True,4,0,10,all_of,0,0,0.0,0,0.048459705999995606
10,0,0.06127099400000002,0,0,success,0,0,7,True,0,False,0,frontier_t0,63950848,0,10,64045056,73000005,91,True,4,0,10,all_of,0,0,0.0,0,0.06127506600000032
10,0,0.050060960000000154,0,0,success,0,0,7,True,0,False,0,virtual_frontier,63950848,0,10,64045056,73000005,91,True,4,0,10,all_of,0,0,0.0,0,0.05006555300000315
10,0,0.049328443000000055,0,0,success,0,0,7,True,0,False,0,task_virtual_frontier,63950848,0,10,64045056,73000005,91,True,4,0,10,all_of,0,0,0.0,0,0.04933291000000395
6,0,0.016084502,0,0,success,0,0,2,True,0,False,0,structural,63950848,0,6,64049152,73000005,91,True,5,0,6,condition_then,0,0,0.0,0,0.01608951200000064
6,0,0.015831831000000074,0,0,success,0,0,2,True,0,False,0,frontier_t0,63950848,0,6,64049152,73000005,91,True,5,0,6,condition_then,0,0,0.0,0,0.01583579799999768
6,0,0.015909364999999953,0,0,success,0,0,2,True,0,False,0,virtual_frontier,63950848,0,6,64049152,73000005,91,True,5,0,6,condition_then,0,0,0.0,0,0.0159133419999975
6,0,0.015916448000000027,0,0,success,0,0,2,True,0,False,0,task_virtual_frontier,63950848,0,6,64049152,73000005,91,True,5,0,6,condition_then,0,0,0.0,0,0.015920426000000987
18,0,0.06303590800000003,0,0,success,0,0,3,True,0,False,0,structural,63950848,0,18,64049152,73000005,91,True,6,0,18,sequence,0,0,0.0,0,0.06304068200000046
18,0,0.06268111600000004,0,0,success,0,0,3,True,0,False,0,frontier_t0,63950848,0,18,64049152,73000005,91,True,6,0,18,sequence,0,0,0.0,0,0.06278974300000328
18,0,0.06309208299999991,0,0,success,0,0,3,True,0,False,0,virtual_frontier,63950848,0,18,64049152,73000005,91,True,6,0,18,sequence,0,0,0.0,0,0.0631138199999981
18,0,0.06336821799999992,0,0,success,0,0,3,True,0,False,0,task_virtual_frontier,63950848,0,18,64049152,73000005,91,True,6,0,18,sequence,0,0,0.0,0,0.06339145999999829
16,0,0.10751578200000012,0,0,success,0,0,7,True,0,False,0,structural,63950848,0,16,64061440,73000005,91,True,7,0,16,all_of,0,0,0.0,0,0.10753705599999819
16,0,0.09794939599999974,0,0,success,0,0,7,True,0,False,0,frontier_t0,63950848,0,16,64061440,73000005,91,True,7,0,16,all_of,0,0,0.0,0,0.09795565099999948
16,0,0.09978214699999999,0,0,success,0,0,7,True,0,False,0,virtual_frontier,63950848,0,16,64061440,73000005,91,True,7,0,16,all_of,0,0,0.0,0,0.09979939400000148
16,0,0.100109958,0,0,success,0,0,7,True,0,False,0,task_virtual_frontier,63950848,0,16,64061440,73000005,91,True,7,0,16,all_of,0,0,0.0,0,0.10011516600000192
6,0,0.01660846100000013,0,0,success,0,0,2,True,0,False,0,structural,63950848,0,6,64065536,73000005,91,True,8,0,6,condition_then,0,0,0.0,0,0.01661310299999741
6,0,0.016457699000000048,0,0,success,0,0,2,True,0,False,0,frontier_t0,63950848,0,6,64065536,73000005,91,True,8,0,6,condition_then,0,0,0.0,0,0.016462631999999644
6,0,0.016684361999999897,0,0,success,0,0,2,True,0,False,0,virtual_frontier,63950848,0,6,64065536,73000005,91,True,8,0,6,condition_then,0,0,0.0,0,0.01668914599999738
6,0,0.01631698600000009,0,0,success,0,0,2,True,0,False,0,task_virtual_frontier,63950848,0,6,64065536,73000005,91,True,8,0,6,condition_then,0,0,0.0,0,0.016321898000001056
7,0,0.024997528000000102,0,0,success,0,0,3,True,0,False,0,structural,63950848,0,7,64065536,73000005,91,True,9,0,7,branch,0,0,0.0,0,0.025002104000002134
7,0,0.025246294000000002,0,0,success,0,0,3,True,0,False,0,frontier_t0,63950848,0,7,64065536,73000005,91,True,9,0,7,branch,0,0,0.0,0,0.02525060899999687
7,0,0.025100992000000044,0,0,success,0,0,3,True,0,False,0,virtual_frontier,63950848,0,7,64065536,73000005,91,True,9,0,7,branch,0,0,0.0,0,0.02510703099999745
7,0,0.025098015999999834,0,0,success,0,0,3,True,0,False,0,task_virtual_frontier,63950848,0,7,64065536,73000005,91,True,9,0,7,branch,0,0,0.0,0,0.02510264200000023
10,0,0.050133815999999776,0,0,success,0,0,3,True,0,False,0,structural,63950848,0,10,64065536,73000005,91,True,10,0,10,branch,0,0,0.0,0,0.05015314700000317
10,0,0.03972969599999976,0,0,success,0,0,3,True,0,False,0,frontier_t0,63950848,0,10,64065536,73000005,91,True,10,0,10,branch,0,0,0.0,0,0.03974716799999811
10,0,0.03928707999999981,0,0,success,0,0,3,True,0,False,0,virtual_frontier,63950848,0,10,64065536,73000005,91,True,10,0,10,branch,0,0,0.0,0,0.039317774000004135
10,0,0.03965358399999985,0,0,success,0,0,3,True,0,False,0,task_virtual_frontier,63950848,0,10,64065536,73000005,91,True,10,0,10,branch,0,0,0.0,0,0.03965842200000225
7,0,0.02720290500000022,0,0,success,0,0,3,True,0,False,0,structural,63950848,0,7,64065536,73000005,91,True,11,0,7,branch,0,0,0.0,0,0.02720751399999699
7,0,0.02668708300000011,0,0,success,0,0,3,True,0,False,0,frontier_t0,63950848,0,7,64065536,73000005,91,True,11,0,7,branch,0,0,0.0,0,0.02669158799999849
7,0,0.026657587000000316,0,0,success,0,0,3,True,0,False,0,virtual_frontier,63950848,0,7,64065536,73000005,91,True,11,0,7,branch,0,0,0.0,0,0.0266622130000016
7,0,0.02730417400000018,0,0,success,0,0,3,True,0,False,0,task_virtual_frontier,63950848,0,7,64065536,73000005,91,True,11,0,7,branch,0,0,0.0,0,0.027308603000001597
32,0,0.17851589499999987,0,0,success,0,0,3,True,0,False,0,structural,64606208,0,32,64741376,73000006,247,True,0,0,32,sequence,0,0,0.0,0,0.1785212850000022
32,0,0.16780243899999991,0,0,success,0,0,3,True,0,False,0,frontier_t0,64606208,0,32,64741376,73000006,247,True,0,0,32,sequence,0,0,0.0,0,0.16783421000000232
32,0,0.1751596209999997,0,0,success,0,0,3,True,0,False,0,virtual_frontier,64606208,0,32,64757760,73000006,247,True,0,0,32,sequence,0,0,0.0,0,0.17516664199999354
32,0,0.16692110299999996,0,0,success,0,0,3,True,0,False,0,task_virtual_frontier,64606208,0,32,64757760,73000006,247,True,0,0,32,sequence,0,0,0.0,0,0.16692617900000073
34,0,0.28781072699999966,0,0,success,0,0,7,True,0,False,0,structural,65380352,0,34,65486848,73000006,247,True,1,0,34,all_of,0,0,0.0,0,0.28792574700000273
34,0,0.2807183499999999,0,0,success,0,0,7,True,0,False,0,frontier_t0,65380352,0,34,65486848,73000006,247,True,1,0,34,all_of,0,0,0.0,0,0.280738307
34,0,0.28145118700000005,0,0,success,0,0,7,True,0,False,0,virtual_frontier,65380352,0,34,65486848,73000006,247,True,1,0,34,all_of,0,0,0.0,0,0.2814673630000044
34,0,0.2719302880000001,0,0,success,0,0,7,True,0,False,0,task_virtual_frontier,65380352,0,34,65486848,73000006,247,True,1,0,34,all_of,0,0,0.0,0,0.27206886999999824
16,0,0.08648884399999979,0,0,success,0,0,2,True,0,False,0,structural,65511424,0,16,65662976,73000006,247,True,2,0,16,condition_then,0,0,0.0,0,0.08649384600000332
16,0,0.0739569229999999,0,0,success,0,0,2,True,0,False,0,frontier_t0,65511424,0,16,65662976,73000006,247,True,2,0,16,condition_then,0,0,0.0,0,0.07396189600000014
16,0,0.07369462399999982,0,0,success,0,0,2,True,0,False,0,virtual_frontier,65511424,0,16,65662976,73000006,247,True,2,0,16,condition_then,0,0,0.0,0,0.07371062499999681
16,0,0.08380667700000011,0,0,success,0,0,2,True,0,False,0,task_virtual_frontier,65511424,0,16,65662976,73000006,247,True,2,0,16,condition_then,0,0,0.0,0,0.08384797000000077
34,0,0.22015096800000045,0,0,success,0,0,3,True,0,False,0,structural,65511424,0,34,65695744,73000006,247,True,3,0,34,sequence,0,0,0.0,0,0.22015718999999478
34,0,0.20329420400000053,0,0,success,0,0,3,True,0,False,0,frontier_t0,65511424,0,34,65695744,73000006,247,True,3,0,34,sequence,0,0,0.0,0,0.20329953000000245
34,0,0.21570038000000036,0,0,success,0,0,3,True,0,False,0,virtual_frontier,65511424,0,34,65695744,73000006,247,True,3,0,34,sequence,0,0,0.0,0,0.21582116999999812
34,0,0.21067699399999995,0,0,success,0,0,3,True,0,False,0,task_virtual_frontier,65511424,0,34,65695744,73000006,247,True,3,0,34,sequence,0,0,0.0,0,0.2107115900000025
30,0,0.2929667010000001,0,0,success,0,0,7,True,0,False,0,structural,65642496,0,30,65695744,73000006,247,True,4,0,30,all_of,0,0,0.0,0,0.29298293900000516
30,0,0.2833251749999999,0,0,success,0,0,7,True,0,False,0,frontier_t0,65642496,0,30,65507328,73000006,247,True,4,0,30,all_of,0,0,0.0,0,0.283366989000001
30,0,0.27427744599999926,0,0,success,0,0,7,True,0,False,0,virtual_frontier,65642496,0,30,65507328,73000006,247,True,4,0,30,all_of,0,0,0.0,0,0.2744181299999937
30,0,0.28881098599999966,0,0,success,0,0,7,True,0,False,0,task_virtual_frontier,65642496,0,30,65507328,73000006,247,True,4,0,30,all_of,0,0,0.0,0,0.28887517500000115
19,0,0.0809729990000001,0,0,success,0,0,2,True,0,False,0,structural,65642496,0,19,65507328,73000006,247,True,5,0,19,condition_then,0,0,0.0,0,0.08097837599999735
19,0,0.07193500899999972,0,0,success,0,0,2,True,0,False,0,frontier_t0,65642496,0,19,65507328,73000006,247,True,5,0,19,condition_then,0,0,0.0,0,0.0719400489999984
19,0,0.07078666600000005,0,0,success,0,0,2,True,0,False,0,virtual_frontier,65642496,0,19,65507328,73000006,247,True,5,0,19,condition_then,0,0,0.0,0,0.07079184799999894
19,0,0.06887618900000003,0,0,success,0,0,2,True,0,False,0,task_virtual_frontier,65642496,0,19,65507328,73000006,247,True,5,0,19,condition_then,0,0,0.0,0,0.06888133100000005
81,0,0.1851759159999995,59,59,success,0,0,3,True,0,False,0,structural,65642496,0,81,65703936,73000006,258,True,6,0,81,sequence,0,0,0.0,0,0.18531523799999405
81,0,0.20470077999999958,59,59,success,0,0,3,True,0,False,0,frontier_t0,65642496,0,81,65703936,73000006,258,True,6,0,81,sequence,0,0,0.0,0,0.20475342200000313
81,0,0.34193536300000105,59,59,success,0,0.03849192799998491,3,True,33,False,5.551115123125783e-16,virtual_frontier,65945600,257,81,66076672,73000006,258,True,6,0,81,sequence,59,742,546.0,32214,0.34195303799999976
81,0,0.35233026500000086,59,59,success,0,0.03875189899999043,3,True,33,False,5.551115123125783e-16,task_virtual_frontier,65945600,257,81,66076672,73000006,258,True,6,0,81,sequence,59,742,546.0,32214,0.35234610999999916
77,0,0.4579883900000006,59,59,success,0,0,7,True,0,False,0,structural,65945600,0,77,66117632,73000006,258,True,7,0,77,all_of,0,0,0.0,0,0.45810380100000003
77,0,0.463792282,59,59,success,0,0,7,True,0,False,0,frontier_t0,65945600,0,77,66117632,73000006,258,True,7,0,77,all_of,0,0,0.0,0,0.46379904100000147
77,0,1.063991282,59,59,success,0,0.13194411800002115,7,True,33,False,1.3322676295501878e-15,virtual_frontier,68829184,1022,77,67518464,73000006,258,True,7,44,77,all_of,59,2950,2166.101694915254,127800,1.064282384000002
77,0,1.0732177230000008,59,59,success,0,0.13140766799999426,7,True,33,False,1.3322676295501878e-15,task_virtual_frontier,68829184,1022,77,65671168,73000006,258,True,7,44,77,all_of,59,2950,2166.101694915254,127800,1.073480062999998
16,0,0.06063372500000064,0,0,success,0,0,2,True,0,False,0,structural,68829184,0,16,65671168,73000006,247,True,8,0,16,condition_then,0,0,0.0,0,0.060655244999999525
16,0,0.06291215799999961,0,0,success,0,0,2,True,0,False,0,frontier_t0,68829184,0,16,65671168,73000006,247,True,8,0,16,condition_then,0,0,0.0,0,0.06297268299999814
16,0,0.06395708700000036,0,0,success,0,0,2,True,0,False,0,virtual_frontier,68829184,0,16,65671168,73000006,247,True,8,0,16,condition_then,0,0,0.0,0,0.06397964800000011
16,0,0.06428557099999921,0,0,success,0,0,2,True,0,False,0,task_virtual_frontier,68829184,0,16,65671168,73000006,247,True,8,0,16,condition_then,0,0,0.0,0,0.06429041999999896
17,0,0.08762675799999897,0,0,success,0,0,3,True,0,False,0,structural,68829184,0,17,65703936,73000006,247,True,9,0,17,branch,0,0,0.0,0,0.08763249000000428
17,0,0.08341082899999996,0,0,success,0,0,3,True,0,False,0,frontier_t0,68829184,0,17,65703936,73000006,247,True,9,0,17,branch,0,0,0.0,0,0.08344297600000061
17,0,0.09866241699999989,0,0,success,0,0,3,True,0,False,0,virtual_frontier,68829184,0,17,65703936,73000006,247,True,9,0,17,branch,0,0,0.0,0,0.09866832000000159
17,0,0.08154028699999927,0,0,success,0,0,3,True,0,False,0,task_virtual_frontier,68829184,0,17,65703936,73000006,247,True,9,0,17,branch,0,0,0.0,0,0.08154598500000532
15,0,0.09333581499999966,0,0,success,0,0,3,True,0,False,0,structural,68829184,0,15,65708032,73000006,247,True,10,0,15,branch,0,0,0.0,0,0.09335484200000366
15,0,0.10218764600000085,0,0,success,0,0,3,True,0,False,0,frontier_t0,68829184,0,15,65708032,73000006,247,True,10,0,15,branch,0,0,0.0,0,0.10223065899999995
15,0,0.09171512900000067,0,0,success,0,0,3,True,0,False,0,virtual_frontier,68829184,0,15,65708032,73000006,247,True,10,0,15,branch,0,0,0.0,0,0.09181111200000203
15,0,0.09421054600000112,0,0,success,0,0,3,True,0,False,0,task_virtual_frontier,68829184,0,15,65708032,73000006,247,True,10,0,15,branch,0,0,0.0,0,0.09421555399999448
15,0,0.0632266450000003,1,1,success,0,0,3,True,0,False,0,structural,68829184,0,15,65708032,73000006,248,True,11,0,15,branch,0,0,0.0,0,0.0632317280000052
15,0,0.06387149899999933,1,1,success,0,0,3,True,0,False,0,frontier_t0,68829184,0,15,65708032,73000006,248,True,11,0,15,branch,0,0,0.0,0,0.0638893889999963
15,0,0.0633674580000001,1,1,success,0,0.0003198289999986059,3,True,0,False,1.1102230246251565e-16,virtual_frontier,68829184,1,15,65708032,73000006,248,True,11,0,15,branch,1,5,5.0,5,0.06338814100000434
15,0,0.06446393300000075,1,1,success,0,0.00034914300000110643,3,True,0,False,1.1102230246251565e-16,task_virtual_frontier,68829184,1,15,65708032,73000006,248,True,11,0,15,branch,1,5,5.0,5,0.06446942600000227
16,0,0.05713005500000001,0,0,success,0,0,3,True,0,False,0,structural,68829184,0,16,65716224,73000007,76,True,0,0,16,sequence,0,0,0.0,0,0.057135115000001235
16,0,0.0731926860000005,0,0,success,0,0,3,True,0,False,0,frontier_t0,68829184,0,16,65716224,73000007,76,True,0,0,16,sequence,0,0,0.0,0,0.07322574800000581
16,0,0.05771453599999887,0,0,success,0,0,3,True,0,False,0,virtual_frontier,68829184,0,16,65716224,73000007,76,True,0,0,16,sequence,0,0,0.0,0,0.05771866699999606
16,0,0.056837418999998945,0,0,success,0,0,3,True,0,False,0,task_virtual_frontier,68829184,0,16,65716224,73000007,76,True,0,0,16,sequence,0,0,0.0,0,0.05684171499999735
20,0,0.10881809199999992,0,0,success,0,0,7,True,0,False,0,structural,68829184,0,20,65880064,73000007,76,True,1,0,20,all_of,0,0,0.0,0,0.10882381200000424
20,0,0.10943123700000079,0,0,success,0,0,7,True,0,False,0,frontier_t0,68829184,0,20,65880064,73000007,76,True,1,0,20,all_of,0,0,0.0,0,0.1094363089999959
20,0,0.11285195099999967,0,0,success,0,0,7,True,0,False,0,virtual_frontier,68829184,0,20,65880064,73000007,76,True,1,0,20,all_of,0,0,0.0,0,0.11286835399999973
20,0,0.11359637100000164,0,0,success,0,0,7,True,0,False,0,task_virtual_frontier,68829184,0,20,65880064,73000007,76,True,1,0,20,all_of,0,0,0.0,0,0.11364062899999539
10,0,0.027938237000000754,0,0,success,0,0,2,True,0,False,0,structural,68829184,0,10,65880064,73000007,76,True,2,0,10,condition_then,0,0,0.0,0,0.027942672999998308
10,0,0.02783517499999988,0,0,success,0,0,2,True,0,False,0,frontier_t0,68829184,0,10,65880064,73000007,76,True,2,0,10,condition_then,0,0,0.0,0,0.0278398700000011
10,0,0.027690656000000757,0,0,success,0,0,2,True,0,False,0,virtual_frontier,68829184,0,10,65880064,73000007,76,True,2,0,10,condition_then,0,0,0.0,0,0.027694999000004827
10,0,0.02864967599999879,0,0,success,0,0,2,True,0,False,0,task_virtual_frontier,68829184,0,10,65880064,73000007,76,True,2,0,10,condition_then,0,0,0.0,0,0.028654434000003448
16,0,0.051324307999999874,0,0,success,0,0,3,True,0,False,0,structural,68829184,0,16,65880064,73000007,76,True,3,0,16,sequence,0,0,0.0,0,0.05132858400000373
16,0,0.05152799799999919,0,0,success,0,0,3,True,0,False,0,frontier_t0,68829184,0,16,65880064,73000007,76,True,3,0,16,sequence,0,0,0.0,0,0.051532945999994695
16,0,0.05226035499999959,0,0,success,0,0,3,True,0,False,0,virtual_frontier,68829184,0,16,65880064,73000007,76,True,3,0,16,sequence,0,0,0.0,0,0.052265927999997075
16,0,0.05150320199999925,0,0,success,0,0,3,True,0,False,0,task_virtual_frontier,68829184,0,16,65880064,73000007,76,True,3,0,16,sequence,0,0,0.0,0,0.05150782900000195
14,0,0.06609443700000028,0,0,success,0,0,7,True,0,False,0,structural,68829184,0,14,65880064,73000007,76,True,4,0,14,all_of,0,0,0.0,0,0.06610004699999905
14,0,0.0665334160000004,0,0,success,0,0,7,True,0,False,0,frontier_t0,68829184,0,14,65880064,73000007,76,True,4,0,14,all_of,0,0,0.0,0,0.066573984999998
14,0,0.06821840099999932,0,0,success,0,0,7,True,0,False,0,virtual_frontier,68829184,0,14,65880064,73000007,76,True,4,0,14,all_of,0,0,0.0,0,0.06824179700000599
14,0,0.06762866699999925,0,0,success,0,0,7,True,0,False,0,task_virtual_frontier,68829184,0,14,65880064,73000007,76,True,4,0,14,all_of,0,0,0.0,0,0.06768167900000321
53,0,0.06605716900000047,53,53,success,0,0,2,True,0,False,0,structural,68829184,0,53,65888256,73000007,77,True,5,0,53,condition_then,0,0,0.0,0,0.06618177099999656
52,0,0.07270893299999948,52,52,success,0,0,2,True,0,False,0,frontier_t0,68829184,0,52,65888256,73000007,77,True,5,0,52,condition_then,0,0,0.0,0,0.07271335800000145
46,0,0.14596567899999968,46,46,success,0,0.020204131999982167,2,True,18,False,6.661338147750939e-16,virtual_frontier,68829184,92,46,65888256,73000007,77,True,5,3,46,condition_then,46,212,123.8913043478261,5699,0.1459698139999972
52,0,0.1661606140000007,52,52,success,1,0.022596822000004124,2,True,35,True,8.881784197001252e-16,task_virtual_frontier,68829184,92,52,65888256,73000007,77,True,5,3,52,condition_then,52,212,121.98076923076923,6343,0.1661819339999937
162,0,0.40969067999999886,141,141,success,0,0,3,True,0,False,0,structural,68829184,0,162,65892352,73000007,79,True,6,0,162,sequence,0,0,0.0,0,0.4096978070000006
144,0,0.4899903200000004,123,123,success,0,0,3,True,0,False,0,frontier_t0,68829184,0,144,65892352,73000007,79,True,6,0,144,sequence,0,0,0.0,0,0.4902408410000021
39,0,0.18779979400000002,20,20,success,0,0.012901192000008166,3,True,17,False,1.1102230246251565e-15,virtual_frontier,68829184,226,39,65892352,73000007,77,True,6,19,39,sequence,20,420,337.4,6748,0.18780423900000187
39,0,0.18795639599999703,20,20,success,0,0.01315275099999269,3,True,17,False,1.1102230246251565e-15,task_virtual_frontier,68829184,226,39,65892352,73000007,77,True,6,19,39,sequence,20,420,337.4,6748,0.18794515000000445
12,0,0.07865129600000031,0,0,success,0,0,7,True,0,False,0,structural,68829184,0,12,66002944,73000007,76,True,7,0,12,all_of,0,0,0.0,0,0.07868029000000121
12,0,0.09061006700000007,0,0,success,0,0,7,True,0,False,0,frontier_t0,68829184,0,12,66134016,73000007,76,True,7,0,12,all_of,0,0,0.0,0,0.09060756399999548
12,0,0.07857417100000319,0,0,success,0,0,7,True,0,False,0,virtual_frontier,68829184,0,12,66134016,73000007,76,True,7,0,12,all_of,0,0,0.0,0,0.07870180800000526
12,0,0.07954766800000002,0,0,success,0,0,7,True,0,False,0,task_virtual_frontier,68829184,0,12,66134016,73000007,76,True,7,0,12,all_of,0,0,0.0,0,0.07954501300000061
9,0,0.025325259999998906,0,0,success,0,0,2,True,0,False,0,structural,68829184,0,9,66134016,73000007,76,True,8,0,9,condition_then,0,0,0.0,0,0.02532801000000262
9,0,0.02536264000000088,0,0,success,0,0,2,True,0,False,0,frontier_t0,68829184,0,9,66134016,73000007,76,True,8,0,9,condition_then,0,0,0.0,0,0.025364996000000417
9,0,0.024900326999997446,0,0,success,0,0,2,True,0,False,0,virtual_frontier,68829184,0,9,66134016,73000007,76,True,8,0,9,condition_then,0,0,0.0,0,0.024902279999999166
9,0,0.024917058000003323,0,0,success,0,0,2,True,0,False,0,task_virtual_frontier,68829184,0,9,66134016,73000007,76,True,8,0,9,condition_then,0,0,0.0,0,0.02491960100000057
10,0,0.03863893099999771,0,0,success,0,0,3,True,0,False,0,structural,68829184,0,10,66134016,73000007,76,True,9,0,10,branch,0,0,0.0,0,0.03864956299999989
10,0,0.03886567400000018,0,0,success,0,0,3,True,0,False,0,frontier_t0,68829184,0,10,66134016,73000007,76,True,9,0,10,branch,0,0,0.0,0,0.03888432099999761
10,0,0.03904692300000079,0,0,success,0,0,3,True,0,False,0,virtual_frontier,68829184,0,10,66134016,73000007,76,True,9,0,10,branch,0,0,0.0,0,0.039050985000002925
10,0,0.03874820500000098,0,0,success,0,0,3,True,0,False,0,task_virtual_frontier,68829184,0,10,66134016,73000007,76,True,9,0,10,branch,0,0,0.0,0,0.03875303999999602
8,0,0.029171760000000546,0,0,success,0,0,3,True,0,False,0,structural,68829184,0,8,66134016,73000007,76,True,10,0,8,branch,0,0,0.0,0,0.029175693999995644
8,0,0.029175135999999213,0,0,success,0,0,3,True,0,False,0,frontier_t0,68829184,0,8,66134016,73000007,76,True,10,0,8,branch,0,0,0.0,0,0.029180533000001674
8,0,0.04132389300000128,0,0,success,0,0,3,True,0,False,0,virtual_frontier,68829184,0,8,66134016,73000007,76,True,10,0,8,branch,0,0,0.0,0,0.04132826899999742
8,0,0.02846784600000163,0,0,success,0,0,3,True,0,False,0,task_virtual_frontier,68829184,0,8,66134016,73000007,76,True,10,0,8,branch,0,0,0.0,0,0.02847215300000272
10,0,0.03404986500000007,0,0,success,0,0,3,True,0,False,0,structural,68829184,0,10,66134016,73000007,76,True,11,0,10,branch,0,0,0.0,0,0.03405436499999581
10,0,0.034472955000001804,0,0,success,0,0,3,True,0,False,0,frontier_t0,68829184,0,10,66134016,73000007,76,True,11,0,10,branch,0,0,0.0,0,0.03447767299999782
10,0,0.03447959800000078,0,0,success,0,0,3,True,0,False,0,virtual_frontier,68829184,0,10,66134016,73000007,76,True,11,0,10,branch,0,0,0.0,0,0.03448449700000111
10,0,0.03424787499999837,0,0,success,0,0,3,True,0,False,0,task_virtual_frontier,68829184,0,10,66134016,73000007,76,True,11,0,10,branch,0,0,0.0,0,0.03425250400000124
23,0,0.06263080199999749,0,0,success,0,0,3,True,0,False,0,structural,68829184,0,23,66134016,73000008,71,True,0,0,23,sequence,0,0,0.0,0,0.06263562200000194
23,0,0.0615402060000001,0,0,success,0,0,3,True,0,False,0,frontier_t0,68829184,0,23,66134016,73000008,71,True,0,0,23,sequence,0,0,0.0,0,0.061544388000001504
23,0,0.06144245399999804,0,0,success,0,0,3,True,0,False,0,virtual_frontier,68829184,0,23,66134016,73000008,71,True,0,0,23,sequence,0,0,0.0,0,0.06153043299999439
23,0,0.061229257000000814,0,0,success,0,0,3,True,0,False,0,task_virtual_frontier,68829184,0,23,66134016,73000008,71,True,0,0,23,sequence,0,0,0.0,0,0.061253686999997115
17,0,0.09202846400000197,0,0,success,0,0,7,True,0,False,0,structural,68829184,0,17,66166784,73000008,71,True,1,0,17,all_of,0,0,0.0,0,0.0920327980000053
17,0,0.09323393399999702,0,0,success,0,0,7,True,0,False,0,frontier_t0,68829184,0,17,66166784,73000008,71,True,1,0,17,all_of,0,0,0.0,0,0.09325181000000526
17,0,0.10228866499999967,0,0,success,0,0,7,True,0,False,0,virtual_frontier,68829184,0,17,66166784,73000008,71,True,1,0,17,all_of,0,0,0.0,0,0.1022924560000007
17,0,0.09178235500000298,0,0,success,0,0,7,True,0,False,0,task_virtual_frontier,68829184,0,17,66166784,73000008,71,True,1,0,17,all_of,0,0,0.0,0,0.09178674000000342
12,0,0.02586685099999997,0,0,success,0,0,2,True,0,False,0,structural,68829184,0,12,66166784,73000008,71,True,2,0,12,condition_then,0,0,0.0,0,0.025885073000004866
12,0,0.025691885000000525,0,0,success,0,0,2,True,0,False,0,frontier_t0,68829184,0,12,66166784,73000008,71,True,2,0,12,condition_then,0,0,0.0,0,0.025695529000003603
12,0,0.02600293500000106,0,0,success,0,0,2,True,0,False,0,virtual_frontier,68829184,0,12,66166784,73000008,71,True,2,0,12,condition_then,0,0,0.0,0,0.02600686000000252
12,0,0.026084396999998205,0,0,success,0,0,2,True,0,False,0,task_virtual_frontier,68829184,0,12,66166784,73000008,71,True,2,0,12,condition_then,0,0,0.0,0,0.026088211000001138
3856,0,3.3431333280000004,3848,3848,success,0,0,3,True,0,False,0,structural,68829184,0,3856,67485696,73000008,81,True,3,0,3856,sequence,0,0,0.0,0,3.3436342850000003
205,0,0.2337205659999988,197,197,success,0,0,3,True,0,False,0,frontier_t0,68829184,0,205,67485696,73000008,81,True,3,0,205,sequence,0,0,0.0,0,0.23381319400000677
230,0,0.5788507610000018,222,222,success,0,0.09107342099984805,3,True,165,False,3.3306690738754696e-16,virtual_frontier,68829184,79,230,67485696,73000008,81,True,3,0,230,sequence,222,121,83.61261261261261,18562,0.578946086000002
230,0,0.5787982450000015,222,222,success,0,0.09079416399998763,3,True,165,False,3.3306690738754696e-16,task_virtual_frontier,68829184,79,230,67485696,73000008,81,True,3,0,230,sequence,222,121,83.61261261261261,18562,0.5789004020000021
3852,0,6.756155613000001,3848,3848,success,0,0,7,True,0,False,0,structural,68829184,0,3852,67510272,73000008,81,True,4,0,3852,all_of,0,0,0.0,0,6.756820129999994
195,0,0.3941441089999991,195,195,success,0,0,7,True,0,False,0,frontier_t0,68829184,0,195,67510272,73000008,81,True,4,0,195,all_of,0,0,0.0,0,0.3942404629999885
220,0,1.0409392840000002,220,220,success,0,0.12349815900006433,7,True,163,False,4.440892098500626e-16,virtual_frontier,68829184,276,220,67530752,73000008,81,True,4,192,220,all_of,220,448,167.7590909090909,36907,1.0410859969999962
220,0,0.7224446039999997,220,220,success,1,0.0993568660002353,7,True,163,True,6.661338147750939e-16,task_virtual_frontier,68829184,276,220,67530752,73000008,81,True,4,47,220,all_of,220,448,117.19545454545455,25783,0.7225503139999887
8,0,0.017165850000004923,0,0,success,0,0,2,True,0,False,0,structural,68829184,0,8,67530752,73000008,71,True,5,0,8,condition_then,0,0,0.0,0,0.017170033999988732
8,0,0.016854979999997965,0,0,success,0,0,2,True,0,False,0,frontier_t0,68829184,0,8,67530752,73000008,71,True,5,0,8,condition_then,0,0,0.0,0,0.016859310999990385
8,0,0.01757589599999676,0,0,success,0,0,2,True,0,False,0,virtual_frontier,68829184,0,8,67530752,73000008,71,True,5,0,8,condition_then,0,0,0.0,0,0.01758060800000294
8,0,0.017159549000005825,0,0,success,0,0,2,True,0,False,0,task_virtual_frontier,68829184,0,8,67530752,73000008,71,True,5,0,8,condition_then,0,0,0.0,0,0.017163459999991915
3154,0,2.9227509749999996,3147,3147,success,0,0,3,True,0,False,0,structural,68829184,0,3154,67530752,73000008,79,True,6,0,3154,sequence,0,0,0.0,0,2.923075374000007
123,0,0.23399962700000287,100,100,success,0,0,3,True,0,False,0,frontier_t0,68829184,0,123,67530752,73000008,78,True,6,0,123,sequence,0,0,0.0,0,0.23403770599999518
75,0,0.26476419000000107,52,52,success,0,0.027408040999972627,3,True,39,False,3.3306690738754696e-16,virtual_frontier,68829184,141,75,67530752,73000008,74,True,6,48,75,sequence,52,242,193.55769230769232,10065,0.2647674740000099
75,0,0.2761654010000001,52,52,success,0,0.02748705999994172,3,True,39,False,3.3306690738754696e-16,task_virtual_frontier,68829184,141,75,67530752,73000008,74,True,6,48,75,sequence,52,242,193.55769230769232,10065,0.2762175480000053
3145,0,3.208533777999996,3145,3145,success,0,0,7,True,0,False,0,structural,68829184,0,3145,67530752,73000008,79,True,7,0,3145,all_of,0,0,0.0,0,3.208837415000005
269,0,0.5629495020000022,263,263,success,0,0,7,True,0,False,0,frontier_t0,68829184,0,269,67530752,73000008,79,True,7,0,269,all_of,0,0,0.0,0,0.5629518119999943
242,0,1.1092945879999974,236,236,success,0,0.12944290300004013,7,True,174,False,4.440892098500626e-16,virtual_frontier,68829184,155,242,67534848,73000008,79,True,7,225,242,all_of,236,242,169.33474576271186,39963,1.1094888779999934
180,0,0.7899889879999975,174,174,success,1,0.09381712200003278,7,True,133,True,4.440892098500626e-16,task_virtual_frontier,68829184,155,180,67534848,73000008,79,True,7,163,180,all_of,174,242,187.59195402298852,32641,0.7900456240000011
9,0,0.01908218800000583,0,0,success,0,0,2,True,0,False,0,structural,68829184,0,9,67534848,73000008,71,True,8,0,9,condition_then,0,0,0.0,0,0.019086371000000213
9,0,0.018927689000001635,0,0,success,0,0,2,True,0,False,0,frontier_t0,68829184,0,9,67534848,73000008,71,True,8,0,9,condition_then,0,0,0.0,0,0.018932284000001687
9,0,0.019194996999999603,0,0,success,0,0,2,True,0,False,0,virtual_frontier,68829184,0,9,67534848,73000008,71,True,8,0,9,condition_then,0,0,0.0,0,0.019198840000001383
9,0,0.018988081999999906,0,0,success,0,0,2,True,0,False,0,task_virtual_frontier,68829184,0,9,67534848,73000008,71,True,8,0,9,condition_then,0,0,0.0,0,0.01899255499999697
7,0,0.021700564999996175,0,0,success,0,0,3,True,0,False,0,structural,68829184,0,7,67534848,73000008,71,True,9,0,7,branch,0,0,0.0,0,0.021722452000005887
7,0,0.021727744999999743,0,0,success,0,0,3,True,0,False,0,frontier_t0,68829184,0,7,67534848,73000008,71,True,9,0,7,branch,0,0,0.0,0,0.021732160000013323
7,0,0.021729018000002043,0,0,success,0,0,3,True,0,False,0,virtual_frontier,68829184,0,7,67534848,73000008,71,True,9,0,7,branch,0,0,0.0,0,0.021733582999999612
7,0,0.021772939999998187,0,0,success,0,0,3,True,0,False,0,task_virtual_frontier,68829184,0,7,67534848,73000008,71,True,9,0,7,branch,0,0,0.0,0,0.021777464999999552
10,0,0.027434988000003102,0,0,success,0,0,3,True,0,False,0,structural,68829184,0,10,67534848,73000008,71,True,10,0,10,branch,0,0,0.0,0,0.027439744000005817
10,0,0.027113808999999378,0,0,success,0,0,3,True,0,False,0,frontier_t0,68829184,0,10,67534848,73000008,71,True,10,0,10,branch,0,0,0.0,0,0.027117663000012726
10,0,0.027399703000000386,0,0,success,0,0,3,True,0,False,0,virtual_frontier,68829184,0,10,67534848,73000008,71,True,10,0,10,branch,0,0,0.0,0,0.02740417699999398
10,0,0.026842140999995934,0,0,success,0,0,3,True,0,False,0,task_virtual_frontier,68829184,0,10,67534848,73000008,71,True,10,0,10,branch,0,0,0.0,0,0.02684745099999475
6,0,0.017801837999996906,0,0,success,0,0,3,True,0,False,0,structural,68829184,0,6,67534848,73000008,71,True,11,0,6,branch,0,0,0.0,0,0.017845088000001397
6,0,0.017656105999996896,0,0,success,0,0,3,True,0,False,0,frontier_t0,68829184,0,6,67534848,73000008,71,True,11,0,6,branch,0,0,0.0,0,0.01766022400001077
6,0,0.01770499799999925,0,0,success,0,0,3,True,0,False,0,virtual_frontier,68829184,0,6,67534848,73000008,71,True,11,0,6,branch,0,0,0.0,0,0.017709104000005027
6,0,0.01775359700000223,0,0,success,0,0,3,True,0,False,0,task_virtual_frontier,68829184,0,6,67534848,73000008,71,True,11,0,6,branch,0,0,0.0,0,0.0177576049999999
13,0,0.008196388999998305,0,0,success,0,0,3,True,0,False,0,structural,68829184,0,13,67534848,73000009,20,True,0,0,13,sequence,0,0,0.0,0,0.008199947999997903
13,0,0.007899174000002063,0,0,success,0,0,3,True,0,False,0,frontier_t0,68829184,0,13,67534848,73000009,20,True,0,0,13,sequence,0,0,0.0,0,0.007901853000007009
13,0,0.007819664999999532,0,0,success,0,0,3,True,0,False,0,virtual_frontier,68829184,0,13,67534848,73000009,20,True,0,0,13,sequence,0,0,0.0,0,0.007822554999989961
13,0,0.007855182000000127,0,0,success,0,0,3,True,0,False,0,task_virtual_frontier,68829184,0,13,67534848,73000009,20,True,0,0,13,sequence,0,0,0.0,0,0.007857860000001438
11,0,0.006906501000003118,0,0,success,0,0,7,True,0,False,0,structural,68829184,0,11,67534848,73000009,20,True,1,0,11,all_of,0,0,0.0,0,0.006909404000012387
11,0,0.006839675999998462,0,0,success,0,0,7,True,0,False,0,frontier_t0,68829184,0,11,67534848,73000009,20,True,1,0,11,all_of,0,0,0.0,0,0.006842187999993143
11,0,0.0068962520000042105,0,0,success,0,0,7,True,0,False,0,virtual_frontier,68829184,0,11,67534848,73000009,20,True,1,0,11,all_of,0,0,0.0,0,0.006899345000007884
11,0,0.006913474000000974,0,0,success,0,0,7,True,0,False,0,task_virtual_frontier,68829184,0,11,67534848,73000009,20,True,1,0,11,all_of,0,0,0.0,0,0.006916316000001643
9,0,0.00511095000000239,0,0,success,0,0,2,True,0,False,0,structural,68829184,0,9,67534848,73000009,20,True,2,0,9,condition_then,0,0,0.0,0,0.005113437000005661
9,0,0.005150743999998042,0,0,success,0,0,2,True,0,False,0,frontier_t0,68829184,0,9,67534848,73000009,20,True,2,0,9,condition_then,0,0,0.0,0,0.005153442000008113
9,0,0.0051576369999963845,0,0,success,0,0,2,True,0,False,0,virtual_frontier,68829184,0,9,67534848,73000009,20,True,2,0,9,condition_then,0,0,0.0,0,0.005160685999996417
9,0,0.0050549959999983685,0,0,success,0,0,2,True,0,False,0,task_virtual_frontier,68829184,0,9,67534848,73000009,20,True,2,0,9,condition_then,0,0,0.0,0,0.0050576630000023215
12,0,0.007110031000003403,0,0,success,0,0,3,True,0,False,0,structural,68829184,0,12,67534848,73000009,20,True,3,0,12,sequence,0,0,0.0,0,0.0071131930000092325
12,0,0.006717147999999895,0,0,success,0,0,3,True,0,False,0,frontier_t0,68829184,0,12,67534848,73000009,20,True,3,0,12,sequence,0,0,0.0,0,0.0067199099999868395
12,0,0.00675591000000253,0,0,success,0,0,3,True,0,False,0,virtual_frontier,68829184,0,12,67534848,73000009,20,True,3,0,12,sequence,0,0,0.0,0,0.00675931299998922
12,0,0.0068207710000010024,0,0,success,0,0,3,True,0,False,0,task_virtual_frontier,68829184,0,12,67534848,73000009,20,True,3,0,12,sequence,0,0,0.0,0,0.006823683000007463
15,0,0.009211502999995957,0,0,success,0,0,7,True,0,False,0,structural,68829184,0,15,67534848,73000009,20,True,4,0,15,all_of,0,0,0.0,0,0.009214258000000086
15,0,0.009125481999994633,0,0,success,0,0,7,True,0,False,0,frontier_t0,68829184,0,15,67534848,73000009,20,True,4,0,15,all_of,0,0,0.0,0,0.009128297000003727
15,0,0.00906422799999973,0,0,success,0,0,7,True,0,False,0,virtual_frontier,68829184,0,15,67534848,73000009,20,True,4,0,15,all_of,0,0,0.0,0,0.009077541999999994
15,0,0.009070760999996708,0,0,success,0,0,7,True,0,False,0,task_virtual_frontier,68829184,0,15,67534848,73000009,20,True,4,0,15,all_of,0,0,0.0,0,0.009073645000000852
12,0,0.0067547280000042065,0,0,success,0,0,2,True,0,False,0,structural,68829184,0,12,67534848,73000009,20,True,5,0,12,condition_then,0,0,0.0,0,0.006758431999998038
12,0,0.006732627000005209,0,0,success,0,0,2,True,0,False,0,frontier_t0,68829184,0,12,67534848,73000009,20,True,5,0,12,condition_then,0,0,0.0,0,0.0067357100000009495
12,0,0.006718259999999532,0,0,success,0,0,2,True,0,False,0,virtual_frontier,68829184,0,12,67534848,73000009,20,True,5,0,12,condition_then,0,0,0.0,0,0.00672116299999459
12,0,0.006807667000003903,0,0,success,0,0,2,True,0,False,0,task_virtual_frontier,68829184,0,12,67534848,73000009,20,True,5,0,12,condition_then,0,0,0.0,0,0.006810048000005509
14,0,0.008566991000002133,0,0,success,0,0,3,True,0,False,0,structural,68829184,0,14,67534848,73000009,20,True,6,0,14,sequence,0,0,0.0,0,0.008569665999999643
14,0,0.008541121999996903,0,0,success,0,0,3,True,0,False,0,frontier_t0,68829184,0,14,67534848,73000009,20,True,6,0,14,sequence,0,0,0.0,0,0.008544408999995312
14,0,0.008453498999998033,0,0,success,0,0,3,True,0,False,0,virtual_frontier,68829184,0,14,67534848,73000009,20,True,6,0,14,sequence,0,0,0.0,0,0.008457518000000164
14,0,0.00858420299999807,0,0,success,0,0,3,True,0,False,0,task_virtual_frontier,68829184,0,14,67534848,73000009,20,True,6,0,14,sequence,0,0,0.0,0,0.008587239000007685
8,0,0.0055279380000001765,0,0,success,0,0,7,True,0,False,0,structural,68829184,0,8,67534848,73000009,20,True,7,0,8,all_of,0,0,0.0,0,0.005530844000006141
8,0,0.005516738000004295,0,0,success,0,0,7,True,0,False,0,frontier_t0,68829184,0,8,67534848,73000009,20,True,7,0,8,all_of,0,0,0.0,0,0.005519914000004178
8,0,0.005566300000005242,0,0,success,0,0,7,True,0,False,0,virtual_frontier,68829184,0,8,67534848,73000009,20,True,7,0,8,all_of,0,0,0.0,0,0.005569235999999478
8,0,0.005622334000001672,0,0,success,0,0,7,True,0,False,0,task_virtual_frontier,68829184,0,8,67534848,73000009,20,True,7,0,8,all_of,0,0,0.0,0,0.00562579199998936
8,0,0.004703790000000652,0,0,success,0,0,2,True,0,False,0,structural,68829184,0,8,67534848,73000009,20,True,8,0,8,condition_then,0,0,0.0,0,0.004706720000001496
8,0,0.004695083000001432,0,0,success,0,0,2,True,0,False,0,frontier_t0,68829184,0,8,67534848,73000009,20,True,8,0,8,condition_then,0,0,0.0,0,0.004697682999989183
8,0,0.004685795999996856,0,0,success,0,0,2,True,0,False,0,virtual_frontier,68829184,0,8,67534848,73000009,20,True,8,0,8,condition_then,0,0,0.0,0,0.004688745999999355
8,0,0.004781033000000434,0,0,success,0,0,2,True,0,False,0,task_virtual_frontier,68829184,0,8,67534848,73000009,20,True,8,0,8,condition_then,0,0,0.0,0,0.004783822999996801
8,0,0.004768890999997666,0,0,success,0,0,3,True,0,False,0,structural,68829184,0,8,67534848,73000009,20,True,9,0,8,branch,0,0,0.0,0,0.004771579999996334
8,0,0.004821157999998604,0,0,success,0,0,3,True,0,False,0,frontier_t0,68829184,0,8,67534848,73000009,20,True,9,0,8,branch,0,0,0.0,0,0.00482449799999074
8,0,0.004803606000002958,0,0,success,0,0,3,True,0,False,0,virtual_frontier,68829184,0,8,67534848,73000009,20,True,9,0,8,branch,0,0,0.0,0,0.004806836000000203
8,0,0.005081133000004456,0,0,success,0,0,3,True,0,False,0,task_virtual_frontier,68829184,0,8,67534848,73000009,20,True,9,0,8,branch,0,0,0.0,0,0.005084042000007116
7,0,0.003838394999995387,0,0,success,0,0,3,True,0,False,0,structural,68829184,0,7,67534848,73000009,20,True,10,0,7,branch,0,0,0.0,0,0.0038409459999968476
7,0,0.0038714760000004844,0,0,success,0,0,3,True,0,False,0,frontier_t0,68829184,0,7,67534848,73000009,20,True,10,0,7,branch,0,0,0.0,0,0.003873917999996479
7,0,0.0038810650000016267,0,0,success,0,0,3,True,0,False,0,virtual_frontier,68829184,0,7,67534848,73000009,20,True,10,0,7,branch,0,0,0.0,0,0.0038836459999913586
7,0,0.0038495249999996872,0,0,success,0,0,3,True,0,False,0,task_virtual_frontier,68829184,0,7,67534848,73000009,20,True,10,0,7,branch,0,0,0.0,0,0.003852227000010089
17,0,0.010012268000004099,0,0,success,0,0,3,True,0,False,0,structural,68829184,0,17,67534848,73000009,20,True,11,0,17,branch,0,0,0.0,0,0.0100156099999964
17,0,0.010067370999998104,0,0,success,0,0,3,True,0,False,0,frontier_t0,68829184,0,17,67534848,73000009,20,True,11,0,17,branch,0,0,0.0,0,0.010070702999996684
17,0,0.009959499000004257,0,0,success,0,0,3,True,0,False,0,virtual_frontier,68829184,0,17,67534848,73000009,20,True,11,0,17,branch,0,0,0.0,0,0.009963032000001704
17,0,0.0100282670000027,0,0,success,0,0,3,True,0,False,0,task_virtual_frontier,68829184,0,17,67534848,73000009,20,True,11,0,17,branch,0,0,0.0,0,0.010031550999997307
344,0,0.428716793,337,337,success,0,0,3,True,0,False,0,structural,63524864,0,344,63762432,73000010,83,True,0,0,344,sequence,0,0,0.0,0,0.4288124029999949
352,0,0.456935544,345,345,success,0,0,3,True,0,False,0,frontier_t0,63787008,0,352,64069632,73000010,85,True,0,0,352,sequence,0,0,0.0,0,0.4569430359999842
173,0,0.47499111400000005,166,166,success,0,0.07343282200002932,3,True,154,False,4.440892098500626e-16,virtual_frontier,63918080,130,173,64233472,73000010,84,True,0,21,173,sequence,166,370,189.17469879518072,31403,0.47507836799999836
143,0,0.3861755960000002,136,136,success,1,0.05966573199989966,3,True,129,True,6.661338147750939e-16,task_virtual_frontier,63918080,130,143,64233472,73000010,82,True,0,18,143,sequence,136,370,188.85294117647058,25684,0.38619916900000817
336,0,0.7024458390000001,336,336,success,0,0,7,True,0,False,0,structural,64049152,0,336,64237568,73000010,83,True,1,0,336,all_of,0,0,0.0,0,0.7025861749999933
344,0,0.6574498950000001,344,344,success,0,0,7,True,0,False,0,frontier_t0,64049152,0,344,64241664,73000010,85,True,1,0,344,all_of,0,0,0.0,0,0.6575034460000211
175,0,0.8514512769999998,166,166,success,0,0.10017503600005284,7,True,154,False,8.881784197001252e-16,virtual_frontier,64049152,258,175,64294912,73000010,84,True,1,143,175,all_of,166,740,377.13253012048193,62604,0.8516089799999804
145,0,0.6911471210000002,136,136,success,1,0.08144669099988278,7,True,129,True,6.661338147750939e-16,task_virtual_frontier,64049152,258,145,64299008,73000010,82,True,1,115,145,all_of,136,740,376.3382352941176,51182,0.6912201099999891
441,0,0.4281060480000001,441,441,success,0,0,2,True,0,False,0,structural,64049152,0,441,64299008,73000010,85,True,2,0,441,condition_then,0,0,0.0,0,0.4281723539999973
324,0,0.40705725599999987,324,324,success,0,0,2,True,0,False,0,frontier_t0,64049152,0,324,64303104,73000010,82,True,2,0,324,condition_then,0,0,0.0,0,0.40713028800001894
221,0,0.6263197799999993,221,221,success,0,0.09925410200011697,2,True,204,False,8.881784197001252e-16,virtual_frontier,64180224,123,221,64385024,73000010,85,True,2,21,221,condition_then,221,342,190.31674208144796,42060,0.6263926130000073
245,0,0.6980130390000001,245,245,success,1,0.10983986499996945,2,True,226,True,8.881784197001252e-16,task_virtual_frontier,64180224,123,245,64438272,73000010,85,True,2,13,245,condition_then,245,342,191.15510204081633,46833,0.6980472550000059
19,0,0.051967686000000235,1,1,success,0,0,3,True,0,False,0,structural,64180224,0,19,64446464,73000010,66,True,3,0,19,sequence,0,0,0.0,0,0.051970638000000235
19,0,0.058358256,1,1,success,0,0,3,True,0,False,0,frontier_t0,64180224,0,19,64446464,73000010,66,True,3,0,19,sequence,0,0,0.0,0,0.05836131699999214
19,0,0.05241958800000024,1,1,success,0,0.0002881300000012743,3,True,0,False,1.1102230246251565e-16,virtual_frontier,64180224,1,19,64446464,73000010,66,True,3,0,19,sequence,1,8,8.0,8,0.05242234499999654
19,0,0.05250806300000033,1,1,success,0,0.00027783999999542175,3,True,0,False,1.1102230246251565e-16,task_virtual_frontier,64180224,1,19,64446464,73000010,66,True,3,0,19,sequence,1,8,8.0,8,0.05252918399997952
1643,0,2.537601962,1643,1643,success,0,0,7,True,0,False,0,structural,65097728,0,1643,65294336,73000010,92,True,4,0,1643,all_of,0,0,0.0,0,2.5378477550000014
529,0,1.3868782720000006,529,529,success,0,0,7,True,0,False,0,frontier_t0,65097728,0,529,65294336,73000010,91,True,4,0,529,all_of,0,0,0.0,0,1.386946789999996
612,0,3.339198972,612,612,success,0,0.3714612520000742,7,True,532,False,8.881784197001252e-16,virtual_frontier,65228800,314,612,65511424,73000010,94,True,4,316,612,all_of,612,886,313.58169934640523,191912,3.339529139000007
611,0,3.1989311249999997,611,611,success,1,0.36482957900042834,7,True,530,True,8.881784197001252e-16,task_virtual_frontier,65753088,314,611,65708032,73000010,94,True,4,266,611,all_of,611,886,300.9770867430442,183897,3.1991607520000116
12,0,0.028121774999998905,1,1,success,0,0,2,True,0,False,0,structural,65753088,0,12,65531904,73000010,66,True,5,0,12,condition_then,0,0,0.0,0,0.028137645000015254
12,0,0.02779118899999844,1,1,success,0,0,2,True,0,False,0,frontier_t0,65753088,0,12,65531904,73000010,66,True,5,0,12,condition_then,0,0,0.0,0,0.02779396099998621
12,0,0.02817729000000213,1,1,success,0,0.000282819999995354,2,True,0,False,1.1102230246251565e-16,virtual_frontier,65753088,1,12,65531904,73000010,66,True,5,0,12,condition_then,1,8,8.0,8,0.028180325999983324
12,0,0.028212253999999604,1,1,success,0,0.0002615399999967849,2,True,0,False,1.1102230246251565e-16,task_virtual_frontier,65753088,1,12,65531904,73000010,66,True,5,0,12,condition_then,1,8,8.0,8,0.02821541099999081
18,0,0.0510569469999993,0,0,success,0,0,3,True,0,False,0,structural,65753088,0,18,65531904,73000010,65,True,6,0,18,sequence,0,0,0.0,0,0.051059992000006105
18,0,0.05113173499999846,0,0,success,0,0,3,True,0,False,0,frontier_t0,65753088,0,18,65531904,73000010,65,True,6,0,18,sequence,0,0,0.0,0,0.0511438390000194
18,0,0.05129553200000103,0,0,success,0,0,3,True,0,False,0,virtual_frontier,65753088,0,18,65531904,73000010,65,True,6,0,18,sequence,0,0,0.0,0,0.05130826699999602
18,0,0.050972069000000175,0,0,success,0,0,3,True,0,False,0,task_virtual_frontier,65753088,0,18,65531904,73000010,65,True,6,0,18,sequence,0,0,0.0,0,0.05097521199999733
13,0,0.05553589999999886,0,0,success,0,0,7,True,0,False,0,structural,65753088,0,13,65699840,73000010,65,True,7,0,13,all_of,0,0,0.0,0,0.055548358999999436
13,0,0.056045240999999635,0,0,success,0,0,7,True,0,False,0,frontier_t0,65753088,0,13,65699840,73000010,65,True,7,0,13,all_of,0,0,0.0,0,0.05604901699999232
13,0,0.05566509299999822,0,0,success,0,0,7,True,0,False,0,virtual_frontier,65753088,0,13,65699840,73000010,65,True,7,0,13,all_of,0,0,0.0,0,0.055668152999999165
13,0,0.05520858000000217,0,0,success,0,0,7,True,0,False,0,task_virtual_frontier,65753088,0,13,65699840,73000010,65,True,7,0,13,all_of,0,0,0.0,0,0.05521162799999502
10,0,0.023407592000001642,0,0,success,0,0,2,True,0,False,0,structural,65753088,0,10,65699840,73000010,65,True,8,0,10,condition_then,0,0,0.0,0,0.023410401000006686
10,0,0.023786289000000238,0,0,success,0,0,2,True,0,False,0,frontier_t0,65753088,0,10,65699840,73000010,65,True,8,0,10,condition_then,0,0,0.0,0,0.023788989999985688
10,0,0.02359106500000152,0,0,success,0,0,2,True,0,False,0,virtual_frontier,65753088,0,10,65699840,73000010,65,True,8,0,10,condition_then,0,0,0.0,0,0.023593734000002087
10,0,0.02347130100000072,0,0,success,0,0,2,True,0,False,0,task_virtual_frontier,65753088,0,10,65699840,73000010,65,True,8,0,10,condition_then,0,0,0.0,0,0.02348976900000821
10,0,0.02413560999999831,0,0,success,0,0,3,True,0,False,0,structural,65753088,0,10,65699840,73000010,65,True,9,0,10,branch,0,0,0.0,0,0.02413806399999885
10,0,0.024333630000000994,0,0,success,0,0,3,True,0,False,0,frontier_t0,65753088,0,10,65699840,73000010,65,True,9,0,10,branch,0,0,0.0,0,0.024336425000001327
10,0,0.024072172000000336,0,0,success,0,0,3,True,0,False,0,virtual_frontier,65753088,0,10,65699840,73000010,65,True,9,0,10,branch,0,0,0.0,0,0.024074775000002546
10,0,0.024323972000001248,0,0,success,0,0,3,True,0,False,0,task_virtual_frontier,65753088,0,10,65699840,73000010,65,True,9,0,10,branch,0,0,0.0,0,0.024327188000000888
11,0,0.030853311000001327,0,0,success,0,0,3,True,0,False,0,structural,65753088,0,11,65699840,73000010,65,True,10,0,11,branch,0,0,0.0,0,0.03085653799999477
11,0,0.030784212000000366,0,0,success,0,0,3,True,0,False,0,frontier_t0,65753088,0,11,65699840,73000010,65,True,10,0,11,branch,0,0,0.0,0,0.030787379000003057
11,0,0.030766338999999476,0,0,success,0,0,3,True,0,False,0,virtual_frontier,65753088,0,11,65699840,73000010,65,True,10,0,11,branch,0,0,0.0,0,0.030769164000020055
11,0,0.030617010000000278,0,0,success,0,0,3,True,0,False,0,task_virtual_frontier,65753088,0,11,65699840,73000010,65,True,10,0,11,branch,0,0,0.0,0,0.030619655000009516
8,0,0.023150071999999966,0,0,success,0,0,3,True,0,False,0,structural,65753088,0,8,65699840,73000010,65,True,11,0,8,branch,0,0,0.0,0,0.02315282799997931
8,0,0.023143650000001514,0,0,success,0,0,3,True,0,False,0,frontier_t0,65753088,0,8,65699840,73000010,65,True,11,0,8,branch,0,0,0.0,0,0.023146416000003
8,0,0.023161814000001613,0,0,success,0,0,3,True,0,False,0,virtual_frontier,65753088,0,8,65699840,73000010,65,True,11,0,8,branch,0,0,0.0,0,0.023164699999995264
8,0,0.023208630999999258,0,0,success,0,0,3,True,0,False,0,task_virtual_frontier,65753088,0,8,65699840,73000010,65,True,11,0,8,branch,0,0,0.0,0,0.02321132800000214
1374,0,1.262428914000001,1362,1362,success,0,0,3,True,0,False,0,structural,65753088,0,1374,65699840,73000011,79,True,0,0,1374,sequence,0,0,0.0,0,1.2626005620000171
220,0,0.2858334169999992,206,206,success,0,0,3,True,0,False,0,frontier_t0,65753088,0,220,65699840,73000011,79,True,0,0,220,sequence,0,0,0.0,0,0.2858389310000007
189,0,0.495151259,175,175,success,0,0.07287500299972294,3,True,121,False,4.440892098500626e-16,virtual_frontier,65753088,78,189,65699840,73000011,79,True,0,0,189,sequence,175,89,62.89142857142857,11006,0.4951670270000079
189,0,0.4951222340000001,175,175,success,0,0.07305903000019498,3,True,121,False,4.440892098500626e-16,task_virtual_frontier,65753088,78,189,65699840,73000011,79,True,0,0,189,sequence,175,89,62.89142857142857,11006,0.49517679600000974
1369,0,4.523279446,1362,1362,success,0,0,7,True,0,False,0,structural,65753088,0,1369,65699840,73000011,79,True,1,0,1369,all_of,0,0,0.0,0,4.523673045999999
210,0,0.7349660870000001,206,206,success,0,0,7,True,0,False,0,frontier_t0,65753088,0,210,65699840,73000011,79,True,1,0,210,all_of,0,0,0.0,0,0.7349941880000017
174,0,1.224638075999998,174,174,success,0,0.12309164599994915,7,True,120,False,8.881784197001252e-16,virtual_frontier,65753088,306,174,65896448,73000011,79,True,1,142,174,all_of,174,338,200.45977011494253,34880,1.224784661000001
174,0,1.1697684760000016,174,174,success,2,0.1200784129997885,7,True,120,True,8.881784197001252e-16,task_virtual_frontier,65753088,306,174,65896448,73000011,79,True,1,133,174,all_of,174,338,192.38505747126436,33475,1.1698332729999947
8,0,0.018425628999999333,0,0,success,0,0,2,True,0,False,0,structural,65753088,0,8,65896448,73000011,76,True,2,0,8,condition_then,0,0,0.0,0,0.018428534999998192
8,0,0.018265511000002732,0,0,success,0,0,2,True,0,False,0,frontier_t0,65753088,0,8,65896448,73000011,76,True,2,0,8,condition_then,0,0,0.0,0,0.018268184000021392
8,0,0.01834023999999701,0,0,success,0,0,2,True,0,False,0,virtual_frontier,65753088,0,8,65896448,73000011,76,True,2,0,8,condition_then,0,0,0.0,0,0.018342793999977403
8,0,0.018401625000002753,0,0,success,0,0,2,True,0,False,0,task_virtual_frontier,65753088,0,8,65896448,73000011,76,True,2,0,8,condition_then,0,0,0.0,0,0.018415360000005876
4096,0,3.7677447229999963,4096,4096,task_step_limit,0,0,0,False,0,False,0,structural,67289088,0,4096,67547136,73000011,79,False,3,0,4096,sequence,0,0,0.0,0,3.767978508999988
354,0,0.4628160440000002,341,341,success,0,0,3,True,0,False,0,frontier_t0,67289088,0,354,67547136,73000011,81,True,3,0,354,sequence,0,0,0.0,0,0.4628785149999999
222,0,0.5846922409999991,209,209,success,0,0.08696293199983529,3,True,153,False,4.440892098500626e-16,virtual_frontier,67289088,80,222,67547136,73000011,81,True,3,0,222,sequence,209,91,59.133971291866025,12359,0.5847423399999911
222,0,0.5826746060000048,209,209,success,0,0.08659011799994687,3,True,153,False,4.440892098500626e-16,task_virtual_frontier,67289088,80,222,67547136,73000011,81,True,3,0,222,sequence,209,91,59.133971291866025,12359,0.5827104859999963
4096,0,5.641220820999997,4096,4096,task_step_limit,0,0,6,False,0,False,0,structural,67420160,0,4096,67608576,73000011,79,False,4,0,4096,all_of,0,0,0.0,0,5.641734606999989
339,0,0.6649288650000003,339,339,success,0,0,7,True,0,False,0,frontier_t0,67420160,0,339,67608576,73000011,81,True,4,0,339,all_of,0,0,0.0,0,0.6649428380000018
207,0,0.985739996999996,207,207,success,0,0.1146031780000385,7,True,151,False,6.661338147750939e-16,virtual_frontier,67420160,308,207,67612672,73000011,81,True,4,103,207,all_of,207,360,135.84057971014494,28119,0.9858853239999803
203,0,0.9367773370000023,203,203,success,2,0.11111165199974948,7,True,149,True,6.661338147750939e-16,task_virtual_frontier,67420160,308,203,67612672,73000011,81,True,4,90,203,all_of,203,360,132.2512315270936,26847,0.9368159169999899
17,0,0.0437350189999961,0,0,success,0,0,2,True,0,False,0,structural,67420160,0,17,67612672,73000011,76,True,5,0,17,condition_then,0,0,0.0,0,0.043738523000001805
17,0,0.04390292600000123,0,0,success,0,0,2,True,0,False,0,frontier_t0,67420160,0,17,67612672,73000011,76,True,5,0,17,condition_then,0,0,0.0,0,0.04391946300000882
17,0,0.04440545899999648,0,0,success,0,0,2,True,0,False,0,virtual_frontier,67420160,0,17,67612672,73000011,76,True,5,0,17,condition_then,0,0,0.0,0,0.04440892299999177
17,0,0.043799438999997165,0,0,success,0,0,2,True,0,False,0,task_virtual_frontier,67420160,0,17,67612672,73000011,76,True,5,0,17,condition_then,0,0,0.0,0,0.043812252000009266
18,0,0.04816329900000227,0,0,success,0,0,3,True,0,False,0,structural,67420160,0,18,67612672,73000011,76,True,6,0,18,sequence,0,0,0.0,0,0.048178222999979425
18,0,0.04828277200000031,0,0,success,0,0,3,True,0,False,0,frontier_t0,67420160,0,18,67612672,73000011,76,True,6,0,18,sequence,0,0,0.0,0,0.04828589400000283
18,0,0.048760962999999435,0,0,success,0,0,3,True,0,False,0,virtual_frontier,67420160,0,18,67612672,73000011,76,True,6,0,18,sequence,0,0,0.0,0,0.04876396999998178
18,0,0.048251925000002416,0,0,success,0,0,3,True,0,False,0,task_virtual_frontier,67420160,0,18,67612672,73000011,76,True,6,0,18,sequence,0,0,0.0,0,0.048263050999992174
13,0,0.05100607100000332,0,0,success,0,0,7,True,0,False,0,structural,67420160,0,13,67633152,73000011,76,True,7,0,13,all_of,0,0,0.0,0,0.05101774199999909
13,0,0.0506751239999943,0,0,success,0,0,7,True,0,False,0,frontier_t0,67420160,0,13,67633152,73000011,76,True,7,0,13,all_of,0,0,0.0,0,0.05067811599997185
13,0,0.050911896999998874,0,0,success,0,0,7,True,0,False,0,virtual_frontier,67420160,0,13,67633152,73000011,76,True,7,0,13,all_of,0,0,0.0,0,0.050925478999999996
13,0,0.05118777100000216,0,0,success,0,0,7,True,0,False,0,task_virtual_frontier,67420160,0,13,67633152,73000011,76,True,7,0,13,all_of,0,0,0.0,0,0.05120019299999967
4096,0,3.781943231999996,4096,4096,task_step_limit,0,0,1,False,0,False,0,structural,67420160,0,4096,67645440,73000011,79,False,8,0,4096,condition_then,0,0,0.0,0,3.782204544000024
328,0,0.45685290999999495,328,328,success,0,0,2,True,0,False,0,frontier_t0,67420160,0,328,67645440,73000011,81,True,8,0,328,condition_then,0,0,0.0,0,0.45693095199999334
209,0,0.6379371680000006,209,209,success,0,0.09426451099983524,2,True,147,False,1.1102230246251565e-15,virtual_frontier,67420160,127,209,67645440,73000011,81,True,8,81,209,condition_then,209,139,74.22966507177034,15514,0.6379700319999984
199,0,0.604065667999997,199,199,success,2,0.08951138200052355,2,True,140,True,1.1102230246251565e-15,task_virtual_frontier,67420160,127,199,67645440,73000011,81,True,8,74,199,condition_then,199,139,75.12562814070351,14950,0.6040919480000184
13,0,0.03942878699999852,4,4,success,0,0,3,True,0,False,0,structural,67420160,0,13,67645440,73000011,79,True,9,0,13,branch,0,0,0.0,0,0.03944633500003647
13,0,0.03329189000000099,4,4,success,0,0,3,True,0,False,0,frontier_t0,67420160,0,13,67645440,73000011,79,True,9,0,13,branch,0,0,0.0,0,0.03329494199999772
13,0,0.03516993299999882,4,4,success,0,0.0010241600000426843,3,True,2,False,1.1102230246251565e-16,virtual_frontier,67420160,1,13,67645440,73000011,79,True,9,0,13,branch,4,6,5.75,23,0.03519502099999272
13,0,0.03503897799999578,4,4,success,0,0.0009941420000814105,3,True,2,False,1.1102230246251565e-16,task_virtual_frontier,67420160,1,13,67645440,73000011,79,True,9,0,13,branch,4,6,5.75,23,0.035051833000011356
9,0,0.02848171699999824,0,0,success,0,0,3,True,0,False,0,structural,67420160,0,9,67645440,73000011,76,True,10,0,9,branch,0,0,0.0,0,0.028484650999985206
9,0,0.02861646799999562,0,0,success,0,0,3,True,0,False,0,frontier_t0,67420160,0,9,67645440,73000011,76,True,10,0,9,branch,0,0,0.0,0,0.02861941300000126
9,0,0.028884658999999147,0,0,success,0,0,3,True,0,False,0,virtual_frontier,67420160,0,9,67645440,73000011,76,True,10,0,9,branch,0,0,0.0,0,0.02888804600002004
9,0,0.028439677999998025,0,0,success,0,0,3,True,0,False,0,task_virtual_frontier,67420160,0,9,67645440,73000011,76,True,10,0,9,branch,0,0,0.0,0,0.028462397999987843
6,0,0.020037465999998005,0,0,success,0,0,3,True,0,False,0,structural,67420160,0,6,67645440,73000011,76,True,11,0,6,branch,0,0,0.0,0,0.020039980999968066
6,0,0.020008250999993038,0,0,success,0,0,3,True,0,False,0,frontier_t0,67420160,0,6,67645440,73000011,76,True,11,0,6,branch,0,0,0.0,0,0.02001881199998934
6,0,0.020016005999998754,0,0,success,0,0,3,True,0,False,0,virtual_frontier,67420160,0,6,67645440,73000011,76,True,11,0,6,branch,0,0,0.0,0,0.020018631000027653
6,0,0.019973115999995628,0,0,success,0,0,3,True,0,False,0,task_virtual_frontier,67420160,0,6,67645440,73000011,76,True,11,0,6,branch,0,0,0.0,0,0.01997576100001197
19,0,0.027891115000002742,0,0,success,0,0,3,True,0,False,0,structural,67420160,0,19,67645440,73000013,37,True,0,0,19,sequence,0,0,0.0,0,0.027894123999999465
19,0,0.027730496000003768,0,0,success,0,0,3,True,0,False,0,frontier_t0,67420160,0,19,67645440,73000013,37,True,0,0,19,sequence,0,0,0.0,0,0.0277488159999848
19,0,0.027474939000001086,0,0,success,0,0,3,True,0,False,0,virtual_frontier,67420160,0,19,67645440,73000013,37,True,0,0,19,sequence,0,0,0.0,0,0.027477787999998782
19,0,0.02812870900000064,0,0,success,0,0,3,True,0,False,0,task_virtual_frontier,67420160,0,19,67645440,73000013,37,True,0,0,19,sequence,0,0,0.0,0,0.028131615000006605
16,0,0.04111423999999886,0,0,success,0,0,7,True,0,False,0,structural,67420160,0,16,67645440,73000013,37,True,1,0,16,all_of,0,0,0.0,0,0.041117356000029304
16,0,0.041173951999994074,0,0,success,0,0,7,True,0,False,0,frontier_t0,67420160,0,16,67645440,73000013,37,True,1,0,16,all_of,0,0,0.0,0,0.041177008000033766
16,0,0.04125477399999511,0,0,success,0,0,7,True,0,False,0,virtual_frontier,67420160,0,16,67645440,73000013,37,True,1,0,16,all_of,0,0,0.0,0,0.04127340900004128
16,0,0.04139031599999754,0,0,success,0,0,7,True,0,False,0,task_virtual_frontier,67420160,0,16,67645440,73000013,37,True,1,0,16,all_of,0,0,0.0,0,0.04139336399998683
7,0,0.007845734999996523,0,0,success,0,0,2,True,0,False,0,structural,67420160,0,7,67645440,73000013,37,True,2,0,7,condition_then,0,0,0.0,0,0.007848402999968584
7,0,0.0076240709999950695,0,0,success,0,0,2,True,0,False,0,frontier_t0,67420160,0,7,67645440,73000013,37,True,2,0,7,condition_then,0,0,0.0,0,0.007626737999999023
7,0,0.007668374000004974,0,0,success,0,0,2,True,0,False,0,virtual_frontier,67420160,0,7,67645440,73000013,37,True,2,0,7,condition_then,0,0,0.0,0,0.007671030999972572
7,0,0.007600067000005595,0,0,success,0,0,2,True,0,False,0,task_virtual_frontier,67420160,0,7,67645440,73000013,37,True,2,0,7,condition_then,0,0,0.0,0,0.007602681999969718
15,0,0.02144091400000292,0,0,success,0,0,3,True,0,False,0,structural,67420160,0,15,67645440,73000013,37,True,3,0,15,sequence,0,0,0.0,0,0.02144371899998987
15,0,0.021415165000000513,0,0,success,0,0,3,True,0,False,0,frontier_t0,67420160,0,15,67645440,73000013,37,True,3,0,15,sequence,0,0,0.0,0,0.021417960000007952
15,0,0.021458125999998856,0,0,success,0,0,3,True,0,False,0,virtual_frontier,67420160,0,15,67645440,73000013,37,True,3,0,15,sequence,0,0,0.0,0,0.021460991000026297
15,0,0.021391121000000624,0,0,success,0,0,3,True,0,False,0,task_virtual_frontier,67420160,0,15,67645440,73000013,37,True,3,0,15,sequence,0,0,0.0,0,0.02140228000001798
11,0,0.028082091999998227,0,0,success,0,0,7,True,0,False,0,structural,67420160,0,11,67645440,73000013,37,True,4,0,11,all_of,0,0,0.0,0,0.028084927000008975
11,0,0.027570928000002937,0,0,success,0,0,7,True,0,False,0,frontier_t0,67420160,0,11,67645440,73000013,37,True,4,0,11,all_of,0,0,0.0,0,0.027573767999967913
11,0,0.02771674000000246,0,0,success,0,0,7,True,0,False,0,virtual_frontier,67420160,0,11,67645440,73000013,37,True,4,0,11,all_of,0,0,0.0,0,0.02771976200000381
11,0,0.0280126420000002,0,0,success,0,0,7,True,0,False,0,task_virtual_frontier,67420160,0,11,67645440,73000013,37,True,4,0,11,all_of,0,0,0.0,0,0.028016207999996823
9,0,0.009863138000000049,0,0,success,0,0,2,True,0,False,0,structural,67420160,0,9,67645440,73000013,37,True,5,0,9,condition_then,0,0,0.0,0,0.009865827999988142
9,0,0.009755275999999924,0,0,success,0,0,2,True,0,False,0,frontier_t0,67420160,0,9,67645440,73000013,37,True,5,0,9,condition_then,0,0,0.0,0,0.009757864999983212
9,0,0.0097187880000007,0,0,success,0,0,2,True,0,False,0,virtual_frontier,67420160,0,9,67645440,73000013,37,True,5,0,9,condition_then,0,0,0.0,0,0.009721428000034393
9,0,0.009795091000000866,0,0,success,0,0,2,True,0,False,0,task_virtual_frontier,67420160,0,9,67645440,73000013,37,True,5,0,9,condition_then,0,0,0.0,0,0.00979771999999457
15,0,0.021239940000000956,0,0,success,0,0,3,True,0,False,0,structural,67420160,0,15,67645440,73000013,37,True,6,0,15,sequence,0,0,0.0,0,0.021251859000017248
15,0,0.02119099800000157,0,0,success,0,0,3,True,0,False,0,frontier_t0,67420160,0,15,67645440,73000013,37,True,6,0,15,sequence,0,0,0.0,0,0.021193799999991825
15,0,0.021265796999998088,0,0,success,0,0,3,True,0,False,0,virtual_frontier,67420160,0,15,67645440,73000013,37,True,6,0,15,sequence,0,0,0.0,0,0.021268700000007357
15,0,0.021241562000000158,0,0,success,0,0,3,True,0,False,0,task_virtual_frontier,67420160,0,15,67645440,73000013,37,True,6,0,15,sequence,0,0,0.0,0,0.021244174000003113
11,0,0.029002638999998,0,0,success,0,0,7,True,0,False,0,structural,67420160,0,11,67645440,73000013,37,True,7,0,11,all_of,0,0,0.0,0,0.029005163000022094
11,0,0.02901410099999424,0,0,success,0,0,7,True,0,False,0,frontier_t0,67420160,0,11,67645440,73000013,37,True,7,0,11,all_of,0,0,0.0,0,0.02901667600002611
11,0,0.029030259999998975,0,0,success,0,0,7,True,0,False,0,virtual_frontier,67420160,0,11,67645440,73000013,37,True,7,0,11,all_of,0,0,0.0,0,0.02903300599996328
11,0,0.029061218000002498,0,0,success,0,0,7,True,0,False,0,task_virtual_frontier,67420160,0,11,67645440,73000013,37,True,7,0,11,all_of,0,0,0.0,0,0.029064003999963006
12,0,0.01280284100000273,0,0,success,0,0,2,True,0,False,0,structural,67420160,0,12,67645440,73000013,37,True,8,0,12,condition_then,0,0,0.0,0,0.012805522999997265
12,0,0.012836673999998993,0,0,success,0,0,2,True,0,False,0,frontier_t0,67420160,0,12,67645440,73000013,37,True,8,0,12,condition_then,0,0,0.0,0,0.012839326999994682
12,0,0.012928195000000642,0,0,success,0,0,2,True,0,False,0,virtual_frontier,67420160,0,12,67645440,73000013,37,True,8,0,12,condition_then,0,0,0.0,0,0.012930718000006891
12,0,0.012873392999999567,0,0,success,0,0,2,True,0,False,0,task_virtual_frontier,67420160,0,12,67645440,73000013,37,True,8,0,12,condition_then,0,0,0.0,0,0.012876457000004393
6,0,0.008895813000002306,0,0,success,0,0,3,True,0,False,0,structural,67420160,0,6,67645440,73000013,37,True,9,0,6,branch,0,0,0.0,0,0.008898483999985274
6,0,0.008863955000002477,0,0,success,0,0,3,True,0,False,0,frontier_t0,67420160,0,6,67645440,73000013,37,True,9,0,6,branch,0,0,0.0,0,0.008874980000030064
6,0,0.008839448999999888,0,0,success,0,0,3,True,0,False,0,virtual_frontier,67420160,0,6,67645440,73000013,37,True,9,0,6,branch,0,0,0.0,0,0.008841996999990442
6,0,0.008875575000004687,0,0,success,0,0,3,True,0,False,0,task_virtual_frontier,67420160,0,6,67645440,73000013,37,True,9,0,6,branch,0,0,0.0,0,0.008878234999997403
11,0,0.013487427999997692,0,0,success,0,0,3,True,0,False,0,structural,67420160,0,11,67645440,73000013,37,True,10,0,11,branch,0,0,0.0,0,0.013490208000007442
11,0,0.01341046499999976,0,0,success,0,0,3,True,0,False,0,frontier_t0,67420160,0,11,67645440,73000013,37,True,10,0,11,branch,0,0,0.0,0,0.013412992999974449
11,0,0.013528424999996957,0,0,success,0,0,3,True,0,False,0,virtual_frontier,67420160,0,11,67645440,73000013,37,True,10,0,11,branch,0,0,0.0,0,0.01353144499995551
11,0,0.013646204999993472,0,0,success,0,0,3,True,0,False,0,task_virtual_frontier,67420160,0,11,67645440,73000013,37,True,10,0,11,branch,0,0,0.0,0,0.013649056000019755
6,0,0.0066454359999994495,0,0,success,0,0,3,True,0,False,0,structural,67420160,0,6,67645440,73000013,37,True,11,0,6,branch,0,0,0.0,0,0.006648111999993489
6,0,0.006652889999998024,0,0,success,0,0,3,True,0,False,0,frontier_t0,67420160,0,6,67645440,73000013,37,True,11,0,6,branch,0,0,0.0,0,0.006655636000004961
6,0,0.006648331000000951,0,0,success,0,0,3,True,0,False,0,virtual_frontier,67420160,0,6,67645440,73000013,37,True,11,0,6,branch,0,0,0.0,0,0.006651317999967432
6,0,0.0066017739999963965,0,0,success,0,0,3,True,0,False,0,task_virtual_frontier,67420160,0,6,67645440,73000013,37,True,11,0,6,branch,0,0,0.0,0,0.006604569999979049
12,0,0.006669259999995347,0,0,success,0,0,3,True,0,False,0,structural,67420160,0,12,67645440,73000014,18,True,0,0,12,sequence,0,0,0.0,0,0.006671776000018781
12,0,0.006530582000003449,0,0,success,0,0,3,True,0,False,0,frontier_t0,67420160,0,12,67645440,73000014,18,True,0,0,12,sequence,0,0,0.0,0,0.0065332660000194664
12,0,0.006525742999997419,0,0,success,0,0,3,True,0,False,0,virtual_frontier,67420160,0,12,67645440,73000014,18,True,0,0,12,sequence,0,0,0.0,0,0.0065283569999792235
12,0,0.006438119000002018,0,0,success,0,0,3,True,0,False,0,task_virtual_frontier,67420160,0,12,67645440,73000014,18,True,0,0,12,sequence,0,0,0.0,0,0.006440752999992583
8,0,0.004403614000004552,0,0,success,0,0,7,True,0,False,0,structural,67420160,0,8,67645440,73000014,18,True,1,0,8,all_of,0,0,0.0,0,0.004406195999990814
8,0,0.00435532400000227,0,0,success,0,0,7,True,0,False,0,frontier_t0,67420160,0,8,67645440,73000014,18,True,1,0,8,all_of,0,0,0.0,0,0.0043579759999943235
8,0,0.004470498000003431,0,0,success,0,0,7,True,0,False,0,virtual_frontier,67420160,0,8,67645440,73000014,18,True,1,0,8,all_of,0,0,0.0,0,0.004473080999957801
8,0,0.0044514930000048025,0,0,success,0,0,7,True,0,False,0,task_virtual_frontier,67420160,0,8,67645440,73000014,18,True,1,0,8,all_of,0,0,0.0,0,0.0044679719999862755
8,0,0.004299719999998786,0,0,success,0,0,2,True,0,False,0,structural,67420160,0,8,67645440,73000014,18,True,2,0,8,condition_then,0,0,0.0,0,0.004302391000010175
8,0,0.004235139000002164,0,0,success,0,0,2,True,0,False,0,frontier_t0,67420160,0,8,67645440,73000014,18,True,2,0,8,condition_then,0,0,0.0,0,0.004237750000015694
8,0,0.0041917389999994725,0,0,success,0,0,2,True,0,False,0,virtual_frontier,67420160,0,8,67645440,73000014,18,True,2,0,8,condition_then,0,0,0.0,0,0.004194327999982761
8,0,0.004162283000006539,0,0,success,0,0,2,True,0,False,0,task_virtual_frontier,67420160,0,8,67645440,73000014,18,True,2,0,8,condition_then,0,0,0.0,0,0.00416488399997661
15,0,0.008397633999997822,0,0,success,0,0,3,True,0,False,0,structural,67420160,0,15,67645440,73000014,18,True,3,0,15,sequence,0,0,0.0,0,0.008401050999964355
15,0,0.008496389000001159,0,0,success,0,0,3,True,0,False,0,frontier_t0,67420160,0,15,67645440,73000014,18,True,3,0,15,sequence,0,0,0.0,0,0.008499125000014374
15,0,0.008599129999993238,0,0,success,0,0,3,True,0,False,0,virtual_frontier,67420160,0,15,67645440,73000014,18,True,3,0,15,sequence,0,0,0.0,0,0.008601797000039824
15,0,0.008428802999993934,0,0,success,0,0,3,True,0,False,0,task_virtual_frontier,67420160,0,15,67645440,73000014,18,True,3,0,15,sequence,0,0,0.0,0,0.008431518000008964
9,0,0.005314052999999319,0,0,success,0,0,7,True,0,False,0,structural,67420160,0,9,67645440,73000014,18,True,4,0,9,all_of,0,0,0.0,0,0.005316483999990851
9,0,0.005287713000001304,0,0,success,0,0,7,True,0,False,0,frontier_t0,67420160,0,9,67645440,73000014,18,True,4,0,9,all_of,0,0,0.0,0,0.0052903350000406135
9,0,0.005312338999999611,0,0,success,0,0,7,True,0,False,0,virtual_frontier,67420160,0,9,67645440,73000014,18,True,4,0,9,all_of,0,0,0.0,0,0.005315642000027765
9,0,0.005280288999998106,0,0,success,0,0,7,True,0,False,0,task_virtual_frontier,67420160,0,9,67645440,73000014,18,True,4,0,9,all_of,0,0,0.0,0,0.005282899999997426
5,0,0.002656075000004421,0,0,success,0,0,2,True,0,False,0,structural,67420160,0,5,67645440,73000014,18,True,5,0,5,condition_then,0,0,0.0,0,0.002658716999974331
5,0,0.0026773450000021626,0,0,success,0,0,2,True,0,False,0,frontier_t0,67420160,0,5,67645440,73000014,18,True,5,0,5,condition_then,0,0,0.0,0,0.0026799780000033024
5,0,0.0026654919999984372,0,0,success,0,0,2,True,0,False,0,virtual_frontier,67420160,0,5,67645440,73000014,18,True,5,0,5,condition_then,0,0,0.0,0,0.0026681350000217208
5,0,0.002655452999995589,0,0,success,0,0,2,True,0,False,0,task_virtual_frontier,67420160,0,5,67645440,73000014,18,True,5,0,5,condition_then,0,0,0.0,0,0.002657906000024468
11,0,0.006051066999994248,0,0,success,0,0,3,True,0,False,0,structural,67420160,0,11,67645440,73000014,18,True,6,0,11,sequence,0,0,0.0,0,0.006053715999996712
11,0,0.005920373999998674,0,0,success,0,0,3,True,0,False,0,frontier_t0,67420160,0,11,67645440,73000014,18,True,6,0,11,sequence,0,0,0.0,0,0.005923052000014195
11,0,0.006067827999999054,0,0,success,0,0,3,True,0,False,0,virtual_frontier,67420160,0,11,67645440,73000014,18,True,6,0,11,sequence,0,0,0.0,0,0.006070367999996051
11,0,0.005897660999998777,0,0,success,0,0,3,True,0,False,0,task_virtual_frontier,67420160,0,11,67645440,73000014,18,True,6,0,11,sequence,0,0,0.0,0,0.005900660000008884
8,0,0.0045302899999981605,0,0,success,0,0,7,True,0,False,0,structural,67420160,0,8,67645440,73000014,18,True,7,0,8,all_of,0,0,0.0,0,0.004532863999997971
8,0,0.004444460999998512,0,0,success,0,0,7,True,0,False,0,frontier_t0,67420160,0,8,67645440,73000014,18,True,7,0,8,all_of,0,0,0.0,0,0.004447173000016846
8,0,0.004372345999996696,0,0,success,0,0,7,True,0,False,0,virtual_frontier,67420160,0,8,67645440,73000014,18,True,7,0,8,all_of,0,0,0.0,0,0.004375026999980491
8,0,0.004527083999995796,0,0,success,0,0,7,True,0,False,0,task_virtual_frontier,67420160,0,8,67645440,73000014,18,True,7,0,8,all_of,0,0,0.0,0,0.004529697999998916
8,0,0.0042145219999980554,0,0,success,0,0,2,True,0,False,0,structural,67420160,0,8,67645440,73000014,18,True,8,0,8,condition_then,0,0,0.0,0,0.004217241999981525
8,0,0.004214421000000357,0,0,success,0,0,2,True,0,False,0,frontier_t0,67420160,0,8,67645440,73000014,18,True,8,0,8,condition_then,0,0,0.0,0,0.004217052000001331
8,0,0.004216655999996988,0,0,success,0,0,2,True,0,False,0,virtual_frontier,67420160,0,8,67645440,73000014,18,True,8,0,8,condition_then,0,0,0.0,0,0.004219255000009525
8,0,0.004225132000001963,0,0,success,0,0,2,True,0,False,0,task_virtual_frontier,67420160,0,8,67645440,73000014,18,True,8,0,8,condition_then,0,0,0.0,0,0.004227710999998635
8,0,0.004521885000002612,0,0,success,0,0,3,True,0,False,0,structural,67420160,0,8,67645440,73000014,18,True,9,0,8,branch,0,0,0.0,0,0.0045245080000313465
8,0,0.004416849000001832,0,0,success,0,0,3,True,0,False,0,frontier_t0,67420160,0,8,67645440,73000014,18,True,9,0,8,branch,0,0,0.0,0,0.004419450999989749
8,0,0.004403152999998383,0,0,success,0,0,3,True,0,False,0,virtual_frontier,67420160,0,8,67645440,73000014,18,True,9,0,8,branch,0,0,0.0,0,0.004405835000000025
8,0,0.004394105999999454,0,0,success,0,0,3,True,0,False,0,task_virtual_frontier,67420160,0,8,67645440,73000014,18,True,9,0,8,branch,0,0,0.0,0,0.004404473000022335
9,0,0.005308902999999532,0,0,success,0,0,3,True,0,False,0,structural,67420160,0,9,67645440,73000014,18,True,10,0,9,branch,0,0,0.0,0,0.005311704999996891
9,0,0.005228042000005928,0,0,success,0,0,3,True,0,False,0,frontier_t0,67420160,0,9,67645440,73000014,18,True,10,0,9,branch,0,0,0.0,0,0.005230742999970062
9,0,0.005245354000003033,0,0,success,0,0,3,True,0,False,0,virtual_frontier,67420160,0,9,67645440,73000014,18,True,10,0,9,branch,0,0,0.0,0,0.005247945000007803
9,0,0.005320623999999441,0,0,success,0,0,3,True,0,False,0,task_virtual_frontier,67420160,0,9,67645440,73000014,18,True,10,0,9,branch,0,0,0.0,0,0.005323325999995632
7,0,0.004601053000001798,0,0,success,0,0,3,True,0,False,0,structural,67420160,0,7,67645440,73000014,18,True,11,0,7,branch,0,0,0.0,0,0.004603907999978674
7,0,0.00463555700000029,0,0,success,0,0,3,True,0,False,0,frontier_t0,67420160,0,7,67645440,73000014,18,True,11,0,7,branch,0,0,0.0,0,0.004638112000009187
7,0,0.004578120000005015,0,0,success,0,0,3,True,0,False,0,virtual_frontier,67420160,0,7,67645440,73000014,18,True,11,0,7,branch,0,0,0.0,0,0.0045807230000036725
7,0,0.004580573999994897,0,0,success,0,0,3,True,0,False,0,task_virtual_frontier,67420160,0,7,67645440,73000014,18,True,11,0,7,branch,0,0,0.0,0,0.004583287999992081
418,0,0.625001356,407,407,success,0,0,3,True,0,False,0,structural,64303104,0,418,64466944,73000015,178,True,0,0,418,sequence,0,0,0.0,0,0.6250876530000014
574,0,1.1055323449999999,563,563,success,0,0,3,True,0,False,0,frontier_t0,65089536,0,574,65224704,73000015,179,True,0,0,574,sequence,0,0,0.0,0,1.1056069710000003
431,0,1.650974567,420,420,success,0,0.2349569489999368,3,True,403,False,6.661338147750939e-16,virtual_frontier,65482752,179,431,65654784,73000015,180,True,0,0,431,sequence,420,507,319.0571428571429,134004,1.6511967120000008
431,0,1.641103819,420,420,success,0,0.2341483269999287,3,True,403,False,6.661338147750939e-16,task_virtual_frontier,65482752,179,431,65662976,73000015,180,True,0,0,431,sequence,420,507,319.0571428571429,134004,1.641302826999997
406,0,0.866255121,406,406,success,0,0,7,True,0,False,0,structural,65482752,0,406,65662976,73000015,178,True,1,0,406,all_of,0,0,0.0,0,0.8664421929999975
562,0,1.361969362,562,562,success,0,0,7,True,0,False,0,frontier_t0,65482752,0,562,65662976,73000015,179,True,1,0,562,all_of,0,0,0.0,0,1.362285123999996
419,0,2.281224351999999,419,419,success,0,0.29286245099998354,7,True,402,False,1.3322676295501878e-15,virtual_frontier,65744896,297,419,65847296,73000015,180,True,1,160,419,all_of,419,908,457.33651551312647,191624,2.2816436530000033
418,0,2.258267715999999,418,418,success,1,0.28031040000000473,7,True,398,True,1.3322676295501878e-15,task_virtual_frontier,65871872,297,418,66154496,73000015,180,True,1,158,418,all_of,418,908,455.83014354066984,190537,2.258602329999995
268,0,0.32015261599999967,268,268,success,0,0,2,True,0,False,0,structural,65871872,0,268,65507328,73000015,158,True,2,0,268,condition_then,0,0,0.0,0,0.32016510500000095
268,0,0.37874369899999927,268,268,success,0,0,2,True,0,False,0,frontier_t0,65871872,0,268,65507328,73000015,158,True,2,0,268,condition_then,0,0,0.0,0,0.37879088400000427
268,0,0.8806252810000004,268,268,success,0,0.13681855800000875,2,True,256,False,1.1102230246251565e-15,virtual_frontier,65871872,157,268,65507328,73000015,158,True,2,0,268,condition_then,268,480,269.85820895522386,72322,0.8807474749999997
268,0,0.8760432829999996,268,268,success,0,0.13608791799997277,2,True,256,False,1.1102230246251565e-15,task_virtual_frontier,65871872,157,268,65507328,73000015,158,True,2,0,268,condition_then,268,480,269.85820895522386,72322,0.8761782110000027
386,0,0.6196252369999993,372,372,success,0,0,3,True,0,False,0,structural,65871872,0,386,65654784,73000015,167,True,3,0,386,sequence,0,0,0.0,0,0.6196514949999994
512,0,0.8924112449999999,510,510,success,0,0,3,True,0,False,0,frontier_t0,65871872,0,512,65654784,73000015,166,True,3,0,512,sequence,0,0,0.0,0,0.8925796410000046
386,0,1.4828064879999978,372,372,success,0,0.20753166899995534,3,True,341,False,7.771561172376096e-16,virtual_frontier,65871872,164,386,65654784,73000015,167,True,3,0,386,sequence,372,452,299.33870967741933,111354,1.482944500000002
386,0,1.4813495870000004,372,372,success,0,0.20733761399996808,3,True,341,False,7.771561172376096e-16,task_virtual_frontier,65871872,164,386,65654784,73000015,167,True,3,0,386,sequence,372,452,299.33870967741933,111354,1.481428765000004
378,0,1.1052143689999987,372,372,success,0,0,7,True,0,False,0,structural,65871872,0,378,65654784,73000015,167,True,4,0,378,all_of,0,0,0.0,0,1.1053370759999979
518,0,1.77756458,510,510,success,0,0,7,True,0,False,0,frontier_t0,65871872,0,518,65662976,73000015,166,True,4,0,518,all_of,0,0,0.0,0,1.7777451779999964
378,0,2.703433258999997,372,372,success,0,0.30806199799999234,7,True,341,False,1.7763568394002505e-15,virtual_frontier,66002944,327,378,66129920,73000015,167,True,4,295,378,all_of,372,902,595.4677419354839,221514,2.7036394299999955
378,0,2.706462189,372,372,success,0,0.3054958659999727,7,True,341,False,1.7763568394002505e-15,task_virtual_frontier,66002944,327,378,66129920,73000015,167,True,4,295,378,all_of,372,902,595.4677419354839,221514,2.706600026000004
489,0,0.7629812499999993,489,489,success,0,0,2,True,0,False,0,structural,66002944,0,489,65515520,73000015,181,True,5,0,489,condition_then,0,0,0.0,0,0.7630415400000032
624,0,1.1582222239999993,624,624,success,0,0,2,True,0,False,0,frontier_t0,66002944,0,624,65515520,73000015,179,True,5,0,624,condition_then,0,0,0.0,0,1.1583041919999886
489,0,2.004391863000002,489,489,success,0,0.2903541179999394,2,True,448,False,1.3322676295501878e-15,virtual_frontier,66002944,180,489,65515520,73000015,181,True,5,0,489,condition_then,489,459,323.38241308793454,158134,2.0045700990000057
489,0,2.003798968999998,489,489,success,0,0.29036887200003036,2,True,448,False,1.3322676295501878e-15,task_virtual_frontier,66002944,180,489,65515520,73000015,181,True,5,0,489,condition_then,489,459,323.38241308793454,158134,2.0039724529999887
1369,0,3.256490006,1351,1351,success,0,0,3,True,0,False,0,structural,66572288,0,1369,66637824,73000015,246,True,6,0,1369,sequence,0,0,0.0,0,3.2567508799999985
1699,0,4.8361577539999985,1682,1682,success,0,0,3,True,0,False,0,frontier_t0,67751936,0,1699,67624960,73000015,249,True,6,0,1699,sequence,0,0,0.0,0,4.836485584000002
1110,0,5.872884389000006,1097,1097,success,0,0.7879188930001249,3,True,1013,False,9.992007221626409e-16,virtual_frontier,68284416,266,1110,68423680,73000015,267,True,6,0,1110,sequence,1097,604,396.30720145852325,434749,5.873319503000005
1110,0,5.849563214,1097,1097,success,0,0.7848560599993704,3,True,1013,False,9.992007221626409e-16,task_virtual_frontier,68284416,266,1110,68423680,73000015,267,True,6,0,1110,sequence,1097,604,396.30720145852325,434749,5.850641032999988
1350,0,5.770316825999998,1350,1350,success,0,0,7,True,0,False,0,structural,68284416,0,1350,68423680,73000015,246,True,7,0,1350,all_of,0,0,0.0,0,5.771261953999996
1681,0,7.7475189750000055,1681,1681,success,0,0,7,True,0,False,0,frontier_t0,68284416,0,1681,68423680,73000015,249,True,7,0,1681,all_of,0,0,0.0,0,7.7484391200000005
1106,0,11.796053998999994,1097,1097,success,0,1.3604093079997455,7,True,1013,False,1.5543122344752192e-15,virtual_frontier,68677632,531,1106,68571136,73000015,267,True,7,896,1106,all_of,1097,1208,791.1704649042844,867914,11.797383292000006
1106,0,11.83340534700001,1097,1097,success,0,1.3479813219997396,7,True,1013,False,1.5543122344752192e-15,task_virtual_frontier,68964352,531,1106,69173248,73000015,267,True,7,896,1106,all_of,1097,1208,791.1704649042844,867914,11.834699601000011
658,0,1.1167096089999973,658,658,success,0,0,2,True,0,False,0,structural,68964352,0,658,68251648,73000015,213,True,8,0,658,condition_then,0,0,0.0,0,1.1168817670000237
870,0,1.8154042190000013,870,870,success,0,0,2,True,0,False,0,frontier_t0,68964352,0,870,68251648,73000015,216,True,8,0,870,condition_then,0,0,0.0,0,1.8156517619999875
658,0,2.972121702999999,658,658,success,0,0.4196927439999456,2,True,602,False,1.5543122344752192e-15,virtual_frontier,68964352,222,658,68497408,73000015,213,True,8,48,658,condition_then,658,655,362.58814589665656,238583,2.972446332000004
658,0,2.9749951710000033,658,658,success,0,0.4221067240003151,2,True,602,False,1.5543122344752192e-15,task_virtual_frontier,68964352,222,658,68497408,73000015,213,True,8,48,658,condition_then,658,655,362.58814589665656,238583,2.9752979470000014
578,0,0.9157129479999924,578,578,success,0,0,3,True,0,False,0,structural,68964352,0,578,68497408,73000015,192,True,9,0,578,branch,0,0,0.0,0,0.9158260979999966
618,0,1.1358643360000116,618,618,success,0,0,3,True,0,False,0,frontier_t0,68964352,0,618,68497408,73000015,192,True,9,0,618,branch,0,0,0.0,0,1.1359727640000017
478,0,1.8049087670000006,478,478,success,0,0.27073282000012,3,True,457,False,1.1102230246251565e-15,virtual_frontier,68964352,190,478,68501504,73000015,193,True,9,0,478,branch,478,541,332.1924686192469,158788,1.8051884690000009
478,0,1.804246458999998,478,478,success,0,0.2714063939997402,3,True,457,False,1.1102230246251565e-15,task_virtual_frontier,68964352,190,478,68501504,73000015,193,True,9,0,478,branch,478,541,332.1924686192469,158788,1.8044803239999965
26,0,0.05637848099999587,18,18,success,0,0,3,True,0,False,0,structural,68964352,0,26,68501504,73000015,109,True,10,0,26,branch,0,0,0.0,0,0.05638170800000353
26,0,0.06007351199998823,18,18,success,0,0,3,True,0,False,0,frontier_t0,68964352,0,26,68501504,73000015,109,True,10,0,26,branch,0,0,0.0,0,0.06007625399999483
26,0,0.09962299100000394,18,18,success,0,0.010214722999933201,3,True,14,False,8.881784197001252e-16,virtual_frontier,68964352,209,26,68501504,73000015,109,True,10,10,26,branch,18,637,350.3888888888889,6307,0.09962608999998679
26,0,0.09878709999999558,18,18,success,0,0.010083668000021362,3,True,14,False,8.881784197001252e-16,task_virtual_frontier,68964352,209,26,68501504,73000015,109,True,10,10,26,branch,18,637,350.3888888888889,6307,0.09878958600000942
511,0,0.8211421419999994,498,498,success,0,0,3,True,0,False,0,structural,68964352,0,511,68501504,73000015,194,True,11,0,511,branch,0,0,0.0,0,0.8212347100000272
667,0,1.3152977040000025,654,654,success,0,0,3,True,0,False,0,frontier_t0,68964352,0,667,68505600,73000015,194,True,11,0,667,branch,0,0,0.0,0,1.3154316429999824
439,0,1.653342637999998,426,426,success,0,0.23742529500006526,3,True,404,False,5.551115123125783e-16,virtual_frontier,68964352,177,439,68505600,73000015,185,True,11,0,439,branch,426,494,312.48591549295776,133119,1.6535438020000015
439,0,1.6555760410000033,426,426,success,0,0.23733912799980317,3,True,404,False,5.551115123125783e-16,task_virtual_frontier,68964352,177,439,68505600,73000015,185,True,11,0,439,branch,426,494,312.48591549295776,133119,1.655777406999988
17,0,0.01423202200000162,0,0,success,0,0,3,True,0,False,0,structural,68964352,0,17,68505600,73000016,24,True,0,0,17,sequence,0,0,0.0,0,0.01423444599998902
17,0,0.014067885000002889,0,0,success,0,0,3,True,0,False,0,frontier_t0,68964352,0,17,68505600,73000016,24,True,0,0,17,sequence,0,0,0.0,0,0.014070440000011786
17,0,0.014105847000010385,0,0,success,0,0,3,True,0,False,0,virtual_frontier,68964352,0,17,68505600,73000016,24,True,0,0,17,sequence,0,0,0.0,0,0.014108361000012337
17,0,0.014527614000002131,0,0,success,0,0,3,True,0,False,0,task_virtual_frontier,68964352,0,17,68505600,73000016,24,True,0,0,17,sequence,0,0,0.0,0,0.014529909000003727
17,0,0.020014302000006978,0,0,success,0,0,7,True,0,False,0,structural,68964352,0,17,68505600,73000016,24,True,1,0,17,all_of,0,0,0.0,0,0.02001688499998977
17,0,0.020032927000002587,0,0,success,0,0,7,True,0,False,0,frontier_t0,68964352,0,17,68505600,73000016,24,True,1,0,17,all_of,0,0,0.0,0,0.020035458999984712
17,0,0.020139606000000754,0,0,success,0,0,7,True,0,False,0,virtual_frontier,68964352,0,17,68505600,73000016,24,True,1,0,17,all_of,0,0,0.0,0,0.02014194900002053
17,0,0.01993234900000118,0,0,success,0,0,7,True,0,False,0,task_virtual_frontier,68964352,0,17,68505600,73000016,24,True,1,0,17,all_of,0,0,0.0,0,0.019934882000001153
7,0,0.005134499999996933,0,0,success,0,0,2,True,0,False,0,structural,68964352,0,7,68505600,73000016,24,True,2,0,7,condition_then,0,0,0.0,0,0.005136992000018381
7,0,0.0051291299999860485,0,0,success,0,0,2,True,0,False,0,frontier_t0,68964352,0,7,68505600,73000016,24,True,2,0,7,condition_then,0,0,0.0,0,0.005131631000011794
7,0,0.005180615999989868,0,0,success,0,0,2,True,0,False,0,virtual_frontier,68964352,0,7,68505600,73000016,24,True,2,0,7,condition_then,0,0,0.0,0,0.005182917000013276
7,0,0.005200193000007403,0,0,success,0,0,2,True,0,False,0,task_virtual_frontier,68964352,0,7,68505600,73000016,24,True,2,0,7,condition_then,0,0,0.0,0,0.0052026049999938095
12,0,0.010182447999994793,0,0,success,0,0,3,True,0,False,0,structural,68964352,0,12,68505600,73000016,24,True,3,0,12,sequence,0,0,0.0,0,0.010184927000011612
12,0,0.010557518999988247,0,0,success,0,0,3,True,0,False,0,frontier_t0,68964352,0,12,68505600,73000016,24,True,3,0,12,sequence,0,0,0.0,0,0.010560048999991523
12,0,0.01009849199999735,0,0,success,0,0,3,True,0,False,0,virtual_frontier,68964352,0,12,68505600,73000016,24,True,3,0,12,sequence,0,0,0.0,0,0.010100969999996323
12,0,0.010128366999992977,0,0,success,0,0,3,True,0,False,0,task_virtual_frontier,68964352,0,12,68505600,73000016,24,True,3,0,12,sequence,0,0,0.0,0,0.010130785999990621
8,0,0.007546355000002336,0,0,success,0,0,7,True,0,False,0,structural,68964352,0,8,68505600,73000016,24,True,4,0,8,all_of,0,0,0.0,0,0.007548909999997022
8,0,0.0075526260000060574,0,0,success,0,0,7,True,0,False,0,frontier_t0,68964352,0,8,68505600,73000016,24,True,4,0,8,all_of,0,0,0.0,0,0.007555162000016935
8,0,0.007611897000003864,0,0,success,0,0,7,True,0,False,0,virtual_frontier,68964352,0,8,68505600,73000016,24,True,4,0,8,all_of,0,0,0.0,0,0.007614633999992293
8,0,0.007612358000002928,0,0,success,0,0,7,True,0,False,0,task_virtual_frontier,68964352,0,8,68505600,73000016,24,True,4,0,8,all_of,0,0,0.0,0,0.007614873999983729
5,0,0.003676877000003742,0,0,success,0,0,2,True,0,False,0,structural,68964352,0,5,68505600,73000016,24,True,5,0,5,condition_then,0,0,0.0,0,0.0036795569999981126
5,0,0.0036383959999994886,0,0,success,0,0,2,True,0,False,0,frontier_t0,68964352,0,5,68505600,73000016,24,True,5,0,5,condition_then,0,0,0.0,0,0.003640645000018594
5,0,0.0036870160000006535,0,0,success,0,0,2,True,0,False,0,virtual_frontier,68964352,0,5,68505600,73000016,24,True,5,0,5,condition_then,0,0,0.0,0,0.0036893850000012662
5,0,0.0036610679999995455,0,0,success,0,0,2,True,0,False,0,task_virtual_frontier,68964352,0,5,68505600,73000016,24,True,5,0,5,condition_then,0,0,0.0,0,0.0036635480000200005
21,0,0.01679628100001196,0,0,success,0,0,3,True,0,False,0,structural,68964352,0,21,68505600,73000016,24,True,6,0,21,sequence,0,0,0.0,0,0.016798719999997047
21,0,0.016710000000003333,0,0,success,0,0,3,True,0,False,0,frontier_t0,68964352,0,21,68505600,73000016,24,True,6,0,21,sequence,0,0,0.0,0,0.016712538999996696
21,0,0.016647273000003793,0,0,success,0,0,3,True,0,False,0,virtual_frontier,68964352,0,21,68505600,73000016,24,True,6,0,21,sequence,0,0,0.0,0,0.016649750999988555
21,0,0.0166379549999931,0,0,success,0,0,3,True,0,False,0,task_virtual_frontier,68964352,0,21,68505600,73000016,24,True,6,0,21,sequence,0,0,0.0,0,0.016640473999984806
13,0,0.015744095999991714,0,0,success,0,0,7,True,0,False,0,structural,68964352,0,13,68505600,73000016,24,True,7,0,13,all_of,0,0,0.0,0,0.01574664299999995
13,0,0.015762440000003153,0,0,success,0,0,7,True,0,False,0,frontier_t0,68964352,0,13,68505600,73000016,24,True,7,0,13,all_of,0,0,0.0,0,0.01576495699998759
13,0,0.015594597000003318,0,0,success,0,0,7,True,0,False,0,virtual_frontier,68964352,0,13,68505600,73000016,24,True,7,0,13,all_of,0,0,0.0,0,0.015597113999973544
13,0,0.015611599000010301,0,0,success,0,0,7,True,0,False,0,task_virtual_frontier,68964352,0,13,68505600,73000016,24,True,7,0,13,all_of,0,0,0.0,0,0.015614164999988134
6,0,0.004408444000006284,0,0,success,0,0,2,True,0,False,0,structural,68964352,0,6,68505600,73000016,24,True,8,0,6,condition_then,0,0,0.0,0,0.004411024999996016
6,0,0.004367347999988169,0,0,success,0,0,2,True,0,False,0,frontier_t0,68964352,0,6,68505600,73000016,24,True,8,0,6,condition_then,0,0,0.0,0,0.004369878000005656
6,0,0.004386402000008616,0,0,success,0,0,2,True,0,False,0,virtual_frontier,68964352,0,6,68505600,73000016,24,True,8,0,6,condition_then,0,0,0.0,0,0.004388963999986117
6,0,0.004352157999989004,0,0,success,0,0,2,True,0,False,0,task_virtual_frontier,68964352,0,6,68505600,73000016,24,True,8,0,6,condition_then,0,0,0.0,0,0.004354659000000538
10,0,0.008716860999996356,0,0,success,0,0,3,True,0,False,0,structural,68964352,0,10,68505600,73000016,24,True,9,0,10,branch,0,0,0.0,0,0.00871941900001616
10,0,0.008775510000006648,0,0,success,0,0,3,True,0,False,0,frontier_t0,68964352,0,10,68505600,73000016,24,True,9,0,10,branch,0,0,0.0,0,0.008778008000007276
10,0,0.008795378000002074,0,0,success,0,0,3,True,0,False,0,virtual_frontier,68964352,0,10,68505600,73000016,24,True,9,0,10,branch,0,0,0.0,0,0.008797813999990467
10,0,0.008738570999994977,0,0,success,0,0,3,True,0,False,0,task_virtual_frontier,68964352,0,10,68505600,73000016,24,True,9,0,10,branch,0,0,0.0,0,0.008741108999998914
13,0,0.010348849999999743,0,0,success,0,0,3,True,0,False,0,structural,68964352,0,13,68505600,73000016,24,True,10,0,13,branch,0,0,0.0,0,0.010362981000014315
13,0,0.010271634999995172,0,0,success,0,0,3,True,0,False,0,frontier_t0,68964352,0,13,68505600,73000016,24,True,10,0,13,branch,0,0,0.0,0,0.010274193999975978
13,0,0.010379567000001089,0,0,success,0,0,3,True,0,False,0,virtual_frontier,68964352,0,13,68505600,73000016,24,True,10,0,13,branch,0,0,0.0,0,0.010382076000013285
13,0,0.010304225999988148,0,0,success,0,0,3,True,0,False,0,task_virtual_frontier,68964352,0,13,68505600,73000016,24,True,10,0,13,branch,0,0,0.0,0,0.010306786000001011
6,0,0.005309486999991009,0,0,success,0,0,3,True,0,False,0,structural,68964352,0,6,68505600,73000016,24,True,11,0,6,branch,0,0,0.0,0,0.00531173900000681
6,0,0.0053697900000031495,0,0,success,0,0,3,True,0,False,0,frontier_t0,68964352,0,6,68505600,73000016,24,True,11,0,6,branch,0,0,0.0,0,0.005372271999988243
6,0,0.005336857999992617,0,0,success,0,0,3,True,0,False,0,virtual_frontier,68964352,0,6,68505600,73000016,24,True,11,0,6,branch,0,0,0.0,0,0.005347264999983281
6,0,0.005321158999990416,0,0,success,0,0,3,True,0,False,0,task_virtual_frontier,68964352,0,6,68505600,73000016,24,True,11,0,6,branch,0,0,0.0,0,0.005323780999987093
525,0,0.4312407219999983,525,525,success,0,0,3,True,0,False,0,structural,68964352,0,525,68505600,73000017,95,True,0,0,525,sequence,0,0,0.0,0,0.43134676900001523
187,0,0.20808076299999811,187,187,success,0,0,3,True,0,False,0,frontier_t0,68964352,0,187,68505600,73000017,95,True,0,0,187,sequence,0,0,0.0,0,0.20809996400001296
155,0,0.3795486319999952,152,152,success,0,0.06245408199976055,3,True,113,False,6.661338147750939e-16,virtual_frontier,68964352,82,155,68505600,73000017,92,True,0,0,155,sequence,152,115,85.5657894736842,13006,0.3795856699999831
155,0,0.3806744660000021,152,152,success,0,0.062102866999907747,3,True,113,False,6.661338147750939e-16,task_virtual_frontier,68964352,82,155,68505600,73000017,92,True,0,0,155,sequence,152,115,85.5657894736842,13006,0.38071811599999705
352,0,0.5144027810000011,352,352,success,0,0,7,True,0,False,0,structural,68964352,0,352,68505600,73000017,94,True,1,0,352,all_of,0,0,0.0,0,0.5144688789999918
167,0,0.3308002429999988,163,163,success,0,0,7,True,0,False,0,frontier_t0,68964352,0,167,68505600,73000017,93,True,1,0,167,all_of,0,0,0.0,0,0.3308820839999953
151,0,0.527327477,151,151,success,0,0.07135916799990127,7,True,112,False,1.1102230246251565e-15,virtual_frontier,68964352,153,151,68505600,73000017,92,True,1,60,151,all_of,151,227,126.35099337748345,19079,0.5273558919999743
129,0,0.4152047009999933,129,129,success,2,0.05748552399987261,7,True,93,True,8.881784197001252e-16,task_virtual_frontier,68964352,143,129,68505600,73000017,89,True,1,37,129,all_of,129,211,110.4108527131783,14243,0.41527768900002116
18,0,0.02201517900000738,9,9,success,0,0,2,True,0,False,0,structural,68964352,0,18,68505600,73000017,77,True,2,0,18,condition_then,0,0,0.0,0,0.022018310999982305
18,0,0.0231769389999954,9,9,success,0,0,2,True,0,False,0,frontier_t0,68964352,0,18,68505600,73000017,77,True,2,0,18,condition_then,0,0,0.0,0,0.023179350000020804
18,0,0.026918195999996897,9,9,success,0,0.002272768999972641,2,True,4,False,2.220446049250313e-16,virtual_frontier,68964352,1,18,68505600,73000017,77,True,2,0,18,condition_then,9,7,6.555555555555555,59,0.026920724999996537
18,0,0.026827998000001685,9,9,success,0,0.002249785999993037,2,True,4,False,2.220446049250313e-16,task_virtual_frontier,68964352,1,18,68505600,73000017,77,True,2,0,18,condition_then,9,7,6.555555555555555,59,0.026830386000000317
1301,0,1.250351631000001,1293,1293,success,0,0,3,True,0,False,0,structural,68964352,0,1301,68505600,73000017,109,True,3,0,1301,sequence,0,0,0.0,0,1.250447682999976
376,0,0.5061548520000088,368,368,success,0,0,3,True,0,False,0,frontier_t0,68964352,0,376,68505600,73000017,111,True,3,0,376,sequence,0,0,0.0,0,0.5062396109999838
220,0,0.5906457109999934,212,212,success,0,0.09002751800022679,3,True,151,False,5.551115123125783e-16,virtual_frontier,68964352,92,220,68505600,73000017,96,True,3,0,220,sequence,212,122,89.74528301886792,19026,0.590649323000008
220,0,0.5901664869999905,212,212,success,0,0.09023586399970895,3,True,151,False,5.551115123125783e-16,task_virtual_frontier,68964352,92,220,68505600,73000017,96,True,3,0,220,sequence,212,122,89.74528301886792,19026,0.5902459689999944
1569,0,1.9966091069999976,1569,1569,success,0,0,7,True,0,False,0,structural,68964352,0,1569,68505600,73000017,119,True,4,0,1569,all_of,0,0,0.0,0,1.9968071160000136
372,0,0.6730475479999996,372,372,success,0,0,7,True,0,False,0,frontier_t0,68964352,0,372,68505600,73000017,112,True,4,0,372,all_of,0,0,0.0,0,0.6731625909999934
411,0,1.3829025139999942,411,411,success,0,0.19052747799960912,7,True,301,False,1.1102230246251565e-15,virtual_frontier,68964352,151,411,68505600,73000017,122,True,4,46,411,all_of,411,228,100.0316301703163,41113,1.383073971000016
411,0,1.3843927049999962,411,411,success,0,0.18986314899993317,7,True,301,False,1.1102230246251565e-15,task_virtual_frontier,68964352,151,411,68505600,73000017,122,True,4,46,411,all_of,411,228,100.0316301703163,41113,1.3845533510000223
891,0,0.8180606870000133,884,884,success,0,0,2,True,0,False,0,structural,68964352,0,891,68505600,73000017,108,True,5,0,891,condition_then,0,0,0.0,0,0.8182189529999846
327,0,0.4220280339999931,320,320,success,0,0,2,True,0,False,0,frontier_t0,68964352,0,327,68505600,73000017,104,True,5,0,327,condition_then,0,0,0.0,0,0.422110301999993
204,0,0.5335655389999943,197,197,success,0,0.08320002800027737,2,True,143,False,5.551115123125783e-16,virtual_frontier,68964352,91,204,68505600,73000017,95,True,5,0,204,condition_then,197,122,88.56345177664974,17447,0.5335770009999976
204,0,0.5341502309999981,197,197,success,0,0.08336596599997392,2,True,143,False,5.551115123125783e-16,task_virtual_frontier,68964352,91,204,68505600,73000017,95,True,5,0,204,condition_then,197,122,88.56345177664974,17447,0.5342278480000004
1844,0,1.884900952999999,1827,1827,success,0,0,3,True,0,False,0,structural,68964352,0,1844,68509696,73000017,123,True,6,0,1844,sequence,0,0,0.0,0,1.8850757390000012
607,0,0.9283559799999921,592,592,success,0,0,3,True,0,False,0,frontier_t0,68964352,0,607,68509696,73000017,133,True,6,0,607,sequence,0,0,0.0,0,0.9284840050000014
373,0,1.0790559019999932,353,353,success,0,0.15588323700012552,3,True,276,False,6.661338147750939e-16,virtual_frontier,68964352,107,373,68509696,73000017,113,True,6,0,373,sequence,353,127,89.71388101983003,31669,1.079183367000013
373,0,1.0786965209999835,353,353,success,0,0.15584274399967057,3,True,276,False,6.661338147750939e-16,task_virtual_frontier,68964352,107,373,68509696,73000017,113,True,6,0,373,sequence,353,127,89.71388101983003,31669,1.078808711999983
1826,0,2.206805189999983,1826,1826,success,0,0,7,True,0,False,0,structural,68964352,0,1826,68509696,73000017,123,True,7,0,1826,all_of,0,0,0.0,0,2.207052757000014
594,0,1.7830430159999935,592,592,success,0,0,7,True,0,False,0,frontier_t0,68964352,0,594,68509696,73000017,133,True,7,0,594,all_of,0,0,0.0,0,1.7833249469999828
360,0,2.787627785000012,353,353,success,0,0.27305749399994284,7,True,276,False,1.5543122344752192e-15,virtual_frontier,68964352,364,360,68747264,73000017,113,True,7,296,360,all_of,353,496,291.07932011331445,102751,2.7878867109999987
364,0,2.931760539999999,359,359,success,3,0.2855183039998792,7,True,280,True,1.5543122344752192e-15,task_virtual_frontier,68964352,372,364,68792320,73000017,113,True,7,302,364,all_of,359,492,295.60724233983285,106123,2.932073642000006
224,0,0.17633467799998925,221,221,success,0,0,2,True,0,False,0,structural,68964352,0,224,68792320,73000017,83,True,8,0,224,condition_then,0,0,0.0,0,0.17640984400000548
230,0,0.27586962799998105,227,227,success,0,0,2,True,0,False,0,frontier_t0,68964352,0,230,68792320,73000017,95,True,8,0,230,condition_then,0,0,0.0,0,0.2758820990000004
19,0,0.040002896000004284,16,16,success,0,0.005967214999941461,2,True,9,False,3.3306690738754696e-16,virtual_frontier,68964352,69,19,68792320,73000017,73,True,8,0,19,condition_then,16,100,68.4375,1095,0.04000597799998218
19,0,0.04034322100000054,16,16,success,0,0.006030691999995952,2,True,9,False,3.3306690738754696e-16,task_virtual_frontier,68964352,69,19,68792320,73000017,73,True,8,0,19,condition_then,16,100,68.4375,1095,0.04035636300000078
13,0,0.037188028999992184,0,0,success,0,0,3,True,0,False,0,structural,68964352,0,13,68792320,73000017,71,True,9,0,13,branch,0,0,0.0,0,0.03719033400000171
13,0,0.03687338000000295,0,0,success,0,0,3,True,0,False,0,frontier_t0,68964352,0,13,68792320,73000017,71,True,9,0,13,branch,0,0,0.0,0,0.03687581700000919
13,0,0.0369989950000047,0,0,success,0,0,3,True,0,False,0,virtual_frontier,68964352,0,13,68792320,73000017,71,True,9,0,13,branch,0,0,0.0,0,0.03700135999997656
13,0,0.037087459999980865,0,0,success,0,0,3,True,0,False,0,task_virtual_frontier,68964352,0,13,68792320,73000017,71,True,9,0,13,branch,0,0,0.0,0,0.0370899760000043
8,0,0.02616980800002011,0,0,success,0,0,3,True,0,False,0,structural,68964352,0,8,68792320,73000017,71,True,10,0,8,branch,0,0,0.0,0,0.02617260799999599
8,0,0.02616526999997859,0,0,success,0,0,3,True,0,False,0,frontier_t0,68964352,0,8,68792320,73000017,71,True,10,0,8,branch,0,0,0.0,0,0.026167728000018542
8,0,0.026651678999996875,0,0,success,0,0,3,True,0,False,0,virtual_frontier,68964352,0,8,68792320,73000017,71,True,10,0,8,branch,0,0,0.0,0,0.026654047999983277
8,0,0.02608136399999239,0,0,success,0,0,3,True,0,False,0,task_virtual_frontier,68964352,0,8,68792320,73000017,71,True,10,0,8,branch,0,0,0.0,0,0.02608381200002441
10,0,0.024974315000008573,2,2,success,0,0,3,True,0,False,0,structural,68964352,0,10,68792320,73000017,73,True,11,0,10,branch,0,0,0.0,0,0.024976842000000943
10,0,0.025220656000016106,2,2,success,0,0,3,True,0,False,0,frontier_t0,68964352,0,10,68792320,73000017,73,True,11,0,10,branch,0,0,0.0,0,0.025223442999987356
10,0,0.02583723700001883,2,2,success,0,0.0005375260000164417,3,True,0,False,1.1102230246251565e-16,virtual_frontier,68964352,1,10,68792320,73000017,73,True,11,0,10,branch,2,7,7.0,14,0.025839715000017804
10,0,0.025989433000006557,2,2,success,0,0.000503863000005822,3,True,0,False,1.1102230246251565e-16,task_virtual_frontier,68964352,1,10,68792320,73000017,73,True,11,0,10,branch,2,7,7.0,14,0.025991778999980397
16,0,0.03973173899998983,0,0,success,0,0,3,True,0,False,0,structural,68964352,0,16,68792320,73000018,50,True,0,0,16,sequence,0,0,0.0,0,0.03974748400000294
16,0,0.039579845000019986,0,0,success,0,0,3,True,0,False,0,frontier_t0,68964352,0,16,68792320,73000018,50,True,0,0,16,sequence,0,0,0.0,0,0.03958264600001371
16,0,0.03964886400001433,0,0,success,0,0,3,True,0,False,0,virtual_frontier,68964352,0,16,68792320,73000018,50,True,0,0,16,sequence,0,0,0.0,0,0.0396698200000003
16,0,0.03956615799998531,0,0,success,0,0,3,True,0,False,0,task_virtual_frontier,68964352,0,16,68792320,73000018,50,True,0,0,16,sequence,0,0,0.0,0,0.039612040999998044
631,0,0.6456506570000045,631,631,success,0,0,7,True,0,False,0,structural,68964352,0,631,68792320,73000018,60,True,1,0,631,all_of,0,0,0.0,0,0.6456932010000003
113,0,0.23030316099999482,107,107,success,0,0,7,True,0,False,0,frontier_t0,68964352,0,113,68792320,73000018,59,True,1,0,113,all_of,0,0,0.0,0,0.23033749700002204
181,0,0.8192388169999845,175,175,success,0,0.08770251800021356,7,True,134,False,8.881784197001252e-16,virtual_frontier,68964352,208,181,68861952,73000018,63,True,1,160,181,all_of,175,432,210.12571428571428,36772,0.819345018000007
181,0,0.8217653359999986,175,175,success,0,0.08795885600008546,7,True,134,False,8.881784197001252e-16,task_virtual_frontier,68964352,208,181,68861952,73000018,63,True,1,160,181,all_of,175,432,210.12571428571428,36772,0.8233698429999947
411,0,0.29285872699998095,411,411,success,0,0,2,True,0,False,0,structural,68964352,0,411,68861952,73000018,58,True,2,0,411,condition_then,0,0,0.0,0,0.29288182800002005
69,0,0.06830673999999703,69,69,success,0,0,2,True,0,False,0,frontier_t0,68964352,0,69,68861952,73000018,57,True,2,0,69,condition_then,0,0,0.0,0,0.06830965899999342
71,0,0.15972552900001347,71,71,success,0,0.02640647999999146,2,True,54,False,6.661338147750939e-16,virtual_frontier,68964352,76,71,68861952,73000018,57,True,2,8,71,condition_then,71,154,95.77464788732394,6800,0.15977420499999084
71,0,0.1582283019999977,71,71,success,0,0.025926505999962046,2,True,54,False,6.661338147750939e-16,task_virtual_frontier,68964352,76,71,68861952,73000018,57,True,2,8,71,condition_then,71,154,95.77464788732394,6800,0.15824157899999136
1711,0,1.324560034000001,1711,1711,success,0,0,3,True,0,False,0,structural,68964352,0,1711,68861952,73000018,72,True,3,0,1711,sequence,0,0,0.0,0,1.3246852750000073
164,0,0.16531609000000458,164,164,success,0,0,3,True,0,False,0,frontier_t0,68964352,0,164,68861952,73000018,63,True,3,0,164,sequence,0,0,0.0,0,0.16533009500000162
200,0,0.5569102719999819,200,200,success,0,0.08079597299973784,3,True,160,False,6.661338147750939e-16,virtual_frontier,68964352,113,200,68861952,73000018,64,True,3,58,200,sequence,200,216,117.46,23492,0.5570148810000148
201,0,0.47449628199998983,201,201,success,1,0.0745289039998056,3,True,159,True,8.881784197001252e-16,task_virtual_frontier,68964352,107,201,68861952,73000018,64,True,3,2,201,sequence,201,208,90.76616915422886,18244,0.4745099419999974
701,0,0.5875944629999879,701,701,success,0,0,7,True,0,False,0,structural,68964352,0,701,68861952,73000018,60,True,4,0,701,all_of,0,0,0.0,0,0.5876423359999876
58,0,0.09985980300001529,56,56,success,0,0,7,True,0,False,0,frontier_t0,68964352,0,58,68861952,73000018,55,True,4,0,58,all_of,0,0,0.0,0,0.09988033899998072
56,0,0.21358153799999968,54,54,success,0,0.024618731999964893,7,True,45,False,6.661338147750939e-16,virtual_frontier,68964352,146,56,68861952,73000018,55,True,4,48,56,all_of,54,278,190.42592592592592,10283,0.2135941460000197
56,0,0.21275039600001833,54,54,success,0,0.02466270000007853,7,True,45,False,6.661338147750939e-16,task_virtual_frontier,68964352,146,56,68861952,73000018,55,True,4,48,56,all_of,54,278,190.42592592592592,10283,0.2127817079999943
3,0,0.006620666000003439,0,0,success,0,0,2,True,0,False,0,structural,68964352,0,3,68861952,73000018,50,True,5,0,3,condition_then,0,0,0.0,0,0.006623231000020269
3,0,0.006398961000002146,0,0,success,0,0,2,True,0,False,0,frontier_t0,68964352,0,3,68861952,73000018,50,True,5,0,3,condition_then,0,0,0.0,0,0.00640156700001171
3,0,0.006420262000006005,0,0,success,0,0,2,True,0,False,0,virtual_frontier,68964352,0,3,68861952,73000018,50,True,5,0,3,condition_then,0,0,0.0,0,0.00642276700000366
3,0,0.006497064000001274,0,0,success,0,0,2,True,0,False,0,task_virtual_frontier,68964352,0,3,68861952,73000018,50,True,5,0,3,condition_then,0,0,0.0,0,0.006499480000002222
1372,0,1.0752605520000031,1362,1362,success,0,0,3,True,0,False,0,structural,68964352,0,1372,68861952,73000018,69,True,6,0,1372,sequence,0,0,0.0,0,1.075352210999995
367,0,0.6968010030000187,341,341,success,0,0,3,True,0,False,0,frontier_t0,68964352,0,367,68861952,73000018,72,True,6,0,367,sequence,0,0,0.0,0,0.6968504189999862
383,0,1.5338574790000052,357,357,success,0,0.16976203200007944,3,True,282,False,6.661338147750939e-16,virtual_frontier,68964352,141,383,68861952,73000018,73,True,6,329,383,sequence,357,226,167.15406162464987,59674,1.5339733819999992
367,0,1.166837586000014,357,357,success,1,0.15299492400004056,3,True,282,True,8.881784197001252e-16,task_virtual_frontier,68964352,123,367,68861952,73000018,73,True,6,164,367,sequence,357,226,130.98879551820727,46763,1.1669098419999955
1361,0,1.200545524000006,1361,1361,success,0,0,7,True,0,False,0,structural,68964352,0,1361,68861952,73000018,69,True,7,0,1361,all_of,0,0,0.0,0,1.2016077359999997
346,0,0.8186907340000005,341,341,success,0,0,7,True,0,False,0,frontier_t0,68964352,0,346,68861952,73000018,72,True,7,0,346,all_of,0,0,0.0,0,0.8187570329999971
362,0,1.7943657710000025,357,357,success,0,0.18088810400010402,7,True,282,False,8.881784197001252e-16,virtual_frontier,68964352,216,362,68861952,73000018,73,True,7,329,362,all_of,357,444,202.82913165266106,72410,1.7945076339999844
356,0,1.2682724010000186,356,356,success,2,0.1539738279998346,7,True,281,True,1.1102230246251565e-15,task_virtual_frontier,68964352,196,356,68861952,73000018,73,True,7,164,356,all_of,356,400,135.72752808988764,48319,1.268349045000008
11,0,0.020838591000000406,0,0,success,0,0,2,True,0,False,0,structural,68964352,0,11,68861952,73000018,50,True,8,0,11,condition_then,0,0,0.0,0,0.020841560999997455
11,0,0.02058514799998079,0,0,success,0,0,2,True,0,False,0,frontier_t0,68964352,0,11,68861952,73000018,50,True,8,0,11,condition_then,0,0,0.0,0,0.020588058000015508
11,0,0.02115580399998862,0,0,success,0,0,2,True,0,False,0,virtual_frontier,68964352,0,11,68861952,73000018,50,True,8,0,11,condition_then,0,0,0.0,0,0.021158414000012726
11,0,0.02072438800001919,0,0,success,0,0,2,True,0,False,0,task_virtual_frontier,68964352,0,11,68861952,73000018,50,True,8,0,11,condition_then,0,0,0.0,0,0.020726987000017516
7,0,0.018747114999996484,0,0,success,0,0,3,True,0,False,0,structural,68964352,0,7,68861952,73000018,50,True,9,0,7,branch,0,0,0.0,0,0.01874969100001067
7,0,0.018479294000002255,0,0,success,0,0,3,True,0,False,0,frontier_t0,68964352,0,7,68861952,73000018,50,True,9,0,7,branch,0,0,0.0,0,0.018490786999990405
7,0,0.018450891999975738,0,0,success,0,0,3,True,0,False,0,virtual_frontier,68964352,0,7,68861952,73000018,50,True,9,0,7,branch,0,0,0.0,0,0.018453706999991937
7,0,0.018580323000009002,0,0,success,0,0,3,True,0,False,0,task_virtual_frontier,68964352,0,7,68861952,73000018,50,True,9,0,7,branch,0,0,0.0,0,0.01858277899998484
9,0,0.02300000800002522,0,0,success,0,0,3,True,0,False,0,structural,68964352,0,9,68861952,73000018,50,True,10,0,9,branch,0,0,0.0,0,0.023011637999985624
9,0,0.02287383299997714,0,0,success,0,0,3,True,0,False,0,frontier_t0,68964352,0,9,68861952,73000018,50,True,10,0,9,branch,0,0,0.0,0,0.02287663499998871
9,0,0.023000139000004083,0,0,success,0,0,3,True,0,False,0,virtual_frontier,68964352,0,9,68861952,73000018,50,True,10,0,9,branch,0,0,0.0,0,0.023002722000001086
9,0,0.023060440999984166,0,0,success,0,0,3,True,0,False,0,task_virtual_frontier,68964352,0,9,68861952,73000018,50,True,10,0,9,branch,0,0,0.0,0,0.023063084000000345
775,0,0.5826456389999919,775,775,success,0,0,3,True,0,False,0,structural,68964352,0,775,68861952,73000018,61,True,11,0,775,branch,0,0,0.0,0,0.5826711320000015
316,0,0.3479099410000117,316,316,success,0,0,3,True,0,False,0,frontier_t0,68964352,0,316,68861952,73000018,71,True,11,0,316,branch,0,0,0.0,0,0.34793795900000646
162,0,0.3881899329999783,162,162,success,0,0.06166553999997859,3,True,129,False,6.661338147750939e-16,virtual_frontier,68964352,101,162,68861952,73000018,62,True,11,16,162,branch,162,208,102.69753086419753,16637,0.3882232289999763
162,0,0.3880525060000082,162,162,success,0,0.06134689699999285,3,True,129,False,6.661338147750939e-16,task_virtual_frontier,68964352,101,162,68861952,73000018,62,True,11,16,162,branch,162,208,102.69753086419753,16637,0.3880669259999934
2861,0,0.8260630130000095,2849,2849,success,0,0,3,True,0,False,0,structural,68964352,0,2861,68861952,73000019,27,True,0,0,2861,sequence,0,0,0.0,0,0.8261516059999963
97,0,0.064627717999997,85,85,success,0,0,3,True,0,False,0,frontier_t0,68964352,0,97,68861952,73000019,25,True,0,0,97,sequence,0,0,0.0,0,0.06463082199999803
103,0,0.14615753600000403,91,91,success,0,0.027323974000040607,3,True,76,False,3.3306690738754696e-16,virtual_frontier,68964352,25,103,68861952,73000019,26,True,0,0,103,sequence,91,56,39.714285714285715,3614,0.14616071399998987
103,0,0.14698280700000055,91,91,success,0,0.027343040999909363,3,True,76,False,3.3306690738754696e-16,task_virtual_frontier,68964352,25,103,68861952,73000019,26,True,0,0,103,sequence,91,56,39.714285714285715,3614,0.14699524499999939
2847,0,0.9139460540000073,2847,2847,success,0,0,7,True,0,False,0,structural,68964352,0,2847,68861952,73000019,27,True,1,0,2847,all_of,0,0,0.0,0,0.9140078140000014
83,0,0.0626778369999954,83,83,success,0,0,7,True,0,False,0,frontier_t0,68964352,0,83,68861952,73000019,25,True,1,0,83,all_of,0,0,0.0,0,0.06269068099999231
96,0,0.20225999199999478,91,91,success,0,0.03169180800006188,7,True,76,False,6.661338147750939e-16,virtual_frontier,68964352,70,96,68861952,73000019,26,True,1,83,96,all_of,91,142,73.76923076923077,6713,0.20229005100000563
96,0,0.20233511199998588,91,91,success,0,0.0313160950001361,7,True,76,False,6.661338147750939e-16,task_virtual_frontier,68964352,70,96,68861952,73000019,26,True,1,83,96,all_of,91,142,73.76923076923077,6713,0.2023497520000035
2856,0,0.8179103260000034,2849,2849,success,0,0,2,True,0,False,0,structural,68964352,0,2856,68861952,73000019,27,True,2,0,2856,condition_then,0,0,0.0,0,0.8180210449999947
92,0,0.05739764500000888,85,85,success,0,0,2,True,0,False,0,frontier_t0,68964352,0,92,68861952,73000019,25,True,2,0,92,condition_then,0,0,0.0,0,0.05740991999999778
98,0,0.13931659900001137,91,91,success,0,0.027506585999958588,2,True,76,False,4.440892098500626e-16,virtual_frontier,68964352,25,98,68861952,73000019,26,True,2,0,98,condition_then,91,56,39.714285714285715,3614,0.13932948899997655
98,0,0.13871919300001423,91,91,success,0,0.02730079599999158,2,True,76,False,4.440892098500626e-16,task_virtual_frontier,68964352,25,98,68861952,73000019,26,True,2,0,98,condition_then,91,56,39.714285714285715,3614,0.13872200299999804
2992,0,0.9599913730000083,2992,2992,success,0,0,3,True,0,False,0,structural,68964352,0,2992,68861952,73000019,27,True,3,0,2992,sequence,0,0,0.0,0,0.9601082659999918
93,0,0.08777004300000613,86,86,success,0,0,3,True,0,False,0,frontier_t0,68964352,0,93,68861952,73000019,25,True,3,0,93,sequence,0,0,0.0,0,0.08777319899999725
99,0,0.2155519780000077,92,92,success,0,0.03386751299990465,3,True,75,False,8.881784197001252e-16,virtual_frontier,68964352,64,99,68861952,73000019,26,True,3,84,99,sequence,92,151,93.68478260869566,8619,0.21555535299998496
99,0,0.2194666310000173,92,92,success,0,0.03463066300011519,3,True,75,False,8.881784197001252e-16,task_virtual_frontier,68964352,64,99,68861952,73000019,26,True,3,84,99,sequence,92,151,93.68478260869566,8619,0.21949271299999396
2992,0,1.0005130149999957,2992,2992,success,0,0,7,True,0,False,0,structural,68964352,0,2992,68861952,73000019,27,True,4,0,2992,all_of,0,0,0.0,0,1.0006406299999924
89,0,0.09806612300002371,86,86,success,0,0,7,True,0,False,0,frontier_t0,68964352,0,89,68861952,73000019,25,True,4,0,89,all_of,0,0,0.0,0,0.09808034499999962
95,0,0.24633579499999314,92,92,success,0,0.035011834000016506,7,True,75,False,8.881784197001252e-16,virtual_frontier,68964352,84,95,68861952,73000019,26,True,4,84,95,all_of,92,194,108.06521739130434,9942,0.24635537499997895
95,0,0.2462999279999849,92,92,success,0,0.03502043599988269,7,True,75,False,8.881784197001252e-16,task_virtual_frontier,68964352,84,95,68861952,73000019,26,True,4,84,95,all_of,92,194,108.06521739130434,9942,0.24630367899999328
5,0,0.004910481000024447,0,0,success,0,0,2,True,0,False,0,structural,68964352,0,5,68861952,73000019,20,True,5,0,5,condition_then,0,0,0.0,0,0.004913214999987758
5,0,0.004859837000026346,0,0,success,0,0,2,True,0,False,0,frontier_t0,68964352,0,5,68861952,73000019,20,True,5,0,5,condition_then,0,0,0.0,0,0.004862178999985645
5,0,0.004903038000009019,0,0,success,0,0,2,True,0,False,0,virtual_frontier,68964352,0,5,68861952,73000019,20,True,5,0,5,condition_then,0,0,0.0,0,0.004905538999992132
5,0,0.004883390999992798,0,0,success,0,0,2,True,0,False,0,task_virtual_frontier,68964352,0,5,68861952,73000019,20,True,5,0,5,condition_then,0,0,0.0,0,0.004885922999989134
20,0,0.0216719980000164,2,2,success,0,0,3,True,0,False,0,structural,68964352,0,20,68861952,73000019,21,True,6,0,20,sequence,0,0,0.0,0,0.021674504999992905
20,0,0.021579183999989482,2,2,success,0,0,3,True,0,False,0,frontier_t0,68964352,0,20,68861952,73000019,21,True,6,0,20,sequence,0,0,0.0,0,0.021581501000014214
20,0,0.02241066799999203,2,2,success,0,0.0005551090000039949,3,True,1,False,1.1102230246251565e-16,virtual_frontier,68964352,1,20,68861952,73000019,21,True,6,0,20,sequence,2,8,7.5,15,0.022413545999995677
20,0,0.02239119099999698,2,2,success,0,0.0005280370000093626,3,True,1,False,1.1102230246251565e-16,task_virtual_frontier,68964352,1,20,68861952,73000019,21,True,6,0,20,sequence,2,8,7.5,15,0.02239382900000919
1970,0,0.669443364000017,1970,1970,success,0,0,7,True,0,False,0,structural,68964352,0,1970,68861952,73000019,27,True,7,0,1970,all_of,0,0,0.0,0,0.669513505999987
130,0,0.10708644100000697,130,130,success,0,0,7,True,0,False,0,frontier_t0,68964352,0,130,68861952,73000019,27,True,7,0,130,all_of,0,0,0.0,0,0.10708942499999807
117,0,0.28227114300000267,117,117,success,0,0.04224276899978463,7,True,98,False,8.881784197001252e-16,virtual_frontier,68964352,76,117,68861952,73000019,27,True,7,98,117,all_of,117,172,81.05128205128206,9483,0.2823023090000163
117,0,0.25002695000000585,117,117,success,3,0.03980190900009006,7,True,99,True,7.077671781985373e-16,task_virtual_frontier,68964352,68,117,68861952,73000019,27,True,7,91,117,all_of,117,132,66.6068376068376,7793,0.2500497710000218
12,0,0.011083712000015566,2,2,success,0,0,2,True,0,False,0,structural,68964352,0,12,68861952,73000019,21,True,8,0,12,condition_then,0,0,0.0,0,0.01108647300000598
12,0,0.011173960999997234,2,2,success,0,0,2,True,0,False,0,frontier_t0,68964352,0,12,68861952,73000019,21,True,8,0,12,condition_then,0,0,0.0,0,0.01117664199998103
12,0,0.012179829000018572,2,2,success,0,0.0005170860000305311,2,True,1,False,1.1102230246251565e-16,virtual_frontier,68964352,1,12,68861952,73000019,21,True,8,0,12,condition_then,2,8,7.5,15,0.01218250100001228
12,0,0.012204835000005687,2,2,success,0,0.0004969089999917742,2,True,1,False,1.1102230246251565e-16,task_virtual_frontier,68964352,1,12,68861952,73000019,21,True,8,0,12,condition_then,2,8,7.5,15,0.012207458000006
7,0,0.008742138000002342,0,0,success,0,0,3,True,0,False,0,structural,68964352,0,7,68861952,73000019,20,True,9,0,7,branch,0,0,0.0,0,0.008744775999986132
7,0,0.008703666000002386,0,0,success,0,0,3,True,0,False,0,frontier_t0,68964352,0,7,68861952,73000019,20,True,9,0,7,branch,0,0,0.0,0,0.008706234000015911
7,0,0.008671966999997949,0,0,success,0,0,3,True,0,False,0,virtual_frontier,68964352,0,7,68861952,73000019,20,True,9,0,7,branch,0,0,0.0,0,0.008674503999998251
7,0,0.008661076999999295,0,0,success,0,0,3,True,0,False,0,task_virtual_frontier,68964352,0,7,68861952,73000019,20,True,9,0,7,branch,0,0,0.0,0,0.008663665000000265
223,0,0.058579903000008926,219,219,success,0,0,3,True,0,False,0,structural,68964352,0,223,68861952,73000019,22,True,10,0,223,branch,0,0,0.0,0,0.0585826749999967
21,0,0.012839550999984795,17,17,success,0,0,3,True,0,False,0,frontier_t0,68964352,0,21,68861952,73000019,22,True,10,0,21,branch,0,0,0.0,0,0.012842145000007577
21,0,0.026179076000005352,17,17,success,0,0.005041031999951429,3,True,12,False,4.440892098500626e-16,virtual_frontier,68964352,21,21,68861952,73000019,22,True,10,0,21,branch,17,49,39.529411764705884,672,0.026181729999990466
21,0,0.026337872999988576,17,17,success,0,0.0051490149999722234,3,True,12,False,4.440892098500626e-16,task_virtual_frontier,68964352,21,21,68861952,73000019,22,True,10,0,21,branch,17,49,39.529411764705884,672,0.026340525999984266
8,0,0.007113736000007975,2,2,success,0,0,3,True,0,False,0,structural,68964352,0,8,68861952,73000019,22,True,11,0,8,branch,0,0,0.0,0,0.007116271999990431
8,0,0.007169782000005398,2,2,success,0,0,3,True,0,False,0,frontier_t0,68964352,0,8,68861952,73000019,22,True,11,0,8,branch,0,0,0.0,0,0.0071723970000050485
8,0,0.008103285000004234,2,2,success,0,0.0005000839999809159,3,True,0,False,1.1102230246251565e-16,virtual_frontier,68964352,1,8,68861952,73000019,22,True,11,0,8,branch,2,8,8.0,16,0.008105870999997933
8,0,0.008111961000025758,2,2,success,0,0.0005061959999750343,3,True,0,False,1.1102230246251565e-16,task_virtual_frontier,68964352,1,8,68861952,73000019,22,True,11,0,8,branch,2,8,8.0,16,0.008114567999996325
16,0,0.015529033000000025,0,0,success,0,0,3,True,0,False,0,structural,62922752,0,16,63012864,73000020,26,True,0,0,16,sequence,0,0,0.0,0,0.015542188999994266
16,0,0.014311496000000035,0,0,success,0,0,3,True,0,False,0,frontier_t0,62922752,0,16,63012864,73000020,26,True,0,0,16,sequence,0,0,0.0,0,0.014325870000000407
16,0,0.01408329700000005,0,0,success,0,0,3,True,0,False,0,virtual_frontier,62922752,0,16,63012864,73000020,26,True,0,0,16,sequence,0,0,0.0,0,0.014086433999999315
16,0,0.014182674999999978,0,0,success,0,0,3,True,0,False,0,task_virtual_frontier,62922752,0,16,63012864,73000020,26,True,0,0,16,sequence,0,0,0.0,0,0.014185610999994935
12,0,0.014848363000000031,0,0,success,0,0,7,True,0,False,0,structural,62922752,0,12,63025152,73000020,26,True,1,0,12,all_of,0,0,0.0,0,0.014851753000002077
12,0,0.014701814000000035,0,0,success,0,0,7,True,0,False,0,frontier_t0,62922752,0,12,63025152,73000020,26,True,1,0,12,all_of,0,0,0.0,0,0.014716260999996678
12,0,0.014691909999999975,0,0,success,0,0,7,True,0,False,0,virtual_frontier,62922752,0,12,63025152,73000020,26,True,1,0,12,all_of,0,0,0.0,0,0.01469551999999652
12,0,0.014662386999999999,0,0,success,0,0,7,True,0,False,0,task_virtual_frontier,62922752,0,12,63025152,73000020,26,True,1,0,12,all_of,0,0,0.0,0,0.014665395000001524
8,0,0.006456469999999992,0,0,success,0,0,2,True,0,False,0,structural,62922752,0,8,63029248,73000020,26,True,2,0,8,condition_then,0,0,0.0,0,0.006459479000000101
8,0,0.006390402000000017,0,0,success,0,0,2,True,0,False,0,frontier_t0,62922752,0,8,63029248,73000020,26,True,2,0,8,condition_then,0,0,0.0,0,0.00639337000000495
8,0,0.006350323000000047,0,0,success,0,0,2,True,0,False,0,virtual_frontier,62922752,0,8,63029248,73000020,26,True,2,0,8,condition_then,0,0,0.0,0,0.006353701999998407
8,0,0.006694723999999985,0,0,success,0,0,2,True,0,False,0,task_virtual_frontier,62922752,0,8,63029248,73000020,26,True,2,0,8,condition_then,0,0,0.0,0,0.006697622999993769
16,0,0.014484883000000004,0,0,success,0,0,3,True,0,False,0,structural,62922752,0,16,63029248,73000020,26,True,3,0,16,sequence,0,0,0.0,0,0.014487922000000708
16,0,0.014314871999999979,0,0,success,0,0,3,True,0,False,0,frontier_t0,62922752,0,16,63029248,73000020,26,True,3,0,16,sequence,0,0,0.0,0,0.014317828000002919
16,0,0.014696566999999994,0,0,success,0,0,3,True,0,False,0,virtual_frontier,62922752,0,16,63029248,73000020,26,True,3,0,16,sequence,0,0,0.0,0,0.014699697000004619
16,0,0.014694734000000098,0,0,success,0,0,3,True,0,False,0,task_virtual_frontier,62922752,0,16,63029248,73000020,26,True,3,0,16,sequence,0,0,0.0,0,0.014697333000000867
17,0,0.02219454300000001,0,0,success,0,0,7,True,0,False,0,structural,62922752,0,17,63037440,73000020,26,True,4,0,17,all_of,0,0,0.0,0,0.022197699999999543
17,0,0.02229642399999998,0,0,success,0,0,7,True,0,False,0,frontier_t0,62922752,0,17,63045632,73000020,26,True,4,0,17,all_of,0,0,0.0,0,0.022299631999999292
17,0,0.022322272000000032,0,0,success,0,0,7,True,0,False,0,virtual_frontier,62922752,0,17,63049728,73000020,26,True,4,0,17,all_of,0,0,0.0,0,0.02232558099999693
17,0,0.022408010000000034,0,0,success,0,0,7,True,0,False,0,task_virtual_frontier,62922752,0,17,63049728,73000020,26,True,4,0,17,all_of,0,0,0.0,0,0.02241139800000269
11,0,0.00913361300000004,0,0,success,0,0,2,True,0,False,0,structural,62922752,0,11,63049728,73000020,26,True,5,0,11,condition_then,0,0,0.0,0,0.009136570999999094
11,0,0.009107403999999986,0,0,success,0,0,2,True,0,False,0,frontier_t0,62922752,0,11,63049728,73000020,26,True,5,0,11,condition_then,0,0,0.0,0,0.009110603000003437
11,0,0.009074324999999939,0,0,success,0,0,2,True,0,False,0,virtual_frontier,62922752,0,11,63049728,73000020,26,True,5,0,11,condition_then,0,0,0.0,0,0.009077352999995014
11,0,0.00908399900000001,0,0,success,0,0,2,True,0,False,0,task_virtual_frontier,62922752,0,11,63049728,73000020,26,True,5,0,11,condition_then,0,0,0.0,0,0.009087066999995841
16,0,0.015365350000000055,0,0,success,0,0,3,True,0,False,0,structural,62922752,0,16,63049728,73000020,26,True,6,0,16,sequence,0,0,0.0,0,0.015368291000001477
16,0,0.015146203999999996,0,0,success,0,0,3,True,0,False,0,frontier_t0,62922752,0,16,63049728,73000020,26,True,6,0,16,sequence,0,0,0.0,0,0.015171698999999705
16,0,0.015196358999999937,0,0,success,0,0,3,True,0,False,0,virtual_frontier,62922752,0,16,63049728,73000020,26,True,6,0,16,sequence,0,0,0.0,0,0.015199700000003702
16,0,0.015571906000000024,0,0,success,0,0,3,True,0,False,0,task_virtual_frontier,62922752,0,16,63049728,73000020,26,True,6,0,16,sequence,0,0,0.0,0,0.015575028999997187
9,0,0.012435251999999952,0,0,success,0,0,7,True,0,False,0,structural,62922752,0,9,63049728,73000020,26,True,7,0,9,all_of,0,0,0.0,0,0.012438783000000342
9,0,0.012152503000000037,0,0,success,0,0,7,True,0,False,0,frontier_t0,62922752,0,9,63049728,73000020,26,True,7,0,9,all_of,0,0,0.0,0,0.012155110999998442
9,0,0.013990940999999979,0,0,success,0,0,7,True,0,False,0,virtual_frontier,62922752,0,9,63049728,73000020,26,True,7,0,9,all_of,0,0,0.0,0,0.013994126999996581
9,0,0.012180034000000006,0,0,success,0,0,7,True,0,False,0,task_virtual_frontier,62922752,0,9,63049728,73000020,26,True,7,0,9,all_of,0,0,0.0,0,0.012183213000000137
8,0,0.006477362000000042,0,0,success,0,0,2,True,0,False,0,structural,62922752,0,8,63049728,73000020,26,True,8,0,8,condition_then,0,0,0.0,0,0.00648079999999851
8,0,0.0064919230000000105,0,0,success,0,0,2,True,0,False,0,frontier_t0,62922752,0,8,63049728,73000020,26,True,8,0,8,condition_then,0,0,0.0,0,0.006494902000000025
8,0,0.006599463000000028,0,0,success,0,0,2,True,0,False,0,virtual_frontier,62922752,0,8,63049728,73000020,26,True,8,0,8,condition_then,0,0,0.0,0,0.006602441000005399
8,0,0.006542839000000078,0,0,success,0,0,2,True,0,False,0,task_virtual_frontier,62922752,0,8,63049728,73000020,26,True,8,0,8,condition_then,0,0,0.0,0,0.0065455869999979654
13,0,0.011801200999999928,0,0,success,0,0,3,True,0,False,0,structural,62922752,0,13,63049728,73000020,26,True,9,0,13,branch,0,0,0.0,0,0.011804228999999111
13,0,0.011848912000000045,0,0,success,0,0,3,True,0,False,0,frontier_t0,62922752,0,13,63049728,73000020,26,True,9,0,13,branch,0,0,0.0,0,0.011852139999994904
13,0,0.011858997000000038,0,0,success,0,0,3,True,0,False,0,virtual_frontier,62922752,0,13,63049728,73000020,26,True,9,0,13,branch,0,0,0.0,0,0.01186225500000404
13,0,0.011915080999999939,0,0,success,0,0,3,True,0,False,0,task_virtual_frontier,62922752,0,13,63057920,73000020,26,True,9,0,13,branch,0,0,0.0,0,0.011918058999995651
9,0,0.007459487999999959,1,1,success,0,0,3,True,0,False,0,structural,62922752,0,9,63057920,73000020,27,True,10,0,9,branch,0,0,0.0,0,0.0074629010000037965
9,0,0.007509082,1,1,success,0,0,3,True,0,False,0,frontier_t0,62922752,0,9,63062016,73000020,27,True,10,0,9,branch,0,0,0.0,0,0.007512345000002085
9,0,0.008129653000000014,1,1,success,0,0.00023267699999962588,3,True,0,False,0.0,virtual_frontier,63053824,1,9,63197184,73000020,27,True,10,0,9,branch,1,4,4.0,4,0.008132637999999304
9,0,0.007978789000000042,1,1,success,0,0.0002278689999997141,3,True,0,False,0.0,task_virtual_frontier,63053824,1,9,63213568,73000020,27,True,10,0,9,branch,1,4,4.0,4,0.007982024000000365
4096,0,1.0576693870000002,4096,4096,task_step_limit,0,0,1,False,0,False,0,structural,66330624,0,4096,66433024,73000020,33,False,11,0,4096,branch,0,0,0.0,0,1.057732596000001
48,0,0.020362223999999873,47,47,success,0,0,3,True,0,False,0,frontier_t0,66330624,0,48,66433024,73000020,33,True,11,0,48,branch,0,0,0.0,0,0.020365573999995945
48,0,0.04813180000000017,47,47,success,0,0.010857714000032104,3,True,33,False,2.220446049250313e-16,virtual_frontier,66330624,26,48,66433024,73000020,33,True,11,0,48,branch,47,4,2.4680851063829787,116,0.04813533400000125
48,0,0.04774190300000036,47,47,success,0,0.010767925000024547,3,True,33,False,2.220446049250313e-16,task_virtual_frontier,66330624,26,48,66433024,73000020,33,True,11,0,48,branch,47,4,2.4680851063829787,116,0.04775710999999916
11,0,0.014332867999999888,0,0,success,0,0,3,True,0,False,0,structural,66330624,0,11,66433024,73000021,33,True,0,0,11,sequence,0,0,0.0,0,0.014336405999998192
11,0,0.014493896999999922,0,0,success,0,0,3,True,0,False,0,frontier_t0,66330624,0,11,66433024,73000021,33,True,0,0,11,sequence,0,0,0.0,0,0.014497196000000656
11,0,0.013966543999999637,0,0,success,0,0,3,True,0,False,0,virtual_frontier,66330624,0,11,66433024,73000021,33,True,0,0,11,sequence,0,0,0.0,0,0.01396963099999482
11,0,0.013989397999999653,0,0,success,0,0,3,True,0,False,0,task_virtual_frontier,66330624,0,11,66433024,73000021,33,True,0,0,11,sequence,0,0,0.0,0,0.013993595999998831
7,0,0.010526099000000233,0,0,success,0,0,7,True,0,False,0,structural,66330624,0,7,66433024,73000021,33,True,1,0,7,all_of,0,0,0.0,0,0.010529051999995431
7,0,0.01063998700000024,0,0,success,0,0,7,True,0,False,0,frontier_t0,66330624,0,7,66433024,73000021,33,True,1,0,7,all_of,0,0,0.0,0,0.010656732000001057
7,0,0.011290763999999953,0,0,success,0,0,7,True,0,False,0,virtual_frontier,66330624,0,7,66433024,73000021,33,True,1,0,7,all_of,0,0,0.0,0,0.011293720000004726
7,0,0.010530174999999975,0,0,success,0,0,7,True,0,False,0,task_virtual_frontier,66330624,0,7,66433024,73000021,33,True,1,0,7,all_of,0,0,0.0,0,0.010532917999995561
6,0,0.006086080999999854,0,0,success,0,0,2,True,0,False,0,structural,66330624,0,6,66433024,73000021,33,True,2,0,6,condition_then,0,0,0.0,0,0.00608911799999845
6,0,0.006092339999999918,0,0,success,0,0,2,True,0,False,0,frontier_t0,66330624,0,6,66433024,73000021,33,True,2,0,6,condition_then,0,0,0.0,0,0.006095647999998732
6,0,0.0060485460000001545,0,0,success,0,0,2,True,0,False,0,virtual_frontier,66330624,0,6,66433024,73000021,33,True,2,0,6,condition_then,0,0,0.0,0,0.00606156699999616
6,0,0.0061229860000002745,0,0,success,0,0,2,True,0,False,0,task_virtual_frontier,66330624,0,6,66433024,73000021,33,True,2,0,6,condition_then,0,0,0.0,0,0.006125982999996893
13,0,0.0169244230000003,0,0,success,0,0,3,True,0,False,0,structural,66330624,0,13,66433024,73000021,33,True,3,0,13,sequence,0,0,0.0,0,0.01692748099999619
13,0,0.01685946699999974,0,0,success,0,0,3,True,0,False,0,frontier_t0,66330624,0,13,66433024,73000021,33,True,3,0,13,sequence,0,0,0.0,0,0.016862363999997854
13,0,0.01697615000000008,0,0,success,0,0,3,True,0,False,0,virtual_frontier,66330624,0,13,66433024,73000021,33,True,3,0,13,sequence,0,0,0.0,0,0.01698991399999983
13,0,0.016863151999999992,0,0,success,0,0,3,True,0,False,0,task_virtual_frontier,66330624,0,13,66433024,73000021,33,True,3,0,13,sequence,0,0,0.0,0,0.016866730000003827
1543,0,0.4911599660000001,1543,1543,success,0,0,7,True,0,False,0,structural,66330624,0,1543,66494464,73000021,36,True,4,0,1543,all_of,0,0,0.0,0,0.49117435400000176
62,0,0.06239764899999978,58,58,success,0,0,7,True,0,False,0,frontier_t0,66330624,0,62,66494464,73000021,38,True,4,0,62,all_of,0,0,0.0,0,0.06240149599999967
43,0,0.09412936299999997,39,39,success,0,0.011376256000005469,7,True,32,False,6.661338147750939e-16,virtual_frontier,66330624,91,43,66494464,73000021,37,True,4,35,43,all_of,39,170,53.76923076923077,2097,0.09413299699999556
43,0,0.09373565000000017,39,39,success,0,0.011242655000003765,7,True,32,False,6.661338147750939e-16,task_virtual_frontier,66330624,91,43,66494464,73000021,37,True,4,35,43,all_of,39,170,53.76923076923077,2097,0.0937392219999964
1579,0,0.4283307719999998,1579,1579,success,0,0,2,True,0,False,0,structural,66330624,0,1579,66506752,73000021,38,True,5,0,1579,condition_then,0,0,0.0,0,0.4284316509999968
35,0,0.019790556000000237,35,35,success,0,0,2,True,0,False,0,frontier_t0,66330624,0,35,66506752,73000021,36,True,5,0,35,condition_then,0,0,0.0,0,0.01979344400000116
55,0,0.07250268300000018,55,55,success,0,0.013413466000002927,2,True,45,False,6.661338147750939e-16,virtual_frontier,66330624,32,55,66506752,73000021,38,True,5,3,55,condition_then,55,98,22.945454545454545,1262,0.07250575499999456
55,0,0.07458375100000003,55,55,success,0,0.013529785999985222,2,True,45,False,6.661338147750939e-16,task_virtual_frontier,66330624,32,55,66506752,73000021,38,True,5,3,55,condition_then,55,98,22.945454545454545,1262,0.07460956500000293
17,0,0.022455901000000278,0,0,success,0,0,3,True,0,False,0,structural,66330624,0,17,66506752,73000021,33,True,6,0,17,sequence,0,0,0.0,0,0.022469754999995928
17,0,0.021849381,0,0,success,0,0,3,True,0,False,0,frontier_t0,66330624,0,17,66506752,73000021,33,True,6,0,17,sequence,0,0,0.0,0,0.021853107000005423
17,0,0.022010839999999643,0,0,success,0,0,3,True,0,False,0,virtual_frontier,66330624,0,17,66506752,73000021,33,True,6,0,17,sequence,0,0,0.0,0,0.022014497999997218
17,0,0.021962439000000167,0,0,success,0,0,3,True,0,False,0,task_virtual_frontier,66330624,0,17,66506752,73000021,33,True,6,0,17,sequence,0,0,0.0,0,0.02196542400000112
11,0,0.02158751200000042,0,0,success,0,0,7,True,0,False,0,structural,66330624,0,11,66506752,73000021,33,True,7,0,11,all_of,0,0,0.0,0,0.021591168000000494
11,0,0.021474274000000015,0,0,success,0,0,7,True,0,False,0,frontier_t0,66330624,0,11,66506752,73000021,33,True,7,0,11,all_of,0,0,0.0,0,0.021477578000002495
11,0,0.021638687999999906,0,0,success,0,0,7,True,0,False,0,virtual_frontier,66330624,0,11,66506752,73000021,33,True,7,0,11,all_of,0,0,0.0,0,0.021641883000000917
11,0,0.021501284999999815,0,0,success,0,0,7,True,0,False,0,task_virtual_frontier,66330624,0,11,66506752,73000021,33,True,7,0,11,all_of,0,0,0.0,0,0.02150431799999808
5,0,0.004046304000000056,0,0,success,0,0,2,True,0,False,0,structural,66330624,0,5,66506752,73000021,33,True,8,0,5,condition_then,0,0,0.0,0,0.004049522999999056
5,0,0.004003600999999968,0,0,success,0,0,2,True,0,False,0,frontier_t0,66330624,0,5,66506752,73000021,33,True,8,0,5,condition_then,0,0,0.0,0,0.0040063399999965554
5,0,0.0040301899999999335,0,0,success,0,0,2,True,0,False,0,virtual_frontier,66330624,0,5,66506752,73000021,33,True,8,0,5,condition_then,0,0,0.0,0,0.004033299999996132
5,0,0.0039983129999998646,0,0,success,0,0,2,True,0,False,0,task_virtual_frontier,66330624,0,5,66506752,73000021,33,True,8,0,5,condition_then,0,0,0.0,0,0.004001412000000926
9,0,0.011637258000000372,0,0,success,0,0,3,True,0,False,0,structural,66330624,0,9,66506752,73000021,33,True,9,0,9,branch,0,0,0.0,0,0.011640266000000565
9,0,0.011593693000000016,0,0,success,0,0,3,True,0,False,0,frontier_t0,66330624,0,9,66506752,73000021,33,True,9,0,9,branch,0,0,0.0,0,0.01160948999999789
9,0,0.011551290999999964,0,0,success,0,0,3,True,0,False,0,virtual_frontier,66330624,0,9,66506752,73000021,33,True,9,0,9,branch,0,0,0.0,0,0.011554056999997897
9,0,0.01145715100000011,0,0,success,0,0,3,True,0,False,0,task_virtual_frontier,66330624,0,9,66506752,73000021,33,True,9,0,9,branch,0,0,0.0,0,0.01146054800000229
11,0,0.01448042699999963,0,0,success,0,0,3,True,0,False,0,structural,66330624,0,11,66506752,73000021,33,True,10,0,11,branch,0,0,0.0,0,0.014483685000001856
11,0,0.013059077999999502,0,0,success,0,0,3,True,0,False,0,frontier_t0,66330624,0,11,66506752,73000021,33,True,10,0,11,branch,0,0,0.0,0,0.013072796000002995
11,0,0.013130843999999975,0,0,success,0,0,3,True,0,False,0,virtual_frontier,66330624,0,11,66506752,73000021,33,True,10,0,11,branch,0,0,0.0,0,0.01313415799999973
11,0,0.013020981000000376,0,0,success,0,0,3,True,0,False,0,task_virtual_frontier,66330624,0,11,66506752,73000021,33,True,10,0,11,branch,0,0,0.0,0,0.013024003999994704
10,0,0.012432837999999613,0,0,success,0,0,3,True,0,False,0,structural,66330624,0,10,66506752,73000021,33,True,11,0,10,branch,0,0,0.0,0,0.012436209000000531
10,0,0.01238258400000003,0,0,success,0,0,3,True,0,False,0,frontier_t0,66330624,0,10,66506752,73000021,33,True,11,0,10,branch,0,0,0.0,0,0.012385584000000449
10,0,0.012427500000000258,0,0,success,0,0,3,True,0,False,0,virtual_frontier,66330624,0,10,66506752,73000021,33,True,11,0,10,branch,0,0,0.0,0,0.012430451000000176
10,0,0.012472107000000676,0,0,success,0,0,3,True,0,False,0,task_virtual_frontier,66330624,0,10,66506752,73000021,33,True,11,0,10,branch,0,0,0.0,0,0.012475176999998894
10,0,0.005264601999999563,0,0,success,0,0,3,True,0,False,0,structural,66330624,0,10,66506752,73000023,26,True,0,0,10,sequence,0,0,0.0,0,0.00526764500000354
10,0,0.005248377000000026,0,0,success,0,0,3,True,0,False,0,frontier_t0,66330624,0,10,66506752,73000023,26,True,0,0,10,sequence,0,0,0.0,0,0.005288967000005584
10,0,0.005135990999999507,0,0,success,0,0,3,True,0,False,0,virtual_frontier,66330624,0,10,66506752,73000023,26,True,0,0,10,sequence,0,0,0.0,0,0.005138963999996804
10,0,0.005161498999999736,0,0,success,0,0,3,True,0,False,0,task_virtual_frontier,66330624,0,10,66506752,73000023,26,True,0,0,10,sequence,0,0,0.0,0,0.005164762999996242
7,0,0.0036481229999996145,0,0,success,0,0,7,True,0,False,0,structural,66330624,0,7,66506752,73000023,26,True,1,0,7,all_of,0,0,0.0,0,0.0036510110000023133
7,0,0.00357582100000009,0,0,success,0,0,7,True,0,False,0,frontier_t0,66330624,0,7,66506752,73000023,26,True,1,0,7,all_of,0,0,0.0,0,0.00359572800000052
7,0,0.0035996709999999155,0,0,success,0,0,7,True,0,False,0,virtual_frontier,66330624,0,7,66506752,73000023,26,True,1,0,7,all_of,0,0,0.0,0,0.0036026089999978694
7,0,0.0036350340000002035,0,0,success,0,0,7,True,0,False,0,task_virtual_frontier,66330624,0,7,66506752,73000023,26,True,1,0,7,all_of,0,0,0.0,0,0.0036381020000035846
7,0,0.0035701680000004288,0,0,success,0,0,2,True,0,False,0,structural,66330624,0,7,66506752,73000023,26,True,2,0,7,condition_then,0,0,0.0,0,0.0035734249999990197
7,0,0.003438361999999806,0,0,success,0,0,2,True,0,False,0,frontier_t0,66330624,0,7,66506752,73000023,26,True,2,0,7,condition_then,0,0,0.0,0,0.0034410689999972988
7,0,0.0034502600000001493,0,0,success,0,0,2,True,0,False,0,virtual_frontier,66330624,0,7,66506752,73000023,26,True,2,0,7,condition_then,0,0,0.0,0,0.0034530970000048455
7,0,0.003451271000000311,0,0,success,0,0,2,True,0,False,0,task_virtual_frontier,66330624,0,7,66506752,73000023,26,True,2,0,7,condition_then,0,0,0.0,0,0.0034541779999983646
15,0,0.00795156900000027,0,0,success,0,0,3,True,0,False,0,structural,66330624,0,15,66506752,73000023,26,True,3,0,15,sequence,0,0,0.0,0,0.007964547000000266
15,0,0.007755047999999931,0,0,success,0,0,3,True,0,False,0,frontier_t0,66330624,0,15,66506752,73000023,26,True,3,0,15,sequence,0,0,0.0,0,0.007758250999998495
15,0,0.007860523999999813,0,0,success,0,0,3,True,0,False,0,virtual_frontier,66330624,0,15,66506752,73000023,26,True,3,0,15,sequence,0,0,0.0,0,0.007863656999994362
15,0,0.007777920999999743,0,0,success,0,0,3,True,0,False,0,task_virtual_frontier,66330624,0,15,66506752,73000023,26,True,3,0,15,sequence,0,0,0.0,0,0.007781305000001737
15,0,0.008221078000000048,0,0,success,0,0,7,True,0,False,0,structural,66330624,0,15,66506752,73000023,26,True,4,0,15,all_of,0,0,0.0,0,0.008223904000004723
15,0,0.008296039999999394,0,0,success,0,0,7,True,0,False,0,frontier_t0,66330624,0,15,66506752,73000023,26,True,4,0,15,all_of,0,0,0.0,0,0.008299206000003778
15,0,0.008239375999999687,0,0,success,0,0,7,True,0,False,0,virtual_frontier,66330624,0,15,66506752,73000023,26,True,4,0,15,all_of,0,0,0.0,0,0.008327368000003332
15,0,0.008248158999999866,0,0,success,0,0,7,True,0,False,0,task_virtual_frontier,66330624,0,15,66506752,73000023,26,True,4,0,15,all_of,0,0,0.0,0,0.00825106399999953
14,0,0.006648476000000514,0,0,success,0,0,2,True,0,False,0,structural,66330624,0,14,66506752,73000023,26,True,5,0,14,condition_then,0,0,0.0,0,0.006651644999998041
14,0,0.006609156999999755,0,0,success,0,0,2,True,0,False,0,frontier_t0,66330624,0,14,66506752,73000023,26,True,5,0,14,condition_then,0,0,0.0,0,0.006612064999998779
14,0,0.006678239000000197,0,0,success,0,0,2,True,0,False,0,virtual_frontier,66330624,0,14,66506752,73000023,26,True,5,0,14,condition_then,0,0,0.0,0,0.006681158000006349
14,0,0.0066312100000001095,0,0,success,0,0,2,True,0,False,0,task_virtual_frontier,66330624,0,14,66506752,73000023,26,True,5,0,14,condition_then,0,0,0.0,0,0.006635109999997724
16,0,0.007849107000000188,0,0,success,0,0,3,True,0,False,0,structural,66330624,0,16,66506752,73000023,26,True,6,0,16,sequence,0,0,0.0,0,0.007852229999997462
16,0,0.007770930999999592,0,0,success,0,0,3,True,0,False,0,frontier_t0,66330624,0,16,66506752,73000023,26,True,6,0,16,sequence,0,0,0.0,0,0.007773933999999372
16,0,0.007702439000000005,0,0,success,0,0,3,True,0,False,0,virtual_frontier,66330624,0,16,66506752,73000023,26,True,6,0,16,sequence,0,0,0.0,0,0.0077055929999971795
16,0,0.0076943070000004,0,0,success,0,0,3,True,0,False,0,task_virtual_frontier,66330624,0,16,66506752,73000023,26,True,6,0,16,sequence,0,0,0.0,0,0.007697180000000969
13,0,0.006643767999999994,0,0,success,0,0,7,True,0,False,0,structural,66330624,0,13,66506752,73000023,26,True,7,0,13,all_of,0,0,0.0,0,0.006646787999997628
13,0,0.0066191310000007775,0,0,success,0,0,7,True,0,False,0,frontier_t0,66330624,0,13,66506752,73000023,26,True,7,0,13,all_of,0,0,0.0,0,0.006622159999999155
13,0,0.006574053999999663,0,0,success,0,0,7,True,0,False,0,virtual_frontier,66330624,0,13,66506752,73000023,26,True,7,0,13,all_of,0,0,0.0,0,0.006576973000001374
13,0,0.006650449000000336,0,0,success,0,0,7,True,0,False,0,task_virtual_frontier,66330624,0,13,66506752,73000023,26,True,7,0,13,all_of,0,0,0.0,0,0.0066532270000010385
12,0,0.005394383999999697,0,0,success,0,0,2,True,0,False,0,structural,66330624,0,12,66506752,73000023,26,True,8,0,12,condition_then,0,0,0.0,0,0.005397528999999679
12,0,0.005525028000000098,0,0,success,0,0,2,True,0,False,0,frontier_t0,66330624,0,12,66506752,73000023,26,True,8,0,12,condition_then,0,0,0.0,0,0.005528022999996551
12,0,0.0054630260000001485,0,0,success,0,0,2,True,0,False,0,virtual_frontier,66330624,0,12,66506752,73000023,26,True,8,0,12,condition_then,0,0,0.0,0,0.0054660620000035465
12,0,0.005447743999999588,0,0,success,0,0,2,True,0,False,0,task_virtual_frontier,66330624,0,12,66506752,73000023,26,True,8,0,12,condition_then,0,0,0.0,0,0.005450967999998113
16,0,0.008208158999999604,0,0,success,0,0,3,True,0,False,0,structural,66330624,0,16,66506752,73000023,26,True,9,0,16,branch,0,0,0.0,0,0.008211604999999622
16,0,0.008080069000000023,0,0,success,0,0,3,True,0,False,0,frontier_t0,66330624,0,16,66506752,73000023,26,True,9,0,16,branch,0,0,0.0,0,0.008083044000002815
16,0,0.007829327999999691,0,0,success,0,0,3,True,0,False,0,virtual_frontier,66330624,0,16,66506752,73000023,26,True,9,0,16,branch,0,0,0.0,0,0.007832571999998095
16,0,0.007874494000000176,0,0,success,0,0,3,True,0,False,0,task_virtual_frontier,66330624,0,16,66506752,73000023,26,True,9,0,16,branch,0,0,0.0,0,0.007877387999997154
17,0,0.008485030000000116,0,0,success,0,0,3,True,0,False,0,structural,66330624,0,17,66506752,73000023,26,True,10,0,17,branch,0,0,0.0,0,0.008487885999997502
17,0,0.008547172000000103,0,0,success,0,0,3,True,0,False,0,frontier_t0,66330624,0,17,66506752,73000023,26,True,10,0,17,branch,0,0,0.0,0,0.008550347999999985
17,0,0.00848980800000021,0,0,success,0,0,3,True,0,False,0,virtual_frontier,66330624,0,17,66506752,73000023,26,True,10,0,17,branch,0,0,0.0,0,0.008492842999999084
17,0,0.008601472999999693,0,0,success,0,0,3,True,0,False,0,task_virtual_frontier,66330624,0,17,66506752,73000023,26,True,10,0,17,branch,0,0,0.0,0,0.00860481000000135
15,0,0.007164491000000162,0,0,success,0,0,3,True,0,False,0,structural,66330624,0,15,66506752,73000023,26,True,11,0,15,branch,0,0,0.0,0,0.007167492000000664
15,0,0.007199833999999683,0,0,success,0,0,3,True,0,False,0,frontier_t0,66330624,0,15,66506752,73000023,26,True,11,0,15,branch,0,0,0.0,0,0.007202753999997924
15,0,0.00711678999999954,0,0,success,0,0,3,True,0,False,0,virtual_frontier,66330624,0,15,66506752,73000023,26,True,11,0,15,branch,0,0,0.0,0,0.007120051000001126
15,0,0.007152242000000086,0,0,success,0,0,3,True,0,False,0,task_virtual_frontier,66330624,0,15,66506752,73000023,26,True,11,0,15,branch,0,0,0.0,0,0.0071550529999981904
26,0,0.09347328999999949,1,1,success,0,0,3,True,0,False,0,structural,66330624,0,26,66510848,73000024,145,True,0,0,26,sequence,0,0,0.0,0,0.09347783199999782
26,0,0.100957556,1,1,success,0,0,3,True,0,False,0,frontier_t0,66461696,0,26,66662400,73000024,145,True,0,0,26,sequence,0,0,0.0,0,0.10096623199999755
26,0,0.09496858800000041,1,1,success,0,0.00022677700000173218,3,True,0,False,0.0,virtual_frontier,66461696,1,26,66662400,73000024,145,True,0,0,26,sequence,1,4,4.0,4,0.09499044300000037
26,0,0.09454650300000011,1,1,success,0,0.0002501519999995594,3,True,0,False,0.0,task_virtual_frontier,66461696,1,26,66662400,73000024,145,True,0,0,26,sequence,1,4,4.0,4,0.09455036800000016
19,0,0.11619268199999944,1,1,success,0,0,7,True,0,False,0,structural,66981888,0,19,66666496,73000024,145,True,1,0,19,all_of,0,0,0.0,0,0.1161974389999969
19,0,0.1159612490000006,1,1,success,0,0,7,True,0,False,0,frontier_t0,66981888,0,19,66666496,73000024,145,True,1,0,19,all_of,0,0,0.0,0,0.1160047720000037
19,0,0.11608496300000049,1,1,success,0,0.00026193000000063194,7,True,0,False,0.0,virtual_frontier,66981888,1,19,66666496,73000024,145,True,1,0,19,all_of,1,4,4.0,4,0.11609010899999817
19,0,0.11715350800000035,1,1,success,0,0.00024798900000178037,7,True,0,False,0.0,task_virtual_frontier,66981888,1,19,66666496,73000024,145,True,1,0,19,all_of,1,4,4.0,4,0.11716926500000113
18,0,0.051131040999999655,1,1,success,0,0,2,True,0,False,0,structural,66981888,0,18,66662400,73000024,145,True,2,0,18,condition_then,0,0,0.0,0,0.05113552699999957
18,0,0.05123538500000002,1,1,success,0,0,2,True,0,False,0,frontier_t0,66981888,0,18,66662400,73000024,145,True,2,0,18,condition_then,0,0,0.0,0,0.051238929999996685
18,0,0.051343925999999485,1,1,success,0,0.0002277090000006865,2,True,0,False,0.0,virtual_frontier,66981888,1,18,66662400,73000024,145,True,2,0,18,condition_then,1,4,4.0,4,0.05134811300000308
18,0,0.05198564900000058,1,1,success,0,0.00022560500000423644,2,True,0,False,0.0,task_virtual_frontier,66981888,1,18,66662400,73000024,145,True,2,0,18,condition_then,1,4,4.0,4,0.051989748000004
234,0,0.33217884199999936,217,217,success,0,0,3,True,0,False,0,structural,66981888,0,234,66666496,73000024,168,True,3,0,234,sequence,0,0,0.0,0,0.3322109989999973
187,0,0.3187183770000006,170,170,success,0,0,3,True,0,False,0,frontier_t0,66981888,0,187,66670592,73000024,166,True,3,0,187,sequence,0,0,0.0,0,0.31884973100000025
180,0,0.5458336839999998,163,163,success,0,0.07389565500002249,3,True,143,False,3.3306690738754696e-16,virtual_frontier,66981888,162,180,66674688,73000024,168,True,3,0,180,sequence,163,84,55.33742331288344,9020,0.5458048069999961
180,0,0.545394881,163,163,success,0,0.07386642699996315,3,True,143,False,3.3306690738754696e-16,task_virtual_frontier,66981888,162,180,66674688,73000024,168,True,3,0,180,sequence,163,84,55.33742331288344,9020,0.5455533499999987
216,0,0.44966145899999965,216,216,success,0,0,7,True,0,False,0,structural,66981888,0,216,66674688,73000024,168,True,4,0,216,all_of,0,0,0.0,0,0.44969408600000094
183,0,0.4999117920000007,170,170,success,0,0,7,True,0,False,0,frontier_t0,66981888,0,183,66674688,73000024,166,True,4,0,183,all_of,0,0,0.0,0,0.5001322410000029
176,0,0.9537544739999984,163,163,success,0,0.10811306199997972,7,True,143,False,8.881784197001252e-16,virtual_frontier,66981888,323,176,66674688,73000024,168,True,4,139,176,all_of,163,166,107.99386503067484,17603,0.9539034949999987
176,0,0.9562181419999991,163,163,success,0,0.10802433999998584,7,True,143,False,8.881784197001252e-16,task_virtual_frontier,66981888,323,176,66674688,73000024,168,True,4,139,176,all_of,163,166,107.99386503067484,17603,0.9564965960000009
188,0,0.22641810899999903,185,185,success,0,0,2,True,0,False,0,structural,66981888,0,188,66674688,73000024,159,True,5,0,188,condition_then,0,0,0.0,0,0.22644753699999853
145,0,0.2115458409999995,142,142,success,0,0,2,True,0,False,0,frontier_t0,66981888,0,145,66674688,73000024,159,True,5,0,145,condition_then,0,0,0.0,0,0.21154773099999602
134,0,0.38842054699999906,131,131,success,0,0.059862484999968046,2,True,111,False,3.3306690738754696e-16,virtual_frontier,66981888,153,134,66674688,73000024,159,True,5,0,134,condition_then,131,84,58.63358778625954,7681,0.3884648310000003
134,0,0.3889763909999999,131,131,success,0,0.060146356000004175,2,True,111,False,3.3306690738754696e-16,task_virtual_frontier,66981888,153,134,66674688,73000024,159,True,5,0,134,condition_then,131,84,58.63358778625954,7681,0.38898739100000057
17,0,0.06798279700000087,0,0,success,0,0,3,True,0,False,0,structural,66981888,0,17,66674688,73000024,144,True,6,0,17,sequence,0,0,0.0,0,0.06799791999999627
17,0,0.0669169140000001,0,0,success,0,0,3,True,0,False,0,frontier_t0,66981888,0,17,66674688,73000024,144,True,6,0,17,sequence,0,0,0.0,0,0.06692003100000221
17,0,0.07340832600000091,0,0,success,0,0,3,True,0,False,0,virtual_frontier,66981888,0,17,66674688,73000024,144,True,6,0,17,sequence,0,0,0.0,0,0.07341093699999846
17,0,0.06818610699999894,0,0,success,0,0,3,True,0,False,0,task_virtual_frontier,66981888,0,17,66674688,73000024,144,True,6,0,17,sequence,0,0,0.0,0,0.06820245100000477
8,0,0.04913152299999979,0,0,success,0,0,7,True,0,False,0,structural,66985984,0,8,66818048,73000024,144,True,7,0,8,all_of,0,0,0.0,0,0.049135014000000865
8,0,0.04910694699999851,0,0,success,0,0,7,True,0,False,0,frontier_t0,67117056,0,8,66818048,73000024,144,True,7,0,8,all_of,0,0,0.0,0,0.0491096670000033
8,0,0.048995510999999325,0,0,success,0,0,7,True,0,False,0,virtual_frontier,67117056,0,8,66818048,73000024,144,True,7,0,8,all_of,0,0,0.0,0,0.04900738599999954
8,0,0.050126609999999516,0,0,success,0,0,7,True,0,False,0,task_virtual_frontier,67117056,0,8,66818048,73000024,144,True,7,0,8,all_of,0,0,0.0,0,0.05017971299999857
9,0,0.02920929300000097,0,0,success,0,0,2,True,0,False,0,structural,67117056,0,9,66818048,73000024,144,True,8,0,9,condition_then,0,0,0.0,0,0.02922484499999456
9,0,0.03666929199999913,0,0,success,0,0,2,True,0,False,0,frontier_t0,67117056,0,9,66818048,73000024,144,True,8,0,9,condition_then,0,0,0.0,0,0.0366721890000008
9,0,0.029137235000000317,0,0,success,0,0,2,True,0,False,0,virtual_frontier,67117056,0,9,66818048,73000024,144,True,8,0,9,condition_then,0,0,0.0,0,0.02914007000000396
9,0,0.02964524899999965,0,0,success,0,0,2,True,0,False,0,task_virtual_frontier,67117056,0,9,66818048,73000024,144,True,8,0,9,condition_then,0,0,0.0,0,0.029648519000005535
15,0,0.04594681800000089,1,1,success,0,0,3,True,0,False,0,structural,67117056,0,15,66818048,73000024,145,True,9,0,15,branch,0,0,0.0,0,0.045950049999994746
15,0,0.04659576099999896,1,1,success,0,0,3,True,0,False,0,frontier_t0,67117056,0,15,66818048,73000024,145,True,9,0,15,branch,0,0,0.0,0,0.046598616000004256
15,0,0.04644105200000048,1,1,success,0,0.0002540349999975433,3,True,0,False,0.0,virtual_frontier,67117056,1,15,66818048,73000024,145,True,9,0,15,branch,1,4,4.0,4,0.04644423900000305
15,0,0.0463546130000001,1,1,success,0,0.0002379709999971169,3,True,0,False,0.0,task_virtual_frontier,67117056,1,15,66818048,73000024,145,True,9,0,15,branch,1,4,4.0,4,0.046357421000003285
9,0,0.02844960500000049,2,2,success,0,0,3,True,0,False,0,structural,67117056,0,9,66818048,73000024,146,True,10,0,9,branch,0,0,0.0,0,0.028452776999998264
9,0,0.028857850999999712,2,2,success,0,0,3,True,0,False,0,frontier_t0,67117056,0,9,66818048,73000024,146,True,10,0,9,branch,0,0,0.0,0,0.02886103899999881
9,0,0.029741702000000814,2,2,success,0,0.00046285200000539817,3,True,0,False,0.0,virtual_frontier,67117056,1,9,66818048,73000024,146,True,10,0,9,branch,2,4,4.0,8,0.029745112000000518
9,0,0.029444020999999765,2,2,success,0,0.00043395000000145956,3,True,0,False,0.0,task_virtual_frontier,67117056,1,9,66818048,73000024,146,True,10,0,9,branch,2,4,4.0,8,0.02944705200000186
10,0,0.04161236699999904,0,0,success,0,0,3,True,0,False,0,structural,67117056,0,10,66818048,73000024,144,True,11,0,10,branch,0,0,0.0,0,0.041615442999997754
10,0,0.04168404199999998,0,0,success,0,0,3,True,0,False,0,frontier_t0,67117056,0,10,66818048,73000024,144,True,11,0,10,branch,0,0,0.0,0,0.04168721899999639
10,0,0.04201918000000049,0,0,success,0,0,3,True,0,False,0,virtual_frontier,67117056,0,10,66818048,73000024,144,True,11,0,10,branch,0,0,0.0,0,0.04202165200000252
10,0,0.041711562999999785,0,0,success,0,0,3,True,0,False,0,task_virtual_frontier,67117056,0,10,66818048,73000024,144,True,11,0,10,branch,0,0,0.0,0,0.04171495000000647
4096,0,2.5373294279999996,4096,4096,task_step_limit,0,0,1,False,0,False,0,structural,63315968,0,4096,63627264,73000026,75,False,0,0,4096,sequence,0,0,0.0,0,2.5379577909999966
291,0,0.2412249609999999,287,287,success,0,0,3,True,0,False,0,frontier_t0,66330624,0,291,66547712,73000026,87,True,0,0,291,sequence,0,0,0.0,0,0.2412429569999972
291,0,0.5386044999999999,287,287,success,0,0.08838762199985695,3,True,254,False,4.440892098500626e-16,virtual_frontier,66461696,85,291,66695168,73000026,87,True,0,0,291,sequence,287,54,35.64808362369338,10231,0.5386939050000024
291,0,0.5376418789999997,287,287,success,0,0.08848426699998413,3,True,254,False,4.440892098500626e-16,task_virtual_frontier,66461696,85,291,66695168,73000026,87,True,0,0,291,sequence,287,54,35.64808362369338,10231,0.5377878569999837
4096,0,2.835315347,4096,4096,task_step_limit,0,0,1,False,0,False,0,structural,66592768,0,4096,66871296,73000026,75,False,1,0,4096,all_of,0,0,0.0,0,2.8358809559999827
286,0,0.25502038100000046,286,286,success,0,0,7,True,0,False,0,frontier_t0,66592768,0,286,66871296,73000026,87,True,1,0,286,all_of,0,0,0.0,0,0.25503793700002575
286,0,0.5711373540000002,286,286,success,0,0.08826967000035779,7,True,254,False,6.661338147750939e-16,virtual_frontier,66592768,85,286,66871296,73000026,87,True,1,0,286,all_of,286,54,35.75524475524475,10226,0.5713374130000091
286,0,0.5713354239999999,286,286,success,0,0.08818897800031777,7,True,254,False,6.661338147750939e-16,task_virtual_frontier,66592768,85,286,66871296,73000026,87,True,1,0,286,all_of,286,54,35.75524475524475,10226,0.571367457000008
4096,0,2.549938986000001,4096,4096,task_step_limit,0,0,1,False,0,False,0,structural,66592768,0,4096,66895872,73000026,75,False,2,0,4096,condition_then,0,0,0.0,0,2.550381655000024
69,0,0.04472614700000044,69,69,success,0,0,2,True,0,False,0,frontier_t0,66592768,0,69,66895872,73000026,56,True,2,0,69,condition_then,0,0,0.0,0,0.04473022599998444
69,0,0.10637200000000036,69,69,success,0,0.01949568499992438,2,True,56,False,4.440892098500626e-16,virtual_frontier,66592768,54,69,66895872,73000026,56,True,2,0,69,condition_then,69,54,38.53623188405797,2659,0.10637515400000552
69,0,0.10664655600000117,69,69,success,0,0.01937814000021376,2,True,56,False,4.440892098500626e-16,task_virtual_frontier,66592768,54,69,66895872,73000026,56,True,2,0,69,condition_then,69,54,38.53623188405797,2659,0.10666301099999487
4096,0,2.5984996870000003,4096,4096,task_step_limit,0,0,2,False,0,False,0,structural,66592768,0,4096,66904064,73000026,75,False,3,0,4096,sequence,0,0,0.0,0,2.598874271999989
334,0,0.6097079230000002,313,313,success,0,0,3,True,0,False,0,frontier_t0,66592768,0,334,66908160,73000026,90,True,3,0,334,sequence,0,0,0.0,0,0.6097393699999998
334,0,1.2379575309999993,313,313,success,0,0.14267938000017466,3,True,274,False,5.551115123125783e-16,virtual_frontier,66592768,265,334,66912256,73000026,90,True,3,260,334,sequence,313,158,81.61341853035144,25545,1.2381649090000053
334,0,1.2273410399999989,313,313,success,0,0.14173017099972185,3,True,274,False,5.551115123125783e-16,task_virtual_frontier,66592768,265,334,66912256,73000026,90,True,3,260,334,sequence,313,158,81.61341853035144,25545,1.227453386999997
2183,0,1.465604914,2183,2183,success,0,0,7,True,0,False,0,structural,66592768,0,2183,66912256,73000026,71,True,4,0,2183,all_of,0,0,0.0,0,1.4657679289999805
166,0,0.2033145420000011,161,161,success,0,0,7,True,0,False,0,frontier_t0,66592768,0,166,66912256,73000026,73,True,4,0,166,all_of,0,0,0.0,0,0.20333783799998173
166,0,0.44711514999999835,161,161,success,0,0.058251517000172726,7,True,137,False,4.440892098500626e-16,virtual_frontier,66592768,143,166,66912256,73000026,73,True,4,128,166,all_of,161,108,75.72049689440993,12191,0.4471337679999863
166,0,0.4485254730000001,161,161,success,0,0.05841193700007352,7,True,137,False,4.440892098500626e-16,task_virtual_frontier,66592768,143,166,66912256,73000026,73,True,4,128,166,all_of,161,108,75.72049689440993,12191,0.44861502699998823
2197,0,1.2780664969999975,2197,2197,success,0,0,2,True,0,False,0,structural,66592768,0,2197,66912256,73000026,73,True,5,0,2197,condition_then,0,0,0.0,0,1.278220245
264,0,0.33575149300000007,249,249,success,0,0,2,True,0,False,0,frontier_t0,66592768,0,264,66912256,73000026,82,True,5,0,264,condition_then,0,0,0.0,0,0.3357559789999982
264,0,0.716172714999999,249,249,success,0,0.0978502189999233,2,True,219,False,6.661338147750939e-16,virtual_frontier,66592768,153,264,66912256,73000026,82,True,5,207,264,condition_then,249,108,75.55020080321285,18812,0.7163258660000054
264,0,0.717691968999997,249,249,success,0,0.097609547000161,2,True,219,False,6.661338147750939e-16,task_virtual_frontier,66592768,153,264,66912256,73000026,82,True,5,207,264,condition_then,249,108,75.55020080321285,18812,0.7177272360000018
4096,0,2.5063379899999987,4096,4096,task_step_limit,0,0,2,False,0,False,0,structural,66592768,0,4096,66936832,73000026,75,False,6,0,4096,sequence,0,0,0.0,0,2.5065635560000032
203,0,0.152448420999999,203,203,success,0,0,3,True,0,False,0,frontier_t0,66592768,0,203,66936832,73000026,78,True,6,0,203,sequence,0,0,0.0,0,0.15247747500001196
203,0,0.3538271490000007,203,203,success,0,0.06130606399989347,3,True,166,False,4.440892098500626e-16,virtual_frontier,66592768,90,203,66936832,73000026,78,True,6,7,203,sequence,203,102,39.8423645320197,8088,0.3538854249999872
203,0,0.35287451099999956,203,203,success,0,0.061220535000160226,3,True,166,False,4.440892098500626e-16,task_virtual_frontier,66592768,90,203,66936832,73000026,78,True,6,7,203,sequence,203,102,39.8423645320197,8088,0.3529147340000236
82,0,0.0970054609999984,82,82,success,0,0,7,True,0,False,0,structural,66592768,0,82,66936832,73000026,47,True,7,0,82,all_of,0,0,0.0,0,0.09700945699998442
39,0,0.035145741000000896,39,39,success,0,0,7,True,0,False,0,frontier_t0,66592768,0,39,66936832,73000026,52,True,7,0,39,all_of,0,0,0.0,0,0.03514976399998204
39,0,0.08192122800000234,39,39,success,0,0.012256990000054202,7,True,23,False,4.440892098500626e-16,virtual_frontier,66592768,176,39,66936832,73000026,52,True,7,9,39,all_of,39,192,65.8974358974359,2570,0.08193749000000139
39,0,0.08192657700000083,39,39,success,0,0.012151517999939188,7,True,23,False,4.440892098500626e-16,task_virtual_frontier,66592768,176,39,66936832,73000026,52,True,7,9,39,all_of,39,192,65.8974358974359,2570,0.08192917699997793
7,0,0.009612061999998645,0,0,success,0,0,2,True,0,False,0,structural,66592768,0,7,66936832,73000026,46,True,8,0,7,condition_then,0,0,0.0,0,0.009615410000009206
7,0,0.009517722999998313,0,0,success,0,0,2,True,0,False,0,frontier_t0,66592768,0,7,66936832,73000026,46,True,8,0,7,condition_then,0,0,0.0,0,0.009520628999979408
7,0,0.009511934000002498,0,0,success,0,0,2,True,0,False,0,virtual_frontier,66592768,0,7,66936832,73000026,46,True,8,0,7,condition_then,0,0,0.0,0,0.009534499000011465
7,0,0.009542489000001098,0,0,success,0,0,2,True,0,False,0,task_virtual_frontier,66592768,0,7,66936832,73000026,46,True,8,0,7,condition_then,0,0,0.0,0,0.009545716999980414
19,0,0.02844214399999956,0,0,success,0,0,3,True,0,False,0,structural,66592768,0,19,66936832,73000026,46,True,9,0,19,branch,0,0,0.0,0,0.028445695000016258
19,0,0.027774683000000522,0,0,success,0,0,3,True,0,False,0,frontier_t0,66592768,0,19,66936832,73000026,46,True,9,0,19,branch,0,0,0.0,0,0.027778294999990294
19,0,0.027602668000000108,0,0,success,0,0,3,True,0,False,0,virtual_frontier,66592768,0,19,66936832,73000026,46,True,9,0,19,branch,0,0,0.0,0,0.02760655899999165
19,0,0.027508969000002992,0,0,success,0,0,3,True,0,False,0,task_virtual_frontier,66592768,0,19,66936832,73000026,46,True,9,0,19,branch,0,0,0.0,0,0.027512970000003634
13,0,0.0169568410000025,2,2,success,0,0,3,True,0,False,0,structural,66592768,0,13,66936832,73000026,48,True,10,0,13,branch,0,0,0.0,0,0.016960069999981897
13,0,0.01700985000000088,2,2,success,0,0,3,True,0,False,0,frontier_t0,66592768,0,13,66936832,73000026,48,True,10,0,13,branch,0,0,0.0,0,0.0170127880000166
13,0,0.017960631000001115,2,2,success,0,0.0004303780000043389,3,True,0,False,1.1102230246251565e-16,virtual_frontier,66592768,1,13,66936832,73000026,48,True,10,0,13,branch,2,5,5.0,10,0.0179638989999944
13,0,0.017897918000002733,2,2,success,0,0.0004631969999877583,3,True,0,False,1.1102230246251565e-16,task_virtual_frontier,66592768,1,13,66936832,73000026,48,True,10,0,13,branch,2,5,5.0,10,0.017901576000014074
80,0,0.05652789499999855,71,71,success,0,0,3,True,0,False,0,structural,66592768,0,80,66936832,73000026,57,True,11,0,80,branch,0,0,0.0,0,0.056550384000018994
80,0,0.06137283799999693,71,71,success,0,0,3,True,0,False,0,frontier_t0,66592768,0,80,66936832,73000026,57,True,11,0,80,branch,0,0,0.0,0,0.06138902399999324
80,0,0.12932988500000064,71,71,success,0,0.021336645000019416,3,True,49,False,3.3306690738754696e-16,virtual_frontier,66592768,56,80,66936832,73000026,57,True,11,0,80,branch,71,66,44.056338028169016,3128,0.12933386800000335
80,0,0.1255497769999998,71,71,success,0,0.020377092000018138,3,True,49,False,3.3306690738754696e-16,task_virtual_frontier,66592768,56,80,66936832,73000026,57,True,11,0,80,branch,71,66,44.056338028169016,3128,0.12557947700000227
453,0,0.743314711,453,453,success,0,0,3,True,0,False,0,structural,66592768,0,453,66936832,73000027,224,True,0,0,453,sequence,0,0,0.0,0,0.74345659399998
728,0,1.520413756,724,724,success,0,0,3,True,0,False,0,frontier_t0,66723840,0,728,66940928,73000027,207,True,0,0,728,sequence,0,0,0.0,0,1.5204977870000107
374,0,1.4235076589999984,370,370,success,0,0.2118115860004366,3,True,288,False,8.881784197001252e-16,virtual_frontier,66985984,313,374,67297280,73000027,224,True,0,91,374,sequence,370,425,202.04594594594596,74757,1.4237809470000116
374,0,1.4139706590000003,370,370,success,0,0.2105076039998437,3,True,288,False,8.881784197001252e-16,task_virtual_frontier,66985984,313,374,67297280,73000027,224,True,0,91,374,sequence,370,425,202.04594594594596,74757,1.4141297509999902
440,0,0.8058128090000025,440,440,success,0,0,7,True,0,False,0,structural,66985984,0,440,67297280,73000027,222,True,1,0,440,all_of,0,0,0.0,0,0.8058682369999985
723,0,1.6776280440000022,723,723,success,0,0,7,True,0,False,0,frontier_t0,66985984,0,723,67297280,73000027,207,True,1,0,723,all_of,0,0,0.0,0,1.6778224660000092
369,0,1.5138851529999968,369,369,success,0,0.21002913000026524,7,True,287,False,1.1102230246251565e-15,virtual_frontier,66985984,313,369,67297280,73000027,224,True,1,91,369,all_of,369,425,202.579945799458,74752,1.5141089180000051
369,0,1.524922758999999,369,369,success,0,0.2095807220002257,7,True,287,False,1.1102230246251565e-15,task_virtual_frontier,66985984,313,369,67297280,73000027,224,True,1,91,369,all_of,369,425,202.579945799458,74752,1.5251201980000246
425,0,0.5162842559999987,425,425,success,0,0,2,True,0,False,0,structural,66985984,0,425,67297280,73000027,216,True,2,0,425,condition_then,0,0,0.0,0,0.5163116729999899
694,0,1.1968628999999993,694,694,success,0,0,2,True,0,False,0,frontier_t0,66985984,0,694,67297280,73000027,198,True,2,0,694,condition_then,0,0,0.0,0,1.1969230560000028
348,0,1.0955009310000037,348,348,success,0,0.1763457499999106,2,True,266,False,1.1102230246251565e-15,virtual_frontier,66985984,214,348,67297280,73000027,215,True,2,10,348,condition_then,348,282,158.9971264367816,55331,1.0957202829999915
342,0,1.067114580000002,342,342,success,2,0.1717928020001409,2,True,259,True,8.881784197001252e-16,task_virtual_frontier,66985984,214,342,67297280,73000027,215,True,2,5,342,condition_then,342,285,159.59941520467837,54583,1.0672058719999882
614,0,1.6928493559999964,597,597,success,0,0,3,True,0,False,0,structural,67117056,0,614,67297280,73000027,236,True,3,0,614,sequence,0,0,0.0,0,1.693070380999984
241,0,0.6638743230000017,210,210,success,0,0,3,True,0,False,0,frontier_t0,67117056,0,241,67346432,73000027,148,True,3,0,241,sequence,0,0,0.0,0,0.664012342999996
594,0,4.264258166000005,575,575,success,0,0.5511055710003916,3,True,446,False,1.1102230246251565e-15,virtual_frontier,67637248,493,594,67784704,73000027,238,True,3,452,594,sequence,575,661,387.9686956521739,223082,4.264740814999982
532,0,3.451422506,532,532,success,2,0.47248511200044163,3,True,418,True,1.1102230246251565e-15,task_virtual_frontier,67637248,493,532,67727360,73000027,242,True,3,357,532,sequence,532,661,359.2142857142857,191102,3.4517827200000113
440,0,0.8436575379999951,440,440,success,0,0,7,True,0,False,0,structural,67637248,0,440,66949120,73000027,222,True,4,0,440,all_of,0,0,0.0,0,0.8436753359999898
723,0,1.7321373139999992,723,723,success,0,0,7,True,0,False,0,frontier_t0,67637248,0,723,66949120,73000027,207,True,4,0,723,all_of,0,0,0.0,0,1.7323661180000158
369,0,1.6351367099999976,369,369,success,0,0.22197748800010686,7,True,287,False,1.1102230246251565e-15,virtual_frontier,67637248,329,369,67444736,73000027,224,True,4,119,369,all_of,369,440,219.05149051490514,80830,1.635379088999997
369,0,1.6321304760000004,369,369,success,0,0.21996557399975813,7,True,287,False,1.1102230246251565e-15,task_virtual_frontier,67637248,329,369,67444736,73000027,224,True,4,119,369,all_of,369,440,219.05149051490514,80830,1.6323556920000044
9,0,0.0322257730000004,0,0,success,0,0,2,True,0,False,0,structural,67637248,0,9,67444736,73000027,134,True,5,0,9,condition_then,0,0,0.0,0,0.03224824900001977
9,0,0.03227030400000075,0,0,success,0,0,2,True,0,False,0,frontier_t0,67637248,0,9,67444736,73000027,134,True,5,0,9,condition_then,0,0,0.0,0,0.03230920999999398
9,0,0.03225393999999682,0,0,success,0,0,2,True,0,False,0,virtual_frontier,67637248,0,9,67444736,73000027,134,True,5,0,9,condition_then,0,0,0.0,0,0.032258264999995845
9,0,0.03241817300000349,0,0,success,0,0,2,True,0,False,0,task_virtual_frontier,67637248,0,9,67444736,73000027,134,True,5,0,9,condition_then,0,0,0.0,0,0.03242265800000155
380,0,0.5242058530000051,365,365,success,0,0,3,True,0,False,0,structural,67637248,0,380,67690496,73000027,204,True,6,0,380,sequence,0,0,0.0,0,0.5242351889999952
604,0,1.0525946340000019,598,598,success,0,0,3,True,0,False,0,frontier_t0,67637248,0,604,67723264,73000027,192,True,6,0,604,sequence,0,0,0.0,0,1.0526684069999988
318,0,1.006707427000002,303,303,success,0,0.14863691699991932,3,True,248,False,6.661338147750939e-16,virtual_frontier,67637248,199,318,67727360,73000027,200,True,6,0,318,sequence,303,245,149.86138613861385,45408,1.0068660740000155
318,0,1.0100511039999986,303,303,success,0,0.149350848000239,3,True,248,False,6.661338147750939e-16,task_virtual_frontier,67637248,199,318,67727360,73000027,200,True,6,0,318,sequence,303,245,149.86138613861385,45408,1.0101021119999984
364,0,0.4811831669999975,364,364,success,0,0,7,True,0,False,0,structural,67637248,0,364,67727360,73000027,204,True,7,0,364,all_of,0,0,0.0,0,0.48131091999999853
597,0,1.1387977660000033,597,597,success,0,0,7,True,0,False,0,frontier_t0,67637248,0,597,67727360,73000027,192,True,7,0,597,all_of,0,0,0.0,0,1.1388699419999853
302,0,1.0033440639999966,302,302,success,0,0.14797544699987952,7,True,247,False,8.881784197001252e-16,virtual_frontier,67637248,199,302,67727360,73000027,200,True,7,0,302,all_of,302,245,150.341059602649,45403,1.003532702000001
302,0,1.0048266419999976,302,302,success,0,0.1481002479996789,7,True,247,False,8.881784197001252e-16,task_virtual_frontier,67637248,199,302,67727360,73000027,200,True,7,0,302,all_of,302,245,150.341059602649,45403,1.0048798720000036
223,0,0.28059477900001184,211,211,success,0,0,2,True,0,False,0,structural,67637248,0,223,67727360,73000027,166,True,8,0,223,condition_then,0,0,0.0,0,0.28062321199999474
267,0,0.413929342000003,255,255,success,0,0,2,True,0,False,0,frontier_t0,67637248,0,267,67727360,73000027,167,True,8,0,267,condition_then,0,0,0.0,0,0.41405448300000103
135,0,0.40146229799999844,132,132,success,0,0.06308460699983698,2,True,111,False,6.661338147750939e-16,virtual_frontier,67637248,156,135,67727360,73000027,158,True,8,0,135,condition_then,132,214,158.47727272727272,20919,0.40147495499999764
135,0,0.40148455199999944,132,132,success,0,0.06322040600019818,2,True,111,False,6.661338147750939e-16,task_virtual_frontier,67637248,156,135,67727360,73000027,158,True,8,0,135,condition_then,132,214,158.47727272727272,20919,0.4015265310000018
8,0,0.02953056900000206,0,0,success,0,0,3,True,0,False,0,structural,67637248,0,8,67727360,73000027,134,True,9,0,8,branch,0,0,0.0,0,0.02953514000000723
8,0,0.02944846799999823,0,0,success,0,0,3,True,0,False,0,frontier_t0,67637248,0,8,67727360,73000027,134,True,9,0,8,branch,0,0,0.0,0,0.029465927000018155
8,0,0.029527393999998708,0,0,success,0,0,3,True,0,False,0,virtual_frontier,67637248,0,8,67727360,73000027,134,True,9,0,8,branch,0,0,0.0,0,0.029531304999977692
8,0,0.029396138999999266,0,0,success,0,0,3,True,0,False,0,task_virtual_frontier,67637248,0,8,67727360,73000027,134,True,9,0,8,branch,0,0,0.0,0,0.029399047999987715
11,0,0.039966104000001224,0,0,success,0,0,3,True,0,False,0,structural,67637248,0,11,67727360,73000027,134,True,10,0,11,branch,0,0,0.0,0,0.039969955000003665
11,0,0.04022699099999727,0,0,success,0,0,3,True,0,False,0,frontier_t0,67637248,0,11,67727360,73000027,134,True,10,0,11,branch,0,0,0.0,0,0.0402305720000129
11,0,0.0401619039999872,0,0,success,0,0,3,True,0,False,0,virtual_frontier,67637248,0,11,67727360,73000027,134,True,10,0,11,branch,0,0,0.0,0,0.04016644699999006
11,0,0.040115415000002486,0,0,success,0,0,3,True,0,False,0,task_virtual_frontier,67637248,0,11,67727360,73000027,134,True,10,0,11,branch,0,0,0.0,0,0.040118514999988975
16,0,0.03653244800000266,5,5,success,0,0,3,True,0,False,0,structural,67637248,0,16,67727360,73000027,137,True,11,0,16,branch,0,0,0.0,0,0.03654837800002042
16,0,0.037424952999998595,5,5,success,0,0,3,True,0,False,0,frontier_t0,67637248,0,16,67727360,73000027,137,True,11,0,16,branch,0,0,0.0,0,0.03742845300001818
16,0,0.03867709100001093,5,5,success,0,0.0010465940000017326,3,True,4,False,1.1102230246251565e-16,virtual_frontier,67637248,1,16,67727360,73000027,137,True,11,0,16,branch,5,5,4.6,23,0.038680701999993516
16,0,0.0392886089999962,5,5,success,0,0.0010615649999863308,3,True,4,False,1.1102230246251565e-16,task_virtual_frontier,67637248,1,16,67727360,73000027,137,True,11,0,16,branch,5,5,4.6,23,0.03929328099999907
106,0,0.2810533299999918,89,89,success,0,0,3,True,0,False,0,structural,67637248,0,106,67735552,73000029,95,True,0,0,106,sequence,0,0,0.0,0,0.28109453199999734
41,0,0.11710825999999486,24,24,success,0,0,3,True,0,False,0,frontier_t0,67637248,0,41,67735552,73000029,88,True,0,0,41,sequence,0,0,0.0,0,0.11712746599999946
48,0,0.23038134600000149,31,31,success,0,0.018201070000003483,3,True,26,False,6.661338147750939e-16,virtual_frontier,67637248,256,48,67735552,73000029,89,True,0,27,48,sequence,31,246,205.3548387096774,6366,0.23043989100000317
48,0,0.23075194999999837,31,31,success,0,0.018276140999944346,3,True,26,False,6.661338147750939e-16,task_virtual_frontier,67637248,256,48,67735552,73000029,89,True,0,27,48,sequence,31,246,205.3548387096774,6366,0.23076702699998464
1407,0,1.915156146000001,1407,1407,success,0,0,7,True,0,False,0,structural,67637248,0,1407,67735552,73000029,125,True,1,0,1407,all_of,0,0,0.0,0,1.9153369099999793
489,0,2.5129529950000062,476,476,success,0,0,7,True,0,False,0,frontier_t0,67637248,0,489,67739648,73000029,145,True,1,0,489,all_of,0,0,0.0,0,2.513207775000012
267,0,2.495518719000003,254,254,success,0,0.19492177599983052,7,True,232,False,8.881784197001252e-16,virtual_frontier,67637248,464,267,67915776,73000029,118,True,1,214,267,all_of,254,364,255.1535433070866,64809,2.4957355330000155
267,0,2.4920306220000015,254,254,success,0,0.1951428590001001,7,True,232,False,8.881784197001252e-16,task_virtual_frontier,67637248,464,267,67915776,73000029,118,True,1,214,267,all_of,254,364,255.1535433070866,64809,2.4923739339999997
8,0,0.019227279999995517,0,0,success,0,0,2,True,0,False,0,structural,67637248,0,8,67915776,73000029,85,True,2,0,8,condition_then,0,0,0.0,0,0.019230898999978763
8,0,0.019169485000006148,0,0,success,0,0,2,True,0,False,0,frontier_t0,67637248,0,8,67915776,73000029,85,True,2,0,8,condition_then,0,0,0.0,0,0.019172671999996282
8,0,0.019197516999994946,0,0,success,0,0,2,True,0,False,0,virtual_frontier,67637248,0,8,67915776,73000029,85,True,2,0,8,condition_then,0,0,0.0,0,0.019210888999992903
8,0,0.019263384000012707,0,0,success,0,0,2,True,0,False,0,task_virtual_frontier,67637248,0,8,67915776,73000029,85,True,2,0,8,condition_then,0,0,0.0,0,0.019266490999996222
2231,0,2.005577486000007,2225,2225,success,0,0,3,True,0,False,0,structural,67637248,0,2231,67915776,73000029,134,True,3,0,2231,sequence,0,0,0.0,0,2.0058053279999797
361,0,0.4566789009999894,355,355,success,0,0,3,True,0,False,0,frontier_t0,67637248,0,361,67915776,73000029,136,True,3,0,361,sequence,0,0,0.0,0,0.45672530400000255
420,0,1.153753225999992,413,413,success,0,0.15383100699983743,3,True,385,False,6.661338147750939e-16,virtual_frontier,67637248,135,420,67915776,73000029,143,True,3,0,420,sequence,413,86,53.012106537530265,21894,1.153861594999995
420,0,1.1380671000000007,413,413,success,0,0.15338635900005215,3,True,385,False,6.661338147750939e-16,task_virtual_frontier,67637248,135,420,67915776,73000029,143,True,3,0,420,sequence,413,86,53.012106537530265,21894,1.1381906400000048
2201,0,2.2295739639999965,2201,2201,success,0,0,7,True,0,False,0,structural,67637248,0,2201,67915776,73000029,128,True,4,0,2201,all_of,0,0,0.0,0,2.2298117230000116
331,0,0.47134665500000494,331,331,success,0,0,7,True,0,False,0,frontier_t0,67637248,0,331,67915776,73000029,130,True,4,0,331,all_of,0,0,0.0,0,0.4713651250000055
394,0,1.2171732130000095,394,394,success,0,0.15009027500005345,7,True,366,False,6.661338147750939e-16,virtual_frontier,67637248,135,394,67915776,73000029,139,True,4,0,394,all_of,394,86,54.9263959390863,21641,1.2173612260000084
394,0,1.2186413600000066,394,394,success,0,0.15030959199981453,7,True,366,False,6.661338147750939e-16,task_virtual_frontier,67637248,135,394,67915776,73000029,139,True,4,0,394,all_of,394,86,54.9263959390863,21641,1.218746440000018
1884,0,1.6512281779999967,1878,1878,success,0,0,2,True,0,False,0,structural,67637248,0,1884,67915776,73000029,103,True,5,0,1884,condition_then,0,0,0.0,0,1.6513992300000098
178,0,0.22669074400000966,172,172,success,0,0,2,True,0,False,0,frontier_t0,67637248,0,178,67915776,73000029,103,True,5,0,178,condition_then,0,0,0.0,0,0.2266960120000192
175,0,0.46373524700000246,169,169,success,0,0.06292336500015949,2,True,154,False,3.3306690738754696e-16,virtual_frontier,67637248,101,175,67915776,73000029,102,True,5,0,175,condition_then,169,86,64.1301775147929,10838,0.46383108399999173
175,0,0.4628722910000107,169,169,success,0,0.06254701500046167,2,True,154,False,3.3306690738754696e-16,task_virtual_frontier,67637248,101,175,67915776,73000029,102,True,5,0,175,condition_then,169,86,64.1301775147929,10838,0.46288465899999665
1313,0,1.2894131310000034,1302,1302,success,0,0,3,True,0,False,0,structural,67637248,0,1313,67915776,73000029,115,True,6,0,1313,sequence,0,0,0.0,0,1.2895929589999469
384,0,0.5333926419999955,373,373,success,0,0,3,True,0,False,0,frontier_t0,67637248,0,384,67915776,73000029,134,True,6,0,384,sequence,0,0,0.0,0,0.5334411349999755
253,0,0.6647126559999919,242,242,success,0,0.08920151199970405,3,True,230,False,3.3306690738754696e-16,virtual_frontier,67637248,117,253,67915776,73000029,118,True,6,0,253,sequence,242,93,64.70247933884298,15658,0.6647662429999741
253,0,0.6673614559999947,242,242,success,0,0.08982855300007486,3,True,230,False,3.3306690738754696e-16,task_virtual_frontier,67637248,117,253,67915776,73000029,118,True,6,0,253,sequence,242,93,64.70247933884298,15658,0.66744888300002
1301,0,1.5746862509999886,1301,1301,success,0,0,7,True,0,False,0,structural,67637248,0,1301,67915776,73000029,115,True,7,0,1301,all_of,0,0,0.0,0,1.5748309870000412
372,0,0.7949289569999962,372,372,success,0,0,7,True,0,False,0,frontier_t0,67637248,0,372,67915776,73000029,134,True,7,0,372,all_of,0,0,0.0,0,0.7950881579999987
241,0,0.8908782110000004,241,241,success,0,0.1028584139997406,7,True,229,False,4.440892098500626e-16,virtual_frontier,67637248,205,241,67915776,73000029,118,True,7,93,241,all_of,241,186,91.9045643153527,22149,0.8909617390000335
241,0,0.8875368639999976,241,241,success,0,0.10231157100002974,7,True,229,False,4.440892098500626e-16,task_virtual_frontier,67637248,205,241,67915776,73000029,118,True,7,93,241,all_of,241,186,91.9045643153527,22149,0.8876994480000349
6,0,0.015796219999998584,0,0,success,0,0,2,True,0,False,0,structural,67637248,0,6,67915776,73000029,85,True,8,0,6,condition_then,0,0,0.0,0,0.01579911300001413
6,0,0.015738694000006603,0,0,success,0,0,2,True,0,False,0,frontier_t0,67637248,0,6,67915776,73000029,85,True,8,0,6,condition_then,0,0,0.0,0,0.01574202800003377
6,0,0.015697653000003697,0,0,success,0,0,2,True,0,False,0,virtual_frontier,67637248,0,6,67915776,73000029,85,True,8,0,6,condition_then,0,0,0.0,0,0.01570059699997728
6,0,0.0157473269999997,0,0,success,0,0,2,True,0,False,0,task_virtual_frontier,67637248,0,6,67915776,73000029,85,True,8,0,6,condition_then,0,0,0.0,0,0.015750631000003068
10,0,0.03252751600000181,0,0,success,0,0,3,True,0,False,0,structural,67637248,0,10,67915776,73000029,85,True,9,0,10,branch,0,0,0.0,0,0.03253171099999008
10,0,0.03275859900000455,0,0,success,0,0,3,True,0,False,0,frontier_t0,67637248,0,10,67915776,73000029,85,True,9,0,10,branch,0,0,0.0,0,0.03276417699999001
10,0,0.03269879999999148,0,0,success,0,0,3,True,0,False,0,virtual_frontier,67637248,0,10,67915776,73000029,85,True,9,0,10,branch,0,0,0.0,0,0.03270394700001589
10,0,0.032256093000000874,0,0,success,0,0,3,True,0,False,0,task_virtual_frontier,67637248,0,10,67915776,73000029,85,True,9,0,10,branch,0,0,0.0,0,0.032259617999955026
12,0,0.044398069999999734,0,0,success,0,0,3,True,0,False,0,structural,67637248,0,12,67915776,73000029,85,True,10,0,12,branch,0,0,0.0,0,0.04440167500001735
12,0,0.044140913000006776,0,0,success,0,0,3,True,0,False,0,frontier_t0,67637248,0,12,67915776,73000029,85,True,10,0,12,branch,0,0,0.0,0,0.04415311500002872
12,0,0.04429945399999724,0,0,success,0,0,3,True,0,False,0,virtual_frontier,67637248,0,12,67915776,73000029,85,True,10,0,12,branch,0,0,0.0,0,0.04430271699999366
12,0,0.044937871000001905,0,0,success,0,0,3,True,0,False,0,task_virtual_frontier,67637248,0,12,67915776,73000029,85,True,10,0,12,branch,0,0,0.0,0,0.04494261700000379
1397,0,1.3402413310000014,1389,1389,success,0,0,3,True,0,False,0,structural,67637248,0,1397,67915776,73000029,113,True,11,0,1397,branch,0,0,0.0,0,1.3403746330000104
171,0,0.2207236289999912,163,163,success,0,0,3,True,0,False,0,frontier_t0,67637248,0,171,67915776,73000029,107,True,11,0,171,branch,0,0,0.0,0,0.22081706599999507
168,0,0.44366635299999757,160,160,success,0,0.059989503000281275,3,True,145,False,4.440892098500626e-16,virtual_frontier,67637248,105,168,67915776,73000029,107,True,11,0,168,branch,160,95,67.50625,10801,0.44368244699995785
168,0,0.4442235999999866,160,160,success,0,0.06018167999980051,3,True,145,False,4.440892098500626e-16,task_virtual_frontier,67637248,105,168,67915776,73000029,107,True,11,0,168,branch,160,95,67.50625,10801,0.444302658999959
21,0,0.054216896000000014,0,0,success,0,0,3,True,0,False,0,structural,63381504,0,21,63496192,73000030,84,True,0,0,21,sequence,0,0,0.0,0,0.05422670300004029
21,0,0.04968585599999997,0,0,success,0,0,3,True,0,False,0,frontier_t0,63381504,0,21,63508480,73000030,84,True,0,0,21,sequence,0,0,0.0,0,0.049687547000019094
21,0,0.051642464,0,0,success,0,0,3,True,0,False,0,virtual_frontier,63512576,0,21,63520768,73000030,84,True,0,0,21,sequence,0,0,0.0,0,0.05164421299997457
21,0,0.05261458200000002,0,0,success,0,0,3,True,0,False,0,task_virtual_frontier,63512576,0,21,63533056,73000030,84,True,0,0,21,sequence,0,0,0.0,0,0.052616138000018964
16,0,0.07678328400000006,0,0,success,0,0,7,True,0,False,0,structural,63774720,0,16,63823872,73000030,84,True,1,0,16,all_of,0,0,0.0,0,0.0767846759999884
16,0,0.0650646290000001,0,0,success,0,0,7,True,0,False,0,frontier_t0,63774720,0,16,63832064,73000030,84,True,1,0,16,all_of,0,0,0.0,0,0.06506607800002939
16,0,0.07179614499999998,0,0,success,0,0,7,True,0,False,0,virtual_frontier,63774720,0,16,63840256,73000030,84,True,1,0,16,all_of,0,0,0.0,0,0.07179747499998257
16,0,0.06571261100000003,0,0,success,0,0,7,True,0,False,0,task_virtual_frontier,63774720,0,16,63852544,73000030,84,True,1,0,16,all_of,0,0,0.0,0,0.06571406399996249
13,0,0.026338555999999902,0,0,success,0,0,2,True,0,False,0,structural,63774720,0,13,63856640,73000030,84,True,2,0,13,condition_then,0,0,0.0,0,0.026340395000033823
13,0,0.027343990999999956,0,0,success,0,0,2,True,0,False,0,frontier_t0,63774720,0,13,63856640,73000030,84,True,2,0,13,condition_then,0,0,0.0,0,0.027358784999989894
13,0,0.0272693249999999,0,0,success,0,0,2,True,0,False,0,virtual_frontier,63774720,0,13,63856640,73000030,84,True,2,0,13,condition_then,0,0,0.0,0,0.027271052999992662
13,0,0.02602174699999993,0,0,success,0,0,2,True,0,False,0,task_virtual_frontier,63774720,0,13,63856640,73000030,84,True,2,0,13,condition_then,0,0,0.0,0,0.026023583000039707
23,0,0.06116502700000004,0,0,success,0,0,3,True,0,False,0,structural,63774720,0,23,63856640,73000030,84,True,3,0,23,sequence,0,0,0.0,0,0.061184199000024364
23,0,0.05505408899999997,0,0,success,0,0,3,True,0,False,0,frontier_t0,63774720,0,23,63856640,73000030,84,True,3,0,23,sequence,0,0,0.0,0,0.05505566199997247
23,0,0.06261411499999991,0,0,success,0,0,3,True,0,False,0,virtual_frontier,63774720,0,23,63856640,73000030,84,True,3,0,23,sequence,0,0,0.0,0,0.06261553100000583
23,0,0.057759576000000035,0,0,success,0,0,3,True,0,False,0,task_virtual_frontier,63774720,0,23,63856640,73000030,84,True,3,0,23,sequence,0,0,0.0,0,0.057760990000019774
18,0,0.08426458599999997,0,0,success,0,0,7,True,0,False,0,structural,63774720,0,18,63856640,73000030,84,True,4,0,18,all_of,0,0,0.0,0,0.08426602800000182
18,0,0.0864485960000001,0,0,success,0,0,7,True,0,False,0,frontier_t0,63774720,0,18,63864832,73000030,84,True,4,0,18,all_of,0,0,0.0,0,0.08644990300001609
18,0,0.08301838900000003,0,0,success,0,0,7,True,0,False,0,virtual_frontier,63905792,0,18,63881216,73000030,84,True,4,0,18,all_of,0,0,0.0,0,0.08301966999999877
18,0,0.08870032899999991,0,0,success,0,0,7,True,0,False,0,task_virtual_frontier,63905792,0,18,63885312,73000030,84,True,4,0,18,all_of,0,0,0.0,0,0.08870178499995518
11,0,0.024734057000000087,0,0,success,0,0,2,True,0,False,0,structural,63905792,0,11,63885312,73000030,84,True,5,0,11,condition_then,0,0,0.0,0,0.024736582000002727
11,0,0.022776788000000048,0,0,success,0,0,2,True,0,False,0,frontier_t0,63905792,0,11,63885312,73000030,84,True,5,0,11,condition_then,0,0,0.0,0,0.022778648999974394
11,0,0.024524835000000023,0,0,success,0,0,2,True,0,False,0,virtual_frontier,63905792,0,11,63885312,73000030,84,True,5,0,11,condition_then,0,0,0.0,0,0.02453773000002002
11,0,0.02275746600000006,0,0,success,0,0,2,True,0,False,0,task_virtual_frontier,63905792,0,11,63885312,73000030,84,True,5,0,11,condition_then,0,0,0.0,0,0.022759317000009105
18,0,0.04080529100000008,0,0,success,0,0,3,True,0,False,0,structural,63905792,0,18,63885312,73000030,84,True,6,0,18,sequence,0,0,0.0,0,0.04081631799999741
18,0,0.040898770000000084,0,0,success,0,0,3,True,0,False,0,frontier_t0,63905792,0,18,63885312,73000030,84,True,6,0,18,sequence,0,0,0.0,0,0.04090789499997527
18,0,0.04762443400000005,0,0,success,0,0,3,True,0,False,0,virtual_frontier,63905792,0,18,63885312,73000030,84,True,6,0,18,sequence,0,0,0.0,0,0.04762594999999692
18,0,0.04126275800000001,0,0,success,0,0,3,True,0,False,0,task_virtual_frontier,63905792,0,18,63885312,73000030,84,True,6,0,18,sequence,0,0,0.0,0,0.041264281999986
23,0,0.05973249000000003,0,0,success,0,0,7,True,0,False,0,structural,63905792,0,23,63885312,73000030,84,True,7,0,23,all_of,0,0,0.0,0,0.05974564199999577
23,0,0.06188634000000004,0,0,success,0,0,7,True,0,False,0,frontier_t0,63905792,0,23,63885312,73000030,84,True,7,0,23,all_of,0,0,0.0,0,0.061887817000013
23,0,0.05973500899999995,0,0,success,0,0,7,True,0,False,0,virtual_frontier,63905792,0,23,63885312,73000030,84,True,7,0,23,all_of,0,0,0.0,0,0.05974675400000251
23,0,0.061026177000000015,0,0,success,0,0,7,True,0,False,0,task_virtual_frontier,63905792,0,23,63885312,73000030,84,True,7,0,23,all_of,0,0,0.0,0,0.06102749900003346
5,0,0.00951631300000022,0,0,success,0,0,2,True,0,False,0,structural,63905792,0,5,63885312,73000030,84,True,8,0,5,condition_then,0,0,0.0,0,0.009531953000021076
5,0,0.009201232000000115,0,0,success,0,0,2,True,0,False,0,frontier_t0,63905792,0,5,63885312,73000030,84,True,8,0,5,condition_then,0,0,0.0,0,0.009202904000005674
5,0,0.009174595999999813,0,0,success,0,0,2,True,0,False,0,virtual_frontier,63905792,0,5,63885312,73000030,84,True,8,0,5,condition_then,0,0,0.0,0,0.009176467000031607
5,0,0.009164463999999928,0,0,success,0,0,2,True,0,False,0,task_virtual_frontier,63905792,0,5,63885312,73000030,84,True,8,0,5,condition_then,0,0,0.0,0,0.009166156999981467
15,0,0.04651524699999987,0,0,success,0,0,3,True,0,False,0,structural,63905792,0,15,63885312,73000030,84,True,9,0,15,branch,0,0,0.0,0,0.04651694299997189
15,0,0.041660073000000075,0,0,success,0,0,3,True,0,False,0,frontier_t0,63905792,0,15,63885312,73000030,84,True,9,0,15,branch,0,0,0.0,0,0.04166155300003993
15,0,0.04856109600000025,0,0,success,0,0,3,True,0,False,0,virtual_frontier,63905792,0,15,63885312,73000030,84,True,9,0,15,branch,0,0,0.0,0,0.048569623999981104
15,0,0.041628327999999826,0,0,success,0,0,3,True,0,False,0,task_virtual_frontier,63905792,0,15,63885312,73000030,84,True,9,0,15,branch,0,0,0.0,0,0.0416298979999965
11,0,0.028125364000000097,0,0,success,0,0,3,True,0,False,0,structural,63905792,0,11,63885312,73000030,84,True,10,0,11,branch,0,0,0.0,0,0.028127148999999463
11,0,0.028454261999999897,0,0,success,0,0,3,True,0,False,0,frontier_t0,63905792,0,11,63885312,73000030,84,True,10,0,11,branch,0,0,0.0,0,0.0284559639999884
11,0,0.029013181999999915,0,0,success,0,0,3,True,0,False,0,virtual_frontier,63905792,0,11,63885312,73000030,84,True,10,0,11,branch,0,0,0.0,0,0.02901502800000344
11,0,0.0281905870000001,0,0,success,0,0,3,True,0,False,0,task_virtual_frontier,63905792,0,11,63885312,73000030,84,True,10,0,11,branch,0,0,0.0,0,0.028192322999984754
10,0,0.027332636000000132,0,0,success,0,0,3,True,0,False,0,structural,63905792,0,10,63885312,73000030,84,True,11,0,10,branch,0,0,0.0,0,0.027334359000008135
10,0,0.025603714000000277,0,0,success,0,0,3,True,0,False,0,frontier_t0,63905792,0,10,63885312,73000030,84,True,11,0,10,branch,0,0,0.0,0,0.025605486000017663
10,0,0.025405704000000195,0,0,success,0,0,3,True,0,False,0,virtual_frontier,63905792,0,10,63885312,73000030,84,True,11,0,10,branch,0,0,0.0,0,0.025407404000020506
10,0,0.02488937800000013,0,0,success,0,0,3,True,0,False,0,task_virtual_frontier,63905792,0,10,63885312,73000030,84,True,11,0,10,branch,0,0,0.0,0,0.024891181999976197
1869,0,1.340901177,1869,1869,success,0,0,3,True,0,False,0,structural,65085440,0,1869,65118208,73000031,122,True,0,0,1869,sequence,0,0,0.0,0,1.3409970730000396
542,0,0.5434832630000002,542,542,success,0,0,3,True,0,False,0,frontier_t0,65085440,0,542,65134592,73000031,135,True,0,0,542,sequence,0,0,0.0,0,0.5435016839999776
459,0,0.9719277280000007,459,459,success,0,0.15268814499961536,3,True,426,False,1.3322676295501878e-15,virtual_frontier,65216512,136,459,65314816,73000031,140,True,0,1,459,sequence,459,169,85.16122004357298,39089,0.9719533879999744
459,0,0.9598628159999993,459,459,success,0,0.15081363500019052,3,True,426,False,1.3322676295501878e-15,task_virtual_frontier,65216512,136,459,65331200,73000031,140,True,0,1,459,sequence,459,169,85.16122004357298,39089,0.9599366040000064
29,0,0.014626298000000482,27,27,success,0,0,7,True,0,False,0,structural,65216512,0,29,65331200,73000031,79,True,1,0,29,all_of,0,0,0.0,0,0.01462858600001482
29,0,0.01595260399999976,27,27,success,0,0,7,True,0,False,0,frontier_t0,65216512,0,29,65331200,73000031,79,True,1,0,29,all_of,0,0,0.0,0,0.015954412000041884
29,0,0.03463695000000033,27,27,success,0,0.0059168189999923015,7,True,24,False,4.440892098500626e-16,virtual_frontier,65216512,251,29,65331200,73000031,79,True,1,4,29,all_of,27,178,21.85185185185185,590,0.03463858700001765
29,0,0.031529680000000226,27,27,success,0,0.0055004070002269145,7,True,24,False,4.440892098500626e-16,task_virtual_frontier,65216512,251,29,65331200,73000031,79,True,1,4,29,all_of,27,178,21.85185185185185,590,0.03153124699997534
237,0,0.1671887139999999,237,237,success,0,0,2,True,0,False,0,structural,65216512,0,237,65331200,73000031,100,True,2,0,237,condition_then,0,0,0.0,0,0.16718886099999963
213,0,0.1616511479999998,213,213,success,0,0,2,True,0,False,0,frontier_t0,65216512,0,213,65331200,73000031,100,True,2,0,213,condition_then,0,0,0.0,0,0.16166935699999385
187,0,0.3062562980000001,185,185,success,0,0.05064779999958091,2,True,172,False,6.661338147750939e-16,virtual_frontier,65216512,91,187,65331200,73000031,100,True,2,0,187,condition_then,185,91,54.28648648648649,10043,0.30627138699998113
187,0,0.30879692800000047,185,185,success,0,0.05099373600035051,2,True,172,False,6.661338147750939e-16,task_virtual_frontier,65216512,91,187,65331200,73000031,100,True,2,0,187,condition_then,185,91,54.28648648648649,10043,0.308796018999999
1148,0,0.6195770889999999,1140,1140,success,0,0,3,True,0,False,0,structural,65216512,0,1148,65331200,73000031,91,True,3,0,1148,sequence,0,0,0.0,0,0.6197136570000339
299,0,0.47430333800000035,274,274,success,0,0,3,True,0,False,0,frontier_t0,65216512,0,299,65339392,73000031,105,True,3,0,299,sequence,0,0,0.0,0,0.4743159070000047
156,0,0.4547257739999999,131,131,success,0,0.052403967000032026,3,True,114,False,4.440892098500626e-16,virtual_frontier,65216512,169,156,65339392,73000031,86,True,3,105,156,sequence,131,178,121.69465648854961,15942,0.4548132450000253
156,0,0.46592554599999936,131,131,success,0,0.05298538500022687,3,True,114,False,4.440892098500626e-16,task_virtual_frontier,65216512,169,156,65339392,73000031,86,True,3,105,156,sequence,131,178,121.69465648854961,15942,0.4659236869999859
1138,0,0.6970752509999993,1138,1138,success,0,0,7,True,0,False,0,structural,65216512,0,1138,65339392,73000031,91,True,4,0,1138,all_of,0,0,0.0,0,0.6971694920000004
281,0,0.45912160099999966,274,274,success,0,0,7,True,0,False,0,frontier_t0,65216512,0,281,65339392,73000031,105,True,4,0,281,all_of,0,0,0.0,0,0.4591387549999695
138,0,0.4578620539999996,131,131,success,0,0.05389208800079359,7,True,114,False,4.440892098500626e-16,virtual_frontier,65216512,169,138,65339392,73000031,86,True,4,105,138,all_of,131,178,121.69465648854961,15942,0.45789852499996186
138,0,0.45134739299999893,131,131,success,0,0.05319431700036148,7,True,114,False,4.440892098500626e-16,task_virtual_frontier,65216512,169,138,65339392,73000031,86,True,4,105,138,all_of,131,178,121.69465648854961,15942,0.4513666329999637
1553,0,0.8657576940000009,1553,1553,success,0,0,2,True,0,False,0,structural,65216512,0,1553,65339392,73000031,104,True,5,0,1553,condition_then,0,0,0.0,0,0.8658355270000015
363,0,0.3351478700000001,363,363,success,0,0,2,True,0,False,0,frontier_t0,65216512,0,363,65339392,73000031,115,True,5,0,363,condition_then,0,0,0.0,0,0.33518442899998036
268,0,0.5069568449999995,268,268,success,0,0.08093927900040399,2,True,245,False,6.661338147750939e-16,virtual_frontier,65216512,105,268,65339392,73000031,106,True,5,5,268,condition_then,268,122,68.40671641791045,18333,0.5069614490000163
268,0,0.5152680489999995,268,268,success,0,0.08194731700018565,2,True,245,False,6.661338147750939e-16,task_virtual_frontier,65216512,105,268,65339392,73000031,106,True,5,5,268,condition_then,268,122,68.40671641791045,18333,0.5153198030000112
281,0,0.21679372699999888,266,266,success,0,0,3,True,0,False,0,structural,65216512,0,281,65339392,73000031,105,True,6,0,281,sequence,0,0,0.0,0,0.21681647799999837
242,0,0.20975966199999974,227,227,success,0,0,3,True,0,False,0,frontier_t0,65216512,0,242,65339392,73000031,103,True,6,0,242,sequence,0,0,0.0,0,0.20978536100000156
235,0,0.3941442679999998,219,219,success,0,0.05900573999946346,3,True,203,False,5.551115123125783e-16,virtual_frontier,65216512,103,235,65339392,73000031,109,True,6,0,235,sequence,219,126,52.141552511415526,11419,0.3941431239999815
235,0,0.3889349709999994,219,219,success,0,0.058288760999062106,3,True,203,False,5.551115123125783e-16,task_virtual_frontier,65216512,103,235,65339392,73000031,109,True,6,0,235,sequence,219,126,52.141552511415526,11419,0.38897480999997924
280,0,0.7620439000000001,266,266,success,0,0,7,True,0,False,0,structural,65216512,0,280,65343488,73000031,105,True,7,0,280,all_of,0,0,0.0,0,0.7620770309999898
241,0,0.6454354510000009,227,227,success,0,0,7,True,0,False,0,frontier_t0,65347584,0,241,65474560,73000031,103,True,7,0,241,all_of,0,0,0.0,0,0.6454717889999984
234,0,1.1702110530000027,219,219,success,0,0.1130950860006692,7,True,203,False,5.551115123125783e-16,virtual_frontier,65609728,408,234,65777664,73000031,109,True,7,140,234,all_of,219,504,200.1552511415525,43834,1.1702760739999576
234,0,1.152619785999999,219,219,success,0,0.11204249200005734,7,True,203,False,5.551115123125783e-16,task_virtual_frontier,65609728,408,234,65650688,73000031,109,True,7,140,234,all_of,219,504,200.1552511415525,43834,1.152693740000018
92,0,0.0417031630000011,92,92,success,0,0,2,True,0,False,0,structural,65609728,0,92,65343488,73000031,89,True,8,0,92,condition_then,0,0,0.0,0,0.041711552999970536
86,0,0.04297453500000259,86,86,success,0,0,2,True,0,False,0,frontier_t0,65609728,0,86,65343488,73000031,88,True,8,0,86,condition_then,0,0,0.0,0,0.042975961999957235
86,0,0.09948649400000065,86,86,success,0,0.019089586000177405,2,True,79,False,6.661338147750939e-16,virtual_frontier,65609728,75,86,65343488,73000031,88,True,8,0,86,condition_then,86,77,33.91860465116279,2917,0.09949484700001676
86,0,0.10023858699999977,86,86,success,0,0.01906318000004603,2,True,79,False,6.661338147750939e-16,task_virtual_frontier,65609728,75,86,65343488,73000031,88,True,8,0,86,condition_then,86,77,33.91860465116279,2917,0.10023925000001555
8,0,0.018663537999998425,0,0,success,0,0,3,True,0,False,0,structural,65609728,0,8,65343488,73000031,69,True,9,0,8,branch,0,0,0.0,0,0.01866538999996692
8,0,0.01835147199999909,0,0,success,0,0,3,True,0,False,0,frontier_t0,65609728,0,8,65343488,73000031,69,True,9,0,8,branch,0,0,0.0,0,0.018353571000034208
8,0,0.017782839999998856,0,0,success,0,0,3,True,0,False,0,virtual_frontier,65609728,0,8,65343488,73000031,69,True,9,0,8,branch,0,0,0.0,0,0.017784719000019322
8,0,0.01788536000000107,0,0,success,0,0,3,True,0,False,0,task_virtual_frontier,65609728,0,8,65343488,73000031,69,True,9,0,8,branch,0,0,0.0,0,0.017887076999954843
9,0,0.021935594999998642,0,0,success,0,0,3,True,0,False,0,structural,65609728,0,9,65343488,73000031,69,True,10,0,9,branch,0,0,0.0,0,0.021937390999994477
9,0,0.021741734999999096,0,0,success,0,0,3,True,0,False,0,frontier_t0,65609728,0,9,65343488,73000031,69,True,10,0,9,branch,0,0,0.0,0,0.02174332999999251
9,0,0.02182625800000082,0,0,success,0,0,3,True,0,False,0,virtual_frontier,65609728,0,9,65343488,73000031,69,True,10,0,9,branch,0,0,0.0,0,0.02182795799996029
9,0,0.02390253299999756,0,0,success,0,0,3,True,0,False,0,task_virtual_frontier,65609728,0,9,65343488,73000031,69,True,10,0,9,branch,0,0,0.0,0,0.023904485999992175
3665,0,2.4547092119999974,3665,3665,success,0,0,3,True,0,False,0,structural,66842624,0,3665,67014656,73000031,127,True,11,0,3665,branch,0,0,0.0,0,2.454914233000011
471,0,0.4555655399999985,471,471,success,0,0,3,True,0,False,0,frontier_t0,66842624,0,471,67014656,73000031,126,True,11,0,471,branch,0,0,0.0,0,0.4555844200000365
306,0,0.6153348839999992,306,306,success,0,0.09847305899944558,3,True,290,False,1.3322676295501878e-15,virtual_frontier,66842624,193,306,67014656,73000031,115,True,11,14,306,branch,306,148,79.90849673202614,24452,0.6153887369999893
306,0,0.6178396329999991,306,306,success,0,0.09799819000016896,3,True,290,False,1.3322676295501878e-15,task_virtual_frontier,66842624,193,306,67014656,73000031,115,True,11,14,306,branch,306,148,79.90849673202614,24452,0.6178557810000029
3444,0,1.4852345930000013,3433,3433,success,0,0,3,True,0,False,0,structural,66842624,0,3444,66408448,73000032,58,True,0,0,3444,sequence,0,0,0.0,0,1.4853107849999674
69,0,0.037619524999996656,64,64,success,0,0,3,True,0,False,0,frontier_t0,66842624,0,69,66408448,73000032,53,True,0,0,69,sequence,0,0,0.0,0,0.03762129999995523
70,0,0.08529750599999986,65,65,success,0,0.01533739099994591,3,True,51,False,2.220446049250313e-16,virtual_frontier,66842624,45,70,66408448,73000032,53,True,0,0,70,sequence,65,33,26.138461538461538,1699,0.0852986109999847
70,0,0.08350225299999892,65,65,success,0,0.014977844999918943,3,True,51,False,2.220446049250313e-16,task_virtual_frontier,66842624,45,70,66408448,73000032,53,True,0,0,70,sequence,65,33,26.138461538461538,1699,0.08350338100001409
3432,0,1.6905794170000021,3432,3432,success,0,0,7,True,0,False,0,structural,66842624,0,3432,66408448,73000032,58,True,1,0,3432,all_of,0,0,0.0,0,1.6906805880000206
66,0,0.06026212300000111,64,64,success,0,0,7,True,0,False,0,frontier_t0,66842624,0,66,66408448,73000032,53,True,1,0,66,all_of,0,0,0.0,0,0.06026378600000726
67,0,0.13454609500000103,65,65,success,0,0.019597351999948387,7,True,51,False,2.220446049250313e-16,virtual_frontier,66842624,89,67,66408448,73000032,53,True,1,59,67,all_of,65,66,51.723076923076924,3362,0.13454660099995408
67,0,0.1364894769999978,65,65,success,0,0.01993075799964572,7,True,51,False,2.220446049250313e-16,task_virtual_frontier,66842624,89,67,66408448,73000032,53,True,1,59,67,all_of,65,66,51.723076923076924,3362,0.13648990800004412
1893,0,0.7735306029999975,1887,1887,success,0,0,2,True,0,False,0,structural,66842624,0,1893,66408448,73000032,56,True,2,0,1893,condition_then,0,0,0.0,0,0.7735890839999797
53,0,0.028701408999999956,47,47,success,0,0,2,True,0,False,0,frontier_t0,66842624,0,53,66408448,73000032,51,True,2,0,53,condition_then,0,0,0.0,0,0.02870338200000333
53,0,0.06207654900000037,47,47,success,0,0.010831312000107118,2,True,39,False,2.220446049250313e-16,virtual_frontier,66842624,43,53,66408448,73000032,51,True,2,0,53,condition_then,47,33,26.659574468085108,1253,0.06208294100002831
53,0,0.0614510750000008,47,47,success,0,0.010640551999983927,2,True,39,False,2.220446049250313e-16,task_virtual_frontier,66842624,43,53,66408448,73000032,51,True,2,0,53,condition_then,47,33,26.659574468085108,1253,0.06145237099997303
33,0,0.037294292999998646,13,13,success,0,0,3,True,0,False,0,structural,66842624,0,33,66408448,73000032,48,True,3,0,33,sequence,0,0,0.0,0,0.037295967999966706
202,0,0.1957717429999981,182,182,success,0,0,3,True,0,False,0,frontier_t0,66842624,0,202,66408448,73000032,63,True,3,0,202,sequence,0,0,0.0,0,0.19578881199998932
133,0,0.25127507199999854,113,113,success,0,0.034538569000460484,3,True,93,False,2.220446049250313e-16,virtual_frontier,66842624,97,133,66408448,73000032,57,True,3,103,133,sequence,113,66,49.982300884955755,5648,0.2512823870000034
133,0,0.2542543930000001,113,113,success,0,0.034682954000118116,3,True,93,False,2.220446049250313e-16,task_virtual_frontier,66842624,97,133,66408448,73000032,57,True,3,103,133,sequence,113,66,49.982300884955755,5648,0.25426119800005154
22,0,0.02798110599999859,13,13,success,0,0,7,True,0,False,0,structural,66842624,0,22,66408448,73000032,48,True,4,0,22,all_of,0,0,0.0,0,0.027982877999988887
191,0,0.34222518900000054,182,182,success,0,0,7,True,0,False,0,frontier_t0,66842624,0,191,66408448,73000032,63,True,4,0,191,all_of,0,0,0.0,0,0.34223377700004676
122,0,0.4238965659999998,113,113,success,0,0.048282053999685104,7,True,93,False,3.3306690738754696e-16,virtual_frontier,66842624,192,122,66408448,73000032,57,True,4,103,122,all_of,113,132,99.43362831858407,11236,0.42392971799995394
122,0,0.43585370399999945,113,113,success,0,0.04927486099995804,7,True,93,False,3.3306690738754696e-16,task_virtual_frontier,66842624,192,122,66408448,73000032,57,True,4,103,122,all_of,113,132,99.43362831858407,11236,0.435860751000007
6,0,0.006757965999998561,0,0,success,0,0,2,True,0,False,0,structural,66842624,0,6,66408448,73000032,47,True,5,0,6,condition_then,0,0,0.0,0,0.006759879000014735
6,0,0.0071040400000015325,0,0,success,0,0,2,True,0,False,0,frontier_t0,66842624,0,6,66408448,73000032,47,True,5,0,6,condition_then,0,0,0.0,0,0.007106146000012359
6,0,0.007346210999997993,0,0,success,0,0,2,True,0,False,0,virtual_frontier,66842624,0,6,66408448,73000032,47,True,5,0,6,condition_then,0,0,0.0,0,0.007348087000025316
6,0,0.006928102999999908,0,0,success,0,0,2,True,0,False,0,task_virtual_frontier,66842624,0,6,66408448,73000032,47,True,5,0,6,condition_then,0,0,0.0,0,0.006930006999994021
3425,0,1.5202834309999993,3419,3419,success,0,0,3,True,0,False,0,structural,66842624,0,3425,66408448,73000032,57,True,6,0,3425,sequence,0,0,0.0,0,1.520386369999983
86,0,0.07597773699999877,71,71,success,0,0,3,True,0,False,0,frontier_t0,66842624,0,86,66408448,73000032,53,True,6,0,86,sequence,0,0,0.0,0,0.07597918900000877
86,0,0.1557822119999983,71,71,success,0,0.02187894299999016,3,True,57,False,3.3306690738754696e-16,virtual_frontier,66842624,89,86,66408448,73000032,53,True,6,65,86,sequence,71,66,50.816901408450704,3608,0.15580388199998652
86,0,0.15497453599999744,71,71,success,0,0.021568046000083996,3,True,57,False,3.3306690738754696e-16,task_virtual_frontier,66842624,89,86,66408448,73000032,53,True,6,65,86,sequence,71,66,50.816901408450704,3608,0.15498174399999698
3418,0,1.6729023819999966,3418,3418,success,0,0,7,True,0,False,0,structural,66842624,0,3418,66408448,73000032,57,True,7,0,3418,all_of,0,0,0.0,0,1.6729857850000371
74,0,0.06527704799999867,71,71,success,0,0,7,True,0,False,0,frontier_t0,66842624,0,74,66408448,73000032,53,True,7,0,74,all_of,0,0,0.0,0,0.06528547499999604
74,0,0.15231669500000322,71,71,success,0,0.022048834999850442,7,True,57,False,4.440892098500626e-16,virtual_frontier,66842624,89,74,66408448,73000032,53,True,7,65,74,all_of,71,66,50.816901408450704,3608,0.15232431900000165
74,0,0.14916982899999454,71,71,success,0,0.02152106200014714,7,True,57,False,4.440892098500626e-16,task_virtual_frontier,66842624,89,74,66408448,73000032,53,True,7,65,74,all_of,71,66,50.816901408450704,3608,0.1491703140000027
3476,0,1.5005954730000042,3476,3476,success,0,0,2,True,0,False,0,structural,66842624,0,3476,66408448,73000032,58,True,8,0,3476,condition_then,0,0,0.0,0,1.5006710670000416
82,0,0.043443481999993594,82,82,success,0,0,2,True,0,False,0,frontier_t0,66842624,0,82,66408448,73000032,54,True,8,0,82,condition_then,0,0,0.0,0,0.04344516099996554
96,0,0.12929551799999928,96,96,success,0,0.024234699000260207,2,True,77,False,3.3306690738754696e-16,virtual_frontier,66842624,68,96,66408448,73000032,55,True,8,9,96,condition_then,96,54,26.916666666666668,2584,0.12929590600003849
96,0,0.12534337299999976,96,96,success,0,0.02334829999995236,2,True,77,False,3.3306690738754696e-16,task_virtual_frontier,66842624,68,96,66408448,73000032,55,True,8,9,96,condition_then,96,54,26.916666666666668,2584,0.12534373300002244
368,0,0.14693608400000358,361,361,success,0,0,3,True,0,False,0,structural,66842624,0,368,66408448,73000032,50,True,9,0,368,branch,0,0,0.0,0,0.14694319399995948
29,0,0.017763947999995366,22,22,success,0,0,3,True,0,False,0,frontier_t0,66842624,0,29,66408448,73000032,49,True,9,0,29,branch,0,0,0.0,0,0.01776599999999462
29,0,0.03315394900000257,22,22,success,0,0.005090193000000909,3,True,19,False,2.220446049250313e-16,virtual_frontier,66842624,40,29,66408448,73000032,49,True,9,0,29,branch,22,32,25.0,550,0.033155673999999635
29,0,0.03531831000000096,22,22,success,0,0.005363380999995115,3,True,19,False,2.220446049250313e-16,task_virtual_frontier,66842624,40,29,66408448,73000032,49,True,9,0,29,branch,22,32,25.0,550,0.035319994000019506
726,0,0.2866120340000009,726,726,success,0,0,3,True,0,False,0,structural,66842624,0,726,66408448,73000032,61,True,10,0,726,branch,0,0,0.0,0,0.28664308599996957
71,0,0.03826669500000435,71,71,success,0,0,3,True,0,False,0,frontier_t0,66842624,0,71,66408448,73000032,57,True,10,0,71,branch,0,0,0.0,0,0.03827462999998943
84,0,0.11181278800000172,84,84,success,0,0.020545089999927768,3,True,74,False,4.440892098500626e-16,virtual_frontier,66842624,88,84,66408448,73000032,61,True,10,24,84,branch,84,99,40.23809523809524,3380,0.11181324500000756
84,0,0.11176197300000013,84,84,success,0,0.020510395000258086,3,True,74,False,4.440892098500626e-16,task_virtual_frontier,66842624,88,84,66408448,73000032,61,True,10,24,84,branch,84,99,40.23809523809524,3380,0.11176238500002
9,0,0.013640180000003,0,0,success,0,0,3,True,0,False,0,structural,66842624,0,9,66408448,73000032,47,True,11,0,9,branch,0,0,0.0,0,0.013642088999972657
9,0,0.013380296000001124,0,0,success,0,0,3,True,0,False,0,frontier_t0,66842624,0,9,66408448,73000032,47,True,11,0,9,branch,0,0,0.0,0,0.013382117999981347
9,0,0.013047501000002626,0,0,success,0,0,3,True,0,False,0,virtual_frontier,66842624,0,9,66408448,73000032,47,True,11,0,9,branch,0,0,0.0,0,0.013049529999989318
9,0,0.012978812000000062,0,0,success,0,0,3,True,0,False,0,task_virtual_frontier,66842624,0,9,66408448,73000032,47,True,11,0,9,branch,0,0,0.0,0,0.012980452000022069
1107,0,1.5061715500000048,1107,1107,success,0,0,3,True,0,False,0,structural,66842624,0,1107,66408448,73000033,169,True,0,0,1107,sequence,0,0,0.0,0,1.5062545179999915
731,0,1.3223368350000015,731,731,success,0,0,3,True,0,False,0,frontier_t0,66842624,0,731,66408448,73000033,187,True,0,0,731,sequence,0,0,0.0,0,1.32241965999998
628,0,3.3978557269999996,628,628,success,0,0.5359286020008085,3,True,553,False,1.3322676295501878e-15,virtual_frontier,67305472,457,628,67493888,73000033,184,True,0,269,628,sequence,628,1915,1055.937898089172,663129,3.3980928139999946
418,0,2.201432423,418,418,success,2,0.34593051700096566,3,True,370,True,1.3322676295501878e-15,task_virtual_frontier,67829760,421,418,67534848,73000033,171,True,0,274,418,sequence,418,1915,1070.968899521531,447665,2.201578444000006
3931,0,5.428345655999998,3931,3931,success,0,0,7,True,0,False,0,structural,68435968,0,3931,68542464,73000033,187,True,1,0,3931,all_of,0,0,0.0,0,5.428608488999998
1130,0,2.3510563090000005,1130,1130,success,0,0,7,True,0,False,0,frontier_t0,68435968,0,1130,68542464,73000033,203,True,1,0,1130,all_of,0,0,0.0,0,2.351221151000061
1287,0,7.369357416,1287,1287,success,0,1.0769658689982862,7,True,1087,False,1.5543122344752192e-15,virtual_frontier,68960256,598,1287,68849664,73000033,215,True,1,269,1287,all_of,1287,2488,888.3620823620823,1143322,7.369787016999908
1268,0,6.492158160999999,1268,1268,success,2,0.9554067990001158,7,True,1064,True,1.5543122344752192e-15,task_virtual_frontier,69312512,550,1268,68890624,73000033,215,True,1,274,1268,all_of,1268,2488,765.8280757097792,971070,6.492553638999993
351,0,0.27638993800000833,351,351,success,0,0,2,True,0,False,0,structural,69312512,0,351,68890624,73000033,147,True,2,0,351,condition_then,0,0,0.0,0,0.27642640700003085
312,0,0.3453360000000032,312,312,success,0,0,2,True,0,False,0,frontier_t0,69312512,0,312,68890624,73000033,160,True,2,0,312,condition_then,0,0,0.0,0,0.34537162700007684
79,0,0.215306341999991,79,79,success,0,0.03842851200079167,2,True,71,False,6.661338147750939e-16,virtual_frontier,69312512,189,79,69197824,73000033,143,True,2,10,79,condition_then,79,846,543.0126582278481,42898,0.21532066699990082
79,0,0.20763919899999905,79,79,success,1,0.0370342259999461,2,True,71,True,8.881784197001252e-16,task_virtual_frontier,69312512,189,79,69197824,73000033,143,True,2,4,79,condition_then,79,846,532.7974683544304,42091,0.20764567499998066
4096,0,4.594117882000006,4096,4096,task_step_limit,0,0,2,False,0,False,0,structural,69312512,0,4096,69365760,73000033,187,False,3,0,4096,sequence,0,0,0.0,0,4.59440625000002
821,0,1.1382783190000083,821,821,success,0,0,3,True,0,False,0,frontier_t0,69312512,0,821,69365760,73000033,191,True,3,0,821,sequence,0,0,0.0,0,1.1383605020000687
959,0,3.708347089,959,959,success,0,0.607146269997429,3,True,824,False,1.3322676295501878e-15,virtual_frontier,69734400,387,959,69365760,73000033,195,True,3,77,959,sequence,959,1827,632.7956204379562,606851,3.7085498620000408
984,0,3.7114155199999885,984,984,success,1,0.6094373390002374,3,True,843,True,1.3322676295501878e-15,task_virtual_frontier,69734400,387,984,69193728,73000033,196,True,3,22,984,sequence,984,1827,595.4979674796748,585970,3.7116248099999893
4096,0,5.347004475999995,4096,4096,task_step_limit,0,0,6,False,0,False,0,structural,69734400,0,4096,69144576,73000033,187,False,4,0,4096,all_of,0,0,0.0,0,5.347349313999985
923,0,1.5275344970000049,923,923,success,0,0,7,True,0,False,0,frontier_t0,69734400,0,923,69144576,73000033,195,True,4,0,923,all_of,0,0,0.0,0,1.527664093999988
548,0,2.1416200919999966,548,548,success,0,0.33513651899875185,7,True,477,False,1.3322676295501878e-15,virtual_frontier,69734400,514,548,69144576,73000033,173,True,4,77,548,all_of,548,2424,680.4087591240876,372864,2.141715631000011
502,0,1.826901257000003,502,502,success,1,0.29072879600039414,7,True,433,True,1.3322676295501878e-15,task_virtual_frontier,69734400,514,502,69111808,73000033,171,True,4,22,502,all_of,502,2424,616.0398406374502,309252,1.8270367780000925
17,0,0.01993683000000601,17,17,success,0,0,2,True,0,False,0,structural,69734400,0,17,68935680,73000033,132,True,5,0,17,condition_then,0,0,0.0,0,0.0199386389999745
57,0,0.06353778499999407,57,57,success,0,0,2,True,0,False,0,frontier_t0,69734400,0,57,68935680,73000033,137,True,5,0,57,condition_then,0,0,0.0,0,0.06353926099995988
27,0,0.08000268499999663,27,27,success,0,0.013882091000255059,2,True,23,False,6.661338147750939e-16,virtual_frontier,69734400,248,27,68997120,73000033,135,True,5,2,27,condition_then,27,1190,572.7777777777778,15465,0.08000352600004135
27,0,0.07888653400000578,27,27,success,0,0.01370483100004094,2,True,23,False,6.661338147750939e-16,task_virtual_frontier,69734400,248,27,68997120,73000033,135,True,5,2,27,condition_then,27,1190,572.7777777777778,15465,0.07889601499994114
984,0,0.8962429380000003,978,978,success,0,0,3,True,0,False,0,structural,69734400,0,984,68997120,73000033,163,True,6,0,984,sequence,0,0,0.0,0,0.8962536020000016
809,0,1.1220300230000078,805,805,success,0,0,3,True,0,False,0,frontier_t0,69734400,0,809,69017600,73000033,191,True,6,0,809,sequence,0,0,0.0,0,1.1221514509999224
526,0,1.8573067720000012,521,521,success,0,0.3088338759994258,3,True,455,False,1.1102230246251565e-15,virtual_frontier,69734400,283,526,69521408,73000033,179,True,6,59,526,sequence,521,1318,654.130518234165,340802,1.8574007290000054
542,0,1.7868851199999938,537,537,success,1,0.2997286749982777,3,True,473,True,8.881784197001252e-16,task_virtual_frontier,69734400,261,542,69521408,73000033,179,True,6,2,542,sequence,537,1242,585.1601489757915,314231,1.7869926639999676
981,0,1.8426605739999928,978,978,success,0,0,7,True,0,False,0,structural,69734400,0,981,69521408,73000033,163,True,7,0,981,all_of,0,0,0.0,0,1.8427568220000694
808,0,2.289892523000006,805,805,success,0,0,7,True,0,False,0,frontier_t0,69734400,0,808,69521408,73000033,191,True,7,0,808,all_of,0,0,0.0,0,2.2900429079999185
524,0,3.5671757820000067,521,521,success,0,0.5054367599992702,7,True,455,False,1.1102230246251565e-15,virtual_frontier,69967872,560,524,69521408,73000033,179,True,7,461,524,all_of,521,2600,1289.401151631478,671778,3.5673945760000834
540,0,3.369408802999999,537,537,success,1,0.4773425139991332,7,True,473,True,1.3322676295501878e-15,task_virtual_frontier,69967872,516,540,69206016,73000033,179,True,7,477,540,all_of,537,2448,1153.3966480446927,619374,3.3695691560000114
15,0,0.03832991599999502,0,0,success,0,0,2,True,0,False,0,structural,69967872,0,15,69206016,73000033,130,True,8,0,15,condition_then,0,0,0.0,0,0.038332061000005524
15,0,0.03802443700000424,0,0,success,0,0,2,True,0,False,0,frontier_t0,69967872,0,15,69206016,73000033,130,True,8,0,15,condition_then,0,0,0.0,0,0.03802634500004842
15,0,0.03705683100000101,0,0,success,0,0,2,True,0,False,0,virtual_frontier,69967872,0,15,69206016,73000033,130,True,8,0,15,condition_then,0,0,0.0,0,0.03705850000005739
15,0,0.035651220000005424,0,0,success,0,0,2,True,0,False,0,task_virtual_frontier,69967872,0,15,69206016,73000033,130,True,8,0,15,condition_then,0,0,0.0,0,0.035668131000079484
18,0,0.03233683099999496,1,1,success,0,0,3,True,0,False,0,structural,69967872,0,18,69206016,73000033,131,True,9,0,18,branch,0,0,0.0,0,0.03235557499999686
18,0,0.03293318699999759,1,1,success,0,0,3,True,0,False,0,frontier_t0,69967872,0,18,69206016,73000033,131,True,9,0,18,branch,0,0,0.0,0,0.03293494299998656
18,0,0.032961130999993316,1,1,success,0,0.00017835699998158816,3,True,0,False,1.1102230246251565e-16,virtual_frontier,69967872,1,18,69206016,73000033,131,True,9,0,18,branch,1,8,8.0,8,0.0329700080000066
18,0,0.03244671599999549,1,1,success,0,0.00017374700007621868,3,True,0,False,1.1102230246251565e-16,task_virtual_frontier,69967872,1,18,69206016,73000033,131,True,9,0,18,branch,1,8,8.0,8,0.03245634200004588
318,0,0.23807268599999531,316,316,success,0,0,3,True,0,False,0,structural,69967872,0,318,69206016,73000033,144,True,10,0,318,branch,0,0,0.0,0,0.23809498799994344
129,0,0.12970168999999032,127,127,success,0,0,3,True,0,False,0,frontier_t0,69967872,0,129,69206016,73000033,145,True,10,0,129,branch,0,0,0.0,0,0.1297100980000323
86,0,0.21317667099999937,84,84,success,0,0.03806384899951354,3,True,75,False,4.440892098500626e-16,virtual_frontier,69967872,143,86,69423104,73000033,144,True,10,0,86,branch,84,661,517.5595238095239,43475,0.21317657800000234
86,0,0.2193485370000019,84,84,success,0,0.03902705699965736,3,True,75,False,4.440892098500626e-16,task_virtual_frontier,69967872,143,86,69423104,73000033,144,True,10,0,86,branch,84,661,517.5595238095239,43475,0.21937316900005044
9,0,0.027359648000000902,0,0,success,0,0,3,True,0,False,0,structural,69967872,0,9,69427200,73000033,130,True,11,0,9,branch,0,0,0.0,0,0.027361502000076143
9,0,0.02815744599999448,0,0,success,0,0,3,True,0,False,0,frontier_t0,69967872,0,9,69427200,73000033,130,True,11,0,9,branch,0,0,0.0,0,0.028159432999927958
9,0,0.026924340000007874,0,0,success,0,0,3,True,0,False,0,virtual_frontier,69967872,0,9,69427200,73000033,130,True,11,0,9,branch,0,0,0.0,0,0.026926005000063924
9,0,0.028130161000007092,0,0,success,0,0,3,True,0,False,0,task_virtual_frontier,69967872,0,9,69427200,73000033,130,True,11,0,9,branch,0,0,0.0,0,0.02813213399997494
97,0,0.08625400500000069,80,80,success,0,0,3,True,0,False,0,structural,69967872,0,97,69427200,73000034,122,True,0,0,97,sequence,0,0,0.0,0,0.08626182299997254
142,0,0.1481056969999912,125,125,success,0,0,3,True,0,False,0,frontier_t0,69967872,0,142,69427200,73000034,129,True,0,0,142,sequence,0,0,0.0,0,0.1481135199999244
94,0,0.1974079750000044,77,77,success,0,0.02861896799981878,3,True,68,False,4.440892098500626e-16,virtual_frontier,69967872,123,94,69427200,73000034,124,True,0,0,94,sequence,77,391,264.45454545454544,20363,0.19740810899997996
94,0,0.19775612700000522,77,77,success,0,0.027989483999590448,3,True,68,False,4.440892098500626e-16,task_virtual_frontier,69967872,123,94,69427200,73000034,124,True,0,0,94,sequence,77,391,264.45454545454544,20363,0.1977562399999897
181,0,0.2377195339999929,173,173,success,0,0,7,True,0,False,0,structural,69967872,0,181,69427200,73000034,135,True,1,0,181,all_of,0,0,0.0,0,0.23775692900005652
204,0,0.35103855799999906,196,196,success,0,0,7,True,0,False,0,frontier_t0,69967872,0,204,69427200,73000034,139,True,1,0,204,all_of,0,0,0.0,0,0.3510826780000116
198,0,0.8380151859999927,190,190,success,0,0.11691570500022408,7,True,165,False,8.881784197001252e-16,virtual_frontier,69967872,279,198,70111232,73000034,141,True,1,147,198,all_of,190,863,606.0473684210526,115149,0.8380719550000322
189,0,0.5771068419999921,189,189,success,1,0.09013617399966734,7,True,158,True,8.881784197001252e-16,task_virtual_frontier,70098944,234,189,70172672,73000034,141,True,1,46,189,all_of,189,749,410.8888888888889,77658,0.5771126669999376
16,0,0.03190741400000263,0,0,success,0,0,2,True,0,False,0,structural,70098944,0,16,70172672,73000034,109,True,2,0,16,condition_then,0,0,0.0,0,0.03190968600006272
16,0,0.03301895200000615,0,0,success,0,0,2,True,0,False,0,frontier_t0,70098944,0,16,70172672,73000034,109,True,2,0,16,condition_then,0,0,0.0,0,0.03302152399999159
16,0,0.030478942000002007,0,0,success,0,0,2,True,0,False,0,virtual_frontier,70098944,0,16,70172672,73000034,109,True,2,0,16,condition_then,0,0,0.0,0,0.030480778999958602
16,0,0.03178322699999114,0,0,success,0,0,2,True,0,False,0,task_virtual_frontier,70098944,0,16,70172672,73000034,109,True,2,0,16,condition_then,0,0,0.0,0,0.03178502200000821
95,0,0.08833357999999691,81,81,success,0,0,3,True,0,False,0,structural,70098944,0,95,70172672,73000034,129,True,3,0,95,sequence,0,0,0.0,0,0.0883544889999257
95,0,0.09967801500000917,81,81,success,0,0,3,True,0,False,0,frontier_t0,70098944,0,95,70172672,73000034,129,True,3,0,95,sequence,0,0,0.0,0,0.09967918199993164
95,0,0.1910434619999961,81,81,success,0,0.028216750000410684,3,True,73,False,3.3306690738754696e-16,virtual_frontier,70098944,121,95,70172672,73000034,129,True,3,0,95,sequence,81,393,251.92592592592592,20406,0.19106330300007812
95,0,0.1907010270000029,81,81,success,0,0.028071892999832926,3,True,73,False,3.3306690738754696e-16,task_virtual_frontier,70098944,121,95,70172672,73000034,129,True,3,0,95,sequence,81,393,251.92592592592592,20406,0.1907109709999304
91,0,0.21791878000000509,81,81,success,0,0,7,True,0,False,0,structural,70098944,0,91,70254592,73000034,129,True,4,0,91,all_of,0,0,0.0,0,0.21791913699996712
91,0,0.23575910200000294,81,81,success,0,0,7,True,0,False,0,frontier_t0,70098944,0,91,70254592,73000034,129,True,4,0,91,all_of,0,0,0.0,0,0.23578181200002746
91,0,0.5252338539999926,81,81,success,0,0.06756349399984174,7,True,73,False,8.881784197001252e-16,virtual_frontier,70754304,480,91,70860800,73000034,129,True,4,54,91,all_of,81,1566,968.0370370370371,78411,0.5252603579999686
82,0,0.3512976460000061,78,78,success,1,0.047450297000636965,7,True,69,True,8.881784197001252e-16,task_virtual_frontier,70754304,446,82,69292032,73000034,127,True,4,57,82,all_of,78,1462,678.3076923076923,52908,0.35129648999998153
11,0,0.02392355300000304,0,0,success,0,0,2,True,0,False,0,structural,70754304,0,11,69292032,73000034,109,True,5,0,11,condition_then,0,0,0.0,0,0.023925395999981447
11,0,0.0241854380000035,0,0,success,0,0,2,True,0,False,0,frontier_t0,70754304,0,11,69292032,73000034,109,True,5,0,11,condition_then,0,0,0.0,0,0.024187317999917468
11,0,0.023988629000001538,0,0,success,0,0,2,True,0,False,0,virtual_frontier,70754304,0,11,69292032,73000034,109,True,5,0,11,condition_then,0,0,0.0,0,0.024016649000031975
11,0,0.023115567000004944,0,0,success,0,0,2,True,0,False,0,task_virtual_frontier,70754304,0,11,69292032,73000034,109,True,5,0,11,condition_then,0,0,0.0,0,0.023117380999906345
769,0,0.9976550119999956,740,740,success,0,0,3,True,0,False,0,structural,70754304,0,769,69492736,73000034,147,True,6,0,769,sequence,0,0,0.0,0,0.9977465149999034
343,0,0.6081795359999944,314,314,success,0,0,3,True,0,False,0,frontier_t0,70754304,0,343,69492736,73000034,149,True,6,0,343,sequence,0,0,0.0,0,0.6081918379999252
335,0,1.3746878580000015,306,306,success,0,0.19247027600010824,3,True,269,False,1.1102230246251565e-15,virtual_frontier,70754304,283,335,69836800,73000034,149,True,6,205,335,sequence,306,842,586.4934640522875,179467,1.3747632920000115
335,0,1.3675015229999872,306,306,success,0,0.19160508800041498,3,True,269,False,1.1102230246251565e-15,task_virtual_frontier,70754304,283,335,69836800,73000034,149,True,6,205,335,sequence,306,842,586.4934640522875,179467,1.3675830660000656
122,0,0.14208633399999826,113,113,success,0,0,7,True,0,False,0,structural,70754304,0,122,69836800,73000034,136,True,7,0,122,all_of,0,0,0.0,0,0.14210299499995926
120,0,0.1727613710000071,111,111,success,0,0,7,True,0,False,0,frontier_t0,70754304,0,120,69836800,73000034,136,True,7,0,120,all_of,0,0,0.0,0,0.17277160999992702
131,0,0.44775243700000544,122,122,success,0,0.06301851700015959,7,True,98,False,8.881784197001252e-16,virtual_frontier,70754304,247,131,69877760,73000034,138,True,7,84,131,all_of,122,776,503.12295081967216,61381,0.4477703740000152
131,0,0.4497693459999965,122,122,success,0,0.06309537299966905,7,True,98,False,8.881784197001252e-16,task_virtual_frontier,70754304,247,131,69877760,73000034,138,True,7,84,131,all_of,122,776,503.12295081967216,61381,0.44979979800007186
22,0,0.029770408000004522,7,7,success,0,0,2,True,0,False,0,structural,70754304,0,22,69877760,73000034,115,True,8,0,22,condition_then,0,0,0.0,0,0.029772342999990542
22,0,0.029286033999994743,7,7,success,0,0,2,True,0,False,0,frontier_t0,70754304,0,22,69877760,73000034,115,True,8,0,22,condition_then,0,0,0.0,0,0.029287939999903756
22,0,0.032476408999997375,7,7,success,0,0.001141254000117442,2,True,1,False,1.1102230246251565e-16,virtual_frontier,70754304,1,22,69877760,73000034,115,True,8,0,22,condition_then,7,7,6.857142857142857,48,0.03247816700002204
22,0,0.03240889500000321,7,7,success,0,0.001219741000227259,2,True,1,False,1.1102230246251565e-16,task_virtual_frontier,70754304,1,22,69877760,73000034,115,True,8,0,22,condition_then,7,7,6.857142857142857,48,0.032410547000040424
19,0,0.010332919999996193,19,19,success,0,0,3,True,0,False,0,structural,70754304,0,19,69877760,73000034,116,True,9,0,19,branch,0,0,0.0,0,0.010334551999903852
19,0,0.012739703000008262,19,19,success,0,0,3,True,0,False,0,frontier_t0,70754304,0,19,69877760,73000034,116,True,9,0,19,branch,0,0,0.0,0,0.012741349000066293
19,0,0.033848868999996284,19,19,success,0,0.006524365000132093,3,True,16,False,6.661338147750939e-16,virtual_frontier,70754304,112,19,69877760,73000034,116,True,9,0,19,branch,19,370,214.42105263157896,4074,0.03385010499994223
19,0,0.030370422000004282,19,19,success,0,0.00595367400012492,3,True,16,False,6.661338147750939e-16,task_virtual_frontier,70754304,112,19,69877760,73000034,116,True,9,0,19,branch,19,370,214.42105263157896,4074,0.030371661999993194
10,0,0.02190630100000135,1,1,success,0,0,3,True,0,False,0,structural,70754304,0,10,69877760,73000034,110,True,10,0,10,branch,0,0,0.0,0,0.021908065000047827
10,0,0.02182293200000629,1,1,success,0,0,3,True,0,False,0,frontier_t0,70754304,0,10,69877760,73000034,110,True,10,0,10,branch,0,0,0.0,0,0.021824673999958577
10,0,0.021670197000005942,1,1,success,0,0.00017970299995795358,3,True,0,False,1.1102230246251565e-16,virtual_frontier,70754304,1,10,69877760,73000034,110,True,10,0,10,branch,1,7,7.0,7,0.02168162400005258
10,0,0.023050628999996547,1,1,success,0,0.00018279799996889778,3,True,0,False,1.1102230246251565e-16,task_virtual_frontier,70754304,1,10,69877760,73000034,110,True,10,0,10,branch,1,7,7.0,7,0.023052498000083688
137,0,0.19503051799999582,107,107,success,0,0,3,True,0,False,0,structural,70754304,0,137,69881856,73000034,130,True,11,0,137,branch,0,0,0.0,0,0.19505610900000647
135,0,0.22062533000000428,105,105,success,0,0,3,True,0,False,0,frontier_t0,70754304,0,135,69910528,73000034,130,True,11,0,135,branch,0,0,0.0,0,0.2206382950000716
146,0,0.5076758139999953,116,116,success,0,0.0657742779999353,3,True,98,False,8.881784197001252e-16,virtual_frontier,70754304,259,146,69926912,73000034,132,True,11,85,146,branch,116,845,584.8965517241379,67848,0.5076824699999634
146,0,0.49311118600000725,116,116,success,0,0.06503643700034445,3,True,98,False,8.881784197001252e-16,task_virtual_frontier,70754304,259,146,69926912,73000034,132,True,11,85,146,branch,116,845,584.8965517241379,67848,0.49317889700000705
19,0,0.03323316499999998,0,0,success,0,0,3,True,0,False,0,structural,62976000,0,19,63307776,73000035,52,True,0,0,19,sequence,0,0,0.0,0,0.03323882800000888
19,0,0.027611059999999993,0,0,success,0,0,3,True,0,False,0,frontier_t0,62976000,0,19,63328256,73000035,52,True,0,0,19,sequence,0,0,0.0,0,0.027613940000009052
19,0,0.025287238000000045,0,0,success,0,0,3,True,0,False,0,virtual_frontier,63107072,0,19,63352832,73000035,52,True,0,0,19,sequence,0,0,0.0,0,0.02528945800000315
19,0,0.025022527000000017,0,0,success,0,0,3,True,0,False,0,task_virtual_frontier,63107072,0,19,63361024,73000035,52,True,0,0,19,sequence,0,0,0.0,0,0.025024860000002036
33,0,0.030074208999999963,29,29,success,0,0,7,True,0,False,0,structural,63107072,0,33,63389696,73000035,57,True,1,0,33,all_of,0,0,0.0,0,0.030076242000006914
30,0,0.03765159200000001,26,26,success,0,0,7,True,0,False,0,frontier_t0,63107072,0,30,63414272,73000035,57,True,1,0,30,all_of,0,0,0.0,0,0.03765404000000672
24,0,0.06143248499999998,20,20,success,0,0.007608475999973052,7,True,10,False,6.661338147750939e-16,virtual_frontier,63369216,176,24,63598592,73000035,56,True,1,16,24,all_of,20,304,217.2,4344,0.06143522200000007
24,0,0.05960649599999995,20,20,success,1,0.007226963999983127,7,True,12,True,4.440892098500626e-16,task_virtual_frontier,63369216,176,24,63627264,73000035,56,True,1,16,24,all_of,20,304,217.0,4340,0.05960941800000796
268,0,0.10297998100000005,268,268,success,0,0,2,True,0,False,0,structural,63500288,0,268,63762432,73000035,87,True,2,0,268,condition_then,0,0,0.0,0,0.10298328600001128
298,0,0.16421850700000007,298,298,success,0,0,2,True,0,False,0,frontier_t0,63631360,0,298,63934464,73000035,91,True,2,0,298,condition_then,0,0,0.0,0,0.16423045400000547
188,0,0.2543056009999999,188,188,success,0,0.04795361099974116,2,True,140,False,6.661338147750939e-16,virtual_frontier,63762432,79,188,64020480,73000035,87,True,2,14,188,condition_then,188,184,119.51063829787235,22468,0.2543631370000128
159,0,0.19935409700000006,159,159,success,1,0.03817143599988526,2,True,119,True,4.440892098500626e-16,task_virtual_frontier,63762432,79,159,64028672,73000035,86,True,2,9,159,condition_then,159,181,110.28301886792453,17535,0.1993808410000213
129,0,0.1374673340000001,111,111,success,0,0,3,True,0,False,0,structural,63762432,0,129,64028672,73000035,76,True,3,0,129,sequence,0,0,0.0,0,0.13748316199999522
138,0,0.15778917999999997,121,121,success,0,0,3,True,0,False,0,frontier_t0,63762432,0,138,64028672,73000035,76,True,3,0,138,sequence,0,0,0.0,0,0.15779416899999887
119,0,0.28474204699999994,101,101,success,0,0.03850312500000541,3,True,74,False,6.661338147750939e-16,virtual_frontier,63893504,214,119,64086016,73000035,76,True,3,74,119,sequence,101,490,272.94059405940595,27567,0.2847940979999919
119,0,0.28533302299999996,101,101,success,0,0.03847778500008303,3,True,74,False,6.661338147750939e-16,task_virtual_frontier,63893504,214,119,64090112,73000035,76,True,3,74,119,sequence,101,490,272.94059405940595,27567,0.2854331160000072
15,0,0.029267379000000204,2,2,success,0,0,7,True,0,False,0,structural,63893504,0,15,64090112,73000035,54,True,4,0,15,all_of,0,0,0.0,0,0.029269779000003382
15,0,0.029878559999999776,2,2,success,0,0,7,True,0,False,0,frontier_t0,63893504,0,15,64090112,73000035,54,True,4,0,15,all_of,0,0,0.0,0,0.029880922000018018
15,0,0.031189466999999915,2,2,success,0,0.0002798160000168082,7,True,0,False,1.1102230246251565e-16,virtual_frontier,63893504,1,15,64090112,73000035,54,True,4,0,15,all_of,2,7,7.0,14,0.031191661999997677
15,0,0.029597056000000066,2,2,success,0,0.0002950229999783005,7,True,0,False,1.1102230246251565e-16,task_virtual_frontier,63893504,1,15,64090112,73000035,54,True,4,0,15,all_of,2,7,7.0,14,0.029608919999986938
98,0,0.038454347000000055,98,98,success,0,0,2,True,0,False,0,structural,63893504,0,98,64090112,73000035,72,True,5,0,98,condition_then,0,0,0.0,0,0.03845661799999789
98,0,0.050295336000000024,98,98,success,0,0,2,True,0,False,0,frontier_t0,63893504,0,98,64090112,73000035,72,True,5,0,98,condition_then,0,0,0.0,0,0.05029789599998935
88,0,0.11876727400000009,88,88,success,0,0.023915858999913553,2,True,67,False,6.661338147750939e-16,virtual_frontier,63893504,64,88,64090112,73000035,72,True,5,0,88,condition_then,88,147,96.75,8514,0.11877065300001277
88,0,0.10990535600000007,88,88,success,0,0.021681850999982544,2,True,67,False,6.661338147750939e-16,task_virtual_frontier,63893504,64,88,64090112,73000035,72,True,5,0,88,condition_then,88,147,96.75,8514,0.10990856199998689
143,0,0.131029195,115,115,success,0,0,3,True,0,False,0,structural,63893504,0,143,64090112,73000035,76,True,6,0,143,sequence,0,0,0.0,0,0.13105248700000516
133,0,0.09390010400000026,128,128,success,0,0,3,True,0,False,0,frontier_t0,63893504,0,133,64090112,73000035,76,True,6,0,133,sequence,0,0,0.0,0,0.09390365400000178
109,0,0.16974087099999968,104,104,success,0,0.029177622000219117,3,True,73,False,4.440892098500626e-16,virtual_frontier,63893504,127,109,64090112,73000035,76,True,6,41,109,sequence,104,293,142.70192307692307,14841,0.16974547499998494
109,0,0.15553933900000017,104,104,success,0,0.026703525000073114,3,True,73,False,4.440892098500626e-16,task_virtual_frontier,63893504,127,109,64090112,73000035,76,True,6,41,109,sequence,104,293,142.70192307692307,14841,0.1556008959999815
126,0,0.17024003999999993,115,115,success,0,0,7,True,0,False,0,structural,63893504,0,126,64090112,73000035,76,True,7,0,126,all_of,0,0,0.0,0,0.1702455049999969
136,0,0.14938065499999986,128,128,success,0,0,7,True,0,False,0,frontier_t0,63893504,0,136,64090112,73000035,76,True,7,0,136,all_of,0,0,0.0,0,0.1493862200000251
112,0,0.2790707509999999,104,104,success,0,0.03749040900007117,7,True,73,False,8.881784197001252e-16,virtual_frontier,64286720,252,112,64507904,73000035,76,True,7,77,112,all_of,104,580,266.5480769230769,27721,0.2790972619999934
94,0,0.1977744910000001,94,94,success,2,0.02898991200001433,7,True,65,True,8.881784197001252e-16,task_virtual_frontier,64286720,238,94,64507904,73000035,74,True,7,39,94,all_of,94,528,202.89361702127658,19072,0.19781127400000287
49,0,0.01728661900000006,49,49,success,0,0,2,True,0,False,0,structural,64286720,0,49,64507904,73000035,66,True,8,0,49,condition_then,0,0,0.0,0,0.017289105000003246
57,0,0.024232148999999925,57,57,success,0,0,2,True,0,False,0,frontier_t0,64286720,0,57,64507904,73000035,66,True,8,0,57,condition_then,0,0,0.0,0,0.024269529999997985
51,0,0.053969661,51,51,success,0,0.010891331999943077,2,True,39,False,4.440892098500626e-16,virtual_frontier,64286720,83,51,64507904,73000035,67,True,8,7,51,condition_then,51,147,84.27450980392157,4298,0.053985444999995025
51,0,0.05399760199999992,51,51,success,0,0.010746672999914608,2,True,39,False,4.440892098500626e-16,task_virtual_frontier,64286720,83,51,64507904,73000035,67,True,8,7,51,condition_then,51,147,84.27450980392157,4298,0.05400088700000083
15,0,0.004115269999999782,15,15,success,0,0,3,True,0,False,0,structural,64286720,0,15,64507904,73000035,60,True,9,0,15,branch,0,0,0.0,0,0.004116801000009218
15,0,0.0048426390000004815,15,15,success,0,0,3,True,0,False,0,frontier_t0,64286720,0,15,64507904,73000035,60,True,9,0,15,branch,0,0,0.0,0,0.004844211999994741
15,0,0.012543958999999383,15,15,success,0,0.0028065810000725833,3,True,1,False,4.440892098500626e-16,virtual_frontier,64286720,57,15,64507904,73000035,60,True,9,0,15,branch,15,132,64.33333333333333,965,0.012545735999992758
15,0,0.012623728000000334,15,15,success,0,0.0027905210000653824,3,True,1,False,4.440892098500626e-16,task_virtual_frontier,64286720,57,15,64507904,73000035,60,True,9,0,15,branch,15,132,64.33333333333333,965,0.012625450999991017
371,0,0.12210675899999934,371,371,success,0,0,3,True,0,False,0,structural,64286720,0,371,64507904,73000035,92,True,10,0,371,branch,0,0,0.0,0,0.1221128589999978
299,0,0.16056184500000015,299,299,success,0,0,3,True,0,False,0,frontier_t0,64286720,0,299,64544768,73000035,92,True,10,0,299,branch,0,0,0.0,0,0.16057875200002059
181,0,0.21417435300000065,181,181,success,0,0.04233067000012625,3,True,122,False,6.661338147750939e-16,virtual_frontier,64286720,83,181,64565248,73000035,91,True,10,0,181,branch,181,195,117.11602209944752,21198,0.21418361700000332
181,0,0.21277733700000034,181,181,success,0,0.041835253999920496,3,True,122,False,6.661338147750939e-16,task_virtual_frontier,64286720,83,181,64573440,73000035,91,True,10,0,181,branch,181,195,117.11602209944752,21198,0.2127940529999819
12,0,0.013289118000000322,0,0,success,0,0,3,True,0,False,0,structural,64286720,0,12,64573440,73000035,52,True,11,0,12,branch,0,0,0.0,0,0.013291565000002947
12,0,0.013308936000000493,0,0,success,0,0,3,True,0,False,0,frontier_t0,64286720,0,12,64573440,73000035,52,True,11,0,12,branch,0,0,0.0,0,0.01331135399999539
12,0,0.013203557999999838,0,0,success,0,0,3,True,0,False,0,virtual_frontier,64286720,0,12,64573440,73000035,52,True,11,0,12,branch,0,0,0.0,0,0.013214404999985163
12,0,0.013146683999999631,0,0,success,0,0,3,True,0,False,0,task_virtual_frontier,64286720,0,12,64573440,73000035,52,True,11,0,12,branch,0,0,0.0,0,0.013148889999996527
6,0,0.001628147999999996,0,0,success,0,0,2,True,0,False,0,structural,64286720,0,6,64573440,73000036,35,True,0,0,6,condition_then,0,0,0.0,0,0.0016298740000024736
6,0,0.0015834580000007037,0,0,success,0,0,2,True,0,False,0,frontier_t0,64286720,0,6,64573440,73000036,35,True,0,0,6,condition_then,0,0,0.0,0,0.0015849010000010821
6,0,0.0015761470000006383,0,0,success,0,0,2,True,0,False,0,virtual_frontier,64286720,0,6,64573440,73000036,35,True,0,0,6,condition_then,0,0,0.0,0,0.0015777429999843662
6,0,0.0015736530000003413,0,0,success,0,0,2,True,0,False,0,task_virtual_frontier,64286720,0,6,64573440,73000036,35,True,0,0,6,condition_then,0,0,0.0,0,0.0015751009999860344
13,0,0.0037067219999995515,0,0,success,0,0,2,True,0,False,0,structural,64286720,0,13,64573440,73000036,35,True,1,0,13,condition_then,0,0,0.0,0,0.0037084020000008877
13,0,0.0037096149999999994,0,0,success,0,0,2,True,0,False,0,frontier_t0,64286720,0,13,64573440,73000036,35,True,1,0,13,condition_then,0,0,0.0,0,0.003714564999995673
13,0,0.003700343000000217,0,0,success,0,0,2,True,0,False,0,virtual_frontier,64286720,0,13,64573440,73000036,35,True,1,0,13,condition_then,0,0,0.0,0,0.003702261000000817
13,0,0.0037134300000003506,0,0,success,0,0,2,True,0,False,0,task_virtual_frontier,64286720,0,13,64573440,73000036,35,True,1,0,13,condition_then,0,0,0.0,0,0.003715323000022863
8,0,0.0021313779999996285,0,0,success,0,0,2,True,0,False,0,structural,64286720,0,8,64573440,73000036,35,True,2,0,8,condition_then,0,0,0.0,0,0.00213291099998969
8,0,0.002150355999999576,0,0,success,0,0,2,True,0,False,0,frontier_t0,64286720,0,8,64573440,73000036,35,True,2,0,8,condition_then,0,0,0.0,0,0.0021520159999965927
8,0,0.0021180999999996786,0,0,success,0,0,2,True,0,False,0,virtual_frontier,64286720,0,8,64573440,73000036,35,True,2,0,8,condition_then,0,0,0.0,0,0.0021196719999920788
8,0,0.0021133730000002515,0,0,success,0,0,2,True,0,False,0,task_virtual_frontier,64286720,0,8,64573440,73000036,35,True,2,0,8,condition_then,0,0,0.0,0,0.0021149430000093616
16,0,0.004998703000000049,0,0,success,0,0,3,True,0,False,0,structural,64286720,0,16,64573440,73000036,35,True,3,0,16,sequence,0,0,0.0,0,0.005000637999984292
16,0,0.004963934000000059,0,0,success,0,0,3,True,0,False,0,frontier_t0,64286720,0,16,64573440,73000036,35,True,3,0,16,sequence,0,0,0.0,0,0.004965736000002607
16,0,0.005060749999999281,0,0,success,0,0,3,True,0,False,0,virtual_frontier,64286720,0,16,64573440,73000036,35,True,3,0,16,sequence,0,0,0.0,0,0.005062573999992992
16,0,0.004965722999999755,0,0,success,0,0,3,True,0,False,0,task_virtual_frontier,64286720,0,16,64573440,73000036,35,True,3,0,16,sequence,0,0,0.0,0,0.004968214000001581
14,0,0.00475703799999927,0,0,success,0,0,7,True,0,False,0,structural,64286720,0,14,64573440,73000036,35,True,4,0,14,all_of,0,0,0.0,0,0.0047588970000163044
14,0,0.004705742999999707,0,0,success,0,0,7,True,0,False,0,frontier_t0,64286720,0,14,64573440,73000036,35,True,4,0,14,all_of,0,0,0.0,0,0.004707707999983768
14,0,0.004752178999999579,0,0,success,0,0,7,True,0,False,0,virtual_frontier,64286720,0,14,64573440,73000036,35,True,4,0,14,all_of,0,0,0.0,0,0.004767115999982252
14,0,0.004731408000000492,0,0,success,0,0,7,True,0,False,0,task_virtual_frontier,64286720,0,14,64573440,73000036,35,True,4,0,14,all_of,0,0,0.0,0,0.004734592999994902
21,0,0.006107802999999912,0,0,success,0,0,3,True,0,False,0,structural,64286720,0,21,64573440,73000036,35,True,5,0,21,sequence,0,0,0.0,0,0.006109820000006039
21,0,0.006093717999999804,0,0,success,0,0,3,True,0,False,0,frontier_t0,64286720,0,21,64573440,73000036,35,True,5,0,21,sequence,0,0,0.0,0,0.006095670999997083
21,0,0.0060964119999997735,0,0,success,0,0,3,True,0,False,0,virtual_frontier,64286720,0,21,64573440,73000036,35,True,5,0,21,sequence,0,0,0.0,0,0.006098326999989467
21,0,0.006045675999999389,0,0,success,0,0,3,True,0,False,0,task_virtual_frontier,64286720,0,21,64573440,73000036,35,True,5,0,21,sequence,0,0,0.0,0,0.006047550000005231
15,0,0.004700037999999296,0,0,success,0,0,7,True,0,False,0,structural,64286720,0,15,64573440,73000036,35,True,6,0,15,all_of,0,0,0.0,0,0.004711548000017274
15,0,0.004615825000000129,0,0,success,0,0,7,True,0,False,0,frontier_t0,64286720,0,15,64573440,73000036,35,True,6,0,15,all_of,0,0,0.0,0,0.004617656000021952
15,0,0.004756667999999742,0,0,success,0,0,7,True,0,False,0,virtual_frontier,64286720,0,15,64573440,73000036,35,True,6,0,15,all_of,0,0,0.0,0,0.004758672999997771
15,0,0.004643406999999655,0,0,success,0,0,7,True,0,False,0,task_virtual_frontier,64286720,0,15,64573440,73000036,35,True,6,0,15,all_of,0,0,0.0,0,0.004645233999980292
19,0,0.005882787,0,0,success,0,0,3,True,0,False,0,structural,64286720,0,19,64573440,73000036,35,True,7,0,19,sequence,0,0,0.0,0,0.0058847520000142595
19,0,0.006309239000000133,0,0,success,0,0,3,True,0,False,0,frontier_t0,64286720,0,19,64573440,73000036,35,True,7,0,19,sequence,0,0,0.0,0,0.006311038000006874
19,0,0.005979878999999855,0,0,success,0,0,3,True,0,False,0,virtual_frontier,64286720,0,19,64573440,73000036,35,True,7,0,19,sequence,0,0,0.0,0,0.005982047999992801
19,0,0.005938620000000228,0,0,success,0,0,3,True,0,False,0,task_virtual_frontier,64286720,0,19,64573440,73000036,35,True,7,0,19,sequence,0,0,0.0,0,0.005940771000013001
17,0,0.005692243000000374,0,0,success,0,0,7,True,0,False,0,structural,64286720,0,17,64573440,73000036,35,True,8,0,17,all_of,0,0,0.0,0,0.005694814000008819
17,0,0.005691804999999661,0,0,success,0,0,7,True,0,False,0,frontier_t0,64286720,0,17,64573440,73000036,35,True,8,0,17,all_of,0,0,0.0,0,0.005695224000021426
17,0,0.00571846400000009,0,0,success,0,0,7,True,0,False,0,virtual_frontier,64286720,0,17,64573440,73000036,35,True,8,0,17,all_of,0,0,0.0,0,0.00572041500001319
17,0,0.005633620000000228,0,0,success,0,0,7,True,0,False,0,task_virtual_frontier,64286720,0,17,64573440,73000036,35,True,8,0,17,all_of,0,0,0.0,0,0.00563551400000506
16,0,0.004917233000000465,0,0,success,0,0,3,True,0,False,0,structural,64286720,0,16,64573440,73000036,35,True,9,0,16,branch,0,0,0.0,0,0.004919026000010263
16,0,0.004894114999999921,0,0,success,0,0,3,True,0,False,0,frontier_t0,64286720,0,16,64573440,73000036,35,True,9,0,16,branch,0,0,0.0,0,0.004896102000003566
16,0,0.004908254000000056,0,0,success,0,0,3,True,0,False,0,virtual_frontier,64286720,0,16,64573440,73000036,35,True,9,0,16,branch,0,0,0.0,0,0.00491016099999797
16,0,0.0049069929999996376,0,0,success,0,0,3,True,0,False,0,task_virtual_frontier,64286720,0,16,64573440,73000036,35,True,9,0,16,branch,0,0,0.0,0,0.004908864999976004
18,0,0.005136548000000296,0,0,success,0,0,3,True,0,False,0,structural,64286720,0,18,64573440,73000036,35,True,10,0,18,branch,0,0,0.0,0,0.005138526999985515
18,0,0.005118532000000009,0,0,success,0,0,3,True,0,False,0,frontier_t0,64286720,0,18,64573440,73000036,35,True,10,0,18,branch,0,0,0.0,0,0.005120360000006485
18,0,0.005158981000000118,0,0,success,0,0,3,True,0,False,0,virtual_frontier,64286720,0,18,64573440,73000036,35,True,10,0,18,branch,0,0,0.0,0,0.005160881999984213
18,0,0.005101683000000357,0,0,success,0,0,3,True,0,False,0,task_virtual_frontier,64286720,0,18,64573440,73000036,35,True,10,0,18,branch,0,0,0.0,0,0.005103731000019707
16,0,0.004404685999999991,0,0,success,0,0,3,True,0,False,0,structural,64286720,0,16,64573440,73000036,35,True,11,0,16,branch,0,0,0.0,0,0.004406442999993487
16,0,0.0044361809999999835,0,0,success,0,0,3,True,0,False,0,frontier_t0,64286720,0,16,64573440,73000036,35,True,11,0,16,branch,0,0,0.0,0,0.004446042000012085
16,0,0.004390604999999326,0,0,success,0,0,3,True,0,False,0,virtual_frontier,64286720,0,16,64573440,73000036,35,True,11,0,16,branch,0,0,0.0,0,0.004392391999999745
16,0,0.004402185000000003,0,0,success,0,0,3,True,0,False,0,task_virtual_frontier,64286720,0,16,64573440,73000036,35,True,11,0,16,branch,0,0,0.0,0,0.004404148000020314
25,0,0.040730651000000506,0,0,success,0,0,3,True,0,False,0,structural,64286720,0,25,64573440,73000037,85,True,0,0,25,sequence,0,0,0.0,0,0.04073430200000416
25,0,0.04100867100000016,0,0,success,0,0,3,True,0,False,0,frontier_t0,64286720,0,25,64573440,73000037,85,True,0,0,25,sequence,0,0,0.0,0,0.04101216000000818
25,0,0.0410431839999994,0,0,success,0,0,3,True,0,False,0,virtual_frontier,64286720,0,25,64573440,73000037,85,True,0,0,25,sequence,0,0,0.0,0,0.04105611299999623
25,0,0.041137534999999836,0,0,success,0,0,3,True,0,False,0,task_virtual_frontier,64286720,0,25,64573440,73000037,85,True,0,0,25,sequence,0,0,0.0,0,0.041156129000000874
53,0,0.09832723600000026,34,34,success,0,0,7,True,0,False,0,structural,64286720,0,53,64589824,73000037,92,True,1,0,53,all_of,0,0,0.0,0,0.09834324199999855
225,0,0.3250799750000004,225,225,success,0,0,7,True,0,False,0,frontier_t0,64286720,0,225,64589824,73000037,93,True,1,0,225,all_of,0,0,0.0,0,0.32514683100001207
53,0,0.15090426200000007,34,34,success,0,0.012820401000084303,7,True,21,False,4.440892098500626e-16,virtual_frontier,64417792,332,53,64589824,73000037,92,True,1,19,53,all_of,34,656,357.20588235294116,12145,0.15093789600001628
53,0,0.1506386760000007,34,34,success,0,0.012389669000128833,7,True,21,False,4.440892098500626e-16,task_virtual_frontier,64417792,332,53,64122880,73000037,92,True,1,19,53,all_of,34,656,357.20588235294116,12145,0.15066469199999233
7,0,0.010364964999999948,0,0,success,0,0,2,True,0,False,0,structural,64417792,0,7,64122880,73000037,85,True,2,0,7,condition_then,0,0,0.0,0,0.01036724900001218
7,0,0.010564167000000069,0,0,success,0,0,2,True,0,False,0,frontier_t0,64417792,0,7,64122880,73000037,85,True,2,0,7,condition_then,0,0,0.0,0,0.010566729000004216
7,0,0.010400670000000112,0,0,success,0,0,2,True,0,False,0,virtual_frontier,64417792,0,7,64122880,73000037,85,True,2,0,7,condition_then,0,0,0.0,0,0.01040302499998802
7,0,0.010303239999999825,0,0,success,0,0,2,True,0,False,0,task_virtual_frontier,64417792,0,7,64122880,73000037,85,True,2,0,7,condition_then,0,0,0.0,0,0.010305436999999529
30,0,0.050184035000000016,0,0,success,0,0,3,True,0,False,0,structural,64417792,0,30,64122880,73000037,85,True,3,0,30,sequence,0,0,0.0,0,0.05020048599999427
30,0,0.05747280599999982,0,0,success,0,0,3,True,0,False,0,frontier_t0,64417792,0,30,64122880,73000037,85,True,3,0,30,sequence,0,0,0.0,0,0.05748503199998822
30,0,0.04898276499999987,0,0,success,0,0,3,True,0,False,0,virtual_frontier,64417792,0,30,64122880,73000037,85,True,3,0,30,sequence,0,0,0.0,0,0.04899395600000389
30,0,0.04925487099999959,0,0,success,0,0,3,True,0,False,0,task_virtual_frontier,64417792,0,30,64122880,73000037,85,True,3,0,30,sequence,0,0,0.0,0,0.04926494599999387
20,0,0.05851861499999966,0,0,success,0,0,7,True,0,False,0,structural,64417792,0,20,64299008,73000037,85,True,4,0,20,all_of,0,0,0.0,0,0.05852265499999021
20,0,0.05887715300000007,0,0,success,0,0,7,True,0,False,0,frontier_t0,64417792,0,20,64299008,73000037,85,True,4,0,20,all_of,0,0,0.0,0,0.05888137899998469
20,0,0.05953562499999965,0,0,success,0,0,7,True,0,False,0,virtual_frontier,64417792,0,20,64303104,73000037,85,True,4,0,20,all_of,0,0,0.0,0,0.059539801999989095
20,0,0.059251764999999956,0,0,success,0,0,7,True,0,False,0,task_virtual_frontier,64417792,0,20,64319488,73000037,85,True,4,0,20,all_of,0,0,0.0,0,0.05929273099999932
4,0,0.0048688499999993695,0,0,success,0,0,2,True,0,False,0,structural,64417792,0,4,64319488,73000037,85,True,5,0,4,condition_then,0,0,0.0,0,0.004870616999994581
4,0,0.004888401999999736,0,0,success,0,0,2,True,0,False,0,frontier_t0,64417792,0,4,64319488,73000037,85,True,5,0,4,condition_then,0,0,0.0,0,0.004890390000014122
4,0,0.010019653000000517,0,0,success,0,0,2,True,0,False,0,virtual_frontier,64417792,0,4,64319488,73000037,85,True,5,0,4,condition_then,0,0,0.0,0,0.0100221710000028
4,0,0.004856102000000639,0,0,success,0,0,2,True,0,False,0,task_virtual_frontier,64417792,0,4,64319488,73000037,85,True,5,0,4,condition_then,0,0,0.0,0,0.004858092000006309
15,0,0.026249769000000533,0,0,success,0,0,3,True,0,False,0,structural,64417792,0,15,64319488,73000037,85,True,6,0,15,sequence,0,0,0.0,0,0.026252624000022706
15,0,0.025837549000000237,0,0,success,0,0,3,True,0,False,0,frontier_t0,64417792,0,15,64319488,73000037,85,True,6,0,15,sequence,0,0,0.0,0,0.025840578000014602
15,0,0.026280158000000498,0,0,success,0,0,3,True,0,False,0,virtual_frontier,64417792,0,15,64319488,73000037,85,True,6,0,15,sequence,0,0,0.0,0,0.026283083999999235
15,0,0.02592183299999995,0,0,success,0,0,3,True,0,False,0,task_virtual_frontier,64417792,0,15,64319488,73000037,85,True,6,0,15,sequence,0,0,0.0,0,0.02594318900000303
22,0,0.06040868499999963,0,0,success,0,0,7,True,0,False,0,structural,64417792,0,22,64319488,73000037,85,True,7,0,22,all_of,0,0,0.0,0,0.06041292099999396
22,0,0.060051804999999625,0,0,success,0,0,7,True,0,False,0,frontier_t0,64417792,0,22,64143360,73000037,85,True,7,0,22,all_of,0,0,0.0,0,0.060062791999996534
22,0,0.060825120999999704,0,0,success,0,0,7,True,0,False,0,virtual_frontier,64417792,0,22,64143360,73000037,85,True,7,0,22,all_of,0,0,0.0,0,0.060829230999985384
22,0,0.059944555999999594,0,0,success,0,0,7,True,0,False,0,task_virtual_frontier,64417792,0,22,64151552,73000037,85,True,7,0,22,all_of,0,0,0.0,0,0.05994855299999813
9,0,0.01277628599999936,0,0,success,0,0,2,True,0,False,0,structural,64417792,0,9,64151552,73000037,85,True,8,0,9,condition_then,0,0,0.0,0,0.012778443000001971
9,0,0.012743802000000137,0,0,success,0,0,2,True,0,False,0,frontier_t0,64417792,0,9,64151552,73000037,85,True,8,0,9,condition_then,0,0,0.0,0,0.012746073000016622
9,0,0.012678909999999988,0,0,success,0,0,2,True,0,False,0,virtual_frontier,64417792,0,9,64151552,73000037,85,True,8,0,9,condition_then,0,0,0.0,0,0.012681154000006245
9,0,0.01264621699999946,0,0,success,0,0,2,True,0,False,0,task_virtual_frontier,64417792,0,9,64151552,73000037,85,True,8,0,9,condition_then,0,0,0.0,0,0.012648474999991777
10,0,0.017081224000000006,0,0,success,0,0,3,True,0,False,0,structural,64417792,0,10,64151552,73000037,85,True,9,0,10,branch,0,0,0.0,0,0.017083624999997937
10,0,0.017330173000000393,0,0,success,0,0,3,True,0,False,0,frontier_t0,64417792,0,10,64151552,73000037,85,True,9,0,10,branch,0,0,0.0,0,0.017332703999983323
10,0,0.01742745499999998,0,0,success,0,0,3,True,0,False,0,virtual_frontier,64417792,0,10,64151552,73000037,85,True,9,0,10,branch,0,0,0.0,0,0.017449700000014445
10,0,0.017361103999999905,0,0,success,0,0,3,True,0,False,0,task_virtual_frontier,64417792,0,10,64151552,73000037,85,True,9,0,10,branch,0,0,0.0,0,0.017364053999983753
10,0,0.018868676000000306,0,0,success,0,0,3,True,0,False,0,structural,64417792,0,10,64151552,73000037,85,True,10,0,10,branch,0,0,0.0,0,0.018871308000001363
10,0,0.018649943999999863,0,0,success,0,0,3,True,0,False,0,frontier_t0,64417792,0,10,64151552,73000037,85,True,10,0,10,branch,0,0,0.0,0,0.018652477000017598
10,0,0.018040337000000406,0,0,success,0,0,3,True,0,False,0,virtual_frontier,64417792,0,10,64151552,73000037,85,True,10,0,10,branch,0,0,0.0,0,0.018042849000011074
10,0,0.018665713999999944,0,0,success,0,0,3,True,0,False,0,task_virtual_frontier,64417792,0,10,64151552,73000037,85,True,10,0,10,branch,0,0,0.0,0,0.018679249999991043
10,0,0.020265176999999746,0,0,success,0,0,3,True,0,False,0,structural,64417792,0,10,64151552,73000037,85,True,11,0,10,branch,0,0,0.0,0,0.020267852000017683
10,0,0.020189157999999985,0,0,success,0,0,3,True,0,False,0,frontier_t0,64417792,0,10,64151552,73000037,85,True,11,0,10,branch,0,0,0.0,0,0.020191912000001366
10,0,0.02024716200000043,0,0,success,0,0,3,True,0,False,0,virtual_frontier,64417792,0,10,64151552,73000037,85,True,11,0,10,branch,0,0,0.0,0,0.020258884000014632
10,0,0.02640998100000047,0,0,success,0,0,3,True,0,False,0,task_virtual_frontier,64417792,0,10,64151552,73000037,85,True,11,0,10,branch,0,0,0.0,0,0.026412929000002805
269,0,0.3753643069999999,252,252,success,0,0,3,True,0,False,0,structural,64417792,0,269,64151552,73000038,68,True,0,0,269,sequence,0,0,0.0,0,0.3754304969999964
176,0,0.2537238049999999,160,160,success,0,0,3,True,0,False,0,frontier_t0,64417792,0,176,64151552,73000038,69,True,0,0,176,sequence,0,0,0.0,0,0.25374437699997543
172,0,0.554701712,156,156,success,0,0.06372947399992768,3,True,134,False,1.1102230246251565e-15,virtual_frontier,64417792,202,172,64307200,73000038,69,True,0,141,172,sequence,156,313,217.8653846153846,33987,0.5547674320000056
172,0,0.554261047999999,156,156,success,0,0.06350299700008577,3,True,134,False,1.1102230246251565e-15,task_virtual_frontier,64417792,202,172,64339968,73000038,69,True,0,141,172,sequence,156,313,217.8653846153846,33987,0.5543056530000001
54,0,0.10552902699999933,43,43,success,0,0,7,True,0,False,0,structural,64417792,0,54,64339968,73000038,59,True,1,0,54,all_of,0,0,0.0,0,0.10553265099997589
54,0,0.10747671000000025,43,43,success,0,0,7,True,0,False,0,frontier_t0,64417792,0,54,64339968,73000038,59,True,1,0,54,all_of,0,0,0.0,0,0.10750058200000012
45,0,0.16100848700000014,34,34,success,0,0.014549952999999505,7,True,28,False,6.661338147750939e-16,virtual_frontier,64417792,232,45,64372736,73000038,61,True,1,27,45,all_of,34,368,257.88235294117646,8768,0.16102673600002504
45,0,0.16107070099999987,34,34,success,0,0.014404437000024473,7,True,28,False,6.661338147750939e-16,task_virtual_frontier,64417792,232,45,64372736,73000038,61,True,1,27,45,all_of,34,368,257.88235294117646,8768,0.16111523800000782
16,0,0.016073160000001252,2,2,success,0,0,2,True,0,False,0,structural,64417792,0,16,64372736,73000038,56,True,2,0,16,condition_then,0,0,0.0,0,0.0160751859999948
16,0,0.01622218000000153,2,2,success,0,0,2,True,0,False,0,frontier_t0,64417792,0,16,64372736,73000038,56,True,2,0,16,condition_then,0,0,0.0,0,0.01622417900000528
16,0,0.016783948000000493,2,2,success,0,0.0002766320000091582,2,True,0,False,1.1102230246251565e-16,virtual_frontier,64417792,1,16,64372736,73000038,56,True,2,0,16,condition_then,2,8,8.0,16,0.0167860550000114
16,0,0.01670129300000056,2,2,success,0,0.00027302500001269436,2,True,0,False,1.1102230246251565e-16,task_virtual_frontier,64417792,1,16,64372736,73000038,56,True,2,0,16,condition_then,2,8,8.0,16,0.016711033999996516
26,0,0.041883249999999705,0,0,success,0,0,3,True,0,False,0,structural,64417792,0,26,64372736,73000038,54,True,3,0,26,sequence,0,0,0.0,0,0.04188591499999461
26,0,0.042023655999999576,0,0,success,0,0,3,True,0,False,0,frontier_t0,64417792,0,26,64372736,73000038,54,True,3,0,26,sequence,0,0,0.0,0,0.04202610699999809
26,0,0.041481519999999605,0,0,success,0,0,3,True,0,False,0,virtual_frontier,64417792,0,26,64372736,73000038,54,True,3,0,26,sequence,0,0,0.0,0,0.041483986000002915
26,0,0.041251991999999404,0,0,success,0,0,3,True,0,False,0,task_virtual_frontier,64417792,0,26,64372736,73000038,54,True,3,0,26,sequence,0,0,0.0,0,0.04125458100000401
19,0,0.03969169500000014,0,0,success,0,0,7,True,0,False,0,structural,64417792,0,19,64372736,73000038,54,True,4,0,19,all_of,0,0,0.0,0,0.03969415400001708
19,0,0.04017462999999921,0,0,success,0,0,7,True,0,False,0,frontier_t0,64417792,0,19,64372736,73000038,54,True,4,0,19,all_of,0,0,0.0,0,0.04017708399999265
19,0,0.04000169099999873,0,0,success,0,0,7,True,0,False,0,virtual_frontier,64417792,0,19,64372736,73000038,54,True,4,0,19,all_of,0,0,0.0,0,0.04000403000000574
19,0,0.040159964999999076,0,0,success,0,0,7,True,0,False,0,task_virtual_frontier,64417792,0,19,64372736,73000038,54,True,4,0,19,all_of,0,0,0.0,0,0.040162467999977025
6,0,0.008138703000000191,0,0,success,0,0,2,True,0,False,0,structural,64417792,0,6,64372736,73000038,54,True,5,0,6,condition_then,0,0,0.0,0,0.008140816999997469
6,0,0.00818751899999981,0,0,success,0,0,2,True,0,False,0,frontier_t0,64417792,0,6,64372736,73000038,54,True,5,0,6,condition_then,0,0,0.0,0,0.00818942299997616
6,0,0.008169140999999769,0,0,success,0,0,2,True,0,False,0,virtual_frontier,64417792,0,6,64372736,73000038,54,True,5,0,6,condition_then,0,0,0.0,0,0.008171339000000444
6,0,0.008142532000000813,0,0,success,0,0,2,True,0,False,0,task_virtual_frontier,64417792,0,6,64372736,73000038,54,True,5,0,6,condition_then,0,0,0.0,0,0.008144616999999243
985,0,0.6534242450000001,981,981,success,0,0,3,True,0,False,0,structural,64466944,0,985,64696320,73000038,70,True,6,0,985,sequence,0,0,0.0,0,0.6534929100000113
214,0,0.24721332000000018,190,190,success,0,0,3,True,0,False,0,frontier_t0,64466944,0,214,64696320,73000038,71,True,6,0,214,sequence,0,0,0.0,0,0.24723718600000666
192,0,0.46136078800000035,166,166,success,0,0.054511458999996876,3,True,146,False,4.440892098500626e-16,virtual_frontier,64466944,133,192,64696320,73000038,68,True,6,152,192,sequence,166,190,142.15662650602408,23598,0.4614752999999894
192,0,0.4589802039999995,166,166,success,0,0.05416350099997658,3,True,146,False,4.440892098500626e-16,task_virtual_frontier,64466944,133,192,64696320,73000038,68,True,6,152,192,sequence,166,190,142.15662650602408,23598,0.45899016900000333
980,0,0.7610897000000012,980,980,success,0,0,7,True,0,False,0,structural,64466944,0,980,64700416,73000038,70,True,7,0,980,all_of,0,0,0.0,0,0.7611712940000075
204,0,0.4643458389999999,190,190,success,0,0,7,True,0,False,0,frontier_t0,64466944,0,204,64700416,73000038,71,True,7,0,204,all_of,0,0,0.0,0,0.4644289249999929
180,0,0.867966066000001,166,166,success,0,0.08014634200003456,7,True,146,False,8.881784197001252e-16,virtual_frontier,64729088,264,180,64917504,73000038,68,True,7,152,180,all_of,166,368,271.2590361445783,45029,0.8681039980000094
186,0,0.8086866920000002,177,177,success,1,0.07910609200010299,7,True,157,True,8.881784197001252e-16,task_virtual_frontier,64729088,260,186,64917504,73000038,68,True,7,163,186,all_of,177,368,241.5536723163842,42755,0.8088076219999891
103,0,0.08888713400000015,85,85,success,0,0,2,True,0,False,0,structural,64729088,0,103,64917504,73000038,59,True,8,0,103,condition_then,0,0,0.0,0,0.08889103300001011
98,0,0.09047363500000039,80,80,success,0,0,2,True,0,False,0,frontier_t0,64729088,0,98,64917504,73000038,62,True,8,0,98,condition_then,0,0,0.0,0,0.09049299699998414
61,0,0.10880675800000006,43,43,success,0,0.0126593299998774,2,True,39,False,6.661338147750939e-16,virtual_frontier,64729088,99,61,64917504,73000038,59,True,8,38,61,condition_then,43,157,130.2325581395349,5600,0.10883087100000921
61,0,0.1075413850000011,43,43,success,0,0.01272227600009046,2,True,39,False,6.661338147750939e-16,task_virtual_frontier,64729088,99,61,64917504,73000038,59,True,8,38,61,condition_then,43,157,130.2325581395349,5600,0.10757480899999905
7,0,0.012849682000000584,0,0,success,0,0,3,True,0,False,0,structural,64729088,0,7,64917504,73000038,54,True,9,0,7,branch,0,0,0.0,0,0.012852237999993577
7,0,0.013232398999999617,0,0,success,0,0,3,True,0,False,0,frontier_t0,64729088,0,7,64917504,73000038,54,True,9,0,7,branch,0,0,0.0,0,0.013243861999995943
7,0,0.013178547000000762,0,0,success,0,0,3,True,0,False,0,virtual_frontier,64729088,0,7,64917504,73000038,54,True,9,0,7,branch,0,0,0.0,0,0.013180519000002278
7,0,0.012891763000000722,0,0,success,0,0,3,True,0,False,0,task_virtual_frontier,64729088,0,7,64917504,73000038,54,True,9,0,7,branch,0,0,0.0,0,0.012893655999988596
7,0,0.020166309000000382,0,0,success,0,0,3,True,0,False,0,structural,64729088,0,7,64917504,73000038,54,True,10,0,7,branch,0,0,0.0,0,0.02019532799999979
7,0,0.012299128000000437,0,0,success,0,0,3,True,0,False,0,frontier_t0,64729088,0,7,64917504,73000038,54,True,10,0,7,branch,0,0,0.0,0,0.012301339999993388
7,0,0.01183215300000029,0,0,success,0,0,3,True,0,False,0,virtual_frontier,64729088,0,7,64917504,73000038,54,True,10,0,7,branch,0,0,0.0,0,0.011834456000002547
7,0,0.011926360999998664,0,0,success,0,0,3,True,0,False,0,task_virtual_frontier,64729088,0,7,64917504,73000038,54,True,10,0,7,branch,0,0,0.0,0,0.011928427000015063
8,0,0.009959988000000308,2,2,success,0,0,3,True,0,False,0,structural,64729088,0,8,64917504,73000038,56,True,11,0,8,branch,0,0,0.0,0,0.01001246799998512
8,0,0.010290594000000652,2,2,success,0,0,3,True,0,False,0,frontier_t0,64729088,0,8,64917504,73000038,56,True,11,0,8,branch,0,0,0.0,0,0.010292477999996663
8,0,0.010843531999999101,2,2,success,0,0.0003289130000041496,3,True,0,False,1.1102230246251565e-16,virtual_frontier,64729088,1,8,64917504,73000038,56,True,11,0,8,branch,2,8,8.0,16,0.01084638599999721
8,0,0.010735872999999785,2,2,success,0,0.0002810870000189425,3,True,0,False,1.1102230246251565e-16,task_virtual_frontier,64729088,1,8,64917504,73000038,56,True,11,0,8,branch,2,8,8.0,16,0.010737830000010717
4096,0,0.7171405380000007,4096,4096,task_step_limit,0,0,0,False,0,False,0,structural,66695168,0,4096,66912256,73000039,39,False,0,0,4096,sequence,0,0,0.0,0,0.7171988000000056
270,0,0.0990591209999998,262,262,success,0,0,3,True,0,False,0,frontier_t0,66695168,0,270,66912256,73000039,58,True,0,0,270,sequence,0,0,0.0,0,0.09907087400000592
255,0,0.2244919060000008,247,247,success,0,0.04326254999989487,3,True,208,False,4.440892098500626e-16,virtual_frontier,66695168,52,255,66912256,73000039,55,True,0,0,255,sequence,247,41,23.40485829959514,5781,0.22456379700000184
255,0,0.22396708799999843,247,247,success,0,0.04298695400007091,3,True,208,False,4.440892098500626e-16,task_virtual_frontier,66695168,52,255,66912256,73000039,55,True,0,0,255,sequence,247,41,23.40485829959514,5781,0.22397262999999157
4096,0,0.787766787999999,4096,4096,task_step_limit,0,0,6,False,0,False,0,structural,66826240,0,4096,67063808,73000039,39,False,1,0,4096,all_of,0,0,0.0,0,0.7879548989999989
261,0,0.10264825100000152,261,261,success,0,0,7,True,0,False,0,frontier_t0,66826240,0,261,67063808,73000039,58,True,1,0,261,all_of,0,0,0.0,0,0.1026520520000247
246,0,0.23755998399999712,246,246,success,0,0.04393325700010564,7,True,208,False,4.440892098500626e-16,virtual_frontier,66826240,55,246,67063808,73000039,55,True,1,12,246,all_of,246,60,24.715447154471544,6080,0.23759981499998162
246,0,0.237051558000001,246,246,success,0,0.043476635999837754,7,True,208,False,4.440892098500626e-16,task_virtual_frontier,66826240,55,246,67063808,73000039,55,True,1,12,246,all_of,246,60,24.715447154471544,6080,0.23706601200001387
2348,0,0.4074405110000008,2341,2341,success,0,0,2,True,0,False,0,structural,66826240,0,2348,67063808,73000039,39,True,2,0,2348,condition_then,0,0,0.0,0,0.40750284500001044
71,0,0.023217236999997226,64,64,success,0,0,2,True,0,False,0,frontier_t0,66826240,0,71,67063808,73000039,35,True,2,0,71,condition_then,0,0,0.0,0,0.023220073000004504
62,0,0.0453114649999975,55,55,success,0,0.008897111999857543,2,True,52,False,2.220446049250313e-16,virtual_frontier,66826240,31,62,67063808,73000039,35,True,2,0,62,condition_then,55,35,24.327272727272728,1338,0.04531416500000773
62,0,0.045369214000000824,55,55,success,0,0.008873371999868596,2,True,52,False,2.220446049250313e-16,task_virtual_frontier,66826240,31,62,67063808,73000039,35,True,2,0,62,condition_then,55,35,24.327272727272728,1338,0.04537158499999805
707,0,0.12436674499999967,692,692,success,0,0,3,True,0,False,0,structural,66826240,0,707,67063808,73000039,37,True,3,0,707,sequence,0,0,0.0,0,0.124371114000013
79,0,0.030560625999999758,62,62,success,0,0,3,True,0,False,0,frontier_t0,66826240,0,79,67063808,73000039,35,True,3,0,79,sequence,0,0,0.0,0,0.030562978999995494
70,0,0.051185203999999374,53,53,success,0,0.00845862899998906,3,True,48,False,2.220446049250313e-16,virtual_frontier,66826240,31,70,67063808,73000039,35,True,3,0,70,sequence,53,35,23.528301886792452,1247,0.05118780800000877
70,0,0.05094377799999705,53,53,success,0,0.008449447999879567,3,True,48,False,2.220446049250313e-16,task_virtual_frontier,66826240,31,70,67063808,73000039,35,True,3,0,70,sequence,53,35,23.528301886792452,1247,0.050946565999993254
983,0,0.18541601200000102,982,982,success,0,0,7,True,0,False,0,structural,66826240,0,983,67063808,73000039,37,True,4,0,983,all_of,0,0,0.0,0,0.18542921699997805
69,0,0.03390028599999795,62,62,success,0,0,7,True,0,False,0,frontier_t0,66826240,0,69,67063808,73000039,35,True,4,0,69,all_of,0,0,0.0,0,0.03391551100000356
60,0,0.06413397800000098,53,53,success,0,0.010281079999941767,7,True,48,False,4.440892098500626e-16,virtual_frontier,66826240,61,60,67063808,73000039,35,True,4,41,60,all_of,53,70,45.905660377358494,2433,0.06415668700000765
60,0,0.06365161699999788,53,53,success,0,0.010141466999954218,7,True,48,False,4.440892098500626e-16,task_virtual_frontier,66826240,61,60,67063808,73000039,35,True,4,41,60,all_of,53,70,45.905660377358494,2433,0.06366509100001849
12,0,0.0023617990000026623,10,10,success,0,0,2,True,0,False,0,structural,66826240,0,12,67063808,73000039,33,True,5,0,12,condition_then,0,0,0.0,0,0.0023635619999993196
12,0,0.002564776999999907,10,10,success,0,0,2,True,0,False,0,frontier_t0,66826240,0,12,67063808,73000039,33,True,5,0,12,condition_then,0,0,0.0,0,0.0025663319999864598
12,0,0.005259311999999738,10,10,success,0,0.0012998419999803446,2,True,7,False,2.220446049250313e-16,virtual_frontier,66826240,2,12,67063808,73000039,33,True,5,0,12,condition_then,10,6,4.9,49,0.005260958000008031
12,0,0.005161060999999023,10,10,success,0,0.0012401789999501034,2,True,7,False,2.220446049250313e-16,task_virtual_frontier,66826240,2,12,67063808,73000039,33,True,5,0,12,condition_then,10,6,4.9,49,0.005169547999997803
29,0,0.01302821099999818,20,20,success,0,0,3,True,0,False,0,structural,66826240,0,29,67063808,73000039,33,True,6,0,29,sequence,0,0,0.0,0,0.013029982000006157
33,0,0.015668421999997406,24,24,success,0,0,3,True,0,False,0,frontier_t0,66826240,0,33,67063808,73000039,34,True,6,0,33,sequence,0,0,0.0,0,0.015670411000002105
29,0,0.025723961000000628,20,20,success,0,0.0037967209999294482,3,True,19,False,4.440892098500626e-16,virtual_frontier,66826240,79,29,67063808,73000039,33,True,6,11,29,sequence,20,91,44.75,895,0.025726213000012876
29,0,0.025541748999998504,20,20,success,0,0.0038076849999981732,3,True,19,False,4.440892098500626e-16,task_virtual_frontier,66826240,79,29,67063808,73000039,33,True,6,11,29,sequence,20,91,44.75,895,0.025544052999975975
18,0,0.01054012100000179,8,8,success,0,0,7,True,0,False,0,structural,66826240,0,18,67063808,73000039,32,True,7,0,18,all_of,0,0,0.0,0,0.010577750000010155
18,0,0.010672500000001861,8,8,success,0,0,7,True,0,False,0,frontier_t0,66826240,0,18,67063808,73000039,32,True,7,0,18,all_of,0,0,0.0,0,0.01067447900001639
18,0,0.012780046999999684,8,8,success,0,0.0010379290000059882,7,True,7,False,2.220446049250313e-16,virtual_frontier,66826240,2,18,67063808,73000039,32,True,7,0,18,all_of,8,6,4.75,38,0.012789385000019138
18,0,0.012815299000003222,8,8,success,0,0.0010238260000221544,7,True,7,False,2.220446049250313e-16,task_virtual_frontier,66826240,2,18,67063808,73000039,32,True,7,0,18,all_of,8,6,4.75,38,0.01281741599999009
9,0,0.001474315999999476,8,8,success,0,0,2,True,0,False,0,structural,66826240,0,9,67063808,73000039,32,True,8,0,9,condition_then,0,0,0.0,0,0.0014759880000099201
9,0,0.001677315000002011,8,8,success,0,0,2,True,0,False,0,frontier_t0,66826240,0,9,67063808,73000039,32,True,8,0,9,condition_then,0,0,0.0,0,0.001678990999977259
9,0,0.0037418639999984293,8,8,success,0,0.0010112949999836474,2,True,7,False,2.220446049250313e-16,virtual_frontier,66826240,2,9,67063808,73000039,32,True,8,0,9,condition_then,8,6,4.75,38,0.0037433349999957954
9,0,0.00371183200000047,8,8,success,0,0.001012745999986464,2,True,7,False,2.220446049250313e-16,task_virtual_frontier,66826240,2,9,67063808,73000039,32,True,8,0,9,condition_then,8,6,4.75,38,0.0037135870000213345
25,0,0.007945403000000795,15,15,success,0,0,3,True,0,False,0,structural,66826240,0,25,67063808,73000039,30,True,9,0,25,branch,0,0,0.0,0,0.007947129000001496
28,0,0.008074654000001402,28,28,success,0,0,3,True,0,False,0,frontier_t0,66826240,0,28,67063808,73000039,33,True,9,0,28,branch,0,0,0.0,0,0.008076163999987784
43,0,0.03305815400000256,43,43,success,0,0.006989649999951553,3,True,41,False,4.440892098500626e-16,virtual_frontier,66826240,47,43,67063808,73000039,34,True,9,8,43,branch,43,42,22.976744186046513,988,0.03306003000000146
43,0,0.03276226300000218,43,43,success,0,0.00697210100000234,3,True,41,False,4.440892098500626e-16,task_virtual_frontier,66826240,47,43,67063808,73000039,34,True,9,8,43,branch,43,42,22.976744186046513,988,0.032764181000004555
8,0,0.004701650000001223,2,2,success,0,0,3,True,0,False,0,structural,66826240,0,8,67063808,73000039,31,True,10,0,8,branch,0,0,0.0,0,0.004703356000021586
8,0,0.00473672700000094,2,2,success,0,0,3,True,0,False,0,frontier_t0,66826240,0,8,67063808,73000039,31,True,10,0,8,branch,0,0,0.0,0,0.004738626000005297
8,0,0.005288057000001345,2,2,success,0,0.0002817890000130774,3,True,0,False,1.1102230246251565e-16,virtual_frontier,66826240,1,8,67063808,73000039,31,True,10,0,8,branch,2,6,6.0,12,0.005290115999997624
8,0,0.005290303000002439,2,2,success,0,0.00029950300000791685,3,True,0,False,1.1102230246251565e-16,task_virtual_frontier,66826240,1,8,67063808,73000039,31,True,10,0,8,branch,2,6,6.0,12,0.005292140999983985
4096,0,0.7041490699999997,4096,4096,task_step_limit,0,0,1,False,0,False,0,structural,66826240,0,4096,67080192,73000039,39,False,11,0,4096,branch,0,0,0.0,0,0.7041772970000011
93,0,0.04594572399999919,74,74,success,0,0,3,True,0,False,0,frontier_t0,66826240,0,93,67080192,73000039,36,True,11,0,93,branch,0,0,0.0,0,0.045985768999997845
102,0,0.08135224799999818,102,102,success,0,0.016920552999920346,3,True,92,False,4.440892098500626e-16,virtual_frontier,66826240,44,102,67080192,73000039,37,True,11,4,102,branch,102,39,20.61764705882353,2103,0.08136344700000109
102,0,0.08159917799999761,102,102,success,0,0.01680579400013471,3,True,92,False,4.440892098500626e-16,task_virtual_frontier,66826240,44,102,67080192,73000039,37,True,11,4,102,branch,102,39,20.61764705882353,2103,0.08160177399997792
22,0,0.07174867800000001,0,0,success,0,0,3,True,0,False,0,structural,63340544,0,22,63520768,73000040,82,True,0,0,22,sequence,0,0,0.0,0,0.07175386300002629
22,0,0.07003610600000004,0,0,success,0,0,3,True,0,False,0,frontier_t0,63340544,0,22,63537152,73000040,82,True,0,0,22,sequence,0,0,0.0,0,0.0700508890000151
22,0,0.06999322699999999,0,0,success,0,0,3,True,0,False,0,virtual_frontier,63471616,0,22,63549440,73000040,82,True,0,0,22,sequence,0,0,0.0,0,0.07000739800002975
22,0,0.070359179,0,0,success,0,0,3,True,0,False,0,task_virtual_frontier,63471616,0,22,63561728,73000040,82,True,0,0,22,sequence,0,0,0.0,0,0.07036387499999819
3021,0,3.12052498,3021,3021,success,0,0,7,True,0,False,0,structural,65830912,0,3021,65957888,73000040,88,True,1,0,3021,all_of,0,0,0.0,0,3.1211172619999843
130,0,0.4981523710000002,111,111,success,0,0,7,True,0,False,0,frontier_t0,65830912,0,130,65966080,73000040,92,True,1,0,130,all_of,0,0,0.0,0,0.4982356670000172
113,0,0.8194915809999994,94,94,success,0,0.06695671400035508,7,True,75,False,6.661338147750939e-16,virtual_frontier,65961984,352,113,66113536,73000040,90,True,1,84,113,all_of,94,136,91.53191489361703,8604,0.8196283590000348
113,0,0.819374668,94,94,success,0,0.06765430499996228,7,True,75,False,6.661338147750939e-16,task_virtual_frontier,65961984,352,113,66113536,73000040,90,True,1,84,113,all_of,94,136,91.53191489361703,8604,0.8194979859999876
11,0,0.026637681999999607,0,0,success,0,0,2,True,0,False,0,structural,65961984,0,11,66113536,73000040,82,True,2,0,11,condition_then,0,0,0.0,0,0.026641503999996985
11,0,0.026355495999999867,0,0,success,0,0,2,True,0,False,0,frontier_t0,65961984,0,11,66113536,73000040,82,True,2,0,11,condition_then,0,0,0.0,0,0.026359326000033434
11,0,0.02649661099999978,0,0,success,0,0,2,True,0,False,0,virtual_frontier,65961984,0,11,66113536,73000040,82,True,2,0,11,condition_then,0,0,0.0,0,0.026510949999988043
11,0,0.02656045800000051,0,0,success,0,0,2,True,0,False,0,task_virtual_frontier,65961984,0,11,66113536,73000040,82,True,2,0,11,condition_then,0,0,0.0,0,0.026563788000032673
29,0,0.08905294200000036,0,0,success,0,0,3,True,0,False,0,structural,65961984,0,29,66113536,73000040,82,True,3,0,29,sequence,0,0,0.0,0,0.08905732600004512
29,0,0.08942387399999951,0,0,success,0,0,3,True,0,False,0,frontier_t0,65961984,0,29,66113536,73000040,82,True,3,0,29,sequence,0,0,0.0,0,0.0894289319999757
29,0,0.08884421200000059,0,0,success,0,0,3,True,0,False,0,virtual_frontier,65961984,0,29,66113536,73000040,82,True,3,0,29,sequence,0,0,0.0,0,0.08889974200002371
29,0,0.0891371999999997,0,0,success,0,0,3,True,0,False,0,task_virtual_frontier,65961984,0,29,66113536,73000040,82,True,3,0,29,sequence,0,0,0.0,0,0.08915344700000105
19,0,0.11628752699999989,0,0,success,0,0,7,True,0,False,0,structural,66093056,0,19,66113536,73000040,82,True,4,0,19,all_of,0,0,0.0,0,0.1162917890000017
19,0,0.11782906000000004,0,0,success,0,0,7,True,0,False,0,frontier_t0,66093056,0,19,66113536,73000040,82,True,4,0,19,all_of,0,0,0.0,0,0.11786429900001849
19,0,0.12435286200000029,0,0,success,0,0,7,True,0,False,0,virtual_frontier,66093056,0,19,66113536,73000040,82,True,4,0,19,all_of,0,0,0.0,0,0.12438051300000552
19,0,0.11511100500000016,0,0,success,0,0,7,True,0,False,0,task_virtual_frontier,66093056,0,19,66113536,73000040,82,True,4,0,19,all_of,0,0,0.0,0,0.11514367199998787
14,0,0.0381110050000002,0,0,success,0,0,2,True,0,False,0,structural,66093056,0,14,66113536,73000040,82,True,5,0,14,condition_then,0,0,0.0,0,0.03814184700001988
14,0,0.03957091499999965,0,0,success,0,0,2,True,0,False,0,frontier_t0,66093056,0,14,66113536,73000040,82,True,5,0,14,condition_then,0,0,0.0,0,0.03957426499999883
14,0,0.038088563999999714,0,0,success,0,0,2,True,0,False,0,virtual_frontier,66093056,0,14,66113536,73000040,82,True,5,0,14,condition_then,0,0,0.0,0,0.03809205300001395
14,0,0.03794053799999997,0,0,success,0,0,2,True,0,False,0,task_virtual_frontier,66093056,0,14,66113536,73000040,82,True,5,0,14,condition_then,0,0,0.0,0,0.037944227999958
2630,0,5.243272168000001,2623,2623,success,0,0,3,True,0,False,0,structural,66093056,0,2630,66138112,73000040,87,True,6,0,2630,sequence,0,0,0.0,0,5.243913819999989
124,0,0.3236710519999999,117,117,success,0,0,3,True,0,False,0,frontier_t0,66093056,0,124,66138112,73000040,92,True,6,0,124,sequence,0,0,0.0,0,0.3237170949999495
100,0,0.5319409100000012,93,93,success,0,0.05683823200018878,3,True,70,False,6.661338147750939e-16,virtual_frontier,66093056,265,100,66142208,73000040,90,True,6,83,100,sequence,93,99,70.79569892473118,6584,0.5320212620000007
100,0,0.530128049,93,93,success,0,0.056530327000302805,3,True,70,False,6.661338147750939e-16,task_virtual_frontier,66093056,265,100,66142208,73000040,90,True,6,83,100,sequence,93,99,70.79569892473118,6584,0.5301938650000011
10,0,0.06898055099999922,0,0,success,0,0,7,True,0,False,0,structural,66093056,0,10,66142208,73000040,82,True,7,0,10,all_of,0,0,0.0,0,0.06898485499999651
10,0,0.06073745499999994,0,0,success,0,0,7,True,0,False,0,frontier_t0,66093056,0,10,66142208,73000040,82,True,7,0,10,all_of,0,0,0.0,0,0.06076964199996837
10,0,0.06274506500000143,0,0,success,0,0,7,True,0,False,0,virtual_frontier,66093056,0,10,66142208,73000040,82,True,7,0,10,all_of,0,0,0.0,0,0.06274950400000989
10,0,0.05949084300000074,0,0,success,0,0,7,True,0,False,0,task_virtual_frontier,66093056,0,10,66142208,73000040,82,True,7,0,10,all_of,0,0,0.0,0,0.05950963499998352
11,0,0.029560125999999798,0,0,success,0,0,2,True,0,False,0,structural,66093056,0,11,66142208,73000040,82,True,8,0,11,condition_then,0,0,0.0,0,0.029563534999965668
11,0,0.029436995999999382,0,0,success,0,0,2,True,0,False,0,frontier_t0,66093056,0,11,66142208,73000040,82,True,8,0,11,condition_then,0,0,0.0,0,0.02944041500001049
11,0,0.0297100350000008,0,0,success,0,0,2,True,0,False,0,virtual_frontier,66093056,0,11,66142208,73000040,82,True,8,0,11,condition_then,0,0,0.0,0,0.029713746000027186
11,0,0.0298265329999996,0,0,success,0,0,2,True,0,False,0,task_virtual_frontier,66093056,0,11,66142208,73000040,82,True,8,0,11,condition_then,0,0,0.0,0,0.029830544999981612
14,0,0.03646255499999995,1,1,success,0,0,3,True,0,False,0,structural,66093056,0,14,66142208,73000040,83,True,9,0,14,branch,0,0,0.0,0,0.03646619300002385
14,0,0.03648878200000105,1,1,success,0,0,3,True,0,False,0,frontier_t0,66093056,0,14,66142208,73000040,83,True,9,0,14,branch,0,0,0.0,0,0.036520625000036944
14,0,0.03715722899999996,1,1,success,0,0.00027178900000990325,3,True,0,False,1.1102230246251565e-16,virtual_frontier,66093056,1,14,66142208,73000040,83,True,9,0,14,branch,1,5,5.0,5,0.03716162300003134
14,0,0.03723244900000111,1,1,success,0,0.00027404299999034265,3,True,0,False,1.1102230246251565e-16,task_virtual_frontier,66093056,1,14,66142208,73000040,83,True,9,0,14,branch,1,5,5.0,5,0.03723619300001246
9,0,0.02900613499999949,0,0,success,0,0,3,True,0,False,0,structural,66093056,0,9,66142208,73000040,82,True,10,0,9,branch,0,0,0.0,0,0.029009448000010707
9,0,0.02908007199999929,0,0,success,0,0,3,True,0,False,0,frontier_t0,66093056,0,9,66142208,73000040,82,True,10,0,9,branch,0,0,0.0,0,0.029084148999970694
9,0,0.03784719400000114,0,0,success,0,0,3,True,0,False,0,virtual_frontier,66093056,0,9,66142208,73000040,82,True,10,0,9,branch,0,0,0.0,0,0.03785102299997334
9,0,0.028945631000000915,0,0,success,0,0,3,True,0,False,0,task_virtual_frontier,66093056,0,9,66142208,73000040,82,True,10,0,9,branch,0,0,0.0,0,0.028949125999986336
7,0,0.024478459999999203,0,0,success,0,0,3,True,0,False,0,structural,66093056,0,7,66142208,73000040,82,True,11,0,7,branch,0,0,0.0,0,0.02448203200003718
7,0,0.02444707199999918,0,0,success,0,0,3,True,0,False,0,frontier_t0,66093056,0,7,66142208,73000040,82,True,11,0,7,branch,0,0,0.0,0,0.02445037299997921
7,0,0.024569359999999207,0,0,success,0,0,3,True,0,False,0,virtual_frontier,66093056,0,7,66142208,73000040,82,True,11,0,7,branch,0,0,0.0,0,0.02457262199999377
7,0,0.02499263700000043,0,0,success,0,0,3,True,0,False,0,task_virtual_frontier,66093056,0,7,66142208,73000040,82,True,11,0,7,branch,0,0,0.0,0,0.025006994000023042
26,0,0.0654077149999992,0,0,success,0,0,3,True,0,False,0,structural,66093056,0,26,66150400,73000041,66,True,0,0,26,sequence,0,0,0.0,0,0.06542420599998877
26,0,0.06492435500000049,0,0,success,0,0,3,True,0,False,0,frontier_t0,66093056,0,26,66150400,73000041,66,True,0,0,26,sequence,0,0,0.0,0,0.06494764500001793
26,0,0.0650077299999996,0,0,success,0,0,3,True,0,False,0,virtual_frontier,66093056,0,26,66150400,73000041,66,True,0,0,26,sequence,0,0,0.0,0,0.06503253300002143
26,0,0.06463246100000042,0,0,success,0,0,3,True,0,False,0,task_virtual_frontier,66093056,0,26,66150400,73000041,66,True,0,0,26,sequence,0,0,0.0,0,0.06463665299997956
18,0,0.07226004000000152,0,0,success,0,0,7,True,0,False,0,structural,66093056,0,18,66154496,73000041,66,True,1,0,18,all_of,0,0,0.0,0,0.07227869399997644
18,0,0.07235365500000057,0,0,success,0,0,7,True,0,False,0,frontier_t0,66093056,0,18,66154496,73000041,66,True,1,0,18,all_of,0,0,0.0,0,0.07235778199998322
18,0,0.07230628699999997,0,0,success,0,0,7,True,0,False,0,virtual_frontier,66093056,0,18,66154496,73000041,66,True,1,0,18,all_of,0,0,0.0,0,0.07232819699999027
18,0,0.07233981899999975,0,0,success,0,0,7,True,0,False,0,task_virtual_frontier,66093056,0,18,66154496,73000041,66,True,1,0,18,all_of,0,0,0.0,0,0.07234401599998819
13,0,0.028193217000000104,0,0,success,0,0,2,True,0,False,0,structural,66093056,0,13,66158592,73000041,66,True,2,0,13,condition_then,0,0,0.0,0,0.0282154740000351
13,0,0.02798667500000107,0,0,success,0,0,2,True,0,False,0,frontier_t0,66093056,0,13,66158592,73000041,66,True,2,0,13,condition_then,0,0,0.0,0,0.02799119500002689
13,0,0.029060575999999116,0,0,success,0,0,2,True,0,False,0,virtual_frontier,66093056,0,13,66158592,73000041,66,True,2,0,13,condition_then,0,0,0.0,0,0.029064992000030543
13,0,0.028085819999999373,0,0,success,0,0,2,True,0,False,0,task_virtual_frontier,66093056,0,13,66158592,73000041,66,True,2,0,13,condition_then,0,0,0.0,0,0.028089689000012186
30,0,0.07542131000000118,0,0,success,0,0,3,True,0,False,0,structural,66093056,0,30,66158592,73000041,66,True,3,0,30,sequence,0,0,0.0,0,0.07543641299997716
30,0,0.07472150500000119,0,0,success,0,0,3,True,0,False,0,frontier_t0,66093056,0,30,66158592,73000041,66,True,3,0,30,sequence,0,0,0.0,0,0.07474867400003404
30,0,0.07519513799999977,0,0,success,0,0,3,True,0,False,0,virtual_frontier,66093056,0,30,66158592,73000041,66,True,3,0,30,sequence,0,0,0.0,0,0.07519926599997007
30,0,0.0751713830000007,0,0,success,0,0,3,True,0,False,0,task_virtual_frontier,66093056,0,30,66158592,73000041,66,True,3,0,30,sequence,0,0,0.0,0,0.07517546200000425
14,0,0.05203932199999883,0,0,success,0,0,7,True,0,False,0,structural,66093056,0,14,66158592,73000041,66,True,4,0,14,all_of,0,0,0.0,0,0.05204353099998116
14,0,0.052164735999999934,0,0,success,0,0,7,True,0,False,0,frontier_t0,66093056,0,14,66158592,73000041,66,True,4,0,14,all_of,0,0,0.0,0,0.052184484000008524
14,0,0.05268397200000052,0,0,success,0,0,7,True,0,False,0,virtual_frontier,66093056,0,14,66158592,73000041,66,True,4,0,14,all_of,0,0,0.0,0,0.052700048000019706
14,0,0.05236094999999885,0,0,success,0,0,7,True,0,False,0,task_virtual_frontier,66093056,0,14,66158592,73000041,66,True,4,0,14,all_of,0,0,0.0,0,0.05236498199997186
9,0,0.020940498999999946,0,0,success,0,0,2,True,0,False,0,structural,66093056,0,9,66158592,73000041,66,True,5,0,9,condition_then,0,0,0.0,0,0.0209439309999766
9,0,0.020817790000000613,0,0,success,0,0,2,True,0,False,0,frontier_t0,66093056,0,9,66158592,73000041,66,True,5,0,9,condition_then,0,0,0.0,0,0.020821621999971285
9,0,0.020774961000000758,0,0,success,0,0,2,True,0,False,0,virtual_frontier,66093056,0,9,66158592,73000041,66,True,5,0,9,condition_then,0,0,0.0,0,0.020778120999978
9,0,0.020635681000001682,0,0,success,0,0,2,True,0,False,0,task_virtual_frontier,66093056,0,9,66158592,73000041,66,True,5,0,9,condition_then,0,0,0.0,0,0.020647485999973014
23,0,0.07158198599999821,0,0,success,0,0,3,True,0,False,0,structural,66093056,0,23,66158592,73000041,66,True,6,0,23,sequence,0,0,0.0,0,0.07159923499995102
23,0,0.07137197499999814,0,0,success,0,0,3,True,0,False,0,frontier_t0,66093056,0,23,66158592,73000041,66,True,6,0,23,sequence,0,0,0.0,0,0.07137641899998926
23,0,0.0718863249999977,0,0,success,0,0,3,True,0,False,0,virtual_frontier,66093056,0,23,66158592,73000041,66,True,6,0,23,sequence,0,0,0.0,0,0.07191072799997755
23,0,0.07117958799999968,0,0,success,0,0,3,True,0,False,0,task_virtual_frontier,66093056,0,23,66158592,73000041,66,True,6,0,23,sequence,0,0,0.0,0,0.0711835780000456
20,0,0.10346554100000205,0,0,success,0,0,7,True,0,False,0,structural,66093056,0,20,66162688,73000041,66,True,7,0,20,all_of,0,0,0.0,0,0.10349494400003323
20,0,0.10367752599999847,0,0,success,0,0,7,True,0,False,0,frontier_t0,66093056,0,20,66162688,73000041,66,True,7,0,20,all_of,0,0,0.0,0,0.10369110100003809
20,0,0.11200400699999946,0,0,success,0,0,7,True,0,False,0,virtual_frontier,66093056,0,20,66162688,73000041,66,True,7,0,20,all_of,0,0,0.0,0,0.11203851900000927
20,0,0.10417398199999894,0,0,success,0,0,7,True,0,False,0,task_virtual_frontier,66093056,0,20,66162688,73000041,66,True,7,0,20,all_of,0,0,0.0,0,0.1041911050000408
9,0,0.017085738000002237,0,0,success,0,0,2,True,0,False,0,structural,66093056,0,9,66162688,73000041,66,True,8,0,9,condition_then,0,0,0.0,0,0.017089924000003975
9,0,0.01692878600000114,0,0,success,0,0,2,True,0,False,0,frontier_t0,66093056,0,9,66162688,73000041,66,True,8,0,9,condition_then,0,0,0.0,0,0.016932640999982596
9,0,0.016805756000000116,0,0,success,0,0,2,True,0,False,0,virtual_frontier,66093056,0,9,66162688,73000041,66,True,8,0,9,condition_then,0,0,0.0,0,0.01682655199999772
9,0,0.017025786000001375,0,0,success,0,0,2,True,0,False,0,task_virtual_frontier,66093056,0,9,66162688,73000041,66,True,8,0,9,condition_then,0,0,0.0,0,0.017029250999996748
7,0,0.019902816999998407,0,0,success,0,0,3,True,0,False,0,structural,66093056,0,7,66162688,73000041,66,True,9,0,7,branch,0,0,0.0,0,0.019924214000013762
7,0,0.020593573000002863,0,0,success,0,0,3,True,0,False,0,frontier_t0,66093056,0,7,66162688,73000041,66,True,9,0,7,branch,0,0,0.0,0,0.020597733999977663
7,0,0.019771151000000486,0,0,success,0,0,3,True,0,False,0,virtual_frontier,66093056,0,7,66162688,73000041,66,True,9,0,7,branch,0,0,0.0,0,0.019774925000035637
7,0,0.02000314300000028,0,0,success,0,0,3,True,0,False,0,task_virtual_frontier,66093056,0,7,66162688,73000041,66,True,9,0,7,branch,0,0,0.0,0,0.02000611799996932
8,0,0.02300304199999914,0,0,success,0,0,3,True,0,False,0,structural,66093056,0,8,66162688,73000041,66,True,10,0,8,branch,0,0,0.0,0,0.02300676800001611
8,0,0.022854052999999652,0,0,success,0,0,3,True,0,False,0,frontier_t0,66093056,0,8,66162688,73000041,66,True,10,0,8,branch,0,0,0.0,0,0.022857267999995656
8,0,0.02277547699999971,0,0,success,0,0,3,True,0,False,0,virtual_frontier,66093056,0,8,66162688,73000041,66,True,10,0,8,branch,0,0,0.0,0,0.022778742000014063
8,0,0.02316284899999843,0,0,success,0,0,3,True,0,False,0,task_virtual_frontier,66093056,0,8,66162688,73000041,66,True,10,0,8,branch,0,0,0.0,0,0.02316629599999942
7,0,0.01947750300000095,0,0,success,0,0,3,True,0,False,0,structural,66093056,0,7,66162688,73000041,66,True,11,0,7,branch,0,0,0.0,0,0.019480614999963564
7,0,0.01958653699999857,0,0,success,0,0,3,True,0,False,0,frontier_t0,66093056,0,7,66162688,73000041,66,True,11,0,7,branch,0,0,0.0,0,0.01958960899997919
7,0,0.01968158400000064,0,0,success,0,0,3,True,0,False,0,virtual_frontier,66093056,0,7,66162688,73000041,66,True,11,0,7,branch,0,0,0.0,0,0.01968472699996937
7,0,0.019709545999997857,0,0,success,0,0,3,True,0,False,0,task_virtual_frontier,66093056,0,7,66162688,73000041,66,True,11,0,7,branch,0,0,0.0,0,0.019713059000025623
22,0,0.023177663000002013,0,0,success,0,0,3,True,0,False,0,structural,66093056,0,22,66166784,73000042,72,True,0,0,22,sequence,0,0,0.0,0,0.023200258999963808
22,0,0.023142640999999742,0,0,success,0,0,3,True,0,False,0,frontier_t0,66093056,0,22,66166784,73000042,72,True,0,0,22,sequence,0,0,0.0,0,0.02314670000004071
22,0,0.022983925999998434,0,0,success,0,0,3,True,0,False,0,virtual_frontier,66093056,0,22,66166784,73000042,72,True,0,0,22,sequence,0,0,0.0,0,0.022987191000026996
22,0,0.02317408000000043,0,0,success,0,0,3,True,0,False,0,task_virtual_frontier,66093056,0,22,66166784,73000042,72,True,0,0,22,sequence,0,0,0.0,0,0.02317756700000473
18,0,0.02676690200000209,0,0,success,0,0,7,True,0,False,0,structural,66093056,0,18,66166784,73000042,72,True,1,0,18,all_of,0,0,0.0,0,0.02677104699995425
18,0,0.02693233099999759,0,0,success,0,0,7,True,0,False,0,frontier_t0,66093056,0,18,66166784,73000042,72,True,1,0,18,all_of,0,0,0.0,0,0.026936094999996385
18,0,0.0268231969999988,0,0,success,0,0,7,True,0,False,0,virtual_frontier,66093056,0,18,66166784,73000042,72,True,1,0,18,all_of,0,0,0.0,0,0.026836209000009603
18,0,0.026952659000002654,0,0,success,0,0,7,True,0,False,0,task_virtual_frontier,66093056,0,18,66166784,73000042,72,True,1,0,18,all_of,0,0,0.0,0,0.02695589199998949
16,0,0.016238560000001456,0,0,success,0,0,2,True,0,False,0,structural,66093056,0,16,66166784,73000042,72,True,2,0,16,condition_then,0,0,0.0,0,0.016241637999996783
16,0,0.016439443999999526,0,0,success,0,0,2,True,0,False,0,frontier_t0,66093056,0,16,66166784,73000042,72,True,2,0,16,condition_then,0,0,0.0,0,0.016442774000040572
16,0,0.016276080000000803,0,0,success,0,0,2,True,0,False,0,virtual_frontier,66093056,0,16,66166784,73000042,72,True,2,0,16,condition_then,0,0,0.0,0,0.016279198000006545
16,0,0.016255501999999922,0,0,success,0,0,2,True,0,False,0,task_virtual_frontier,66093056,0,16,66166784,73000042,72,True,2,0,16,condition_then,0,0,0.0,0,0.01625870999998824
16,0,0.035460939000000025,0,0,success,0,0,3,True,0,False,0,structural,66093056,0,16,66166784,73000042,72,True,3,0,16,sequence,0,0,0.0,0,0.035464902000001075
16,0,0.028002073999999766,0,0,success,0,0,3,True,0,False,0,frontier_t0,66093056,0,16,66166784,73000042,72,True,3,0,16,sequence,0,0,0.0,0,0.028006497000035324
16,0,0.027204609000001767,0,0,success,0,0,3,True,0,False,0,virtual_frontier,66093056,0,16,66166784,73000042,72,True,3,0,16,sequence,0,0,0.0,0,0.02720893499997601
16,0,0.027093230999998497,0,0,success,0,0,3,True,0,False,0,task_virtual_frontier,66093056,0,16,66166784,73000042,72,True,3,0,16,sequence,0,0,0.0,0,0.02709707500002878
17,0,0.04191605399999787,0,0,success,0,0,7,True,0,False,0,structural,66093056,0,17,66166784,73000042,72,True,4,0,17,all_of,0,0,0.0,0,0.0419199010000284
17,0,0.042305619000000405,0,0,success,0,0,7,True,0,False,0,frontier_t0,66093056,0,17,66166784,73000042,72,True,4,0,17,all_of,0,0,0.0,0,0.042323576999990564
17,0,0.04205892899999952,0,0,success,0,0,7,True,0,False,0,virtual_frontier,66093056,0,17,66166784,73000042,72,True,4,0,17,all_of,0,0,0.0,0,0.042075752999949145
17,0,0.04232328299999821,0,0,success,0,0,7,True,0,False,0,task_virtual_frontier,66093056,0,17,66166784,73000042,72,True,4,0,17,all_of,0,0,0.0,0,0.04232741300000953
9,0,0.009771492999998799,0,0,success,0,0,2,True,0,False,0,structural,66093056,0,9,66166784,73000042,72,True,5,0,9,condition_then,0,0,0.0,0,0.009775467999986631
9,0,0.009657510000000258,0,0,success,0,0,2,True,0,False,0,frontier_t0,66093056,0,9,66166784,73000042,72,True,5,0,9,condition_then,0,0,0.0,0,0.009660442999972929
9,0,0.009553847999999476,0,0,success,0,0,2,True,0,False,0,virtual_frontier,66093056,0,9,66166784,73000042,72,True,5,0,9,condition_then,0,0,0.0,0,0.009556919000033304
9,0,0.009579755000000745,0,0,success,0,0,2,True,0,False,0,task_virtual_frontier,66093056,0,9,66166784,73000042,72,True,5,0,9,condition_then,0,0,0.0,0,0.009582748000013908
20,0,0.03180593000000087,0,0,success,0,0,3,True,0,False,0,structural,66093056,0,20,66166784,73000042,72,True,6,0,20,sequence,0,0,0.0,0,0.03180989699995962
20,0,0.03172822499999839,0,0,success,0,0,3,True,0,False,0,frontier_t0,66093056,0,20,66166784,73000042,72,True,6,0,20,sequence,0,0,0.0,0,0.031732493000049544
20,0,0.031400615999999104,0,0,success,0,0,3,True,0,False,0,virtual_frontier,66093056,0,20,66166784,73000042,72,True,6,0,20,sequence,0,0,0.0,0,0.03141274499995461
20,0,0.031414541000000185,0,0,success,0,0,3,True,0,False,0,task_virtual_frontier,66093056,0,20,66166784,73000042,72,True,6,0,20,sequence,0,0,0.0,0,0.03141779499998165
12,0,0.02069542299999938,0,0,success,0,0,7,True,0,False,0,structural,66093056,0,12,66166784,73000042,72,True,7,0,12,all_of,0,0,0.0,0,0.02069932400002017
12,0,0.02063660299999981,0,0,success,0,0,7,True,0,False,0,frontier_t0,66093056,0,12,66166784,73000042,72,True,7,0,12,all_of,0,0,0.0,0,0.02063984200003688
12,0,0.02063273600000315,0,0,success,0,0,7,True,0,False,0,virtual_frontier,66093056,0,12,66166784,73000042,72,True,7,0,12,all_of,0,0,0.0,0,0.020635865000031117
12,0,0.020610393999998422,0,0,success,0,0,7,True,0,False,0,task_virtual_frontier,66093056,0,12,66166784,73000042,72,True,7,0,12,all_of,0,0,0.0,0,0.020613422999986142
9,0,0.008863291000000828,0,0,success,0,0,2,True,0,False,0,structural,66093056,0,9,66166784,73000042,72,True,8,0,9,condition_then,0,0,0.0,0,0.008865737000007812
9,0,0.009259338999999756,0,0,success,0,0,2,True,0,False,0,frontier_t0,66093056,0,9,66166784,73000042,72,True,8,0,9,condition_then,0,0,0.0,0,0.009261997999999494
9,0,0.00896451000000198,0,0,success,0,0,2,True,0,False,0,virtual_frontier,66093056,0,9,66166784,73000042,72,True,8,0,9,condition_then,0,0,0.0,0,0.008967537999978958
9,0,0.00894343999999947,0,0,success,0,0,2,True,0,False,0,task_virtual_frontier,66093056,0,9,66166784,73000042,72,True,8,0,9,condition_then,0,0,0.0,0,0.008946117999983016
10,0,0.016436789000000118,0,0,success,0,0,3,True,0,False,0,structural,66093056,0,10,66166784,73000042,72,True,9,0,10,branch,0,0,0.0,0,0.016457591999994747
10,0,0.016500008000001287,0,0,success,0,0,3,True,0,False,0,frontier_t0,66093056,0,10,66166784,73000042,72,True,9,0,10,branch,0,0,0.0,0,0.01650276599997369
10,0,0.016361077999999196,0,0,success,0,0,3,True,0,False,0,virtual_frontier,66093056,0,10,66166784,73000042,72,True,9,0,10,branch,0,0,0.0,0,0.01636386699999548
10,0,0.016415029000000914,0,0,success,0,0,3,True,0,False,0,task_virtual_frontier,66093056,0,10,66166784,73000042,72,True,9,0,10,branch,0,0,0.0,0,0.016436743000042497
15,0,0.014729298999998974,0,0,success,0,0,3,True,0,False,0,structural,66093056,0,15,66166784,73000042,72,True,10,0,15,branch,0,0,0.0,0,0.01473224599999412
15,0,0.014807864999998088,0,0,success,0,0,3,True,0,False,0,frontier_t0,66093056,0,15,66166784,73000042,72,True,10,0,15,branch,0,0,0.0,0,0.014811083999973107
15,0,0.01477113600000024,0,0,success,0,0,3,True,0,False,0,virtual_frontier,66093056,0,15,66166784,73000042,72,True,10,0,15,branch,0,0,0.0,0,0.014774706000025617
15,0,0.014907069999999578,0,0,success,0,0,3,True,0,False,0,task_virtual_frontier,66093056,0,15,66166784,73000042,72,True,10,0,15,branch,0,0,0.0,0,0.014921560000004774
15,0,0.013738604000000265,0,0,success,0,0,3,True,0,False,0,structural,66093056,0,15,66166784,73000042,72,True,11,0,15,branch,0,0,0.0,0,0.013741744000014933
15,0,0.013601678000000561,0,0,success,0,0,3,True,0,False,0,frontier_t0,66093056,0,15,66166784,73000042,72,True,11,0,15,branch,0,0,0.0,0,0.013605579999989459
15,0,0.013762748000001324,0,0,success,0,0,3,True,0,False,0,virtual_frontier,66093056,0,15,66166784,73000042,72,True,11,0,15,branch,0,0,0.0,0,0.013765809000005902
15,0,0.013971858000001447,0,0,success,0,0,3,True,0,False,0,task_virtual_frontier,66093056,0,15,66166784,73000042,72,True,11,0,15,branch,0,0,0.0,0,0.013975250999976652
1104,0,1.2334882789999995,1098,1098,success,0,0,3,True,0,False,0,structural,66093056,0,1104,66166784,73000043,124,True,0,0,1104,sequence,0,0,0.0,0,1.2336200110000277
638,0,1.017521293999998,632,632,success,0,0,3,True,0,False,0,frontier_t0,66093056,0,638,66166784,73000043,123,True,0,0,638,sequence,0,0,0.0,0,1.0176684770000293
890,0,3.3622741489999974,884,884,success,0,0.4510353139996255,3,True,739,False,1.1102230246251565e-15,virtual_frontier,66224128,157,890,66379776,73000043,152,True,0,61,890,sequence,884,385,201.92307692307693,178500,3.3626657300000034
873,0,3.206724992999998,867,867,success,2,0.43459594100022514,3,True,728,True,8.881784197001252e-16,task_virtual_frontier,66224128,146,873,66383872,73000043,150,True,0,29,873,sequence,867,331,190.4959630911188,165160,3.2072402590000024
1905,0,2.5656523030000002,1905,1905,success,0,0,7,True,0,False,0,structural,66224128,0,1905,66383872,73000043,133,True,1,0,1905,all_of,0,0,0.0,0,2.5659913110000048
683,0,1.2046690929999997,683,683,success,0,0,7,True,0,False,0,frontier_t0,66224128,0,683,66383872,73000043,127,True,1,0,683,all_of,0,0,0.0,0,1.2048512540000047
882,0,3.6723515849999977,882,882,success,0,0.45590385200068795,7,True,738,False,1.1102230246251565e-15,virtual_frontier,66355200,157,882,66449408,73000043,152,True,1,61,882,all_of,882,385,202.3639455782313,178485,3.67286499100004
865,0,3.4657870099999997,865,865,success,2,0.43562157399986745,7,True,727,True,1.1102230246251565e-15,task_virtual_frontier,66355200,146,865,66449408,73000043,150,True,1,29,865,all_of,865,331,190.91907514450867,165145,3.466287136999995
27,0,0.0336528610000002,13,13,success,0,0,2,True,0,False,0,structural,66355200,0,27,66449408,73000043,68,True,2,0,27,condition_then,0,0,0.0,0,0.03366624300002741
27,0,0.03448900800000132,13,13,success,0,0,2,True,0,False,0,frontier_t0,66355200,0,27,66453504,73000043,68,True,2,0,27,condition_then,0,0,0.0,0,0.034492698000008204
27,0,0.04001464200000271,13,13,success,0,0.0033485179999388492,2,True,12,False,2.220446049250313e-16,virtual_frontier,66355200,5,27,66453504,73000043,68,True,2,0,27,condition_then,13,28,11.307692307692308,147,0.040018357999997534
27,0,0.040240353000001505,13,13,success,0,0.003373858999964341,2,True,12,False,2.220446049250313e-16,task_virtual_frontier,66355200,5,27,66453504,73000043,68,True,2,0,27,condition_then,13,28,11.307692307692308,147,0.04026194400000804
397,0,0.41216404100000403,397,397,success,0,0,3,True,0,False,0,structural,66355200,0,397,66453504,73000043,108,True,3,0,397,sequence,0,0,0.0,0,0.41227084700000205
453,0,0.7990325319999982,445,445,success,0,0,3,True,0,False,0,frontier_t0,66355200,0,453,66453504,73000043,116,True,3,0,453,sequence,0,0,0.0,0,0.7991122070000074
272,0,1.2105857490000034,252,252,success,0,0.1422582730002091,3,True,219,False,6.661338147750939e-16,virtual_frontier,66355200,297,272,66461696,73000043,104,True,3,182,272,sequence,252,734,327.9007936507937,82631,1.2108117039999797
268,0,1.1530397110000052,254,254,success,1,0.14102267800035406,3,True,222,True,6.661338147750939e-16,task_virtual_frontier,66486272,291,268,66633728,73000043,104,True,3,184,268,sequence,254,713,316.4724409448819,80384,1.1554236630000219
4096,0,6.384724018,4096,4096,task_step_limit,0,0,5,False,0,False,0,structural,67796992,0,4096,67977216,73000043,152,False,4,0,4096,all_of,0,0,0.0,0,6.38551179000001
1381,0,3.2513315370000058,1381,1381,success,0,0,7,True,0,False,0,frontier_t0,67796992,0,1381,67977216,73000043,171,True,4,0,1381,all_of,0,0,0.0,0,3.251654891000044
1132,0,6.495698268000005,1132,1132,success,0,0.7070790030007856,7,True,930,False,1.1102230246251565e-15,virtual_frontier,68190208,255,1132,68341760,73000043,163,True,4,474,1132,all_of,1132,530,286.65989399293284,324499,6.49653518599996
1132,0,5.412627430000001,1132,1132,success,1,0.6333941759990012,7,True,933,True,8.881784197001252e-16,task_virtual_frontier,68190208,195,1132,68341760,73000043,163,True,4,169,1132,all_of,1132,484,221.84982332155477,251134,5.413384774000065
35,0,0.016517249000003176,31,31,success,0,0,2,True,0,False,0,structural,68190208,0,35,68341760,73000043,76,True,5,0,35,condition_then,0,0,0.0,0,0.01652054600003794
35,0,0.019826895000001343,31,31,success,0,0,2,True,0,False,0,frontier_t0,68190208,0,35,68341760,73000043,76,True,5,0,35,condition_then,0,0,0.0,0,0.019830807000062123
35,0,0.03379959300000479,31,31,success,0,0.008037457000227732,2,True,29,False,4.440892098500626e-16,virtual_frontier,68190208,3,35,68341760,73000043,76,True,5,0,35,condition_then,31,17,8.774193548387096,272,0.033803195000018604
35,0,0.03331400900000148,31,31,success,0,0.007928587000037624,2,True,29,False,4.440892098500626e-16,task_virtual_frontier,68190208,3,35,68341760,73000043,76,True,5,0,35,condition_then,31,17,8.774193548387096,272,0.033330092000028344
4096,0,5.548979635000002,4096,4096,task_step_limit,0,0,1,False,0,False,0,structural,68190208,0,4096,68423680,73000043,150,False,6,0,4096,sequence,0,0,0.0,0,5.54982239200001
1023,0,1.8557836709999975,1017,1017,success,0,0,3,True,0,False,0,frontier_t0,68190208,0,1023,68423680,73000043,151,True,6,0,1023,sequence,0,0,0.0,0,1.8560376049999832
943,0,3.6857828280000007,937,937,success,0,0.487483520000751,3,True,775,False,1.1102230246251565e-15,virtual_frontier,68190208,171,943,68423680,73000043,154,True,6,94,943,sequence,937,435,210.5016008537887,197240,3.68639935300007
943,0,3.6775401730000112,937,937,success,0,0.48552968200158375,3,True,775,False,1.1102230246251565e-15,task_virtual_frontier,68190208,171,943,68423680,73000043,154,True,6,94,943,sequence,937,435,210.5016008537887,197240,3.6780451470000344
4096,0,6.291617865000006,4096,4096,task_step_limit,0,0,6,False,0,False,0,structural,68321280,0,4096,68554752,73000043,150,False,7,0,4096,all_of,0,0,0.0,0,6.292526112000019
1014,0,2.0298452870000006,1014,1014,success,0,0,7,True,0,False,0,frontier_t0,68321280,0,1014,68554752,73000043,150,True,7,0,1014,all_of,0,0,0.0,0,2.0301744660000622
934,0,4.033843531999992,934,934,success,0,0.4895617749976964,7,True,773,False,1.1102230246251565e-15,virtual_frontier,68321280,171,934,68554752,73000043,153,True,7,94,934,all_of,934,435,211.15310492505353,197217,4.034279738000009
934,0,4.013205657,934,934,success,0,0.4893923769996036,7,True,773,False,1.1102230246251565e-15,task_virtual_frontier,68321280,171,934,68554752,73000043,153,True,7,94,934,all_of,934,435,211.15310492505353,197217,4.013695332999987
2390,0,2.943138374,2390,2390,success,0,0,2,True,0,False,0,structural,68321280,0,2390,68554752,73000043,139,True,8,0,2390,condition_then,0,0,0.0,0,2.9434915379999893
822,0,1.3367985929999975,822,822,success,0,0,2,True,0,False,0,frontier_t0,68321280,0,822,68554752,73000043,136,True,8,0,822,condition_then,0,0,0.0,0,1.3369423830000642
740,0,2.6991788360000015,740,740,success,0,0.36851292500011823,2,True,621,False,1.1102230246251565e-15,virtual_frontier,68321280,154,740,68554752,73000043,141,True,8,87,740,condition_then,740,382,205.75,152255,2.699425654000038
754,0,2.671508953,754,754,success,2,0.369930150998357,2,True,630,True,8.881784197001252e-16,task_virtual_frontier,68321280,138,754,68554752,73000043,141,True,8,29,754,condition_then,754,326,190.30106100795757,143487,2.67183270299995
1141,0,1.2937275889999995,1131,1131,success,0,0,3,True,0,False,0,structural,68321280,0,1141,68554752,73000043,126,True,9,0,1141,branch,0,0,0.0,0,1.2939358569999513
524,0,0.7095407540000025,522,522,success,0,0,3,True,0,False,0,frontier_t0,68321280,0,524,68554752,73000043,118,True,9,0,524,branch,0,0,0.0,0,0.7096315750000031
396,0,1.1056873929999966,394,394,success,0,0.16945485100052338,3,True,340,False,4.440892098500626e-16,virtual_frontier,68321280,110,396,68554752,73000043,114,True,9,0,396,branch,394,265,162.0964467005076,63866,1.105851021000035
396,0,1.1065163260000048,394,394,success,0,0.1699167080001871,3,True,340,False,4.440892098500626e-16,task_virtual_frontier,68321280,110,396,68554752,73000043,114,True,9,0,396,branch,394,265,162.0964467005076,63866,1.1066759419999244
15,0,0.016293613000001983,10,10,success,0,0,3,True,0,False,0,structural,68321280,0,15,68554752,73000043,67,True,10,0,15,branch,0,0,0.0,0,0.016309492000004866
15,0,0.017602932000002625,10,10,success,0,0,3,True,0,False,0,frontier_t0,68321280,0,15,68554752,73000043,67,True,10,0,15,branch,0,0,0.0,0,0.01760699699991619
15,0,0.022175841000006358,10,10,success,0,0.0026379590001397446,3,True,9,False,1.1102230246251565e-16,virtual_frontier,68321280,3,15,68554752,73000043,67,True,10,0,15,branch,10,17,8.8,88,0.02217967299998236
15,0,0.021827512000001548,10,10,success,0,0.002619452999852001,3,True,9,False,1.1102230246251565e-16,task_virtual_frontier,68321280,3,15,68554752,73000043,67,True,10,0,15,branch,10,17,8.8,88,0.02183117200002016
9,0,0.02099101400000336,2,2,success,0,0,3,True,0,False,0,structural,68321280,0,9,68554752,73000043,64,True,11,0,9,branch,0,0,0.0,0,0.020994277999989208
9,0,0.021314936999999645,2,2,success,0,0,3,True,0,False,0,frontier_t0,68321280,0,9,68554752,73000043,64,True,11,0,9,branch,0,0,0.0,0,0.02131893399996443
9,0,0.022265456999988942,2,2,success,0,0.000553674000002502,3,True,1,False,1.1102230246251565e-16,virtual_frontier,68321280,1,9,68554752,73000043,64,True,11,0,9,branch,2,8,7.5,15,0.022269029999961276
9,0,0.02215362900000173,2,2,success,0,0.0005647560000170415,3,True,1,False,1.1102230246251565e-16,task_virtual_frontier,68321280,1,9,68554752,73000043,64,True,11,0,9,branch,2,8,7.5,15,0.02215764200002468
17,0,0.028701217000005386,0,0,success,0,0,3,True,0,False,0,structural,68321280,0,17,68554752,73000044,63,True,0,0,17,sequence,0,0,0.0,0,0.028705130000048484
17,0,0.028224547999997185,0,0,success,0,0,3,True,0,False,0,frontier_t0,68321280,0,17,68554752,73000044,63,True,0,0,17,sequence,0,0,0.0,0,0.028228969999986475
17,0,0.028385600000007116,0,0,success,0,0,3,True,0,False,0,virtual_frontier,68321280,0,17,68554752,73000044,63,True,0,0,17,sequence,0,0,0.0,0,0.028408394999928532
17,0,0.028366463000011777,0,0,success,0,0,3,True,0,False,0,task_virtual_frontier,68321280,0,17,68554752,73000044,63,True,0,0,17,sequence,0,0,0.0,0,0.028369541999950343
13,0,0.03698251299999811,0,0,success,0,0,7,True,0,False,0,structural,68321280,0,13,68554752,73000044,63,True,1,0,13,all_of,0,0,0.0,0,0.036986346999924535
13,0,0.04573129100000983,0,0,success,0,0,7,True,0,False,0,frontier_t0,68321280,0,13,68554752,73000044,63,True,1,0,13,all_of,0,0,0.0,0,0.045735398000033456
13,0,0.03682376700000134,0,0,success,0,0,7,True,0,False,0,virtual_frontier,68321280,0,13,68554752,73000044,63,True,1,0,13,all_of,0,0,0.0,0,0.036828120999985
13,0,0.038289687999991884,0,0,success,0,0,7,True,0,False,0,task_virtual_frontier,68321280,0,13,68554752,73000044,63,True,1,0,13,all_of,0,0,0.0,0,0.03829410099990582
16,0,0.027965355999995722,0,0,success,0,0,2,True,0,False,0,structural,68321280,0,16,68554752,73000044,63,True,2,0,16,condition_then,0,0,0.0,0,0.027969835000021703
16,0,0.027863035999999397,0,0,success,0,0,2,True,0,False,0,frontier_t0,68321280,0,16,68554752,73000044,63,True,2,0,16,condition_then,0,0,0.0,0,0.027875268000002507
16,0,0.028126295000006962,0,0,success,0,0,2,True,0,False,0,virtual_frontier,68321280,0,16,68554752,73000044,63,True,2,0,16,condition_then,0,0,0.0,0,0.028129412999987835
16,0,0.028065542000007326,0,0,success,0,0,2,True,0,False,0,task_virtual_frontier,68321280,0,16,68554752,73000044,63,True,2,0,16,condition_then,0,0,0.0,0,0.028069050999988576
3059,0,1.8634400189999951,3059,3059,success,0,0,3,True,0,False,0,structural,68321280,0,3059,68554752,73000044,70,True,3,0,3059,sequence,0,0,0.0,0,1.8637235169999258
91,0,0.19437924099999293,70,70,success,0,0,3,True,0,False,0,frontier_t0,68321280,0,91,68554752,73000044,70,True,3,0,91,sequence,0,0,0.0,0,0.1943843010000137
115,0,0.5059349239999875,94,94,success,0,0.05422812800009069,3,True,78,False,1.1102230246251565e-15,virtual_frontier,68321280,204,115,68554752,73000044,70,True,3,86,115,sequence,94,354,281.1808510638298,26431,0.5060138380000581
115,0,0.5079652249999924,94,94,success,0,0.05438239300031,3,True,78,False,1.1102230246251565e-15,task_virtual_frontier,68321280,204,115,68554752,73000044,70,True,3,86,115,sequence,94,354,281.1808510638298,26431,0.5080358160000742
18,0,0.06698259799999562,0,0,success,0,0,7,True,0,False,0,structural,68321280,0,18,68558848,73000044,63,True,4,0,18,all_of,0,0,0.0,0,0.06699785900002553
18,0,0.06770260999999778,0,0,success,0,0,7,True,0,False,0,frontier_t0,68321280,0,18,68558848,73000044,63,True,4,0,18,all_of,0,0,0.0,0,0.06770701499999632
18,0,0.06790991600000496,0,0,success,0,0,7,True,0,False,0,virtual_frontier,68321280,0,18,68558848,73000044,63,True,4,0,18,all_of,0,0,0.0,0,0.06792837800003326
18,0,0.06738182299999096,0,0,success,0,0,7,True,0,False,0,task_virtual_frontier,68321280,0,18,68558848,73000044,63,True,4,0,18,all_of,0,0,0.0,0,0.0674029659999178
15,0,0.025201827000003618,0,0,success,0,0,2,True,0,False,0,structural,68321280,0,15,68558848,73000044,63,True,5,0,15,condition_then,0,0,0.0,0,0.0252056999999013
15,0,0.02520582500000046,0,0,success,0,0,2,True,0,False,0,frontier_t0,68321280,0,15,68558848,73000044,63,True,5,0,15,condition_then,0,0,0.0,0,0.02520971700005248
15,0,0.025205693999993173,0,0,success,0,0,2,True,0,False,0,virtual_frontier,68321280,0,15,68558848,73000044,63,True,5,0,15,condition_then,0,0,0.0,0,0.025209296000070935
15,0,0.025459206999997264,0,0,success,0,0,2,True,0,False,0,task_virtual_frontier,68321280,0,15,68558848,73000044,63,True,5,0,15,condition_then,0,0,0.0,0,0.02546309100000599
14,0,0.03059222900000691,0,0,success,0,0,3,True,0,False,0,structural,68321280,0,14,68558848,73000044,63,True,6,0,14,sequence,0,0,0.0,0,0.03059618399993269
14,0,0.030654123999994454,0,0,success,0,0,3,True,0,False,0,frontier_t0,68321280,0,14,68558848,73000044,63,True,6,0,14,sequence,0,0,0.0,0,0.030657609000058983
14,0,0.030557303999998453,0,0,success,0,0,3,True,0,False,0,virtual_frontier,68321280,0,14,68558848,73000044,63,True,6,0,14,sequence,0,0,0.0,0,0.030560948000015742
14,0,0.030532494000013344,0,0,success,0,0,3,True,0,False,0,task_virtual_frontier,68321280,0,14,68558848,73000044,63,True,6,0,14,sequence,0,0,0.0,0,0.03055701100004171
16,0,0.045218706,0,0,success,0,0,7,True,0,False,0,structural,68321280,0,16,68558848,73000044,63,True,7,0,16,all_of,0,0,0.0,0,0.045222880999972404
16,0,0.045276964999999336,0,0,success,0,0,7,True,0,False,0,frontier_t0,68321280,0,16,68558848,73000044,63,True,7,0,16,all_of,0,0,0.0,0,0.04528088999995816
16,0,0.04501715099999615,0,0,success,0,0,7,True,0,False,0,virtual_frontier,68321280,0,16,68558848,73000044,63,True,7,0,16,all_of,0,0,0.0,0,0.04502207600000929
16,0,0.044949064000007866,0,0,success,0,0,7,True,0,False,0,task_virtual_frontier,68321280,0,16,68558848,73000044,63,True,7,0,16,all_of,0,0,0.0,0,0.04495324700008041
10,0,0.017087039999992726,0,0,success,0,0,2,True,0,False,0,structural,68321280,0,10,68558848,73000044,63,True,8,0,10,condition_then,0,0,0.0,0,0.017100400999993326
10,0,0.017432593999998858,0,0,success,0,0,2,True,0,False,0,frontier_t0,68321280,0,10,68558848,73000044,63,True,8,0,10,condition_then,0,0,0.0,0,0.017437009999980546
10,0,0.017208416999991982,0,0,success,0,0,2,True,0,False,0,virtual_frontier,68321280,0,10,68558848,73000044,63,True,8,0,10,condition_then,0,0,0.0,0,0.017212288999985503
10,0,0.017215810999999803,0,0,success,0,0,2,True,0,False,0,task_virtual_frontier,68321280,0,10,68558848,73000044,63,True,8,0,10,condition_then,0,0,0.0,0,0.017219694000004893
13,0,0.03218146899999397,0,0,success,0,0,3,True,0,False,0,structural,68321280,0,13,68558848,73000044,63,True,9,0,13,branch,0,0,0.0,0,0.03218516399999771
13,0,0.03211362400000439,0,0,success,0,0,3,True,0,False,0,frontier_t0,68321280,0,13,68558848,73000044,63,True,9,0,13,branch,0,0,0.0,0,0.03211735700006102
13,0,0.031936904000005484,0,0,success,0,0,3,True,0,False,0,virtual_frontier,68321280,0,13,68558848,73000044,63,True,9,0,13,branch,0,0,0.0,0,0.03194102700001622
13,0,0.03227432199999214,0,0,success,0,0,3,True,0,False,0,task_virtual_frontier,68321280,0,13,68558848,73000044,63,True,9,0,13,branch,0,0,0.0,0,0.032278980000000956
9,0,0.023080064999987826,0,0,success,0,0,3,True,0,False,0,structural,68321280,0,9,68558848,73000044,63,True,10,0,9,branch,0,0,0.0,0,0.023083583000016006
9,0,0.02349593900000002,0,0,success,0,0,3,True,0,False,0,frontier_t0,68321280,0,9,68558848,73000044,63,True,10,0,9,branch,0,0,0.0,0,0.023499780999941322
9,0,0.023151628999997342,0,0,success,0,0,3,True,0,False,0,virtual_frontier,68321280,0,9,68558848,73000044,63,True,10,0,9,branch,0,0,0.0,0,0.023155808000069555
9,0,0.02333972899999992,0,0,success,0,0,3,True,0,False,0,task_virtual_frontier,68321280,0,9,68558848,73000044,63,True,10,0,9,branch,0,0,0.0,0,0.023369567000031566
14,0,0.025276095999998915,0,0,success,0,0,3,True,0,False,0,structural,68321280,0,14,68558848,73000044,63,True,11,0,14,branch,0,0,0.0,0,0.025279847999968297
14,0,0.025055644999994797,0,0,success,0,0,3,True,0,False,0,frontier_t0,68321280,0,14,68558848,73000044,63,True,11,0,14,branch,0,0,0.0,0,0.025059306000002834
14,0,0.025790674000006675,0,0,success,0,0,3,True,0,False,0,virtual_frontier,68321280,0,14,68558848,73000044,63,True,11,0,14,branch,0,0,0.0,0,0.02579493099995034
14,0,0.025240999999994074,0,0,success,0,0,3,True,0,False,0,task_virtual_frontier,68321280,0,14,68558848,73000044,63,True,11,0,14,branch,0,0,0.0,0,0.025244951999980003
4096,0,2.1176459540000003,4096,4096,task_step_limit,0,0,0,False,0,False,0,structural,63385600,0,4096,63737856,73000045,63,False,0,0,4096,sequence,0,0,0.0,0,2.1179005019999977
198,0,0.16820351600000016,187,187,success,0,0,3,True,0,False,0,frontier_t0,66420736,0,198,66670592,73000045,73,True,0,0,198,sequence,0,0,0.0,0,0.16822406099999654
195,0,0.3413245100000002,182,182,success,0,0.05861284699992808,3,True,114,False,2.220446049250313e-16,virtual_frontier,66551808,59,195,66830336,73000045,71,True,0,0,195,sequence,182,39,25.928571428571427,4719,0.34137543199999953
195,0,0.35104178399999997,182,182,success,0,0.06076364300002979,3,True,114,False,2.220446049250313e-16,task_virtual_frontier,66551808,59,195,66830336,73000045,71,True,0,0,195,sequence,182,39,25.928571428571427,4719,0.3510667660000024
4096,0,2.328092382,4096,4096,task_step_limit,0,0,6,False,0,False,0,structural,67469312,0,4096,67723264,73000045,63,False,1,0,4096,all_of,0,0,0.0,0,2.3284472210000047
186,0,0.1585884049999997,186,186,success,0,0,7,True,0,False,0,frontier_t0,67469312,0,186,67723264,73000045,73,True,1,0,186,all_of,0,0,0.0,0,0.15868010800000576
181,0,0.33893195399999954,181,181,success,0,0.05865557799998555,7,True,113,False,4.440892098500626e-16,virtual_frontier,67469312,59,181,67723264,73000045,71,True,1,0,181,all_of,181,39,26.044198895027623,4714,0.3389730970000002
181,0,0.33962338500000033,181,181,success,0,0.05905564800007568,7,True,113,False,4.440892098500626e-16,task_virtual_frontier,67469312,59,181,67723264,73000045,71,True,1,0,181,all_of,181,39,26.044198895027623,4714,0.33965851199999975
4064,0,2.1089007669999997,4052,4052,success,0,0,2,True,0,False,0,structural,67469312,0,4064,67723264,73000045,62,True,2,0,4064,condition_then,0,0,0.0,0,2.1091772859999978
59,0,0.05027623299999995,47,47,success,0,0,2,True,0,False,0,frontier_t0,67469312,0,59,67723264,73000045,58,True,2,0,59,condition_then,0,0,0.0,0,0.05028043400000115
59,0,0.09219291700000021,47,47,success,0,0.014673973999997258,2,True,28,False,2.220446049250313e-16,virtual_frontier,67469312,46,59,67723264,73000045,58,True,2,0,59,condition_then,47,31,25.74468085106383,1210,0.0922260429999966
59,0,0.09229305499999896,47,47,success,0,0.014818174000012618,2,True,28,False,2.220446049250313e-16,task_virtual_frontier,67469312,46,59,67723264,73000045,58,True,2,0,59,condition_then,47,31,25.74468085106383,1210,0.09231437900000117
11,0,0.016240651000000383,1,1,success,0,0,3,True,0,False,0,structural,67469312,0,11,67723264,73000045,55,True,3,0,11,sequence,0,0,0.0,0,0.01624321199999912
11,0,0.01627386200000025,1,1,success,0,0,3,True,0,False,0,frontier_t0,67469312,0,11,67723264,73000045,55,True,3,0,11,sequence,0,0,0.0,0,0.01627660500000161
11,0,0.01680581599999975,1,1,success,0,0.00025099999999866895,3,True,0,False,1.1102230246251565e-16,virtual_frontier,67469312,1,11,67723264,73000045,55,True,3,0,11,sequence,1,5,5.0,5,0.016808531999998877
11,0,0.016695729999998576,1,1,success,0,0.0002603980000017714,3,True,0,False,1.1102230246251565e-16,task_virtual_frontier,67469312,1,11,67723264,73000045,55,True,3,0,11,sequence,1,5,5.0,5,0.01669840599999617
11,0,0.022909590999999452,1,1,success,0,0,7,True,0,False,0,structural,67469312,0,11,67723264,73000045,55,True,4,0,11,all_of,0,0,0.0,0,0.02291234500000172
11,0,0.023255688000000774,1,1,success,0,0,7,True,0,False,0,frontier_t0,67469312,0,11,67723264,73000045,55,True,4,0,11,all_of,0,0,0.0,0,0.02327426400000121
11,0,0.024988041000000294,1,1,success,0,0.00026065900000560305,7,True,0,False,1.1102230246251565e-16,virtual_frontier,67469312,1,11,67723264,73000045,55,True,4,0,11,all_of,1,5,5.0,5,0.02499077199999533
11,0,0.02337167299999976,1,1,success,0,0.0002732220000041252,7,True,0,False,1.1102230246251565e-16,task_virtual_frontier,67469312,1,11,67723264,73000045,55,True,4,0,11,all_of,1,5,5.0,5,0.02337460199999697
4096,0,2.1744028029999996,4096,4096,task_step_limit,0,0,1,False,0,False,0,structural,67469312,0,4096,67723264,73000045,63,False,5,0,4096,condition_then,0,0,0.0,0,2.1746393820000023
114,0,0.08677435299999914,114,114,success,0,0,2,True,0,False,0,frontier_t0,67469312,0,114,67723264,73000045,63,True,5,0,114,condition_then,0,0,0.0,0,0.08677741800000405
106,0,0.18004058400000034,106,106,success,0,0.033959053999993216,2,True,68,False,4.440892098500626e-16,virtual_frontier,67469312,74,106,67723264,73000045,62,True,5,4,106,condition_then,106,35,21.88679245283019,2320,0.18004430199999888
106,0,0.18017138000000088,106,106,success,0,0.0339592229999468,2,True,68,False,4.440892098500626e-16,task_virtual_frontier,67469312,74,106,67723264,73000045,62,True,5,4,106,condition_then,106,35,21.88679245283019,2320,0.18019494500000377
4096,0,2.142438907999999,4096,4096,task_step_limit,0,0,1,False,0,False,0,structural,67469312,0,4096,67723264,73000045,63,False,6,0,4096,sequence,0,0,0.0,0,2.142715662999997
214,0,0.17150708299999984,210,210,success,0,0,3,True,0,False,0,frontier_t0,67469312,0,214,67723264,73000045,73,True,6,0,214,sequence,0,0,0.0,0,0.17152257299999718
204,0,0.35166163999999966,200,200,success,0,0.0644110779999636,3,True,127,False,2.220446049250313e-16,virtual_frontier,67469312,62,204,67723264,73000045,72,True,6,0,204,sequence,200,32,20.045,4009,0.3516971690000048
204,0,0.35138192899999865,200,200,success,0,0.06444758399996431,3,True,127,False,2.220446049250313e-16,task_virtual_frontier,67469312,62,204,67723264,73000045,72,True,6,0,204,sequence,200,32,20.045,4009,0.35140858700000166
4096,0,2.3491559529999986,4096,4096,task_step_limit,0,0,5,False,0,False,0,structural,67469312,0,4096,67723264,73000045,63,False,7,0,4096,all_of,0,0,0.0,0,2.3494499809999994
210,0,0.2069440500000006,210,210,success,0,0,7,True,0,False,0,frontier_t0,67469312,0,210,67723264,73000045,73,True,7,0,210,all_of,0,0,0.0,0,0.20695988399999976
200,0,0.43175459900000135,200,200,success,0,0.06871094800008137,7,True,127,False,4.440892098500626e-16,virtual_frontier,67469312,95,200,67723264,73000045,72,True,7,64,200,all_of,200,62,27.195,5439,0.4317868319999931
200,0,0.4323085419999977,200,200,success,0,0.06769864399993253,7,True,127,False,4.440892098500626e-16,task_virtual_frontier,67469312,95,200,67723264,73000045,72,True,7,64,200,all_of,200,62,27.195,5439,0.4323500400000029
834,0,0.4810808379999969,834,834,success,0,0,2,True,0,False,0,structural,67469312,0,834,67723264,73000045,58,True,8,0,834,condition_then,0,0,0.0,0,0.4810972340000035
97,0,0.08280592300000222,97,97,success,0,0,2,True,0,False,0,frontier_t0,67469312,0,97,67723264,73000045,61,True,8,0,97,condition_then,0,0,0.0,0,0.08281903900000032
89,0,0.16975057200000165,89,89,success,0,0.029631872999985376,2,True,55,False,4.440892098500626e-16,virtual_frontier,67469312,82,89,67723264,73000045,60,True,8,26,89,condition_then,89,50,23.696629213483146,2109,0.16977213600000596
89,0,0.1702042110000015,89,89,success,0,0.029727083000096854,2,True,55,False,4.440892098500626e-16,task_virtual_frontier,67469312,82,89,67723264,73000045,60,True,8,26,89,condition_then,89,50,23.696629213483146,2109,0.17021888400000762
13,0,0.02166392600000222,1,1,success,0,0,3,True,0,False,0,structural,67469312,0,13,67723264,73000045,55,True,9,0,13,branch,0,0,0.0,0,0.021666761999995288
13,0,0.0215891759999991,1,1,success,0,0,3,True,0,False,0,frontier_t0,67469312,0,13,67723264,73000045,55,True,9,0,13,branch,0,0,0.0,0,0.021592052000002582
13,0,0.02213716899999696,1,1,success,0,0.0002822999999949616,3,True,0,False,1.1102230246251565e-16,virtual_frontier,67469312,1,13,67723264,73000045,55,True,9,0,13,branch,1,5,5.0,5,0.022140011000004733
13,0,0.022058762999996873,1,1,success,0,0.0002562219999902027,3,True,0,False,1.1102230246251565e-16,task_virtual_frontier,67469312,1,13,67723264,73000045,55,True,9,0,13,branch,1,5,5.0,5,0.022061563999997702
8,0,0.015550161000000173,0,0,success,0,0,3,True,0,False,0,structural,67469312,0,8,67723264,73000045,54,True,10,0,8,branch,0,0,0.0,0,0.015569347000010225
8,0,0.015504635999999294,0,0,success,0,0,3,True,0,False,0,frontier_t0,67469312,0,8,67723264,73000045,54,True,10,0,8,branch,0,0,0.0,0,0.015507370999998216
8,0,0.015421831000001163,0,0,success,0,0,3,True,0,False,0,virtual_frontier,67469312,0,8,67723264,73000045,54,True,10,0,8,branch,0,0,0.0,0,0.015424494999990657
8,0,0.015693998999999792,0,0,success,0,0,3,True,0,False,0,task_virtual_frontier,67469312,0,8,67723264,73000045,54,True,10,0,8,branch,0,0,0.0,0,0.01569660700000952
8,0,0.013748296999999354,0,0,success,0,0,3,True,0,False,0,structural,67469312,0,8,67723264,73000045,54,True,11,0,8,branch,0,0,0.0,0,0.013750851999986935
8,0,0.013985469999997946,0,0,success,0,0,3,True,0,False,0,frontier_t0,67469312,0,8,67723264,73000045,54,True,11,0,8,branch,0,0,0.0,0,0.013988108000006605
8,0,0.01370471599999945,0,0,success,0,0,3,True,0,False,0,virtual_frontier,67469312,0,8,67723264,73000045,54,True,11,0,8,branch,0,0,0.0,0,0.013707319999994638
8,0,0.013751773999999273,0,0,success,0,0,3,True,0,False,0,task_virtual_frontier,67469312,0,8,67723264,73000045,54,True,11,0,8,branch,0,0,0.0,0,0.01375443799999232
6,0,0.0028833229999989385,0,0,success,0,0,2,True,0,False,0,structural,67469312,0,6,67723264,73000046,11,True,0,0,6,condition_then,0,0,0.0,0,0.0028859420000060254
6,0,0.002801450999999844,0,0,success,0,0,2,True,0,False,0,frontier_t0,67469312,0,6,67723264,73000046,11,True,0,0,6,condition_then,0,0,0.0,0,0.002804007999998248
6,0,0.0028332000000013124,0,0,success,0,0,2,True,0,False,0,virtual_frontier,67469312,0,6,67723264,73000046,11,True,0,0,6,condition_then,0,0,0.0,0,0.0028357470000059948
6,0,0.002790548999996645,0,0,success,0,0,2,True,0,False,0,task_virtual_frontier,67469312,0,6,67723264,73000046,11,True,0,0,6,condition_then,0,0,0.0,0,0.002793156999999269
8,0,0.003660062999998104,0,0,success,0,0,2,True,0,False,0,structural,67469312,0,8,67723264,73000046,11,True,1,0,8,condition_then,0,0,0.0,0,0.0036627310000056923
8,0,0.0036133959999986587,0,0,success,0,0,2,True,0,False,0,frontier_t0,67469312,0,8,67723264,73000046,11,True,1,0,8,condition_then,0,0,0.0,0,0.0036160129999984747
8,0,0.0036690899999989313,0,0,success,0,0,2,True,0,False,0,virtual_frontier,67469312,0,8,67723264,73000046,11,True,1,0,8,condition_then,0,0,0.0,0,0.0036717480000021396
8,0,0.00369286499999788,0,0,success,0,0,2,True,0,False,0,task_virtual_frontier,67469312,0,8,67723264,73000046,11,True,1,0,8,condition_then,0,0,0.0,0,0.003695491999991418
9,0,0.00415701100000021,0,0,success,0,0,2,True,0,False,0,structural,67469312,0,9,67723264,73000046,11,True,2,0,9,condition_then,0,0,0.0,0,0.004159563999991178
9,0,0.0041643950000000984,0,0,success,0,0,2,True,0,False,0,frontier_t0,67469312,0,9,67723264,73000046,11,True,2,0,9,condition_then,0,0,0.0,0,0.004167327999994086
9,0,0.004164876000000817,0,0,success,0,0,2,True,0,False,0,virtual_frontier,67469312,0,9,67723264,73000046,11,True,2,0,9,condition_then,0,0,0.0,0,0.004167538999993781
9,0,0.0041096829999993645,0,0,success,0,0,2,True,0,False,0,task_virtual_frontier,67469312,0,9,67723264,73000046,11,True,2,0,9,condition_then,0,0,0.0,0,0.004112345000010009
9,0,0.004108921000000265,0,0,success,0,0,3,True,0,False,0,structural,67469312,0,9,67723264,73000046,11,True,3,0,9,sequence,0,0,0.0,0,0.004111503999993715
9,0,0.004105324000001076,0,0,success,0,0,3,True,0,False,0,frontier_t0,67469312,0,9,67723264,73000046,11,True,3,0,9,sequence,0,0,0.0,0,0.004107957000002216
9,0,0.004080808000001213,0,0,success,0,0,3,True,0,False,0,virtual_frontier,67469312,0,9,67723264,73000046,11,True,3,0,9,sequence,0,0,0.0,0,0.004083450999999627
9,0,0.004074857999999182,0,0,success,0,0,3,True,0,False,0,task_virtual_frontier,67469312,0,9,67723264,73000046,11,True,3,0,9,sequence,0,0,0.0,0,0.004077460000004862
10,0,0.004670609000001491,0,0,success,0,0,7,True,0,False,0,structural,67469312,0,10,67723264,73000046,11,True,4,0,10,all_of,0,0,0.0,0,0.004673158000002786
10,0,0.004604926000002507,0,0,success,0,0,7,True,0,False,0,frontier_t0,67469312,0,10,67723264,73000046,11,True,4,0,10,all_of,0,0,0.0,0,0.004607544999998936
10,0,0.0046544190000012975,0,0,success,0,0,7,True,0,False,0,virtual_frontier,67469312,0,10,67723264,73000046,11,True,4,0,10,all_of,0,0,0.0,0,0.004657019000006812
10,0,0.004559082000000103,0,0,success,0,0,7,True,0,False,0,task_virtual_frontier,67469312,0,10,67723264,73000046,11,True,4,0,10,all_of,0,0,0.0,0,0.004561588999990818
10,0,0.004537682000002263,0,0,success,0,0,3,True,0,False,0,structural,67469312,0,10,67723264,73000046,11,True,5,0,10,sequence,0,0,0.0,0,0.004540298999998527
10,0,0.004507135000000773,0,0,success,0,0,3,True,0,False,0,frontier_t0,67469312,0,10,67723264,73000046,11,True,5,0,10,sequence,0,0,0.0,0,0.004509811999994895
10,0,0.004582706000000769,0,0,success,0,0,3,True,0,False,0,virtual_frontier,67469312,0,10,67723264,73000046,11,True,5,0,10,sequence,0,0,0.0,0,0.004585234000003879
10,0,0.004562788999997736,0,0,success,0,0,3,True,0,False,0,task_virtual_frontier,67469312,0,10,67723264,73000046,11,True,5,0,10,sequence,0,0,0.0,0,0.004565365999994242
10,0,0.004550765000001178,0,0,success,0,0,7,True,0,False,0,structural,67469312,0,10,67723264,73000046,11,True,6,0,10,all_of,0,0,0.0,0,0.004553383000001077
10,0,0.004628681999999884,0,0,success,0,0,7,True,0,False,0,frontier_t0,67469312,0,10,67723264,73000046,11,True,6,0,10,all_of,0,0,0.0,0,0.004631300999989207
10,0,0.004569239999998587,0,0,success,0,0,7,True,0,False,0,virtual_frontier,67469312,0,10,67723264,73000046,11,True,6,0,10,all_of,0,0,0.0,0,0.004571847999997658
10,0,0.00459075999999925,0,0,success,0,0,7,True,0,False,0,task_virtual_frontier,67469312,0,10,67723264,73000046,11,True,6,0,10,all_of,0,0,0.0,0,0.004593369000005509
9,0,0.004443174999998689,0,0,success,0,0,3,True,0,False,0,structural,67469312,0,9,67723264,73000046,11,True,7,0,9,sequence,0,0,0.0,0,0.0044454610000030925
9,0,0.004037257000000238,0,0,success,0,0,3,True,0,False,0,frontier_t0,67469312,0,9,67723264,73000046,11,True,7,0,9,sequence,0,0,0.0,0,0.0040397989999974016
9,0,0.0040876519999990535,0,0,success,0,0,3,True,0,False,0,virtual_frontier,67469312,0,9,67723264,73000046,11,True,7,0,9,sequence,0,0,0.0,0,0.004090203000004067
9,0,0.0040940830000018025,0,0,success,0,0,3,True,0,False,0,task_virtual_frontier,67469312,0,9,67723264,73000046,11,True,7,0,9,sequence,0,0,0.0,0,0.004096665999995253
9,0,0.00411495199999834,0,0,success,0,0,7,True,0,False,0,structural,67469312,0,9,67723264,73000046,11,True,8,0,9,all_of,0,0,0.0,0,0.004117585000003032
9,0,0.004130302000000086,0,0,success,0,0,7,True,0,False,0,frontier_t0,67469312,0,9,67723264,73000046,11,True,8,0,9,all_of,0,0,0.0,0,0.004132893000004856
9,0,0.004130069999998653,0,0,success,0,0,7,True,0,False,0,virtual_frontier,67469312,0,9,67723264,73000046,11,True,8,0,9,all_of,0,0,0.0,0,0.004132632999997554
9,0,0.004254272999997255,0,0,success,0,0,7,True,0,False,0,task_virtual_frontier,67469312,0,9,67723264,73000046,11,True,8,0,9,all_of,0,0,0.0,0,0.0042569170000064105
10,0,0.0045533209999994995,0,0,success,0,0,3,True,0,False,0,structural,67469312,0,10,67723264,73000046,11,True,9,0,10,branch,0,0,0.0,0,0.00455594899999312
10,0,0.004575261000002939,0,0,success,0,0,3,True,0,False,0,frontier_t0,67469312,0,10,67723264,73000046,11,True,9,0,10,branch,0,0,0.0,0,0.004577859999997713
10,0,0.0045587010000005534,0,0,success,0,0,3,True,0,False,0,virtual_frontier,67469312,0,10,67723264,73000046,11,True,9,0,10,branch,0,0,0.0,0,0.004570255000004408
10,0,0.004535557000000523,0,0,success,0,0,3,True,0,False,0,task_virtual_frontier,67469312,0,10,67723264,73000046,11,True,9,0,10,branch,0,0,0.0,0,0.004538175999996952
10,0,0.0047055149999977175,0,0,success,0,0,3,True,0,False,0,structural,67469312,0,10,67723264,73000046,11,True,10,0,10,branch,0,0,0.0,0,0.004708144000005632
10,0,0.004533474000002258,0,0,success,0,0,3,True,0,False,0,frontier_t0,67469312,0,10,67723264,73000046,11,True,10,0,10,branch,0,0,0.0,0,0.004536021999996365
10,0,0.004608303000001257,0,0,success,0,0,3,True,0,False,0,virtual_frontier,67469312,0,10,67723264,73000046,11,True,10,0,10,branch,0,0,0.0,0,0.004610902000010242
10,0,0.0045208099999989315,0,0,success,0,0,3,True,0,False,0,task_virtual_frontier,67469312,0,10,67723264,73000046,11,True,10,0,10,branch,0,0,0.0,0,0.004523437000003128
10,0,0.004617209999999261,0,0,success,0,0,3,True,0,False,0,structural,67469312,0,10,67723264,73000046,11,True,11,0,10,branch,0,0,0.0,0,0.004619688999994764
10,0,0.0045935959999994225,0,0,success,0,0,3,True,0,False,0,frontier_t0,67469312,0,10,67723264,73000046,11,True,11,0,10,branch,0,0,0.0,0,0.004596184999996922
10,0,0.004583596999999884,0,0,success,0,0,3,True,0,False,0,virtual_frontier,67469312,0,10,67723264,73000046,11,True,11,0,10,branch,0,0,0.0,0,0.004586164999992093
10,0,0.004550053999999193,0,0,success,0,0,3,True,0,False,0,task_virtual_frontier,67469312,0,10,67723264,73000046,11,True,11,0,10,branch,0,0,0.0,0,0.004566359000008902
496,0,0.6563995479999996,482,482,success,0,0,3,True,0,False,0,structural,67469312,0,496,67747840,73000047,242,True,0,0,496,sequence,0,0,0.0,0,0.6564631950000006
389,0,0.6357077679999996,376,376,success,0,0,3,True,0,False,0,frontier_t0,67600384,0,389,67899392,73000047,252,True,0,0,389,sequence,0,0,0.0,0,0.6357938690000111
424,0,1.3891031399999996,411,411,success,0,0.22078091799997424,3,True,367,False,5.551115123125783e-16,virtual_frontier,67600384,252,424,67899392,73000047,255,True,0,0,424,sequence,411,141,76.02919708029196,31248,1.3892558400000041
424,0,1.3987523920000022,411,411,success,0,0.22123127000025988,3,True,367,False,5.551115123125783e-16,task_virtual_frontier,67600384,252,424,67895296,73000047,255,True,0,0,424,sequence,411,141,76.02919708029196,31248,1.398920406000002
489,0,1.254009603,482,482,success,0,0,7,True,0,False,0,structural,67600384,0,489,67919872,73000047,242,True,1,0,489,all_of,0,0,0.0,0,1.2541232300000047
382,0,1.090841932,376,376,success,0,0,7,True,0,False,0,frontier_t0,67600384,0,382,67928064,73000047,252,True,1,0,382,all_of,0,0,0.0,0,1.0909708730000034
417,0,2.5690771470000016,411,411,success,0,0.32326493899996933,7,True,367,False,8.881784197001252e-16,virtual_frontier,67993600,503,417,68272128,73000047,255,True,1,278,417,all_of,411,282,150.65693430656935,61920,2.5693712639999973
410,0,1.4413247610000006,410,410,success,1,0.22217950199998882,7,True,363,True,1.1102230246251565e-15,task_virtual_frontier,67993600,295,410,68272128,73000047,255,True,1,1,410,all_of,410,164,76.22682926829269,31253,1.4414987629999985
455,0,0.6075206239999993,443,443,success,0,0,2,True,0,False,0,structural,67993600,0,455,68276224,73000047,231,True,2,0,455,condition_then,0,0,0.0,0,0.6075817029999939
334,0,0.5055709680000007,323,323,success,0,0,2,True,0,False,0,frontier_t0,67993600,0,334,68292608,73000047,240,True,2,0,334,condition_then,0,0,0.0,0,0.5056275750000054
289,0,0.8219137009999997,275,275,success,0,0.13314804799989588,2,True,246,False,5.551115123125783e-16,virtual_frontier,67993600,211,289,68296704,73000047,228,True,2,0,289,condition_then,275,115,63.99272727272727,17598,0.8220069850000016
289,0,0.8309876510000009,275,275,success,0,0.1332884389999407,2,True,246,False,5.551115123125783e-16,task_virtual_frontier,67993600,211,289,68296704,73000047,228,True,2,0,289,condition_then,275,115,63.99272727272727,17598,0.8310611600000044
22,0,0.07577258200000614,4,4,success,0,0,3,True,0,False,0,structural,67993600,0,22,68300800,73000047,153,True,3,0,22,sequence,0,0,0.0,0,0.07577705900000353
22,0,0.07681972700000017,4,4,success,0,0,3,True,0,False,0,frontier_t0,67993600,0,22,68300800,73000047,153,True,3,0,22,sequence,0,0,0.0,0,0.07682454000000405
22,0,0.07815277699999967,4,4,success,0,0.001001633000015545,3,True,2,False,0.0,virtual_frontier,67993600,1,22,68300800,73000047,153,True,3,0,22,sequence,4,4,3.75,15,0.07815733500000022
22,0,0.07823033200000395,4,4,success,0,0.0010237339999861206,3,True,2,False,0.0,task_virtual_frontier,67993600,1,22,68300800,73000047,153,True,3,0,22,sequence,4,4,3.75,15,0.07825272499999869
18,0,0.09751096699999806,4,4,success,0,0,7,True,0,False,0,structural,68517888,0,18,68300800,73000047,153,True,4,0,18,all_of,0,0,0.0,0,0.09751571399999648
18,0,0.09128782799999868,4,4,success,0,0,7,True,0,False,0,frontier_t0,68517888,0,18,67911680,73000047,153,True,4,0,18,all_of,0,0,0.0,0,0.09129220200000532
18,0,0.09258654299999591,4,4,success,0,0.000998698999993053,7,True,2,False,0.0,virtual_frontier,68517888,1,18,67911680,73000047,153,True,4,0,18,all_of,4,4,3.75,15,0.09260101299999235
18,0,0.09260789300000027,4,4,success,0,0.0010082360000041035,7,True,2,False,0.0,task_virtual_frontier,68517888,1,18,67911680,73000047,153,True,4,0,18,all_of,4,4,3.75,15,0.09263833300001068
134,0,0.14366920999999877,134,134,success,0,0,2,True,0,False,0,structural,68517888,0,134,67911680,73000047,189,True,5,0,134,condition_then,0,0,0.0,0,0.14371625199999016
134,0,0.1685528670000025,134,134,success,0,0,2,True,0,False,0,frontier_t0,68517888,0,134,67911680,73000047,189,True,5,0,134,condition_then,0,0,0.0,0,0.16856955000000085
134,0,0.3561491389999958,134,134,success,0,0.062168851999928165,2,True,121,False,6.661338147750939e-16,virtual_frontier,68517888,184,134,67911680,73000047,189,True,5,0,134,condition_then,134,108,65.55223880597015,8784,0.3561757239999963
134,0,0.35585343600000385,134,134,success,0,0.06257064199995455,2,True,121,False,6.661338147750939e-16,task_virtual_frontier,68517888,184,134,67911680,73000047,189,True,5,0,134,condition_then,134,108,65.55223880597015,8784,0.35588072100000545
320,0,1.0145563909999993,305,305,success,0,0,3,True,0,False,0,structural,68517888,0,320,67911680,73000047,237,True,6,0,320,sequence,0,0,0.0,0,1.0147026260000018
304,0,1.0351410600000008,289,289,success,0,0,3,True,0,False,0,frontier_t0,68517888,0,304,68104192,73000047,228,True,6,0,304,sequence,0,0,0.0,0,1.0352679469999941
320,0,2.209112079999997,305,305,success,0,0.27742799900006787,3,True,275,False,1.1102230246251565e-15,virtual_frontier,68653056,706,320,68763648,73000047,237,True,6,191,320,sequence,305,423,194.92131147540982,59451,2.2093793129999995
320,0,2.180950948000003,305,305,success,0,0.27655245299985154,3,True,275,False,1.1102230246251565e-15,task_virtual_frontier,68653056,706,320,68538368,73000047,237,True,6,191,320,sequence,305,423,194.92131147540982,59451,2.181136827000003
167,0,0.7330660269999996,158,158,success,0,0,7,True,0,False,0,structural,68653056,0,167,68349952,73000047,193,True,7,0,167,all_of,0,0,0.0,0,0.7331482019999953
167,0,0.7630581520000064,158,158,success,0,0,7,True,0,False,0,frontier_t0,68653056,0,167,68349952,73000047,193,True,7,0,167,all_of,0,0,0.0,0,0.7631024039999943
167,0,1.5710217970000002,158,158,success,0,0.17334047299993927,7,True,146,False,1.1102230246251565e-15,virtual_frontier,68784128,756,167,69038080,73000047,193,True,7,105,167,all_of,158,452,261.59493670886076,41332,1.5712144780000017
167,0,1.597843001000001,158,158,success,0,0.1751342500000419,7,True,146,False,1.1102230246251565e-15,task_virtual_frontier,68784128,756,167,68718592,73000047,193,True,7,105,167,all_of,158,452,261.59493670886076,41332,1.597996854999991
12,0,0.04135682100000082,0,0,success,0,0,2,True,0,False,0,structural,68784128,0,12,68030464,73000047,150,True,8,0,12,condition_then,0,0,0.0,0,0.04135971899999902
12,0,0.041466524999997034,0,0,success,0,0,2,True,0,False,0,frontier_t0,68784128,0,12,68030464,73000047,150,True,8,0,12,condition_then,0,0,0.0,0,0.041469564999999875
12,0,0.04153694700000443,0,0,success,0,0,2,True,0,False,0,virtual_frontier,68784128,0,12,68030464,73000047,150,True,8,0,12,condition_then,0,0,0.0,0,0.041539776999997
12,0,0.041408366999995394,0,0,success,0,0,2,True,0,False,0,task_virtual_frontier,68784128,0,12,68030464,73000047,150,True,8,0,12,condition_then,0,0,0.0,0,0.04141124600000978
12,0,0.05450961599999715,0,0,success,0,0,3,True,0,False,0,structural,68784128,0,12,68268032,73000047,150,True,9,0,12,branch,0,0,0.0,0,0.05451269399999603
12,0,0.05448926800000464,0,0,success,0,0,3,True,0,False,0,frontier_t0,68784128,0,12,68268032,73000047,150,True,9,0,12,branch,0,0,0.0,0,0.0544923669999946
12,0,0.05421457500000315,0,0,success,0,0,3,True,0,False,0,virtual_frontier,68784128,0,12,68268032,73000047,150,True,9,0,12,branch,0,0,0.0,0,0.054217710000003194
12,0,0.054163590000001705,0,0,success,0,0,3,True,0,False,0,task_virtual_frontier,68784128,0,12,68268032,73000047,150,True,9,0,12,branch,0,0,0.0,0,0.05417766499999743
18,0,0.05015610899999956,4,4,success,0,0,3,True,0,False,0,structural,68784128,0,18,68268032,73000047,152,True,10,0,18,branch,0,0,0.0,0,0.05015911400001016
18,0,0.05058310599999771,4,4,success,0,0,3,True,0,False,0,frontier_t0,68784128,0,18,68268032,73000047,152,True,10,0,18,branch,0,0,0.0,0,0.0505861870000075
18,0,0.05782928399999321,4,4,success,0,0.002124871999996003,3,True,3,False,3.3306690738754696e-16,virtual_frontier,68784128,295,18,68268032,73000047,152,True,10,2,18,branch,4,164,83.5,334,0.057849023999992255
18,0,0.057896139000000346,4,4,success,0,0.002175147000002653,3,True,3,False,3.3306690738754696e-16,task_virtual_frontier,68784128,295,18,68268032,73000047,152,True,10,2,18,branch,4,164,83.5,334,0.057913315000007515
12,0,0.05282332799999523,0,0,success,0,0,3,True,0,False,0,structural,68784128,0,12,68268032,73000047,150,True,11,0,12,branch,0,0,0.0,0,0.05282657600000107
12,0,0.053001838999996664,0,0,success,0,0,3,True,0,False,0,frontier_t0,68784128,0,12,68268032,73000047,150,True,11,0,12,branch,0,0,0.0,0,0.05302030000000002
12,0,0.052798181,0,0,success,0,0,3,True,0,False,0,virtual_frontier,68784128,0,12,68268032,73000047,150,True,11,0,12,branch,0,0,0.0,0,0.05280124899999805
12,0,0.05248836299999482,0,0,success,0,0,3,True,0,False,0,task_virtual_frontier,68784128,0,12,68268032,73000047,150,True,11,0,12,branch,0,0,0.0,0,0.052491617000001156
19,0,0.012667429000003949,0,0,success,0,0,3,True,0,False,0,structural,68784128,0,19,68268032,73000048,12,True,0,0,19,sequence,0,0,0.0,0,0.012670107999994684
19,0,0.012202901999998517,0,0,success,0,0,3,True,0,False,0,frontier_t0,68784128,0,19,68268032,73000048,12,True,0,0,19,sequence,0,0,0.0,0,0.01220548499999552
19,0,0.012277050999998096,0,0,success,0,0,3,True,0,False,0,virtual_frontier,68784128,0,19,68268032,73000048,12,True,0,0,19,sequence,0,0,0.0,0,0.012288851999997519
19,0,0.012128132000000846,0,0,success,0,0,3,True,0,False,0,task_virtual_frontier,68784128,0,19,68268032,73000048,12,True,0,0,19,sequence,0,0,0.0,0,0.012130834999993567
12,0,0.008284907000003727,0,0,success,0,0,7,True,0,False,0,structural,68784128,0,12,68268032,73000048,12,True,1,0,12,all_of,0,0,0.0,0,0.00828747299999577
12,0,0.008178599000004283,0,0,success,0,0,7,True,0,False,0,frontier_t0,68784128,0,12,68268032,73000048,12,True,1,0,12,all_of,0,0,0.0,0,0.008181213000000298
12,0,0.008300697000002799,0,0,success,0,0,7,True,0,False,0,virtual_frontier,68784128,0,12,68268032,73000048,12,True,1,0,12,all_of,0,0,0.0,0,0.008303343000008567
12,0,0.00830295000000092,0,0,success,0,0,7,True,0,False,0,task_virtual_frontier,68784128,0,12,68268032,73000048,12,True,1,0,12,all_of,0,0,0.0,0,0.008305617000004872
9,0,0.005523242000002426,0,0,success,0,0,2,True,0,False,0,structural,68784128,0,9,68268032,73000048,12,True,2,0,9,condition_then,0,0,0.0,0,0.005525853999998276
9,0,0.005550843000001748,0,0,success,0,0,2,True,0,False,0,frontier_t0,68784128,0,9,68268032,73000048,12,True,2,0,9,condition_then,0,0,0.0,0,0.00555342499998801
9,0,0.005583615000006148,0,0,success,0,0,2,True,0,False,0,virtual_frontier,68784128,0,9,68268032,73000048,12,True,2,0,9,condition_then,0,0,0.0,0,0.005586236999988614
9,0,0.0055547000000046864,0,0,success,0,0,2,True,0,False,0,task_virtual_frontier,68784128,0,9,68268032,73000048,12,True,2,0,9,condition_then,0,0,0.0,0,0.0055573829999957525
13,0,0.00831618599999473,0,0,success,0,0,3,True,0,False,0,structural,68784128,0,13,68268032,73000048,12,True,3,0,13,sequence,0,0,0.0,0,0.00831878099999983
13,0,0.008261624000006407,0,0,success,0,0,3,True,0,False,0,frontier_t0,68784128,0,13,68268032,73000048,12,True,3,0,13,sequence,0,0,0.0,0,0.008265201000000388
13,0,0.008238630999997554,0,0,success,0,0,3,True,0,False,0,virtual_frontier,68784128,0,13,68268032,73000048,12,True,3,0,13,sequence,0,0,0.0,0,0.008241326000003824
13,0,0.008292871999998397,0,0,success,0,0,3,True,0,False,0,task_virtual_frontier,68784128,0,13,68268032,73000048,12,True,3,0,13,sequence,0,0,0.0,0,0.00829555800000037
8,0,0.005614462000004039,0,0,success,0,0,7,True,0,False,0,structural,68784128,0,8,68268032,73000048,12,True,4,0,8,all_of,0,0,0.0,0,0.005617115000006834
8,0,0.005532329000004665,0,0,success,0,0,7,True,0,False,0,frontier_t0,68784128,0,8,68268032,73000048,12,True,4,0,8,all_of,0,0,0.0,0,0.005534999999994739
8,0,0.005532429000005834,0,0,success,0,0,7,True,0,False,0,virtual_frontier,68784128,0,8,68268032,73000048,12,True,4,0,8,all_of,0,0,0.0,0,0.005535081000004993
8,0,0.0054641810000006785,0,0,success,0,0,7,True,0,False,0,task_virtual_frontier,68784128,0,8,68268032,73000048,12,True,4,0,8,all_of,0,0,0.0,0,0.005467683999995643
8,0,0.005188056000001495,0,0,success,0,0,2,True,0,False,0,structural,68784128,0,8,68268032,73000048,12,True,5,0,8,condition_then,0,0,0.0,0,0.005190682999995033
8,0,0.005154763999996703,0,0,success,0,0,2,True,0,False,0,frontier_t0,68784128,0,8,68268032,73000048,12,True,5,0,8,condition_then,0,0,0.0,0,0.005157451000002311
8,0,0.005180842000001462,0,0,success,0,0,2,True,0,False,0,virtual_frontier,68784128,0,8,68268032,73000048,12,True,5,0,8,condition_then,0,0,0.0,0,0.005183268999999768
8,0,0.005141959999996004,0,0,success,0,0,2,True,0,False,0,task_virtual_frontier,68784128,0,8,68268032,73000048,12,True,5,0,8,condition_then,0,0,0.0,0,0.005144567000002098
16,0,0.010689185999993356,0,0,success,0,0,3,True,0,False,0,structural,68784128,0,16,68268032,73000048,12,True,6,0,16,sequence,0,0,0.0,0,0.010691840999996316
16,0,0.01056384199999627,0,0,success,0,0,3,True,0,False,0,frontier_t0,68784128,0,16,68268032,73000048,12,True,6,0,16,sequence,0,0,0.0,0,0.010566546000006838
16,0,0.010623023000000842,0,0,success,0,0,3,True,0,False,0,virtual_frontier,68784128,0,16,68268032,73000048,12,True,6,0,16,sequence,0,0,0.0,0,0.01062566699999934
16,0,0.010600601000000154,0,0,success,0,0,3,True,0,False,0,task_virtual_frontier,68784128,0,16,68268032,73000048,12,True,6,0,16,sequence,0,0,0.0,0,0.010603294000006258
13,0,0.009685572000002196,0,0,success,0,0,7,True,0,False,0,structural,68784128,0,13,68268032,73000048,12,True,7,0,13,all_of,0,0,0.0,0,0.009688256000004003
13,0,0.009663441000000716,0,0,success,0,0,7,True,0,False,0,frontier_t0,68784128,0,13,68268032,73000048,12,True,7,0,13,all_of,0,0,0.0,0,0.009666152999997735
13,0,0.009668029000003742,0,0,success,0,0,7,True,0,False,0,virtual_frontier,68784128,0,13,68268032,73000048,12,True,7,0,13,all_of,0,0,0.0,0,0.009670681999992325
13,0,0.009632603000000017,0,0,success,0,0,7,True,0,False,0,task_virtual_frontier,68784128,0,13,68268032,73000048,12,True,7,0,13,all_of,0,0,0.0,0,0.00963529499999538
4,0,0.0023280469999988895,0,0,success,0,0,2,True,0,False,0,structural,68784128,0,4,68268032,73000048,12,True,8,0,4,condition_then,0,0,0.0,0,0.002330589999999688
4,0,0.0023754440000018917,0,0,success,0,0,2,True,0,False,0,frontier_t0,68784128,0,4,68268032,73000048,12,True,8,0,4,condition_then,0,0,0.0,0,0.002377848000008953
4,0,0.0023455589999983317,0,0,success,0,0,2,True,0,False,0,virtual_frontier,68784128,0,4,68268032,73000048,12,True,8,0,4,condition_then,0,0,0.0,0,0.002348182999995174
4,0,0.00235755199999943,0,0,success,0,0,2,True,0,False,0,task_virtual_frontier,68784128,0,4,68268032,73000048,12,True,8,0,4,condition_then,0,0,0.0,0,0.0023610370000000103
9,0,0.005984982999997612,0,0,success,0,0,3,True,0,False,0,structural,68784128,0,9,68268032,73000048,12,True,9,0,9,branch,0,0,0.0,0,0.005987631000010651
9,0,0.005944257000003006,0,0,success,0,0,3,True,0,False,0,frontier_t0,68784128,0,9,68268032,73000048,12,True,9,0,9,branch,0,0,0.0,0,0.0059469339999935755
9,0,0.005961268999996605,0,0,success,0,0,3,True,0,False,0,virtual_frontier,68784128,0,9,68268032,73000048,12,True,9,0,9,branch,0,0,0.0,0,0.0059639469999979156
9,0,0.005947573999996791,0,0,success,0,0,3,True,0,False,0,task_virtual_frontier,68784128,0,9,68268032,73000048,12,True,9,0,9,branch,0,0,0.0,0,0.005950020000000222
8,0,0.0052027130000027455,0,0,success,0,0,3,True,0,False,0,structural,68784128,0,8,68268032,73000048,12,True,10,0,8,branch,0,0,0.0,0,0.005205301000003715
8,0,0.005205519000000436,0,0,success,0,0,3,True,0,False,0,frontier_t0,68784128,0,8,68268032,73000048,12,True,10,0,8,branch,0,0,0.0,0,0.0052090280000101075
8,0,0.005324840999996638,0,0,success,0,0,3,True,0,False,0,virtual_frontier,68784128,0,8,68268032,73000048,12,True,10,0,8,branch,0,0,0.0,0,0.0053275009999964595
8,0,0.005222199000002092,0,0,success,0,0,3,True,0,False,0,task_virtual_frontier,68784128,0,8,68268032,73000048,12,True,10,0,8,branch,0,0,0.0,0,0.005224898000008693
13,0,0.008183288000005007,0,0,success,0,0,3,True,0,False,0,structural,68784128,0,13,68268032,73000048,12,True,11,0,13,branch,0,0,0.0,0,0.008185760999992908
13,0,0.008273797000001082,0,0,success,0,0,3,True,0,False,0,frontier_t0,68784128,0,13,68268032,73000048,12,True,11,0,13,branch,0,0,0.0,0,0.00827638299999478
13,0,0.008250031999999408,0,0,success,0,0,3,True,0,False,0,virtual_frontier,68784128,0,13,68268032,73000048,12,True,11,0,13,branch,0,0,0.0,0,0.008252758000011795
13,0,0.00815530599999903,0,0,success,0,0,3,True,0,False,0,task_virtual_frontier,68784128,0,13,68268032,73000048,12,True,11,0,13,branch,0,0,0.0,0,0.008157979000003479
24,0,0.015401604000004454,0,0,success,0,0,3,True,0,False,0,structural,68784128,0,24,68268032,73000049,25,True,0,0,24,sequence,0,0,0.0,0,0.015404365999998504
24,0,0.014968736000000149,0,0,success,0,0,3,True,0,False,0,frontier_t0,68784128,0,24,68268032,73000049,25,True,0,0,24,sequence,0,0,0.0,0,0.014971573000011063
24,0,0.015228651000001037,0,0,success,0,0,3,True,0,False,0,virtual_frontier,68784128,0,24,68268032,73000049,25,True,0,0,24,sequence,0,0,0.0,0,0.015231460999999058
24,0,0.015073561000001234,0,0,success,0,0,3,True,0,False,0,task_virtual_frontier,68784128,0,24,68268032,73000049,25,True,0,0,24,sequence,0,0,0.0,0,0.01507639000000438
24,0,0.015888101999998128,0,0,success,0,0,7,True,0,False,0,structural,68784128,0,24,68268032,73000049,25,True,1,0,24,all_of,0,0,0.0,0,0.015890810999991345
24,0,0.015830555000000857,0,0,success,0,0,7,True,0,False,0,frontier_t0,68784128,0,24,68268032,73000049,25,True,1,0,24,all_of,0,0,0.0,0,0.01583335299999078
24,0,0.01590021500000205,0,0,success,0,0,7,True,0,False,0,virtual_frontier,68784128,0,24,68268032,73000049,25,True,1,0,24,all_of,0,0,0.0,0,0.015903003000005356
24,0,0.015946981999995558,0,0,success,0,0,7,True,0,False,0,task_virtual_frontier,68784128,0,24,68268032,73000049,25,True,1,0,24,all_of,0,0,0.0,0,0.015950572999997803
12,0,0.006975291999999911,0,0,success,0,0,2,True,0,False,0,structural,68784128,0,12,68268032,73000049,25,True,2,0,12,condition_then,0,0,0.0,0,0.006978043000003709
12,0,0.00692392700000255,0,0,success,0,0,2,True,0,False,0,frontier_t0,68784128,0,12,68268032,73000049,25,True,2,0,12,condition_then,0,0,0.0,0,0.0069265850000022056
12,0,0.006934977000000231,0,0,success,0,0,2,True,0,False,0,virtual_frontier,68784128,0,12,68268032,73000049,25,True,2,0,12,condition_then,0,0,0.0,0,0.00693758600000649
12,0,0.007119973000001778,0,0,success,0,0,2,True,0,False,0,task_virtual_frontier,68784128,0,12,68268032,73000049,25,True,2,0,12,condition_then,0,0,0.0,0,0.00712259400000903
13,0,0.008301217999999722,0,0,success,0,0,3,True,0,False,0,structural,68784128,0,13,68268032,73000049,25,True,3,0,13,sequence,0,0,0.0,0,0.008303843000007305
13,0,0.008370137,0,0,success,0,0,3,True,0,False,0,frontier_t0,68784128,0,13,68268032,73000049,25,True,3,0,13,sequence,0,0,0.0,0,0.008372803000000317
13,0,0.008283384999998589,0,0,success,0,0,3,True,0,False,0,virtual_frontier,68784128,0,13,68268032,73000049,25,True,3,0,13,sequence,0,0,0.0,0,0.00828604999999527
13,0,0.008352042999995035,0,0,success,0,0,3,True,0,False,0,task_virtual_frontier,68784128,0,13,68268032,73000049,25,True,3,0,13,sequence,0,0,0.0,0,0.008362052999999037
10,0,0.00676211500000079,0,0,success,0,0,7,True,0,False,0,structural,68784128,0,10,68268032,73000049,25,True,4,0,10,all_of,0,0,0.0,0,0.0067648619999971515
10,0,0.006734371999996824,0,0,success,0,0,7,True,0,False,0,frontier_t0,68784128,0,10,68268032,73000049,25,True,4,0,10,all_of,0,0,0.0,0,0.006737110000003099
10,0,0.006749390999999605,0,0,success,0,0,7,True,0,False,0,virtual_frontier,68784128,0,10,68268032,73000049,25,True,4,0,10,all_of,0,0,0.0,0,0.006752038000001903
10,0,0.006770891000002166,0,0,success,0,0,7,True,0,False,0,task_virtual_frontier,68784128,0,10,68268032,73000049,25,True,4,0,10,all_of,0,0,0.0,0,0.006773557999991908
8,0,0.00484289100000268,0,0,success,0,0,2,True,0,False,0,structural,68784128,0,8,68268032,73000049,25,True,5,0,8,condition_then,0,0,0.0,0,0.0048455550000028325
8,0,0.004836027999999715,0,0,success,0,0,2,True,0,False,0,frontier_t0,68784128,0,8,68268032,73000049,25,True,5,0,8,condition_then,0,0,0.0,0,0.004838652000003663
8,0,0.004899487000002978,0,0,success,0,0,2,True,0,False,0,virtual_frontier,68784128,0,8,68268032,73000049,25,True,5,0,8,condition_then,0,0,0.0,0,0.004902100999998993
8,0,0.004920355999999515,0,0,success,0,0,2,True,0,False,0,task_virtual_frontier,68784128,0,8,68268032,73000049,25,True,5,0,8,condition_then,0,0,0.0,0,0.004922841000009726
20,0,0.013514800999999466,0,0,success,0,0,3,True,0,False,0,structural,68784128,0,20,68268032,73000049,25,True,6,0,20,sequence,0,0,0.0,0,0.013517530000001443
20,0,0.01336795699999982,0,0,success,0,0,3,True,0,False,0,frontier_t0,68784128,0,20,68268032,73000049,25,True,6,0,20,sequence,0,0,0.0,0,0.013370684999998161
20,0,0.013339713999997116,0,0,success,0,0,3,True,0,False,0,virtual_frontier,68784128,0,20,68268032,73000049,25,True,6,0,20,sequence,0,0,0.0,0,0.013342450999999755
20,0,0.013399355999993645,0,0,success,0,0,3,True,0,False,0,task_virtual_frontier,68784128,0,20,68268032,73000049,25,True,6,0,20,sequence,0,0,0.0,0,0.013402054000010821
13,0,0.008892092000003515,0,0,success,0,0,7,True,0,False,0,structural,68784128,0,13,68268032,73000049,25,True,7,0,13,all_of,0,0,0.0,0,0.008894814000001361
13,0,0.008879606999997236,0,0,success,0,0,7,True,0,False,0,frontier_t0,68784128,0,13,68268032,73000049,25,True,7,0,13,all_of,0,0,0.0,0,0.008882321000001525
13,0,0.008958524999997053,0,0,success,0,0,7,True,0,False,0,virtual_frontier,68784128,0,13,68268032,73000049,25,True,7,0,13,all_of,0,0,0.0,0,0.008961310000003664
13,0,0.008926846000001376,0,0,success,0,0,7,True,0,False,0,task_virtual_frontier,68784128,0,13,68268032,73000049,25,True,7,0,13,all_of,0,0,0.0,0,0.008929549000001202
13,0,0.00788578299999898,0,0,success,0,0,2,True,0,False,0,structural,68784128,0,13,68268032,73000049,25,True,8,0,13,condition_then,0,0,0.0,0,0.007931013999993297
13,0,0.007849655000001121,0,0,success,0,0,2,True,0,False,0,frontier_t0,68784128,0,13,68268032,73000049,25,True,8,0,13,condition_then,0,0,0.0,0,0.007852374999998801
13,0,0.007797277000001657,0,0,success,0,0,2,True,0,False,0,virtual_frontier,68784128,0,13,68268032,73000049,25,True,8,0,13,condition_then,0,0,0.0,0,0.007799966999996855
13,0,0.007828054999997391,0,0,success,0,0,2,True,0,False,0,task_virtual_frontier,68784128,0,13,68268032,73000049,25,True,8,0,13,condition_then,0,0,0.0,0,0.00783076400000482
9,0,0.005320954000005429,0,0,success,0,0,3,True,0,False,0,structural,68784128,0,9,68268032,73000049,25,True,9,0,9,branch,0,0,0.0,0,0.005323754000002623
9,0,0.005343105000001458,0,0,success,0,0,3,True,0,False,0,frontier_t0,68784128,0,9,68268032,73000049,25,True,9,0,9,branch,0,0,0.0,0,0.005364160000013385
9,0,0.005354075999996155,0,0,success,0,0,3,True,0,False,0,virtual_frontier,68784128,0,9,68268032,73000049,25,True,9,0,9,branch,0,0,0.0,0,0.005356695000003242
9,0,0.005410610999994958,0,0,success,0,0,3,True,0,False,0,task_virtual_frontier,68784128,0,9,68268032,73000049,25,True,9,0,9,branch,0,0,0.0,0,0.0054132920000000695
15,0,0.009375182999995957,0,0,success,0,0,3,True,0,False,0,structural,68784128,0,15,68268032,73000049,25,True,10,0,15,branch,0,0,0.0,0,0.00937787200000173
15,0,0.00925352499999832,0,0,success,0,0,3,True,0,False,0,frontier_t0,68784128,0,15,68268032,73000049,25,True,10,0,15,branch,0,0,0.0,0,0.009255893000002402
15,0,0.00918345499999873,0,0,success,0,0,3,True,0,False,0,virtual_frontier,68784128,0,15,68268032,73000049,25,True,10,0,15,branch,0,0,0.0,0,0.009186190999997734
15,0,0.009181672000003971,0,0,success,0,0,3,True,0,False,0,task_virtual_frontier,68784128,0,15,68268032,73000049,25,True,10,0,15,branch,0,0,0.0,0,0.009184369000010406
15,0,0.008651821999997367,0,0,success,0,0,3,True,0,False,0,structural,68784128,0,15,68268032,73000049,25,True,11,0,15,branch,0,0,0.0,0,0.008654542999991577
15,0,0.008690103999995813,0,0,success,0,0,3,True,0,False,0,frontier_t0,68784128,0,15,68268032,73000049,25,True,11,0,15,branch,0,0,0.0,0,0.008693816999993942
15,0,0.008671689000003369,0,0,success,0,0,3,True,0,False,0,virtual_frontier,68784128,0,15,68268032,73000049,25,True,11,0,15,branch,0,0,0.0,0,0.008674429999999234
15,0,0.008696856000000253,0,0,success,0,0,3,True,0,False,0,task_virtual_frontier,68784128,0,15,68268032,73000049,25,True,11,0,15,branch,0,0,0.0,0,0.008699617000004878
29,0,0.08556609100000001,8,8,success,0,0,3,True,0,False,0,structural,63774720,0,29,63864832,73000050,90,True,0,0,29,sequence,0,0,0.0,0,0.08559598700000492
29,0,0.08644279900000001,8,8,success,0,0,3,True,0,False,0,frontier_t0,63774720,0,29,63889408,73000050,90,True,0,0,29,sequence,0,0,0.0,0,0.08644663100000116
29,0,0.08898243199999994,8,8,success,0,0.0020886809999893785,3,True,3,False,1.1102230246251565e-16,virtual_frontier,63905792,3,29,64077824,73000050,90,True,0,0,29,sequence,8,21,11.25,90,0.08902692499999887
29,0,0.12341003900000003,8,8,success,0,0.001997965999997575,3,True,3,False,1.1102230246251565e-16,task_virtual_frontier,63905792,3,29,64094208,73000050,90,True,0,0,29,sequence,8,21,11.25,90,0.12345349399999606
1054,0,3.8309338989999997,1054,1054,success,0,0,7,True,0,False,0,structural,64823296,0,1054,65011712,73000050,160,True,1,0,1054,all_of,0,0,0.0,0,3.8313606289999953
536,0,2.0340207720000008,536,536,success,0,0,7,True,0,False,0,frontier_t0,64954368,0,536,65081344,73000050,133,True,1,0,536,all_of,0,0,0.0,0,2.034283450999993
552,0,7.28549272,544,544,success,0,0.7177206529999722,7,True,442,False,1.5543122344752192e-15,virtual_frontier,66281472,608,552,66355200,73000050,156,True,1,426,552,all_of,544,1212,822.6415441176471,447517,7.286450921000004
613,0,6.232002102000001,613,613,success,5,0.6495347039999047,7,True,512,True,1.5543122344752192e-15,task_virtual_frontier,67330048,548,613,67338240,73000050,154,True,1,347,613,all_of,613,1212,621.3230016313214,380871,6.232705630999995
16,0,0.02785934299999937,8,8,success,0,0,2,True,0,False,0,structural,67330048,0,16,66367488,73000050,90,True,2,0,16,condition_then,0,0,0.0,0,0.027861891000000583
16,0,0.02902210399999916,8,8,success,0,0,2,True,0,False,0,frontier_t0,67330048,0,16,66367488,73000050,90,True,2,0,16,condition_then,0,0,0.0,0,0.029024429999999768
16,0,0.03225855699999869,8,8,success,0,0.0021345320000065726,2,True,3,False,1.1102230246251565e-16,virtual_frontier,67330048,3,16,66367488,73000050,90,True,2,0,16,condition_then,8,21,11.25,90,0.032261047999995185
16,0,0.0318433729999974,8,8,success,0,0.0019467829999939568,2,True,3,False,1.1102230246251565e-16,task_virtual_frontier,67330048,3,16,66367488,73000050,90,True,2,0,16,condition_then,8,21,11.25,90,0.031846064999996315
861,0,1.447203972999997,849,849,success,0,0,3,True,0,False,0,structural,67330048,0,861,66408448,73000050,162,True,3,0,861,sequence,0,0,0.0,0,1.4474095749999947
795,0,1.458483846,783,783,success,0,0,3,True,0,False,0,frontier_t0,67330048,0,795,66428928,73000050,159,True,3,0,795,sequence,0,0,0.0,0,1.4586400119999894
509,0,1.7505356670000012,498,498,success,0,0.25342661100012265,3,True,408,False,6.661338147750939e-16,virtual_frontier,67330048,150,509,66453504,73000050,156,True,3,0,509,sequence,498,284,184.65060240963857,91956,1.7507400030000042
509,0,1.7428069149999992,498,498,success,0,0.2525297259998638,3,True,408,False,6.661338147750939e-16,task_virtual_frontier,67330048,150,509,66453504,73000050,156,True,3,0,509,sequence,498,284,184.65060240963857,91956,1.742960973999999
856,0,3.562898526999998,849,849,success,0,0,7,True,0,False,0,structural,67330048,0,856,66453504,73000050,162,True,4,0,856,all_of,0,0,0.0,0,3.5653119170000025
790,0,3.3756402940000036,783,783,success,0,0,7,True,0,False,0,frontier_t0,67330048,0,790,66453504,73000050,159,True,4,0,790,all_of,0,0,0.0,0,3.376031831000006
505,0,6.133164915000002,498,498,success,0,0.5958069139999367,7,True,408,False,1.5543122344752192e-15,virtual_frontier,67551232,596,505,67530752,73000050,156,True,4,380,505,all_of,498,1132,725.3755020080321,361237,6.133802438000004
509,0,3.375349496999995,503,503,success,1,0.3736424580000346,7,True,412,True,1.3322676295501878e-15,task_virtual_frontier,67551232,332,509,67076096,73000050,156,True,4,385,509,all_of,503,756,372.4314115308151,187333,3.3756647949999916
3,0,0.008684946999999,0,0,success,0,0,2,True,0,False,0,structural,67551232,0,3,67076096,73000050,84,True,5,0,3,condition_then,0,0,0.0,0,0.008688075999998546
3,0,0.008696419000003175,0,0,success,0,0,2,True,0,False,0,frontier_t0,67551232,0,3,67076096,73000050,84,True,5,0,3,condition_then,0,0,0.0,0,0.008699046000003818
3,0,0.008701218000005895,0,0,success,0,0,2,True,0,False,0,virtual_frontier,67551232,0,3,67076096,73000050,84,True,5,0,3,condition_then,0,0,0.0,0,0.008703593999996428
3,0,0.008731083999997225,0,0,success,0,0,2,True,0,False,0,task_virtual_frontier,67551232,0,3,67076096,73000050,84,True,5,0,3,condition_then,0,0,0.0,0,0.008733520999996358
152,0,0.16505834000000164,141,141,success,0,0,3,True,0,False,0,structural,67551232,0,152,67076096,73000050,120,True,6,0,152,sequence,0,0,0.0,0,0.1650769150000002
152,0,0.1891315640000002,141,141,success,0,0,3,True,0,False,0,frontier_t0,67551232,0,152,67076096,73000050,120,True,6,0,152,sequence,0,0,0.0,0,0.18913409300000694
152,0,0.38198278499999816,141,141,success,0,0.05980292300000656,3,True,111,False,6.661338147750939e-16,virtual_frontier,67551232,114,152,67076096,73000050,120,True,6,0,152,sequence,141,345,161.56028368794327,22780,0.3820273000000043
152,0,0.374947057,141,141,success,0,0.058903255000089416,3,True,111,False,6.661338147750939e-16,task_virtual_frontier,67551232,114,152,67076096,73000050,120,True,6,0,152,sequence,141,345,161.56028368794327,22780,0.37497234599999274
151,0,0.25117323699999616,146,146,success,0,0,7,True,0,False,0,structural,67551232,0,151,67076096,73000050,123,True,7,0,151,all_of,0,0,0.0,0,0.25123077799999294
151,0,0.2754331590000021,146,146,success,0,0,7,True,0,False,0,frontier_t0,67551232,0,151,67076096,73000050,123,True,7,0,151,all_of,0,0,0.0,0,0.27546618800001
151,0,0.6111312239999975,146,146,success,0,0.08143635299988716,7,True,114,False,8.881784197001252e-16,virtual_frontier,67551232,233,151,67076096,73000050,123,True,7,75,151,all_of,146,690,309.24657534246575,45150,0.6111971880000056
151,0,0.6151023680000023,146,146,success,0,0.08127235299997437,7,True,114,False,8.881784197001252e-16,task_virtual_frontier,67551232,233,151,67076096,73000050,123,True,7,75,151,all_of,146,690,309.24657534246575,45150,0.6151423780000016
21,0,0.03038201399999707,13,13,success,0,0,2,True,0,False,0,structural,67551232,0,21,67076096,73000050,93,True,8,0,21,condition_then,0,0,0.0,0,0.030384666000003335
21,0,0.03164118499999802,13,13,success,0,0,2,True,0,False,0,frontier_t0,67551232,0,21,67076096,73000050,93,True,8,0,21,condition_then,0,0,0.0,0,0.031643991999999344
21,0,0.03704612800000007,13,13,success,0,0.003297902999989333,2,True,6,False,1.1102230246251565e-16,virtual_frontier,67551232,3,21,67076096,73000050,93,True,8,0,21,condition_then,13,21,11.923076923076923,155,0.037048780999995756
21,0,0.03672558999999609,13,13,success,0,0.003191012000002047,2,True,6,False,1.1102230246251565e-16,task_virtual_frontier,67551232,3,21,67076096,73000050,93,True,8,0,21,condition_then,13,21,11.923076923076923,155,0.03672803400000646
1011,0,1.6386539980000023,1011,1011,success,0,0,3,True,0,False,0,structural,67551232,0,1011,67076096,73000050,159,True,9,0,1011,branch,0,0,0.0,0,1.638866059999998
616,0,1.0504257589999995,616,616,success,0,0,3,True,0,False,0,frontier_t0,67551232,0,616,67076096,73000050,147,True,9,0,616,branch,0,0,0.0,0,1.0505347419999964
494,0,1.7557636869999982,494,494,success,0,0.26670197299991116,3,True,369,False,1.3322676295501878e-15,virtual_frontier,67551232,147,494,67076096,73000050,150,True,9,0,494,branch,494,342,220.13765182186233,108748,1.7559833579999946
494,0,1.7530989310000038,494,494,success,0,0.26630295300006424,3,True,369,False,1.3322676295501878e-15,task_virtual_frontier,67551232,147,494,67076096,73000050,150,True,9,0,494,branch,494,342,220.13765182186233,108748,1.7533329299999991
57,0,0.04710706499999873,44,44,success,0,0,3,True,0,False,0,structural,67551232,0,57,67076096,73000050,102,True,10,0,57,branch,0,0,0.0,0,0.047118699999998626
57,0,0.054730050000003416,44,44,success,0,0,3,True,0,False,0,frontier_t0,67551232,0,57,67076096,73000050,102,True,10,0,57,branch,0,0,0.0,0,0.05473251699999082
57,0,0.07207993900000531,44,44,success,0,0.011180829000025483,3,True,31,False,6.661338147750939e-16,virtual_frontier,67551232,9,57,67076096,73000050,102,True,10,0,57,branch,44,43,19.068181818181817,839,0.0720961919999894
57,0,0.080347205999999,44,44,success,0,0.011024086000020361,3,True,31,False,6.661338147750939e-16,task_virtual_frontier,67551232,9,57,67076096,73000050,102,True,10,0,57,branch,44,43,19.068181818181817,839,0.08036668299999405
393,0,0.910469612,389,389,success,0,0,3,True,0,False,0,structural,67551232,0,393,67076096,73000050,123,True,11,0,393,branch,0,0,0.0,0,0.9105818270000015
409,0,1.0393951589999944,405,405,success,0,0,3,True,0,False,0,frontier_t0,67551232,0,409,67076096,73000050,123,True,11,0,409,branch,0,0,0.0,0,1.039504478000012
422,0,2.371482549999996,418,418,success,0,0.29857232800010536,3,True,351,False,1.3322676295501878e-15,virtual_frontier,67551232,275,422,67076096,73000050,141,True,11,321,422,branch,418,566,362.64114832535887,151584,2.3717459890000043
422,0,2.3776651880000017,418,418,success,0,0.29965498699992565,3,True,351,False,1.3322676295501878e-15,task_virtual_frontier,67551232,275,422,67076096,73000050,141,True,11,321,422,branch,418,566,362.64114832535887,151584,2.377964250000005
337,0,0.4425984439999979,312,312,success,0,0,3,True,0,False,0,structural,67551232,0,337,67076096,73000051,149,True,0,0,337,sequence,0,0,0.0,0,0.442668685000001
334,0,0.524703572,309,309,success,0,0,3,True,0,False,0,frontier_t0,67551232,0,334,67076096,73000051,156,True,0,0,334,sequence,0,0,0.0,0,0.524775137000006
236,0,0.6521521640000003,211,211,success,0,0.08704404499998475,3,True,171,False,4.440892098500626e-16,virtual_frontier,67551232,140,236,67076096,73000051,148,True,0,0,236,sequence,211,122,73.25592417061611,15457,0.6522361939999968
236,0,0.6378243089999955,211,211,success,0,0.0859514820000129,3,True,171,False,4.440892098500626e-16,task_virtual_frontier,67551232,140,236,67076096,73000051,148,True,0,0,236,sequence,211,122,73.25592417061611,15457,0.6379048839999939
311,0,0.42427292600000044,311,311,success,0,0,7,True,0,False,0,structural,67551232,0,311,67076096,73000051,149,True,1,0,311,all_of,0,0,0.0,0,0.42429357400000356
308,0,0.5564870339999999,308,308,success,0,0,7,True,0,False,0,frontier_t0,67551232,0,308,67076096,73000051,156,True,1,0,308,all_of,0,0,0.0,0,0.5565959990000096
210,0,0.6763641869999972,210,210,success,0,0.09245773200005658,7,True,170,False,6.661338147750939e-16,virtual_frontier,67551232,223,210,67076096,73000051,148,True,1,39,210,all_of,210,182,89.00952380952381,18692,0.6764184939999893
210,0,0.6750286320000001,210,210,success,0,0.09204286699993247,7,True,170,False,6.661338147750939e-16,task_virtual_frontier,67551232,223,210,67076096,73000051,148,True,1,39,210,all_of,210,182,89.00952380952381,18692,0.6750607689999981
13,0,0.011811135000002082,9,9,success,0,0,2,True,0,False,0,structural,67551232,0,13,67076096,73000051,110,True,2,0,13,condition_then,0,0,0.0,0,0.011814264999998159
13,0,0.012961403999995014,9,9,success,0,0,2,True,0,False,0,frontier_t0,67551232,0,13,67076096,73000051,110,True,2,0,13,condition_then,0,0,0.0,0,0.012963906999999608
13,0,0.016311369000007403,9,9,success,0,0.002154884999995943,2,True,2,False,1.1102230246251565e-16,virtual_frontier,67551232,1,13,67076096,73000051,110,True,2,0,13,condition_then,9,5,4.888888888888889,44,0.01631363600000668
13,0,0.01635339800000679,9,9,success,0,0.0022067629999895644,2,True,2,False,1.1102230246251565e-16,task_virtual_frontier,67551232,1,13,67076096,73000051,110,True,2,0,13,condition_then,9,5,4.888888888888889,44,0.01636711600001206
77,0,0.11219280299999923,61,61,success,0,0,3,True,0,False,0,structural,67551232,0,77,67076096,73000051,110,True,3,0,77,sequence,0,0,0.0,0,0.11220457599999634
113,0,0.16122310000000084,101,101,success,0,0,3,True,0,False,0,frontier_t0,67551232,0,113,67076096,73000051,118,True,3,0,113,sequence,0,0,0.0,0,0.16127884300000517
85,0,0.2219101329999944,69,69,success,0,0.027177542999965,3,True,56,False,3.3306690738754696e-16,virtual_frontier,67551232,115,85,67076096,73000051,116,True,3,0,85,sequence,69,102,66.73913043478261,4605,0.22193679700001212
85,0,0.22197668799999803,69,69,success,0,0.027258754000015983,3,True,56,False,3.3306690738754696e-16,task_virtual_frontier,67551232,115,85,67076096,73000051,116,True,3,0,85,sequence,69,102,66.73913043478261,4605,0.2220006450000085
91,0,0.18766543600000318,79,79,success,0,0,7,True,0,False,0,structural,67551232,0,91,67076096,73000051,114,True,4,0,91,all_of,0,0,0.0,0,0.18767834599999844
107,0,0.24198924799999588,101,101,success,0,0,7,True,0,False,0,frontier_t0,67551232,0,107,67076096,73000051,118,True,4,0,107,all_of,0,0,0.0,0,0.2420273879999968
79,0,0.33621537099999443,69,69,success,0,0.036036494000029506,7,True,56,False,8.881784197001252e-16,virtual_frontier,67551232,229,79,67076096,73000051,116,True,4,54,79,all_of,69,204,132.40579710144928,9136,0.336229141000004
71,0,0.19472161299999868,71,71,success,1,0.028247448000030317,7,True,57,True,1.3322676295501878e-15,task_virtual_frontier,67551232,203,71,67076096,73000051,116,True,4,2,71,all_of,71,166,73.67605633802818,5231,0.19474647000001255
668,0,0.7220974270000085,668,668,success,0,0,2,True,0,False,0,structural,67551232,0,668,67076096,73000051,161,True,5,0,668,condition_then,0,0,0.0,0,0.7221819279999977
383,0,0.5408646420000025,383,383,success,0,0,2,True,0,False,0,frontier_t0,67551232,0,383,67076096,73000051,159,True,5,0,383,condition_then,0,0,0.0,0,0.540934811999989
321,0,0.935982494000001,321,321,success,0,0.1418861909999407,2,True,279,False,1.1102230246251565e-15,virtual_frontier,67551232,186,321,67076096,73000051,159,True,5,8,321,condition_then,321,140,88.14018691588785,28293,0.9360849310000106
321,0,0.9285245180000032,321,321,success,1,0.14146314699996765,2,True,282,True,1.1102230246251565e-15,task_virtual_frontier,67551232,186,321,67076096,73000051,159,True,5,5,321,condition_then,321,140,84.91588785046729,27258,0.9286547619999936
23,0,0.08110281800000507,0,0,success,0,0,3,True,0,False,0,structural,67551232,0,23,67076096,73000051,102,True,6,0,23,sequence,0,0,0.0,0,0.0811161799999951
23,0,0.07323271100000284,0,0,success,0,0,3,True,0,False,0,frontier_t0,67551232,0,23,67076096,73000051,102,True,6,0,23,sequence,0,0,0.0,0,0.0732351399999942
23,0,0.07321300399999586,0,0,success,0,0,3,True,0,False,0,virtual_frontier,67551232,0,23,67076096,73000051,102,True,6,0,23,sequence,0,0,0.0,0,0.07321590400000844
23,0,0.07358085100000267,0,0,success,0,0,3,True,0,False,0,task_virtual_frontier,67551232,0,23,67076096,73000051,102,True,6,0,23,sequence,0,0,0.0,0,0.07361623999999267
110,0,0.25027279700000804,97,97,success,0,0,7,True,0,False,0,structural,67551232,0,110,67076096,73000051,118,True,7,0,110,all_of,0,0,0.0,0,0.25031225899999754
69,0,0.2746069060000025,52,52,success,0,0,7,True,0,False,0,frontier_t0,67551232,0,69,67080192,73000051,112,True,7,0,69,all_of,0,0,0.0,0,0.27463431200000343
64,0,0.27190136499999085,51,51,success,0,0.02703731099998663,7,True,41,False,8.881784197001252e-16,virtual_frontier,67551232,402,64,67080192,73000051,113,True,7,39,64,all_of,51,318,140.09803921568627,7145,0.2719350349999985
64,0,0.27128120699998703,51,51,success,0,0.026606337999950824,7,True,41,False,8.881784197001252e-16,task_virtual_frontier,67551232,402,64,67080192,73000051,113,True,7,39,64,all_of,51,318,140.09803921568627,7145,0.27133704099999534
559,0,0.5861437230000064,559,559,success,0,0,2,True,0,False,0,structural,67551232,0,559,67080192,73000051,154,True,8,0,559,condition_then,0,0,0.0,0,0.5861936049999912
362,0,0.5098904569999974,362,362,success,0,0,2,True,0,False,0,frontier_t0,67551232,0,362,67080192,73000051,157,True,8,0,362,condition_then,0,0,0.0,0,0.5099852010000063
232,0,0.6378717679999966,232,232,success,0,0.09872433200004593,2,True,202,False,1.1102230246251565e-15,virtual_frontier,67551232,160,232,67080192,73000051,145,True,8,4,232,condition_then,232,124,84.82758620689656,19680,0.6379148489999977
232,0,0.6358525270000115,232,232,success,0,0.09842345299990995,2,True,202,False,1.1102230246251565e-15,task_virtual_frontier,67551232,160,232,67080192,73000051,145,True,8,4,232,condition_then,232,124,84.82758620689656,19680,0.6359440469999953
10,0,0.029540181999990978,0,0,success,0,0,3,True,0,False,0,structural,67551232,0,10,67080192,73000051,102,True,9,0,10,branch,0,0,0.0,0,0.029542898000002538
10,0,0.029552816000006032,0,0,success,0,0,3,True,0,False,0,frontier_t0,67551232,0,10,67080192,73000051,102,True,9,0,10,branch,0,0,0.0,0,0.029555251000005
10,0,0.029442088999999783,0,0,success,0,0,3,True,0,False,0,virtual_frontier,67551232,0,10,67080192,73000051,102,True,9,0,10,branch,0,0,0.0,0,0.029444604999994795
10,0,0.029577672000002053,0,0,success,0,0,3,True,0,False,0,task_virtual_frontier,67551232,0,10,67080192,73000051,102,True,9,0,10,branch,0,0,0.0,0,0.02958961499999191
8,0,0.03496880800000213,0,0,success,0,0,3,True,0,False,0,structural,67551232,0,8,67080192,73000051,102,True,10,0,8,branch,0,0,0.0,0,0.034971369000004415
8,0,0.027304175999987024,0,0,success,0,0,3,True,0,False,0,frontier_t0,67551232,0,8,67080192,73000051,102,True,10,0,8,branch,0,0,0.0,0,0.02732242199999746
8,0,0.027485483999996063,0,0,success,0,0,3,True,0,False,0,virtual_frontier,67551232,0,8,67080192,73000051,102,True,10,0,8,branch,0,0,0.0,0,0.02748799100000099
8,0,0.027597974000002523,0,0,success,0,0,3,True,0,False,0,task_virtual_frontier,67551232,0,8,67080192,73000051,102,True,10,0,8,branch,0,0,0.0,0,0.027600348999996527
344,0,0.39041783599999746,344,344,success,0,0,3,True,0,False,0,structural,67551232,0,344,67080192,73000051,150,True,11,0,344,branch,0,0,0.0,0,0.39045181299999854
246,0,0.32280944900000463,246,246,success,0,0,3,True,0,False,0,frontier_t0,67551232,0,246,67080192,73000051,143,True,11,0,246,branch,0,0,0.0,0,0.3228302879999916
237,0,0.6396825989999968,237,237,success,0,0.10053811399986046,3,True,202,False,8.881784197001252e-16,virtual_frontier,67551232,146,237,67080192,73000051,149,True,11,0,237,branch,237,119,78.79746835443038,18675,0.6397747019999969
237,0,0.6388018339999917,237,237,success,0,0.09967503599989413,3,True,202,False,8.881784197001252e-16,task_virtual_frontier,67551232,146,237,67080192,73000051,149,True,11,0,237,branch,237,119,78.79746835443038,18675,0.6388744549999927
1964,0,0.70859222899999,1964,1964,success,0,0,3,True,0,False,0,structural,67551232,0,1964,67080192,73000052,85,True,0,0,1964,sequence,0,0,0.0,0,0.7086752400000051
336,0,0.20405651400000124,331,331,success,0,0,3,True,0,False,0,frontier_t0,67551232,0,336,67080192,73000052,81,True,0,0,336,sequence,0,0,0.0,0,0.20407315500000323
392,0,0.5444642660000056,387,387,success,0,0.11353508499993836,3,True,333,False,4.440892098500626e-16,virtual_frontier,67551232,50,392,67080192,73000052,88,True,0,0,392,sequence,387,102,38.958656330749356,15077,0.5445697789999997
392,0,0.544395195000007,387,387,success,0,0.11318552999998133,3,True,333,False,4.440892098500626e-16,task_virtual_frontier,67551232,50,392,67080192,73000052,88,True,0,0,392,sequence,387,102,38.958656330749356,15077,0.5444324639999962
4096,0,1.790769670000003,4096,4096,task_step_limit,0,0,3,False,0,False,0,structural,67874816,0,4096,68071424,73000052,89,False,1,0,4096,all_of,0,0,0.0,0,1.7910008740000052
436,0,0.29935872599999414,436,436,success,0,0,7,True,0,False,0,frontier_t0,67874816,0,436,68071424,73000052,91,True,1,0,436,all_of,0,0,0.0,0,0.299424168999991
427,0,0.6478712500000086,427,427,success,0,0.12644848799996566,7,True,360,False,6.661338147750939e-16,virtual_frontier,67874816,50,427,68071424,73000052,91,True,1,0,427,all_of,427,102,39.91569086651054,17044,0.6479232450000012
427,0,0.6507140289999995,427,427,success,0,0.1264508170001335,7,True,360,False,6.661338147750939e-16,task_virtual_frontier,67874816,50,427,68071424,73000052,91,True,1,0,427,all_of,427,102,39.91569086651054,17044,0.6508422010000032
1808,0,0.6828806559999947,1808,1808,success,0,0,2,True,0,False,0,structural,67874816,0,1808,68071424,73000052,83,True,2,0,1808,condition_then,0,0,0.0,0,0.6829864660000027
405,0,0.28034706500000084,405,405,success,0,0,2,True,0,False,0,frontier_t0,67874816,0,405,68071424,73000052,87,True,2,0,405,condition_then,0,0,0.0,0,0.2803672189999986
464,0,0.7455064399999998,464,464,success,0,0.14277835799988736,2,True,393,False,8.881784197001252e-16,virtual_frontier,67874816,99,464,68071424,73000052,93,True,2,50,464,condition_then,464,198,49.81681034482759,23115,0.7455881930000032
464,0,0.7474541259999938,464,464,success,1,0.14327750199998945,2,True,393,True,8.881784197001252e-16,task_virtual_frontier,67874816,99,464,68071424,73000052,93,True,2,50,464,condition_then,464,198,49.81896551724138,23116,0.7474932120000091
18,0,0.040893853000000036,0,0,success,0,0,3,True,0,False,0,structural,67874816,0,18,68071424,73000052,47,True,3,0,18,sequence,0,0,0.0,0,0.04091061100000104
18,0,0.041433010000005766,0,0,success,0,0,3,True,0,False,0,frontier_t0,67874816,0,18,68071424,73000052,47,True,3,0,18,sequence,0,0,0.0,0,0.04143560900000409
18,0,0.040754772999989086,0,0,success,0,0,3,True,0,False,0,virtual_frontier,67874816,0,18,68071424,73000052,47,True,3,0,18,sequence,0,0,0.0,0,0.040757315000007566
18,0,0.04076041400000463,0,0,success,0,0,3,True,0,False,0,task_virtual_frontier,67874816,0,18,68071424,73000052,47,True,3,0,18,sequence,0,0,0.0,0,0.04079838200000552
13,0,0.044097195000006195,0,0,success,0,0,7,True,0,False,0,structural,67874816,0,13,68071424,73000052,47,True,4,0,13,all_of,0,0,0.0,0,0.044099600000009787
13,0,0.046255545999997594,0,0,success,0,0,7,True,0,False,0,frontier_t0,67874816,0,13,68071424,73000052,47,True,4,0,13,all_of,0,0,0.0,0,0.046257859000007784
13,0,0.043874058000000105,0,0,success,0,0,7,True,0,False,0,virtual_frontier,67874816,0,13,68071424,73000052,47,True,4,0,13,all_of,0,0,0.0,0,0.04387653499999544
13,0,0.04435768100000814,0,0,success,0,0,7,True,0,False,0,task_virtual_frontier,67874816,0,13,68071424,73000052,47,True,4,0,13,all_of,0,0,0.0,0,0.04436010499999554
19,0,0.035589328000000364,0,0,success,0,0,2,True,0,False,0,structural,67874816,0,19,68071424,73000052,47,True,5,0,19,condition_then,0,0,0.0,0,0.035592185999988146
19,0,0.03533042399999431,0,0,success,0,0,2,True,0,False,0,frontier_t0,67874816,0,19,68071424,73000052,47,True,5,0,19,condition_then,0,0,0.0,0,0.03534135900000024
19,0,0.035495102000012935,0,0,success,0,0,2,True,0,False,0,virtual_frontier,67874816,0,19,68071424,73000052,47,True,5,0,19,condition_then,0,0,0.0,0,0.03549719900000525
19,0,0.03545545699999764,0,0,success,0,0,2,True,0,False,0,task_virtual_frontier,67874816,0,19,68071424,73000052,47,True,5,0,19,condition_then,0,0,0.0,0,0.0354583170000069
2286,0,0.8533612620000071,2277,2277,success,0,0,3,True,0,False,0,structural,67874816,0,2286,68071424,73000052,84,True,6,0,2286,sequence,0,0,0.0,0,0.8534719629999898
217,0,0.11252271000000746,208,208,success,0,0,3,True,0,False,0,frontier_t0,67874816,0,217,68071424,73000052,74,True,6,0,217,sequence,0,0,0.0,0,0.11254548200000158
202,0,0.21891888800000459,193,193,success,0,0.051340794999930495,3,True,171,False,3.3306690738754696e-16,virtual_frontier,67874816,23,202,68071424,73000052,72,True,6,0,202,sequence,193,42,21.621761658031087,4173,0.2189384959999927
202,0,0.21904797800000608,193,193,success,0,0.05123219200018525,3,True,171,False,3.3306690738754696e-16,task_virtual_frontier,67874816,23,202,68071424,73000052,72,True,6,0,202,sequence,193,42,21.621761658031087,4173,0.21905882900000506
4096,0,1.7614277459999954,4096,4096,task_step_limit,0,0,5,False,0,False,0,structural,68005888,0,4096,68206592,73000052,86,False,7,0,4096,all_of,0,0,0.0,0,1.7616345200000012
412,0,0.27747988999999507,412,412,success,0,0,7,True,0,False,0,frontier_t0,68005888,0,412,68206592,73000052,89,True,7,0,412,all_of,0,0,0.0,0,0.277490757999999
444,0,0.6725634799999938,444,444,success,0,0.12971467800031178,7,True,389,False,6.661338147750939e-16,virtual_frontier,68005888,47,444,68206592,73000052,95,True,7,0,444,all_of,444,65,33.64414414414414,14938,0.672649143000001
444,0,0.6706586130000005,444,444,success,0,0.12937007899995479,7,True,389,False,6.661338147750939e-16,task_virtual_frontier,68005888,47,444,68206592,73000052,95,True,7,0,444,all_of,444,65,33.64414414414414,14938,0.6707470899999919
1905,0,0.6807503720000057,1902,1902,success,0,0,2,True,0,False,0,structural,68005888,0,1905,68206592,73000052,82,True,8,0,1905,condition_then,0,0,0.0,0,0.683112374000018
198,0,0.09705518600000573,195,195,success,0,0,2,True,0,False,0,frontier_t0,68005888,0,198,68206592,73000052,72,True,8,0,198,condition_then,0,0,0.0,0,0.09705761000000734
189,0,0.203852633000011,186,186,success,0,0.04962912800004915,2,True,164,False,4.440892098500626e-16,virtual_frontier,68005888,22,189,68206592,73000052,71,True,8,0,189,condition_then,186,39,21.43010752688172,3986,0.20387728700001162
189,0,0.20214870299999177,186,186,success,0,0.049771185999986756,2,True,164,False,4.440892098500626e-16,task_virtual_frontier,68005888,22,189,68206592,73000052,71,True,8,0,189,condition_then,186,39,21.43010752688172,3986,0.2021683629999984
614,0,0.17805293600000027,614,614,success,0,0,3,True,0,False,0,structural,68005888,0,614,68206592,73000052,73,True,9,0,614,branch,0,0,0.0,0,0.17806551399999648
242,0,0.12463324299999101,242,242,success,0,0,3,True,0,False,0,frontier_t0,68005888,0,242,68206592,73000052,76,True,9,0,242,branch,0,0,0.0,0,0.1246355830000141
249,0,0.2882794880000006,249,249,success,0,0.06797218700003782,3,True,224,False,6.661338147750939e-16,virtual_frontier,68005888,28,249,68206592,73000052,77,True,9,0,249,branch,249,52,25.97590361445783,6468,0.2883227930000203
249,0,0.2891582249999942,249,249,success,0,0.06760040199989703,3,True,224,False,6.661338147750939e-16,task_virtual_frontier,68005888,28,249,68206592,73000052,77,True,9,0,249,branch,249,52,25.97590361445783,6468,0.28919672099999616
8,0,0.019835640000010812,0,0,success,0,0,3,True,0,False,0,structural,68005888,0,8,68206592,73000052,47,True,10,0,8,branch,0,0,0.0,0,0.019838555999996288
8,0,0.01990023099999405,0,0,success,0,0,3,True,0,False,0,frontier_t0,68005888,0,8,68206592,73000052,47,True,10,0,8,branch,0,0,0.0,0,0.019902834999982133
8,0,0.019797599000000332,0,0,success,0,0,3,True,0,False,0,virtual_frontier,68005888,0,8,68206592,73000052,47,True,10,0,8,branch,0,0,0.0,0,0.0198000739999884
8,0,0.019853763999989837,0,0,success,0,0,3,True,0,False,0,task_virtual_frontier,68005888,0,8,68206592,73000052,47,True,10,0,8,branch,0,0,0.0,0,0.01985616900000764
6,0,0.014283312999992859,0,0,success,0,0,3,True,0,False,0,structural,68005888,0,6,68206592,73000052,47,True,11,0,6,branch,0,0,0.0,0,0.014294648999992887
6,0,0.014280486000004089,0,0,success,0,0,3,True,0,False,0,frontier_t0,68005888,0,6,68206592,73000052,47,True,11,0,6,branch,0,0,0.0,0,0.014282855999994126
6,0,0.014184316999987345,0,0,success,0,0,3,True,0,False,0,virtual_frontier,68005888,0,6,68206592,73000052,47,True,11,0,6,branch,0,0,0.0,0,0.01418683700001111
6,0,0.014271871000005376,0,0,success,0,0,3,True,0,False,0,task_virtual_frontier,68005888,0,6,68206592,73000052,47,True,11,0,6,branch,0,0,0.0,0,0.01427439100001493
22,0,0.07057932600000072,0,0,success,0,0,3,True,0,False,0,structural,68005888,0,22,68206592,73000053,97,True,0,0,22,sequence,0,0,0.0,0,0.07058152999999834
22,0,0.06342434500000138,0,0,success,0,0,3,True,0,False,0,frontier_t0,68005888,0,22,68206592,73000053,97,True,0,0,22,sequence,0,0,0.0,0,0.06342648200001122
22,0,0.06402619899999706,0,0,success,0,0,3,True,0,False,0,virtual_frontier,68005888,0,22,68206592,73000053,97,True,0,0,22,sequence,0,0,0.0,0,0.06402855400000362
22,0,0.06378332500000283,0,0,success,0,0,3,True,0,False,0,task_virtual_frontier,68005888,0,22,68206592,73000053,97,True,0,0,22,sequence,0,0,0.0,0,0.06379468800000154
23,0,0.10090173800000457,0,0,success,0,0,7,True,0,False,0,structural,68005888,0,23,68210688,73000053,97,True,1,0,23,all_of,0,0,0.0,0,0.10091995599998427
23,0,0.10080892500000971,0,0,success,0,0,7,True,0,False,0,frontier_t0,68005888,0,23,68210688,73000053,97,True,1,0,23,all_of,0,0,0.0,0,0.10081168399997864
23,0,0.10074400400000627,0,0,success,0,0,7,True,0,False,0,virtual_frontier,68005888,0,23,68210688,73000053,97,True,1,0,23,all_of,0,0,0.0,0,0.10075497799999766
23,0,0.10803106100000548,0,0,success,0,0,7,True,0,False,0,task_virtual_frontier,68005888,0,23,68210688,73000053,97,True,1,0,23,all_of,0,0,0.0,0,0.10803376700002332
9,0,0.022888049999991722,0,0,success,0,0,2,True,0,False,0,structural,68005888,0,9,68210688,73000053,97,True,2,0,9,condition_then,0,0,0.0,0,0.02289100099997654
9,0,0.022771711999993727,0,0,success,0,0,2,True,0,False,0,frontier_t0,68005888,0,9,68210688,73000053,97,True,2,0,9,condition_then,0,0,0.0,0,0.022783540999995466
9,0,0.022740404000003878,0,0,success,0,0,2,True,0,False,0,virtual_frontier,68005888,0,9,68210688,73000053,97,True,2,0,9,condition_then,0,0,0.0,0,0.022742996000005178
9,0,0.022812006999998857,0,0,success,0,0,2,True,0,False,0,task_virtual_frontier,68005888,0,9,68210688,73000053,97,True,2,0,9,condition_then,0,0,0.0,0,0.02281451900000775
19,0,0.05666607500000964,0,0,success,0,0,3,True,0,False,0,structural,68005888,0,19,68210688,73000053,97,True,3,0,19,sequence,0,0,0.0,0,0.056668392999995376
19,0,0.0569957200000033,0,0,success,0,0,3,True,0,False,0,frontier_t0,68005888,0,19,68210688,73000053,97,True,3,0,19,sequence,0,0,0.0,0,0.05699824800001352
19,0,0.0569551749999988,0,0,success,0,0,3,True,0,False,0,virtual_frontier,68005888,0,19,68210688,73000053,97,True,3,0,19,sequence,0,0,0.0,0,0.05695914500000754
19,0,0.05680157799999108,0,0,success,0,0,3,True,0,False,0,task_virtual_frontier,68005888,0,19,68210688,73000053,97,True,3,0,19,sequence,0,0,0.0,0,0.05680416600000626
18,0,0.09318301499999393,0,0,success,0,0,7,True,0,False,0,structural,68005888,0,18,68214784,73000053,97,True,4,0,18,all_of,0,0,0.0,0,0.09318584900000815
18,0,0.09307811899999763,0,0,success,0,0,7,True,0,False,0,frontier_t0,68005888,0,18,68218880,73000053,97,True,4,0,18,all_of,0,0,0.0,0,0.09311084800000913
18,0,0.09317483899999957,0,0,success,0,0,7,True,0,False,0,virtual_frontier,68005888,0,18,68218880,73000053,97,True,4,0,18,all_of,0,0,0.0,0,0.09317732300002035
18,0,0.09286921900000777,0,0,success,0,0,7,True,0,False,0,task_virtual_frontier,68005888,0,18,68218880,73000053,97,True,4,0,18,all_of,0,0,0.0,0,0.09288028900002132
12,0,0.03308674399998779,0,0,success,0,0,2,True,0,False,0,structural,68005888,0,12,68218880,73000053,97,True,5,0,12,condition_then,0,0,0.0,0,0.03308921900000428
12,0,0.0329933790000041,0,0,success,0,0,2,True,0,False,0,frontier_t0,68005888,0,12,68218880,73000053,97,True,5,0,12,condition_then,0,0,0.0,0,0.03300463200000081
12,0,0.03331305700000087,0,0,success,0,0,2,True,0,False,0,virtual_frontier,68005888,0,12,68218880,73000053,97,True,5,0,12,condition_then,0,0,0.0,0,0.033326341000019966
12,0,0.032992648999993435,0,0,success,0,0,2,True,0,False,0,task_virtual_frontier,68005888,0,12,68218880,73000053,97,True,5,0,12,condition_then,0,0,0.0,0,0.03299529500000631
29,0,0.08570649300000355,0,0,success,0,0,3,True,0,False,0,structural,68005888,0,29,68218880,73000053,97,True,6,0,29,sequence,0,0,0.0,0,0.08572922799999105
29,0,0.08449681499999429,0,0,success,0,0,3,True,0,False,0,frontier_t0,68005888,0,29,68218880,73000053,97,True,6,0,29,sequence,0,0,0.0,0,0.08450898500001358
29,0,0.08510870799999282,0,0,success,0,0,3,True,0,False,0,virtual_frontier,68005888,0,29,68218880,73000053,97,True,6,0,29,sequence,0,0,0.0,0,0.08512101499999858
29,0,0.08490579899999773,0,0,success,0,0,3,True,0,False,0,task_virtual_frontier,68005888,0,29,68218880,73000053,97,True,6,0,29,sequence,0,0,0.0,0,0.08490836900000431
28,0,0.13644410900000992,0,0,success,0,0,7,True,0,False,0,structural,68005888,0,28,68218880,73000053,97,True,7,0,28,all_of,0,0,0.0,0,0.1364466150000112
28,0,0.12864878199999907,0,0,success,0,0,7,True,0,False,0,frontier_t0,68005888,0,28,68218880,73000053,97,True,7,0,28,all_of,0,0,0.0,0,0.12866037099999517
28,0,0.12914283499999613,0,0,success,0,0,7,True,0,False,0,virtual_frontier,68268032,0,28,68403200,73000053,97,True,7,0,28,all_of,0,0,0.0,0,0.12915384999999446
28,0,0.12878380400000822,0,0,success,0,0,7,True,0,False,0,task_virtual_frontier,68268032,0,28,68403200,73000053,97,True,7,0,28,all_of,0,0,0.0,0,0.12878641599999696
4,0,0.010066297000008717,0,0,success,0,0,2,True,0,False,0,structural,68268032,0,4,68403200,73000053,97,True,8,0,4,condition_then,0,0,0.0,0,0.010069036999993841
4,0,0.010228429999997957,0,0,success,0,0,2,True,0,False,0,frontier_t0,68268032,0,4,68403200,73000053,97,True,8,0,4,condition_then,0,0,0.0,0,0.010230698000015082
4,0,0.010085252999999739,0,0,success,0,0,2,True,0,False,0,virtual_frontier,68268032,0,4,68403200,73000053,97,True,8,0,4,condition_then,0,0,0.0,0,0.010087570999985473
4,0,0.01006419299999095,0,0,success,0,0,2,True,0,False,0,task_virtual_frontier,68268032,0,4,68403200,73000053,97,True,8,0,4,condition_then,0,0,0.0,0,0.01006669299999885
13,0,0.03766396200001054,0,0,success,0,0,3,True,0,False,0,structural,68268032,0,13,68403200,73000053,97,True,9,0,13,branch,0,0,0.0,0,0.037666295000008176
13,0,0.03726695999999663,0,0,success,0,0,3,True,0,False,0,frontier_t0,68268032,0,13,68403200,73000053,97,True,9,0,13,branch,0,0,0.0,0,0.037269236000014416
13,0,0.037410207000007745,0,0,success,0,0,3,True,0,False,0,virtual_frontier,68268032,0,13,68403200,73000053,97,True,9,0,13,branch,0,0,0.0,0,0.0374232119999931
13,0,0.03720516500000315,0,0,success,0,0,3,True,0,False,0,task_virtual_frontier,68268032,0,13,68403200,73000053,97,True,9,0,13,branch,0,0,0.0,0,0.03720768100001237
9,0,0.02925106200000016,0,0,success,0,0,3,True,0,False,0,structural,68268032,0,9,68403200,73000053,97,True,10,0,9,branch,0,0,0.0,0,0.029253362999980936
9,0,0.02932904800000813,0,0,success,0,0,3,True,0,False,0,frontier_t0,68268032,0,9,68403200,73000053,97,True,10,0,9,branch,0,0,0.0,0,0.029331539999986944
9,0,0.02907212800000991,0,0,success,0,0,3,True,0,False,0,virtual_frontier,68268032,0,9,68403200,73000053,97,True,10,0,9,branch,0,0,0.0,0,0.029074790999999323
9,0,0.028998491000010063,0,0,success,0,0,3,True,0,False,0,task_virtual_frontier,68268032,0,9,68403200,73000053,97,True,10,0,9,branch,0,0,0.0,0,0.029010771999992357
15,0,0.03134090400000389,0,0,success,0,0,3,True,0,False,0,structural,68268032,0,15,68403200,73000053,97,True,11,0,15,branch,0,0,0.0,0,0.03134295599997472
15,0,0.031243381999999542,0,0,success,0,0,3,True,0,False,0,frontier_t0,68268032,0,15,68403200,73000053,97,True,11,0,15,branch,0,0,0.0,0,0.031245574999985593
15,0,0.03121868600000255,0,0,success,0,0,3,True,0,False,0,virtual_frontier,68268032,0,15,68403200,73000053,97,True,11,0,15,branch,0,0,0.0,0,0.031220859000001155
15,0,0.03124860199999091,0,0,success,0,0,3,True,0,False,0,task_virtual_frontier,68268032,0,15,68403200,73000053,97,True,11,0,15,branch,0,0,0.0,0,0.031250784000008025
17,0,0.05177175599999373,0,0,success,0,0,3,True,0,False,0,structural,68268032,0,17,68403200,73000054,88,True,0,0,17,sequence,0,0,0.0,0,0.051774545999990096
17,0,0.05178120399999386,0,0,success,0,0,3,True,0,False,0,frontier_t0,68268032,0,17,68403200,73000054,88,True,0,0,17,sequence,0,0,0.0,0,0.0517837729999826
17,0,0.05170861800000637,0,0,success,0,0,3,True,0,False,0,virtual_frontier,68268032,0,17,68403200,73000054,88,True,0,0,17,sequence,0,0,0.0,0,0.051711479000005056
17,0,0.051731501999995544,0,0,success,0,0,3,True,0,False,0,task_virtual_frontier,68268032,0,17,68403200,73000054,88,True,0,0,17,sequence,0,0,0.0,0,0.05176582000001417
14,0,0.0775639690000105,0,0,success,0,0,7,True,0,False,0,structural,68268032,0,14,68407296,73000054,88,True,1,0,14,all_of,0,0,0.0,0,0.07758086900000194
14,0,0.07032717500000274,0,0,success,0,0,7,True,0,False,0,frontier_t0,68268032,0,14,68411392,73000054,88,True,1,0,14,all_of,0,0,0.0,0,0.07032968100000403
14,0,0.06985087600000384,0,0,success,0,0,7,True,0,False,0,virtual_frontier,68268032,0,14,68411392,73000054,88,True,1,0,14,all_of,0,0,0.0,0,0.0698733920000052
14,0,0.06970995300000027,0,0,success,0,0,7,True,0,False,0,task_virtual_frontier,68268032,0,14,68411392,73000054,88,True,1,0,14,all_of,0,0,0.0,0,0.06971254200001908
11,0,0.028817822999997134,0,0,success,0,0,2,True,0,False,0,structural,68268032,0,11,68411392,73000054,88,True,2,0,11,condition_then,0,0,0.0,0,0.02882046799999216
11,0,0.02884076600000185,0,0,success,0,0,2,True,0,False,0,frontier_t0,68268032,0,11,68411392,73000054,88,True,2,0,11,condition_then,0,0,0.0,0,0.02885770699998602
11,0,0.028902610999992362,0,0,success,0,0,2,True,0,False,0,virtual_frontier,68268032,0,11,68411392,73000054,88,True,2,0,11,condition_then,0,0,0.0,0,0.02890527499999962
11,0,0.02877816900000596,0,0,success,0,0,2,True,0,False,0,task_virtual_frontier,68268032,0,11,68411392,73000054,88,True,2,0,11,condition_then,0,0,0.0,0,0.02878929900001026
15,0,0.043948275999994735,0,0,success,0,0,3,True,0,False,0,structural,68268032,0,15,68411392,73000054,88,True,3,0,15,sequence,0,0,0.0,0,0.04395971799999643
15,0,0.04414922200000149,0,0,success,0,0,3,True,0,False,0,frontier_t0,68268032,0,15,68411392,73000054,88,True,3,0,15,sequence,0,0,0.0,0,0.04415245799998502
15,0,0.04383129800000063,0,0,success,0,0,3,True,0,False,0,virtual_frontier,68268032,0,15,68411392,73000054,88,True,3,0,15,sequence,0,0,0.0,0,0.04383363400000917
15,0,0.044182332999994856,0,0,success,0,0,3,True,0,False,0,task_virtual_frontier,68268032,0,15,68411392,73000054,88,True,3,0,15,sequence,0,0,0.0,0,0.044192823000003045
6,0,0.031148735999991572,0,0,success,0,0,7,True,0,False,0,structural,68268032,0,6,68460544,73000054,88,True,4,0,6,all_of,0,0,0.0,0,0.031150968999980932
6,0,0.03115594799999144,0,0,success,0,0,7,True,0,False,0,frontier_t0,68268032,0,6,68460544,73000054,88,True,4,0,6,all_of,0,0,0.0,0,0.03115829199998643
6,0,0.03135558199998911,0,0,success,0,0,7,True,0,False,0,virtual_frontier,68268032,0,6,68460544,73000054,88,True,4,0,6,all_of,0,0,0.0,0,0.03135779199999433
6,0,0.031242610999996145,0,0,success,0,0,7,True,0,False,0,task_virtual_frontier,68268032,0,6,68460544,73000054,88,True,4,0,6,all_of,0,0,0.0,0,0.03124486799998749
12,0,0.030500304000000256,0,0,success,0,0,2,True,0,False,0,structural,68268032,0,12,68460544,73000054,88,True,5,0,12,condition_then,0,0,0.0,0,0.030502795000018068
12,0,0.03041514600000994,0,0,success,0,0,2,True,0,False,0,frontier_t0,68268032,0,12,68460544,73000054,88,True,5,0,12,condition_then,0,0,0.0,0,0.030417585999998664
12,0,0.030378096999996274,0,0,success,0,0,2,True,0,False,0,virtual_frontier,68268032,0,12,68460544,73000054,88,True,5,0,12,condition_then,0,0,0.0,0,0.030380245999992894
12,0,0.03042802000000222,0,0,success,0,0,2,True,0,False,0,task_virtual_frontier,68268032,0,12,68460544,73000054,88,True,5,0,12,condition_then,0,0,0.0,0,0.03044072000000142
12,0,0.038979388000001336,0,0,success,0,0,3,True,0,False,0,structural,68268032,0,12,68460544,73000054,88,True,6,0,12,sequence,0,0,0.0,0,0.03898168599999963
12,0,0.03896652400000278,0,0,success,0,0,3,True,0,False,0,frontier_t0,68268032,0,12,68460544,73000054,88,True,6,0,12,sequence,0,0,0.0,0,0.03896896200001265
12,0,0.038827975999993214,0,0,success,0,0,3,True,0,False,0,virtual_frontier,68268032,0,12,68460544,73000054,88,True,6,0,12,sequence,0,0,0.0,0,0.03883034400001861
12,0,0.03889120400000934,0,0,success,0,0,3,True,0,False,0,task_virtual_frontier,68268032,0,12,68460544,73000054,88,True,6,0,12,sequence,0,0,0.0,0,0.03889360200000169
16,0,0.07324079599999322,0,0,success,0,0,7,True,0,False,0,structural,68268032,0,16,68464640,73000054,88,True,7,0,16,all_of,0,0,0.0,0,0.07324309599999879
16,0,0.0737104530000039,0,0,success,0,0,7,True,0,False,0,frontier_t0,68268032,0,16,68464640,73000054,88,True,7,0,16,all_of,0,0,0.0,0,0.07371286100001839
16,0,0.07342702400001144,0,0,success,0,0,7,True,0,False,0,virtual_frontier,68268032,0,16,68464640,73000054,88,True,7,0,16,all_of,0,0,0.0,0,0.0734296029999939
16,0,0.07323401400000762,0,0,success,0,0,7,True,0,False,0,task_virtual_frontier,68268032,0,16,68464640,73000054,88,True,7,0,16,all_of,0,0,0.0,0,0.07324515900000961
13,0,0.03194971099999577,0,0,success,0,0,2,True,0,False,0,structural,68268032,0,13,68464640,73000054,88,True,8,0,13,condition_then,0,0,0.0,0,0.031952646999997114
13,0,0.031903606000000195,0,0,success,0,0,2,True,0,False,0,frontier_t0,68268032,0,13,68464640,73000054,88,True,8,0,13,condition_then,0,0,0.0,0,0.031906240000012076
13,0,0.03200854100001038,0,0,success,0,0,2,True,0,False,0,virtual_frontier,68268032,0,13,68464640,73000054,88,True,8,0,13,condition_then,0,0,0.0,0,0.032023078999998233
13,0,0.03189634099999239,0,0,success,0,0,2,True,0,False,0,task_virtual_frontier,68268032,0,13,68464640,73000054,88,True,8,0,13,condition_then,0,0,0.0,0,0.03189877599999136
11,0,0.04199100299999259,0,0,success,0,0,3,True,0,False,0,structural,68268032,0,11,68464640,73000054,88,True,9,0,11,branch,0,0,0.0,0,0.04200279599999135
11,0,0.041752055999992876,0,0,success,0,0,3,True,0,False,0,frontier_t0,68268032,0,11,68464640,73000054,88,True,9,0,11,branch,0,0,0.0,0,0.04175418400001263
11,0,0.04185380500000235,0,0,success,0,0,3,True,0,False,0,virtual_frontier,68268032,0,11,68464640,73000054,88,True,9,0,11,branch,0,0,0.0,0,0.041856112999994366
11,0,0.04195785999999657,0,0,success,0,0,3,True,0,False,0,task_virtual_frontier,68268032,0,11,68464640,73000054,88,True,9,0,11,branch,0,0,0.0,0,0.04196056799997905
11,0,0.03787154900000189,0,0,success,0,0,3,True,0,False,0,structural,68268032,0,11,68464640,73000054,88,True,10,0,11,branch,0,0,0.0,0,0.037874934000001304
11,0,0.03791905799999995,0,0,success,0,0,3,True,0,False,0,frontier_t0,68268032,0,11,68464640,73000054,88,True,10,0,11,branch,0,0,0.0,0,0.03792142999998305
11,0,0.03790315800000599,0,0,success,0,0,3,True,0,False,0,virtual_frontier,68268032,0,11,68464640,73000054,88,True,10,0,11,branch,0,0,0.0,0,0.037938241999995626
11,0,0.03792258400000037,0,0,success,0,0,3,True,0,False,0,task_virtual_frontier,68268032,0,11,68464640,73000054,88,True,10,0,11,branch,0,0,0.0,0,0.037925337000018544
8,0,0.028727414000002227,0,0,success,0,0,3,True,0,False,0,structural,68268032,0,8,68464640,73000054,88,True,11,0,8,branch,0,0,0.0,0,0.02873966999999311
8,0,0.02891693799999473,0,0,success,0,0,3,True,0,False,0,frontier_t0,68268032,0,8,68464640,73000054,88,True,11,0,8,branch,0,0,0.0,0,0.02891935400000989
8,0,0.02872885699999017,0,0,success,0,0,3,True,0,False,0,virtual_frontier,68268032,0,8,68464640,73000054,88,True,11,0,8,branch,0,0,0.0,0,0.02873119299999871
8,0,0.028652614999998605,0,0,success,0,0,3,True,0,False,0,task_virtual_frontier,68268032,0,8,68464640,73000054,88,True,11,0,8,branch,0,0,0.0,0,0.028663035999983322
3500,0,2.5343868190000003,3495,3495,success,0,0,3,True,0,False,0,structural,66330624,0,3500,66588672,73000055,109,True,0,0,3500,sequence,0,0,0.0,0,2.5345955129999993
367,0,0.7293157420000003,351,351,success,0,0,3,True,0,False,0,frontier_t0,66330624,0,367,66600960,73000055,108,True,0,0,367,sequence,0,0,0.0,0,0.7293920179999986
406,0,1.6890347780000003,390,390,success,0,0.18889640400095686,3,True,312,False,4.440892098500626e-16,virtual_frontier,66461696,153,406,66768896,73000055,109,True,0,354,406,sequence,390,224,97.15128205128205,37889,1.6891471870000032
343,0,1.2593801000000004,338,338,success,2,0.15546333500140008,3,True,280,True,4.440892098500626e-16,task_virtual_frontier,66461696,147,343,66768896,73000055,108,True,0,240,343,sequence,338,224,100.75739644970415,34056,1.2594816470000296
3493,0,3.175481725000001,3493,3493,success,0,0,7,True,0,False,0,structural,66592768,0,3493,66879488,73000055,109,True,1,0,3493,all_of,0,0,0.0,0,3.175774391999994
355,0,0.956214640999999,351,351,success,0,0,7,True,0,False,0,frontier_t0,66592768,0,355,66879488,73000055,108,True,1,0,355,all_of,0,0,0.0,0,0.9562997090000636
394,0,2.1723549139999996,390,390,success,0,0.20893195500104866,7,True,312,False,6.661338147750939e-16,virtual_frontier,66592768,256,394,66879488,73000055,109,True,1,354,394,all_of,390,438,140.6948717948718,54871,2.172643704000052
336,0,1.4558446010000008,336,336,success,3,0.15956274099994516,7,True,279,True,6.661338147750939e-16,task_virtual_frontier,66592768,240,336,66883584,73000055,108,True,1,240,336,all_of,336,438,115.11011904761905,38677,1.4560683989999461
11,0,0.022086309000000526,0,0,success,0,0,2,True,0,False,0,structural,66592768,0,11,66883584,73000055,92,True,2,0,11,condition_then,0,0,0.0,0,0.022088842999892222
11,0,0.022063276999999104,0,0,success,0,0,2,True,0,False,0,frontier_t0,66592768,0,11,66883584,73000055,92,True,2,0,11,condition_then,0,0,0.0,0,0.02206607100004021
11,0,0.023875584999998978,0,0,success,0,0,2,True,0,False,0,virtual_frontier,66592768,0,11,66883584,73000055,92,True,2,0,11,condition_then,0,0,0.0,0,0.023878023999941433
11,0,0.022102690000000536,0,0,success,0,0,2,True,0,False,0,task_virtual_frontier,66592768,0,11,66883584,73000055,92,True,2,0,11,condition_then,0,0,0.0,0,0.022105152999984057
92,0,0.13751004600000094,70,70,success,0,0,3,True,0,False,0,structural,66592768,0,92,66883584,73000055,95,True,3,0,92,sequence,0,0,0.0,0,0.1375132590000021
212,0,0.3375763599999999,204,204,success,0,0,3,True,0,False,0,frontier_t0,66592768,0,212,66883584,73000055,102,True,3,0,212,sequence,0,0,0.0,0,0.33769641099991077
128,0,0.38758378599999865,119,119,success,0,0.052823955000462774,3,True,101,False,4.440892098500626e-16,virtual_frontier,66592768,152,128,66883584,73000055,97,True,3,57,128,sequence,119,332,140.7310924369748,16747,0.3875992389999965
125,0,0.37543415600000074,116,116,success,1,0.05125779599939051,3,True,98,True,4.440892098500626e-16,task_virtual_frontier,66592768,152,125,66883584,73000055,97,True,3,54,125,sequence,116,332,139.9655172413793,16236,0.3755751030000738
75,0,0.10780139500000097,70,70,success,0,0,7,True,0,False,0,structural,66592768,0,75,66883584,73000055,95,True,4,0,75,all_of,0,0,0.0,0,0.10782776899998225
202,0,0.3612969270000015,202,202,success,0,0,7,True,0,False,0,frontier_t0,66592768,0,202,66883584,73000055,102,True,4,0,202,all_of,0,0,0.0,0,0.36150884200003475
117,0,0.4168289929999993,117,117,success,0,0.05423635500073942,7,True,99,False,6.661338147750939e-16,virtual_frontier,66859008,271,117,66883584,73000055,97,True,4,57,117,all_of,117,553,152.47008547008548,17839,0.41684534900002745
114,0,0.402556165,114,114,success,1,0.052604079999014175,7,True,96,True,6.661338147750939e-16,task_virtual_frontier,66859008,271,114,66883584,73000055,97,True,4,54,114,all_of,114,553,152.0,17328,0.40262977999998384
17,0,0.03992645299999964,0,0,success,0,0,2,True,0,False,0,structural,66859008,0,17,66883584,73000055,92,True,5,0,17,condition_then,0,0,0.0,0,0.03992921200006094
17,0,0.040120174000001896,0,0,success,0,0,2,True,0,False,0,frontier_t0,66859008,0,17,66883584,73000055,92,True,5,0,17,condition_then,0,0,0.0,0,0.04012331399997038
17,0,0.039953834000002075,0,0,success,0,0,2,True,0,False,0,virtual_frontier,66859008,0,17,66883584,73000055,92,True,5,0,17,condition_then,0,0,0.0,0,0.03995696399999815
17,0,0.04007194300000094,0,0,success,0,0,2,True,0,False,0,task_virtual_frontier,66859008,0,17,66883584,73000055,92,True,5,0,17,condition_then,0,0,0.0,0,0.04007498300006773
278,0,0.20699698499999997,278,278,success,0,0,3,True,0,False,0,structural,66859008,0,278,66883584,73000055,101,True,6,0,278,sequence,0,0,0.0,0,0.20702793400005248
220,0,0.4254345189999995,220,220,success,0,0,3,True,0,False,0,frontier_t0,66859008,0,220,66883584,73000055,103,True,6,0,220,sequence,0,0,0.0,0,0.42556348099992647
207,0,0.5777162460000014,207,207,success,0,0.08543438699950912,3,True,174,False,6.661338147750939e-16,virtual_frontier,66859008,152,207,66883584,73000055,103,True,6,53,207,sequence,207,335,102.98550724637681,21318,0.577749993999987
207,0,0.5768432700000012,207,207,success,0,0.08533808999993653,3,True,174,False,6.661338147750939e-16,task_virtual_frontier,66859008,152,207,66883584,73000055,103,True,6,53,207,sequence,207,335,102.98550724637681,21318,0.5769171389999883
87,0,0.15916781600000007,82,82,success,0,0,7,True,0,False,0,structural,66859008,0,87,66883584,73000055,96,True,7,0,87,all_of,0,0,0.0,0,0.159171739000044
66,0,0.20773909600000096,61,61,success,0,0,7,True,0,False,0,frontier_t0,66859008,0,66,66883584,73000055,95,True,7,0,66,all_of,0,0,0.0,0,0.207767696000019
135,0,0.7221174289999972,130,130,success,0,0.07499285800042799,7,True,111,False,4.440892098500626e-16,virtual_frontier,66859008,269,135,67072000,73000055,98,True,7,118,135,all_of,130,550,256.55384615384617,33352,0.7222540530000288
135,0,0.7235804410000028,130,130,success,0,0.07482304999973621,7,True,111,False,4.440892098500626e-16,task_virtual_frontier,66859008,269,135,67072000,73000055,98,True,7,118,135,all_of,130,550,256.55384615384617,33352,0.7236453660000279
12,0,0.02885864699999985,0,0,success,0,0,2,True,0,False,0,structural,66859008,0,12,67072000,73000055,92,True,8,0,12,condition_then,0,0,0.0,0,0.02886170299996138
12,0,0.028678440000000194,0,0,success,0,0,2,True,0,False,0,frontier_t0,66859008,0,12,67072000,73000055,92,True,8,0,12,condition_then,0,0,0.0,0,0.02868122699999276
12,0,0.028806240000001537,0,0,success,0,0,2,True,0,False,0,virtual_frontier,66859008,0,12,67072000,73000055,92,True,8,0,12,condition_then,0,0,0.0,0,0.028808805000039683
12,0,0.028835383000000547,0,0,success,0,0,2,True,0,False,0,task_virtual_frontier,66859008,0,12,67072000,73000055,92,True,8,0,12,condition_then,0,0,0.0,0,0.028838109000048462
11,0,0.02961273400000053,0,0,success,0,0,3,True,0,False,0,structural,66859008,0,11,67072000,73000055,92,True,9,0,11,branch,0,0,0.0,0,0.029629408000005242
11,0,0.027699514999998343,0,0,success,0,0,3,True,0,False,0,frontier_t0,66859008,0,11,67072000,73000055,92,True,9,0,11,branch,0,0,0.0,0,0.027702359000045362
11,0,0.027901692000000367,0,0,success,0,0,3,True,0,False,0,virtual_frontier,66859008,0,11,67072000,73000055,92,True,9,0,11,branch,0,0,0.0,0,0.027904346000013902
11,0,0.027651435999999308,0,0,success,0,0,3,True,0,False,0,task_virtual_frontier,66859008,0,11,67072000,73000055,92,True,9,0,11,branch,0,0,0.0,0,0.027654079000058118
17,0,0.0392317970000029,0,0,success,0,0,3,True,0,False,0,structural,66859008,0,17,67072000,73000055,92,True,10,0,17,branch,0,0,0.0,0,0.0392349070000364
17,0,0.03927883500000107,0,0,success,0,0,3,True,0,False,0,frontier_t0,66859008,0,17,67072000,73000055,92,True,10,0,17,branch,0,0,0.0,0,0.03928169499999967
17,0,0.03917935899999847,0,0,success,0,0,3,True,0,False,0,virtual_frontier,66859008,0,17,67072000,73000055,92,True,10,0,17,branch,0,0,0.0,0,0.03919278899991241
17,0,0.03907862199999812,0,0,success,0,0,3,True,0,False,0,task_virtual_frontier,66859008,0,17,67072000,73000055,92,True,10,0,17,branch,0,0,0.0,0,0.039081630000055156
12,0,0.03204659000000021,0,0,success,0,0,3,True,0,False,0,structural,66859008,0,12,67072000,73000055,92,True,11,0,12,branch,0,0,0.0,0,0.03204909700002645
12,0,0.03213212999999726,0,0,success,0,0,3,True,0,False,0,frontier_t0,66859008,0,12,67072000,73000055,92,True,11,0,12,branch,0,0,0.0,0,0.03214567699990312
12,0,0.032418473999999975,0,0,success,0,0,3,True,0,False,0,virtual_frontier,66859008,0,12,67072000,73000055,92,True,11,0,12,branch,0,0,0.0,0,0.03242146100001264
12,0,0.032043055000002596,0,0,success,0,0,3,True,0,False,0,task_virtual_frontier,66859008,0,12,67072000,73000055,92,True,11,0,12,branch,0,0,0.0,0,0.032062201000030655
598,0,0.5993614460000032,598,598,success,0,0,3,True,0,False,0,structural,66859008,0,598,67072000,73000056,97,True,0,0,598,sequence,0,0,0.0,0,0.599447386999941
507,0,0.7764332230000015,507,507,success,0,0,3,True,0,False,0,frontier_t0,66859008,0,507,67072000,73000056,116,True,0,0,507,sequence,0,0,0.0,0,0.77647829
301,0,1.2187042129999988,288,288,success,0,0.17108453399964674,3,True,270,False,8.881784197001252e-16,virtual_frontier,66990080,201,301,67289088,73000056,103,True,0,158,301,sequence,288,662,421.1701388888889,121297,1.2188611349999974
403,0,1.4394486579999999,403,403,success,3,0.21813139600067188,3,True,370,True,1.1102230246251565e-15,task_virtual_frontier,66990080,193,403,67289088,73000056,114,True,0,105,403,sequence,403,638,342.8908188585608,138185,1.439567366999995
2804,0,3.219527974000002,2804,2804,success,0,0,7,True,0,False,0,structural,66990080,0,2804,67289088,73000056,148,True,1,0,2804,all_of,0,0,0.0,0,3.221176079999964
1163,0,2.284440258,1163,1163,success,0,0,7,True,0,False,0,frontier_t0,66990080,0,1163,67289088,73000056,166,True,1,0,1163,all_of,0,0,0.0,0,2.284655219000001
754,0,2.945182958,754,754,success,0,0.41635525000219786,7,True,678,False,1.1102230246251565e-15,virtual_frontier,66990080,151,754,67289088,73000056,144,True,1,46,754,all_of,754,548,302.8076923076923,228317,2.945593499000097
739,0,2.889224958,739,739,success,1,0.4077475230003529,7,True,667,True,1.3322676295501878e-15,task_virtual_frontier,66990080,151,739,67289088,73000056,142,True,1,54,739,all_of,739,542,306.7686062246279,226702,2.8894931280000264
616,0,0.48408249700000283,616,616,success,0,0,2,True,0,False,0,structural,66990080,0,616,67289088,73000056,100,True,2,0,616,condition_then,0,0,0.0,0,0.484138798999993
588,0,0.7917243510000063,588,588,success,0,0,2,True,0,False,0,frontier_t0,66990080,0,588,67289088,73000056,125,True,2,0,588,condition_then,0,0,0.0,0,0.7918762529999412
186,0,0.4871490160000036,186,186,success,0,0.08428043400010665,2,True,175,False,8.881784197001252e-16,virtual_frontier,66990080,119,186,67289088,73000056,93,True,2,1,186,condition_then,186,415,237.44623655913978,44165,0.4872109549999095
186,0,0.48596963499999646,186,186,success,0,0.08377012500045566,2,True,175,False,8.881784197001252e-16,task_virtual_frontier,66990080,119,186,67289088,73000056,93,True,2,1,186,condition_then,186,415,237.44623655913978,44165,0.48597346499991545
649,0,0.5264342310000032,649,649,success,0,0,3,True,0,False,0,structural,66990080,0,649,67289088,73000056,103,True,3,0,649,sequence,0,0,0.0,0,0.5265478579999581
438,0,0.6037758949999983,429,429,success,0,0,3,True,0,False,0,frontier_t0,66990080,0,438,67289088,73000056,111,True,3,0,438,sequence,0,0,0.0,0,0.6038531899999953
597,0,2.0867011730000016,597,597,success,0,0.32021668299933026,3,True,536,False,1.5543122344752192e-15,virtual_frontier,66990080,190,597,67289088,73000056,135,True,3,62,597,sequence,597,632,303.0820770519263,180940,2.086954598000034
597,0,2.0872020150000026,597,597,success,0,0.31905060799999774,3,True,536,False,1.5543122344752192e-15,task_virtual_frontier,66990080,190,597,67289088,73000056,135,True,3,62,597,sequence,597,632,303.0820770519263,180940,2.087389233999943
1963,0,2.1094295309999964,1963,1963,success,0,0,7,True,0,False,0,structural,66990080,0,1963,67289088,73000056,139,True,4,0,1963,all_of,0,0,0.0,0,2.109759453000038
1104,0,2.2139541969999996,1104,1104,success,0,0,7,True,0,False,0,frontier_t0,66990080,0,1104,67289088,73000056,160,True,4,0,1104,all_of,0,0,0.0,0,2.2141853599999877
592,0,2.1468192799999954,592,592,success,0,0.31089285399900746,7,True,533,False,1.5543122344752192e-15,virtual_frontier,66990080,144,592,67289088,73000056,134,True,4,45,592,all_of,592,507,290.39864864864865,171916,2.1470775500000627
592,0,2.1462959670000004,592,592,success,1,0.31165152299865895,7,True,534,True,1.5543122344752192e-15,task_virtual_frontier,66990080,144,592,67289088,73000056,134,True,4,43,592,all_of,592,507,289.78547297297297,171553,2.1465347089999796
1515,0,1.344977073999999,1515,1515,success,0,0,2,True,0,False,0,structural,66990080,0,1515,67289088,73000056,127,True,5,0,1515,condition_then,0,0,0.0,0,1.3451386479999883
1148,0,1.985153087999997,1148,1148,success,0,0,2,True,0,False,0,frontier_t0,66990080,0,1148,67289088,73000056,165,True,5,0,1148,condition_then,0,0,0.0,0,1.9854059520000646
725,0,2.5589966299999958,725,725,success,0,0.39086874200108923,2,True,644,False,1.1102230246251565e-15,virtual_frontier,66990080,138,725,67289088,73000056,140,True,5,36,725,condition_then,725,429,286.1406896551724,207452,2.559267613999964
536,0,1.7213594549999982,536,536,success,1,0.27287514500108045,2,True,492,True,1.1102230246251565e-15,task_virtual_frontier,66990080,128,536,67289088,73000056,130,True,5,19,536,condition_then,536,429,273.8358208955224,146776,1.7215953620000164
2945,0,3.1030461260000024,2945,2945,success,0,0,3,True,0,False,0,structural,66990080,0,2945,67297280,73000056,150,True,6,0,2945,sequence,0,0,0.0,0,3.1034578109999984
801,0,1.7956943950000053,792,792,success,0,0,3,True,0,False,0,frontier_t0,66990080,0,801,67297280,73000056,142,True,6,0,801,sequence,0,0,0.0,0,1.7958575529999052
1156,0,6.778016465000007,1146,1146,success,0,0.8789933070021334,3,True,1007,False,1.1102230246251565e-15,virtual_frontier,67117056,339,1156,67506176,73000056,172,True,6,466,1156,sequence,1146,720,428.2870855148342,490817,6.77878378999992
1153,0,6.749692616999994,1143,1143,success,1,0.8626736800016488,3,True,1005,True,1.1102230246251565e-15,task_virtual_frontier,67379200,339,1153,67731456,73000056,172,True,6,463,1153,sequence,1143,720,427.8888888888889,489077,6.7504376539999384
4096,0,5.132150851999995,4096,4096,task_step_limit,0,0,5,False,0,False,0,structural,67940352,0,4096,68173824,73000056,160,False,7,0,4096,all_of,0,0,0.0,0,5.1327401969999755
1626,0,3.76185180600001,1626,1626,success,0,0,7,True,0,False,0,frontier_t0,67940352,0,1626,68173824,73000056,196,True,7,0,1626,all_of,0,0,0.0,0,3.7639043799999854
1157,0,5.140514388,1157,1157,success,0,0.6902614390010058,7,True,1018,False,1.5543122344752192e-15,virtual_frontier,67940352,172,1157,68186112,73000056,174,True,7,31,1157,all_of,1157,506,300.61452031114953,347811,5.14103078100004
1157,0,5.139340317000006,1157,1157,success,1,0.6909131250012024,7,True,1017,True,1.5543122344752192e-15,task_virtual_frontier,67940352,172,1157,68186112,73000056,174,True,7,35,1157,all_of,1157,514,301.5211754537597,348860,5.139834117999953
4096,0,4.624651567000001,4096,4096,task_step_limit,0,0,1,False,0,False,0,structural,67940352,0,4096,68227072,73000056,160,False,8,0,4096,condition_then,0,0,0.0,0,4.625098536999985
1116,0,1.9422338180000054,1116,1116,success,0,0,2,True,0,False,0,frontier_t0,67940352,0,1116,68227072,73000056,159,True,8,0,1116,condition_then,0,0,0.0,0,1.9423937309999246
1274,0,5.9111339769999915,1274,1274,success,0,0.8257077019999315,2,True,1123,False,1.1102230246251565e-15,virtual_frontier,68464640,207,1274,68739072,73000056,187,True,8,260,1274,condition_then,1274,665,353.7551020408163,450684,5.911846497999932
1187,0,4.968395884000003,1187,1187,success,2,0.7155958630020223,2,True,1049,True,1.3322676295501878e-15,task_virtual_frontier,68464640,172,1187,68755456,73000056,174,True,8,50,1187,condition_then,1187,507,308.94271272114577,366715,4.970711416000086
1920,0,1.9218162030000059,1920,1920,success,0,0,3,True,0,False,0,structural,68464640,0,1920,68755456,73000056,139,True,9,0,1920,branch,0,0,0.0,0,1.9219509360000302
1135,0,1.9214388110000016,1135,1135,success,0,0,3,True,0,False,0,frontier_t0,68464640,0,1135,68755456,73000056,160,True,9,0,1135,branch,0,0,0.0,0,1.9215863609999815
524,0,1.7359326090000025,524,524,success,0,0.27503888500041285,3,True,477,False,8.881784197001252e-16,virtual_frontier,68464640,160,524,68759552,73000056,129,True,9,82,524,branch,524,561,304.3702290076336,159490,1.7361076779999394
524,0,1.599676427999995,524,524,success,1,0.2620261429981383,3,True,477,True,8.881784197001252e-16,task_virtual_frontier,68464640,130,524,68759552,73000056,129,True,9,2,524,branch,524,473,268.0706106870229,140469,1.5997784600000386
3090,0,3.2451982040000047,3090,3090,success,0,0,3,True,0,False,0,structural,68464640,0,3090,68759552,73000056,156,True,10,0,3090,branch,0,0,0.0,0,3.2454743550000558
866,0,1.3530462890000052,858,858,success,0,0,3,True,0,False,0,frontier_t0,68464640,0,866,68759552,73000056,146,True,10,0,866,branch,0,0,0.0,0,1.353130823000015
654,0,2.1443756759999957,654,654,success,0,0.34038459799955945,3,True,595,False,1.1102230246251565e-15,virtual_frontier,68464640,143,654,68759552,73000056,145,True,10,0,654,branch,654,399,287.8593272171254,188260,2.1445613189999904
654,0,2.146770688999993,654,654,success,0,0.3407713630002718,3,True,595,False,1.1102230246251565e-15,task_virtual_frontier,68464640,143,654,68759552,73000056,145,True,10,0,654,branch,654,399,287.8593272171254,188260,2.146979414000043
1547,0,1.333777964999996,1547,1547,success,0,0,3,True,0,False,0,structural,68464640,0,1547,68759552,73000056,130,True,11,0,1547,branch,0,0,0.0,0,1.333832146000077
640,0,0.8729540010000107,640,640,success,0,0,3,True,0,False,0,frontier_t0,69120000,0,640,69361664,73000056,127,True,11,0,640,branch,0,0,0.0,0,0.8738094110000247
677,0,2.2292809509999927,677,677,success,0,0.35513473900118697,3,True,608,False,1.1102230246251565e-15,virtual_frontier,69120000,143,677,69361664,73000056,145,True,11,0,677,branch,677,387,288.9231905465288,195601,2.2294083130000217
677,0,2.220413938000007,677,677,success,0,0.355045183000243,3,True,608,False,1.1102230246251565e-15,task_virtual_frontier,69120000,143,677,69361664,73000056,145,True,11,0,677,branch,677,387,288.9231905465288,195601,2.2205792080000037
18,0,0.04186933500000123,0,0,success,0,0,3,True,0,False,0,structural,69120000,0,18,69361664,73000057,63,True,0,0,18,sequence,0,0,0.0,0,0.0418726959999276
18,0,0.0417826929999876,0,0,success,0,0,3,True,0,False,0,frontier_t0,69120000,0,18,69361664,73000057,63,True,0,0,18,sequence,0,0,0.0,0,0.04178568300005736
18,0,0.04156016900000736,0,0,success,0,0,3,True,0,False,0,virtual_frontier,69120000,0,18,69361664,73000057,63,True,0,0,18,sequence,0,0,0.0,0,0.04156322800008638
18,0,0.04155264400000647,0,0,success,0,0,3,True,0,False,0,task_virtual_frontier,69120000,0,18,69361664,73000057,63,True,0,0,18,sequence,0,0,0.0,0,0.041555392999953256
20,0,0.07191854100000228,0,0,success,0,0,7,True,0,False,0,structural,69120000,0,20,69361664,73000057,63,True,1,0,20,all_of,0,0,0.0,0,0.07192141699999866
20,0,0.07203891500000736,0,0,success,0,0,7,True,0,False,0,frontier_t0,69120000,0,20,69361664,73000057,63,True,1,0,20,all_of,0,0,0.0,0,0.07204182200007381
20,0,0.07195104299998434,0,0,success,0,0,7,True,0,False,0,virtual_frontier,69120000,0,20,69361664,73000057,63,True,1,0,20,all_of,0,0,0.0,0,0.07195437799998672
20,0,0.0718302569999878,0,0,success,0,0,7,True,0,False,0,task_virtual_frontier,69120000,0,20,69361664,73000057,63,True,1,0,20,all_of,0,0,0.0,0,0.0718334230000437
15,0,0.02826754500000561,0,0,success,0,0,2,True,0,False,0,structural,69120000,0,15,69361664,73000057,63,True,2,0,15,condition_then,0,0,0.0,0,0.02827002200001516
15,0,0.0282339219999983,0,0,success,0,0,2,True,0,False,0,frontier_t0,69120000,0,15,69361664,73000057,63,True,2,0,15,condition_then,0,0,0.0,0,0.028246989999956895
15,0,0.028236146000011786,0,0,success,0,0,2,True,0,False,0,virtual_frontier,69120000,0,15,69361664,73000057,63,True,2,0,15,condition_then,0,0,0.0,0,0.028238805000000866
15,0,0.028164292000013802,0,0,success,0,0,2,True,0,False,0,task_virtual_frontier,69120000,0,15,69361664,73000057,63,True,2,0,15,condition_then,0,0,0.0,0,0.028178411999988384
16,0,0.040064861000018936,0,0,success,0,0,3,True,0,False,0,structural,69120000,0,16,69361664,73000057,63,True,3,0,16,sequence,0,0,0.0,0,0.04006770699993467
16,0,0.03981726800000729,0,0,success,0,0,3,True,0,False,0,frontier_t0,69120000,0,16,69361664,73000057,63,True,3,0,16,sequence,0,0,0.0,0,0.03983011400009673
16,0,0.04019806900001299,0,0,success,0,0,3,True,0,False,0,virtual_frontier,69120000,0,16,69361664,73000057,63,True,3,0,16,sequence,0,0,0.0,0,0.04020928099998855
16,0,0.03978664199999571,0,0,success,0,0,3,True,0,False,0,task_virtual_frontier,69120000,0,16,69361664,73000057,63,True,3,0,16,sequence,0,0,0.0,0,0.03979757799993422
12,0,0.04323139499999229,0,0,success,0,0,7,True,0,False,0,structural,69120000,0,12,69361664,73000057,63,True,4,0,12,all_of,0,0,0.0,0,0.043234181000002536
12,0,0.042444967999983874,0,0,success,0,0,7,True,0,False,0,frontier_t0,69120000,0,12,69361664,73000057,63,True,4,0,12,all_of,0,0,0.0,0,0.04244796199998291
12,0,0.04250999999999294,0,0,success,0,0,7,True,0,False,0,virtual_frontier,69120000,0,12,69361664,73000057,63,True,4,0,12,all_of,0,0,0.0,0,0.04251283300004616
12,0,0.042565061999994214,0,0,success,0,0,7,True,0,False,0,task_virtual_frontier,69120000,0,12,69361664,73000057,63,True,4,0,12,all_of,0,0,0.0,0,0.04258822400004192
19,0,0.04199401699997907,0,0,success,0,0,2,True,0,False,0,structural,69120000,0,19,69361664,73000057,63,True,5,0,19,condition_then,0,0,0.0,0,0.04199733999996624
19,0,0.036257531999979165,0,0,success,0,0,2,True,0,False,0,frontier_t0,69120000,0,19,69361664,73000057,63,True,5,0,19,condition_then,0,0,0.0,0,0.03629351800009317
19,0,0.03590371199999254,0,0,success,0,0,2,True,0,False,0,virtual_frontier,69120000,0,19,69361664,73000057,63,True,5,0,19,condition_then,0,0,0.0,0,0.0359153829999741
19,0,0.03609656199998312,0,0,success,0,0,2,True,0,False,0,task_virtual_frontier,69120000,0,19,69361664,73000057,63,True,5,0,19,condition_then,0,0,0.0,0,0.036099587000080646
15,0,0.03370525299999372,0,0,success,0,0,3,True,0,False,0,structural,69120000,0,15,69361664,73000057,63,True,6,0,15,sequence,0,0,0.0,0,0.03371787900005074
15,0,0.03384671700001718,0,0,success,0,0,3,True,0,False,0,frontier_t0,69120000,0,15,69361664,73000057,63,True,6,0,15,sequence,0,0,0.0,0,0.03384947400002147
15,0,0.03376894100000527,0,0,success,0,0,3,True,0,False,0,virtual_frontier,69120000,0,15,69361664,73000057,63,True,6,0,15,sequence,0,0,0.0,0,0.033785735000037675
15,0,0.033957132000011825,0,0,success,0,0,3,True,0,False,0,task_virtual_frontier,69120000,0,15,69361664,73000057,63,True,6,0,15,sequence,0,0,0.0,0,0.03395997100005843
18,0,0.04670904899998618,0,0,success,0,0,7,True,0,False,0,structural,69120000,0,18,69361664,73000057,63,True,7,0,18,all_of,0,0,0.0,0,0.04671212599998853
18,0,0.046714638999986846,0,0,success,0,0,7,True,0,False,0,frontier_t0,69120000,0,18,69361664,73000057,63,True,7,0,18,all_of,0,0,0.0,0,0.04671736199998122
18,0,0.0466883590000009,0,0,success,0,0,7,True,0,False,0,virtual_frontier,69120000,0,18,69361664,73000057,63,True,7,0,18,all_of,0,0,0.0,0,0.04669080799999392
18,0,0.046767788000011024,0,0,success,0,0,7,True,0,False,0,task_virtual_frontier,69120000,0,18,69361664,73000057,63,True,7,0,18,all_of,0,0,0.0,0,0.04677099700006693
7,0,0.013959607999993295,0,0,success,0,0,2,True,0,False,0,structural,69120000,0,7,69361664,73000057,63,True,8,0,7,condition_then,0,0,0.0,0,0.013962344999981724
7,0,0.013833251999983531,0,0,success,0,0,2,True,0,False,0,frontier_t0,69120000,0,7,69361664,73000057,63,True,8,0,7,condition_then,0,0,0.0,0,0.013835878999998386
7,0,0.013859251000013728,0,0,success,0,0,2,True,0,False,0,virtual_frontier,69120000,0,7,69361664,73000057,63,True,8,0,7,condition_then,0,0,0.0,0,0.013861888000064937
7,0,0.013812753999985716,0,0,success,0,0,2,True,0,False,0,task_virtual_frontier,69120000,0,7,69361664,73000057,63,True,8,0,7,condition_then,0,0,0.0,0,0.013815250999982709
10,0,0.027362277000008817,0,0,success,0,0,3,True,0,False,0,structural,69120000,0,10,69361664,73000057,63,True,9,0,10,branch,0,0,0.0,0,0.027365709000036986
10,0,0.027373015999984318,0,0,success,0,0,3,True,0,False,0,frontier_t0,69120000,0,10,69361664,73000057,63,True,9,0,10,branch,0,0,0.0,0,0.02737568800000645
10,0,0.027381353000009767,0,0,success,0,0,3,True,0,False,0,virtual_frontier,69120000,0,10,69361664,73000057,63,True,9,0,10,branch,0,0,0.0,0,0.02738424300002862
10,0,0.027549926000006053,0,0,success,0,0,3,True,0,False,0,task_virtual_frontier,69120000,0,10,69361664,73000057,63,True,9,0,10,branch,0,0,0.0,0,0.02755284699992444
12,0,0.02949108599997885,0,0,success,0,0,3,True,0,False,0,structural,69120000,0,12,69361664,73000057,63,True,10,0,12,branch,0,0,0.0,0,0.029502546999992774
12,0,0.029546639000017194,0,0,success,0,0,3,True,0,False,0,frontier_t0,69120000,0,12,69361664,73000057,63,True,10,0,12,branch,0,0,0.0,0,0.029549083999995673
12,0,0.030451356000014584,0,0,success,0,0,3,True,0,False,0,virtual_frontier,69120000,0,12,69361664,73000057,63,True,10,0,12,branch,0,0,0.0,0,0.030453899000008278
12,0,0.02946524800000816,0,0,success,0,0,3,True,0,False,0,task_virtual_frontier,69120000,0,12,69361664,73000057,63,True,10,0,12,branch,0,0,0.0,0,0.029467641999985972
10,0,0.024803485999996155,0,0,success,0,0,3,True,0,False,0,structural,69120000,0,10,69361664,73000057,63,True,11,0,10,branch,0,0,0.0,0,0.02480578200004402
10,0,0.024710161999990987,0,0,success,0,0,3,True,0,False,0,frontier_t0,69120000,0,10,69361664,73000057,63,True,11,0,10,branch,0,0,0.0,0,0.02471273999992718
10,0,0.024836117000006652,0,0,success,0,0,3,True,0,False,0,virtual_frontier,69120000,0,10,69361664,73000057,63,True,11,0,10,branch,0,0,0.0,0,0.024838774000045305
10,0,0.024721472999999605,0,0,success,0,0,3,True,0,False,0,task_virtual_frontier,69120000,0,10,69361664,73000057,63,True,11,0,10,branch,0,0,0.0,0,0.02472391100002369
783,0,0.6620854620000216,775,775,success,0,0,3,True,0,False,0,structural,69120000,0,783,69361664,73000058,98,True,0,0,783,sequence,0,0,0.0,0,0.6621449670000175
484,0,0.6977150710000046,465,465,success,0,0,3,True,0,False,0,frontier_t0,69120000,0,484,69365760,73000058,127,True,0,0,484,sequence,0,0,0.0,0,0.6977828370000907
246,0,0.6774833910000098,238,238,success,0,0.10256599800050026,3,True,230,False,5.551115123125783e-16,virtual_frontier,69120000,103,246,69365760,73000058,104,True,0,0,246,sequence,238,197,155.39915966386553,36985,0.6775084120000656
246,0,0.6780923470000175,238,238,success,0,0.10263730100075463,3,True,230,False,5.551115123125783e-16,task_virtual_frontier,69120000,103,246,69365760,73000058,104,True,0,0,246,sequence,238,197,155.39915966386553,36985,0.6781316509999442
1000,0,1.0340453139999966,1000,1000,success,0,0,7,True,0,False,0,structural,69120000,0,1000,69365760,73000058,100,True,1,0,1000,all_of,0,0,0.0,0,1.0346303879999823
463,0,0.7067038120000007,463,463,success,0,0,7,True,0,False,0,frontier_t0,69120000,0,463,69365760,73000058,126,True,1,0,463,all_of,0,0,0.0,0,0.706719704999955
237,0,0.7394154420000234,237,237,success,0,0.10545241199986322,7,True,229,False,1.1102230246251565e-15,virtual_frontier,69120000,151,237,69365760,73000058,104,True,1,23,237,all_of,237,350,172.23628691983123,40820,0.739510164999956
237,0,0.7236201319999793,237,237,success,1,0.10468402200001492,7,True,228,True,1.1102230246251565e-15,task_virtual_frontier,69120000,151,237,69365760,73000058,104,True,1,14,237,all_of,237,350,166.7594936708861,39522,0.7236464469999646
7,0,0.015546626000002561,0,0,success,0,0,2,True,0,False,0,structural,69120000,0,7,69365760,73000058,74,True,2,0,7,condition_then,0,0,0.0,0,0.015549461999967207
7,0,0.01551890499999331,0,0,success,0,0,2,True,0,False,0,frontier_t0,69120000,0,7,69365760,73000058,74,True,2,0,7,condition_then,0,0,0.0,0,0.015521638999985043
7,0,0.01550377699999217,0,0,success,0,0,2,True,0,False,0,virtual_frontier,69120000,0,7,69365760,73000058,74,True,2,0,7,condition_then,0,0,0.0,0,0.01550630999997793
7,0,0.015554621999996243,0,0,success,0,0,2,True,0,False,0,task_virtual_frontier,69120000,0,7,69365760,73000058,74,True,2,0,7,condition_then,0,0,0.0,0,0.015556984999989254
4096,0,4.087824285000011,4096,4096,task_step_limit,0,0,0,False,0,False,0,structural,69120000,0,4096,69365760,73000058,131,False,3,0,4096,sequence,0,0,0.0,0,4.089247704999934
123,0,0.14441829599999778,116,116,success,0,0,3,True,0,False,0,frontier_t0,69120000,0,123,69365760,73000058,91,True,3,0,123,sequence,0,0,0.0,0,0.1444219789999579
313,0,0.8969541859999879,306,306,success,0,0.13555927600089035,3,True,296,False,4.440892098500626e-16,virtual_frontier,69120000,113,313,69365760,73000058,114,True,3,0,313,sequence,306,216,163.26470588235293,49959,0.8970795210000233
313,0,0.8892373850000013,306,306,success,0,0.13512407199857535,3,True,296,False,4.440892098500626e-16,task_virtual_frontier,69120000,113,313,69365760,73000058,114,True,3,0,313,sequence,306,216,163.26470588235293,49959,0.8892825880000146
4096,0,4.568679064999998,4096,4096,task_step_limit,0,0,4,False,0,False,0,structural,69120000,0,4096,69365760,73000058,131,False,4,0,4096,all_of,0,0,0.0,0,4.56897625900001
124,0,0.14226366900001608,124,124,success,0,0,7,True,0,False,0,frontier_t0,69120000,0,124,69365760,73000058,94,True,4,0,124,all_of,0,0,0.0,0,0.14228210199996738
314,0,0.9453448739999999,314,314,success,0,0.13867534000155501,7,True,304,False,6.661338147750939e-16,virtual_frontier,69120000,116,314,69365760,73000058,117,True,4,0,314,all_of,314,222,160.656050955414,50446,0.9453802089999499
314,0,0.9456684089999783,314,314,success,0,0.13908040900003016,7,True,304,False,6.661338147750939e-16,task_virtual_frontier,69120000,116,314,69365760,73000058,117,True,4,0,314,all_of,314,222,160.656050955414,50446,0.9457236189999776
2289,0,2.1259706509999887,2289,2289,success,0,0,2,True,0,False,0,structural,69120000,0,2289,69365760,73000058,119,True,5,0,2289,condition_then,0,0,0.0,0,2.126157304000003
90,0,0.09699484600000119,90,90,success,0,0,2,True,0,False,0,frontier_t0,69120000,0,90,69365760,73000058,87,True,5,0,90,condition_then,0,0,0.0,0,0.09699775899991891
116,0,0.30910194699998783,116,116,success,0,0.05001784200055681,2,True,109,False,6.661338147750939e-16,virtual_frontier,69120000,110,116,69365760,73000058,87,True,5,2,116,condition_then,116,266,163.67241379310346,18986,0.3091505440000901
116,0,0.3054389879999917,116,116,success,0,0.04949171699956878,2,True,109,False,6.661338147750939e-16,task_virtual_frontier,69120000,110,116,69365760,73000058,87,True,5,2,116,condition_then,116,266,163.67241379310346,18986,0.305442401999926
4096,0,4.0970401540000125,4096,4096,task_step_limit,0,0,0,False,0,False,0,structural,69120000,0,4096,69365760,73000058,131,False,6,0,4096,sequence,0,0,0.0,0,4.097338698000044
793,0,1.7893961340000146,771,771,success,0,0,3,True,0,False,0,frontier_t0,69120000,0,793,69431296,73000058,154,True,6,0,793,sequence,0,0,0.0,0,1.7895759150000004
735,0,3.403128821000024,718,718,success,0,0.42542768299949785,3,True,678,False,1.3322676295501878e-15,virtual_frontier,69251072,299,735,69550080,73000058,151,True,6,215,735,sequence,718,490,250.491643454039,179853,3.403484843000001
735,0,3.4094252179999955,718,718,success,0,0.42580726300070637,3,True,678,False,1.3322676295501878e-15,task_virtual_frontier,69251072,299,735,69550080,73000058,151,True,6,215,735,sequence,718,490,250.491643454039,179853,3.4097289829999227
4096,0,4.643003760999989,4096,4096,task_step_limit,0,0,6,False,0,False,0,structural,69251072,0,4096,69550080,73000058,131,False,7,0,4096,all_of,0,0,0.0,0,4.64351969300003
680,0,1.993090053000003,674,674,success,0,0,7,True,0,False,0,frontier_t0,69251072,0,680,69550080,73000058,149,True,7,0,680,all_of,0,0,0.0,0,1.993257772999982
497,0,2.9009672749999993,489,489,success,0,0.3263574289994722,7,True,465,False,1.1102230246251565e-15,virtual_frontier,69251072,271,497,69574656,73000058,137,True,7,418,497,all_of,489,534,385.9243353783231,188717,2.9011351479999803
497,0,2.906994458999975,489,489,success,1,0.3261147209996125,7,True,466,True,1.1102230246251565e-15,task_virtual_frontier,69251072,271,497,69574656,73000058,137,True,7,418,497,all_of,489,530,384.8364008179959,188185,2.9072239780000473
9,0,0.017419106999994938,2,2,success,0,0,2,True,0,False,0,structural,69251072,0,9,69574656,73000058,76,True,8,0,9,condition_then,0,0,0.0,0,0.017421734999970795
9,0,0.017576711000003797,2,2,success,0,0,2,True,0,False,0,frontier_t0,69251072,0,9,69574656,73000058,76,True,8,0,9,condition_then,0,0,0.0,0,0.017579318000002786
9,0,0.018928230999989637,2,2,success,0,0.0005074969999441237,2,True,0,False,1.1102230246251565e-16,virtual_frontier,69251072,1,9,69574656,73000058,76,True,8,0,9,condition_then,2,7,7.0,14,0.01893076100009239
9,0,0.018562118999994937,2,2,success,0,0.00054776199999651,2,True,0,False,1.1102230246251565e-16,task_virtual_frontier,69251072,1,9,69574656,73000058,76,True,8,0,9,condition_then,2,7,7.0,14,0.018564498000046115
265,0,0.23901431000001594,255,255,success,0,0,3,True,0,False,0,structural,69251072,0,265,69574656,73000058,100,True,9,0,265,branch,0,0,0.0,0,0.23906755100006194
68,0,0.056330267000021195,68,68,success,0,0,3,True,0,False,0,frontier_t0,69251072,0,68,69574656,73000058,95,True,9,0,68,branch,0,0,0.0,0,0.0563412019999987
136,0,0.3287439989999825,126,126,success,0,0.052168160000064745,3,True,97,False,4.440892098500626e-16,virtual_frontier,69251072,96,136,69574656,73000058,97,True,9,0,136,branch,126,248,167.94444444444446,21161,0.328747409000016
136,0,0.32885682100001645,126,126,success,0,0.05202272799999719,3,True,97,False,4.440892098500626e-16,task_virtual_frontier,69251072,96,136,69574656,73000058,97,True,9,0,136,branch,126,248,167.94444444444446,21161,0.32888168100009807
324,0,0.2829403700000057,315,315,success,0,0,3,True,0,False,0,structural,69251072,0,324,69574656,73000058,90,True,10,0,324,branch,0,0,0.0,0,0.28294438399996125
617,0,0.9315566770000032,609,609,success,0,0,3,True,0,False,0,frontier_t0,69251072,0,617,69574656,73000058,141,True,10,0,617,branch,0,0,0.0,0,0.9316473869999982
257,0,0.7061199640000098,248,248,success,0,0.1081239649993222,3,True,240,False,5.551115123125783e-16,virtual_frontier,69251072,105,257,69574656,73000058,106,True,10,0,257,branch,248,202,160.3790322580645,39774,0.7061682649999739
257,0,0.7066178819999891,248,248,success,0,0.10861679600122898,3,True,240,False,5.551115123125783e-16,task_virtual_frontier,69251072,105,257,69574656,73000058,106,True,10,0,257,branch,248,202,160.3790322580645,39774,0.7066508960000419
14,0,0.0350656089999859,0,0,success,0,0,3,True,0,False,0,structural,69251072,0,14,69574656,73000058,74,True,11,0,14,branch,0,0,0.0,0,0.0350946500000191
14,0,0.035106056000017816,0,0,success,0,0,3,True,0,False,0,frontier_t0,69251072,0,14,69574656,73000058,74,True,11,0,14,branch,0,0,0.0,0,0.03512738100005208
14,0,0.03500343400000361,0,0,success,0,0,3,True,0,False,0,virtual_frontier,69251072,0,14,69574656,73000058,74,True,11,0,14,branch,0,0,0.0,0,0.0350062350000826
14,0,0.03489128399999686,0,0,success,0,0,3,True,0,False,0,task_virtual_frontier,69251072,0,14,69574656,73000058,74,True,11,0,14,branch,0,0,0.0,0,0.03491314199993667
13,0,0.008117494999993369,0,0,success,0,0,3,True,0,False,0,structural,69251072,0,13,69574656,73000059,12,True,0,0,13,sequence,0,0,0.0,0,0.008120135000012851
13,0,0.00805897600000094,0,0,success,0,0,3,True,0,False,0,frontier_t0,69251072,0,13,69574656,73000059,12,True,0,0,13,sequence,0,0,0.0,0,0.008061625999971511
13,0,0.0077610900000024685,0,0,success,0,0,3,True,0,False,0,virtual_frontier,69251072,0,13,69574656,73000059,12,True,0,0,13,sequence,0,0,0.0,0,0.007776313999897866
13,0,0.008355618999985381,0,0,success,0,0,3,True,0,False,0,task_virtual_frontier,69251072,0,13,69574656,73000059,12,True,0,0,13,sequence,0,0,0.0,0,0.008357889000080831
14,0,0.009882695999976931,0,0,success,0,0,7,True,0,False,0,structural,69251072,0,14,69574656,73000059,12,True,1,0,14,all_of,0,0,0.0,0,0.009885369999892646
14,0,0.009609046999997872,0,0,success,0,0,7,True,0,False,0,frontier_t0,69251072,0,14,69574656,73000059,12,True,1,0,14,all_of,0,0,0.0,0,0.009611608999989585
14,0,0.009482399999996005,0,0,success,0,0,7,True,0,False,0,virtual_frontier,69251072,0,14,69574656,73000059,12,True,1,0,14,all_of,0,0,0.0,0,0.009484923000059098
14,0,0.009444359000013947,0,0,success,0,0,7,True,0,False,0,task_virtual_frontier,69251072,0,14,69574656,73000059,12,True,1,0,14,all_of,0,0,0.0,0,0.009446882000020196
11,0,0.006488387000018747,0,0,success,0,0,2,True,0,False,0,structural,69251072,0,11,69574656,73000059,12,True,2,0,11,condition_then,0,0,0.0,0,0.0064909240001043145
11,0,0.00676058499999499,0,0,success,0,0,2,True,0,False,0,frontier_t0,69251072,0,11,69574656,73000059,12,True,2,0,11,condition_then,0,0,0.0,0,0.006763093000017761
11,0,0.006634841000021652,0,0,success,0,0,2,True,0,False,0,virtual_frontier,69251072,0,11,69574656,73000059,12,True,2,0,11,condition_then,0,0,0.0,0,0.00663741799996842
11,0,0.007843724000025531,0,0,success,0,0,2,True,0,False,0,task_virtual_frontier,69251072,0,11,69574656,73000059,12,True,2,0,11,condition_then,0,0,0.0,0,0.007846234999988155
10,0,0.006923448999998527,0,0,success,0,0,3,True,0,False,0,structural,69251072,0,10,69574656,73000059,12,True,3,0,10,sequence,0,0,0.0,0,0.006926077000002806
10,0,0.006226488999999447,0,0,success,0,0,3,True,0,False,0,frontier_t0,69251072,0,10,69574656,73000059,12,True,3,0,10,sequence,0,0,0.0,0,0.006229005999898618
10,0,0.0061038100000132545,0,0,success,0,0,3,True,0,False,0,virtual_frontier,69251072,0,10,69574656,73000059,12,True,3,0,10,sequence,0,0,0.0,0,0.006106356000032065
10,0,0.006013171000006423,0,0,success,0,0,3,True,0,False,0,task_virtual_frontier,69251072,0,10,69574656,73000059,12,True,3,0,10,sequence,0,0,0.0,0,0.00601551699992342
7,0,0.004489180000007309,0,0,success,0,0,7,True,0,False,0,structural,69251072,0,7,69574656,73000059,12,True,4,0,7,all_of,0,0,0.0,0,0.004491682999969271
7,0,0.004464683999998442,0,0,success,0,0,7,True,0,False,0,frontier_t0,69251072,0,7,69574656,73000059,12,True,4,0,7,all_of,0,0,0.0,0,0.004467278000106489
7,0,0.004467449999992823,0,0,success,0,0,7,True,0,False,0,virtual_frontier,69251072,0,7,69574656,73000059,12,True,4,0,7,all_of,0,0,0.0,0,0.0044699430000036955
7,0,0.004432043000008434,0,0,success,0,0,7,True,0,False,0,task_virtual_frontier,69251072,0,7,69574656,73000059,12,True,4,0,7,all_of,0,0,0.0,0,0.004434645999936038
7,0,0.004016007999979365,0,0,success,0,0,2,True,0,False,0,structural,69251072,0,7,69574656,73000059,12,True,5,0,7,condition_then,0,0,0.0,0,0.004018599999994876
7,0,0.004038180000009106,0,0,success,0,0,2,True,0,False,0,frontier_t0,69251072,0,7,69574656,73000059,12,True,5,0,7,condition_then,0,0,0.0,0,0.004040691000000152
7,0,0.004041935999993029,0,0,success,0,0,2,True,0,False,0,virtual_frontier,69251072,0,7,69574656,73000059,12,True,5,0,7,condition_then,0,0,0.0,0,0.004044508999982099
7,0,0.004086489000002302,0,0,success,0,0,2,True,0,False,0,task_virtual_frontier,69251072,0,7,69574656,73000059,12,True,5,0,7,condition_then,0,0,0.0,0,0.00408904200003235
19,0,0.011559833000006847,0,0,success,0,0,3,True,0,False,0,structural,69251072,0,19,69574656,73000059,12,True,6,0,19,sequence,0,0,0.0,0,0.01156237999998666
19,0,0.01165770599999405,0,0,success,0,0,3,True,0,False,0,frontier_t0,69251072,0,19,69574656,73000059,12,True,6,0,19,sequence,0,0,0.0,0,0.011660242000061771
19,0,0.011517784999995229,0,0,success,0,0,3,True,0,False,0,virtual_frontier,69251072,0,19,69574656,73000059,12,True,6,0,19,sequence,0,0,0.0,0,0.011520281000002797
19,0,0.011585991999993439,0,0,success,0,0,3,True,0,False,0,task_virtual_frontier,69251072,0,19,69574656,73000059,12,True,6,0,19,sequence,0,0,0.0,0,0.01158834799991837
8,0,0.005037050999987969,0,0,success,0,0,7,True,0,False,0,structural,69251072,0,8,69574656,73000059,12,True,7,0,8,all_of,0,0,0.0,0,0.005039546000034534
8,0,0.005038905000020577,0,0,success,0,0,7,True,0,False,0,frontier_t0,69251072,0,8,69574656,73000059,12,True,7,0,8,all_of,0,0,0.0,0,0.005041569000013624
8,0,0.005059503000012455,0,0,success,0,0,7,True,0,False,0,virtual_frontier,69251072,0,8,69574656,73000059,12,True,7,0,8,all_of,0,0,0.0,0,0.005061976999968465
8,0,0.005058552000008376,0,0,success,0,0,7,True,0,False,0,task_virtual_frontier,69251072,0,8,69574656,73000059,12,True,7,0,8,all_of,0,0,0.0,0,0.005061156000010669
7,0,0.004143214999999145,0,0,success,0,0,2,True,0,False,0,structural,69251072,0,7,69574656,73000059,12,True,8,0,7,condition_then,0,0,0.0,0,0.004145657000094616
7,0,0.0040931519999958255,0,0,success,0,0,2,True,0,False,0,frontier_t0,69251072,0,7,69574656,73000059,12,True,8,0,7,condition_then,0,0,0.0,0,0.004095823999932691
7,0,0.004079777000015383,0,0,success,0,0,2,True,0,False,0,virtual_frontier,69251072,0,7,69574656,73000059,12,True,8,0,7,condition_then,0,0,0.0,0,0.004082369000002473
7,0,0.004137002999982542,0,0,success,0,0,2,True,0,False,0,task_virtual_frontier,69251072,0,7,69574656,73000059,12,True,8,0,7,condition_then,0,0,0.0,0,0.004139605999966989
9,0,0.00546722300001079,0,0,success,0,0,3,True,0,False,0,structural,69251072,0,9,69574656,73000059,12,True,9,0,9,branch,0,0,0.0,0,0.00546978800002762
9,0,0.005473445000006905,0,0,success,0,0,3,True,0,False,0,frontier_t0,69251072,0,9,69574656,73000059,12,True,9,0,9,branch,0,0,0.0,0,0.005487021000021741
9,0,0.0054159080000033555,0,0,success,0,0,3,True,0,False,0,virtual_frontier,69251072,0,9,69574656,73000059,12,True,9,0,9,branch,0,0,0.0,0,0.005418503999976565
9,0,0.005520793000016511,0,0,success,0,0,3,True,0,False,0,task_virtual_frontier,69251072,0,9,69574656,73000059,12,True,9,0,9,branch,0,0,0.0,0,0.005523379000010209
7,0,0.0046982389999925545,0,0,success,0,0,3,True,0,False,0,structural,69251072,0,7,69574656,73000059,12,True,10,0,7,branch,0,0,0.0,0,0.0047007129999201425
7,0,0.004687189999998509,0,0,success,0,0,3,True,0,False,0,frontier_t0,69251072,0,7,69574656,73000059,12,True,10,0,7,branch,0,0,0.0,0,0.004689692999932049
7,0,0.004706264999981613,0,0,success,0,0,3,True,0,False,0,virtual_frontier,69251072,0,7,69574656,73000059,12,True,10,0,7,branch,0,0,0.0,0,0.00470893800002159
7,0,0.004623460999994222,0,0,success,0,0,3,True,0,False,0,task_virtual_frontier,69251072,0,7,69574656,73000059,12,True,10,0,7,branch,0,0,0.0,0,0.0046261939999112656
6,0,0.003757705999987593,0,0,success,0,0,3,True,0,False,0,structural,69251072,0,6,69574656,73000059,12,True,11,0,6,branch,0,0,0.0,0,0.0037603180001042347
6,0,0.0037258970000095815,0,0,success,0,0,3,True,0,False,0,frontier_t0,69251072,0,6,69574656,73000059,12,True,11,0,6,branch,0,0,0.0,0,0.003728467999962959
6,0,0.0037361059999909685,0,0,success,0,0,3,True,0,False,0,virtual_frontier,69251072,0,6,69574656,73000059,12,True,11,0,6,branch,0,0,0.0,0,0.0037385979999271512
6,0,0.0036980750000168428,0,0,success,0,0,3,True,0,False,0,task_virtual_frontier,69251072,0,6,69574656,73000059,12,True,11,0,6,branch,0,0,0.0,0,0.0037006469999596447
323,0,0.49196434899999997,317,317,success,0,0,3,True,0,False,0,structural,63774720,0,323,64081920,73000060,116,True,0,0,323,sequence,0,0,0.0,0,0.4919993629999908
423,0,0.710592673,417,417,success,0,0,3,True,0,False,0,frontier_t0,64299008,0,423,64598016,73000060,123,True,0,0,423,sequence,0,0,0.0,0,0.7106366229999992
414,0,1.421424531,408,408,success,0,0.18420694399964077,3,True,391,False,6.661338147750939e-16,virtual_frontier,64954368,165,414,65204224,73000060,131,True,0,56,414,sequence,408,294,141.12745098039215,57580,1.4215474530000165
414,0,1.4305727000000004,408,408,success,0,0.18369414500003245,3,True,391,False,6.661338147750939e-16,task_virtual_frontier,64954368,165,414,65224704,73000060,131,True,0,56,414,sequence,408,294,141.12745098039215,57580,1.430722438999993
315,0,0.5769477970000008,315,315,success,0,0,7,True,0,False,0,structural,64954368,0,315,65224704,73000060,116,True,1,0,315,all_of,0,0,0.0,0,0.5769832010000187
415,0,0.8554072120000002,415,415,success,0,0,7,True,0,False,0,frontier_t0,64954368,0,415,65224704,73000060,123,True,1,0,415,all_of,0,0,0.0,0,0.8554778360000057
406,0,1.6375630870000002,406,406,success,0,0.19173249199982934,7,True,389,False,1.1102230246251565e-15,virtual_frontier,65347584,300,406,65224704,73000060,131,True,1,56,406,all_of,406,574,156.14532019704433,63395,1.63770069200001
406,0,1.640695686,406,406,success,0,0.19247393599999896,7,True,389,False,1.1102230246251565e-15,task_virtual_frontier,65347584,300,406,65224704,73000060,131,True,1,56,406,all_of,406,574,156.14532019704433,63395,1.640820070999979
310,0,0.3902794759999999,310,310,success,0,0,2,True,0,False,0,structural,65347584,0,310,65224704,73000060,115,True,2,0,310,condition_then,0,0,0.0,0,0.3903217579999989
380,0,0.5536403249999999,380,380,success,0,0,2,True,0,False,0,frontier_t0,65347584,0,380,65224704,73000060,119,True,2,0,380,condition_then,0,0,0.0,0,0.5536714640000184
401,0,1.2692083369999985,401,401,success,0,0.17446292700000754,2,True,384,False,8.881784197001252e-16,virtual_frontier,65347584,127,401,65224704,73000060,130,True,2,8,401,condition_then,401,207,125.21945137157107,50213,1.26934909900001
405,0,1.2787445109999993,405,405,success,1,0.17530789299991056,2,True,389,True,1.1102230246251565e-15,task_virtual_frontier,65347584,127,405,65224704,73000060,130,True,2,3,405,condition_then,405,205,123.40246913580246,49978,1.278872143000001
4096,0,3.163167832000001,4096,4096,task_step_limit,0,0,0,False,0,False,0,structural,67493888,0,4096,67735552,73000060,155,False,3,0,4096,sequence,0,0,0.0,0,3.1634696539999823
4096,0,2.776844712000001,4096,4096,task_step_limit,0,0,0,False,0,False,0,frontier_t0,70508544,0,4096,70754304,73000060,128,False,3,0,4096,sequence,0,0,0.0,0,2.777124484000012
4096,0,3.1741449940000024,4096,4096,task_step_limit,0,0.1624064639995595,0,False,3967,False,6.661338147750939e-16,virtual_frontier,74145792,307,4096,74407936,73000060,111,False,3,188,4096,sequence,252,522,20.148193359375,82527,3.1744522360000076
4096,0,3.164345319999999,4096,4096,task_step_limit,0,0.16245264800008385,0,False,3967,False,6.661338147750939e-16,task_virtual_frontier,74186752,307,4096,74407936,73000060,111,False,3,188,4096,sequence,252,522,20.148193359375,82527,3.1645874219999826
19,0,0.06588607899999843,6,6,success,0,0,7,True,0,False,0,structural,74186752,0,19,74407936,73000060,85,True,4,0,19,all_of,0,0,0.0,0,0.0658898929999907
19,0,0.06587760300000056,6,6,success,0,0,7,True,0,False,0,frontier_t0,74186752,0,19,74055680,73000060,85,True,4,0,19,all_of,0,0,0.0,0,0.06588147699997648
19,0,0.07017801499999976,6,6,success,0,0.0015212089999749878,7,True,5,False,1.1102230246251565e-16,virtual_frontier,74186752,2,19,74055680,73000060,85,True,4,0,19,all_of,6,12,8.666666666666666,52,0.07019544700000324
19,0,0.06811120599999754,6,6,success,0,0.0015450560000260793,7,True,5,False,1.1102230246251565e-16,task_virtual_frontier,74186752,2,19,74055680,73000060,85,True,4,0,19,all_of,6,12,8.666666666666666,52,0.06811479600000325
8,0,0.0066011390000007,6,6,success,0,0,2,True,0,False,0,structural,74186752,0,8,74055680,73000060,85,True,5,0,8,condition_then,0,0,0.0,0,0.00660397400000079
8,0,0.007386346000000543,6,6,success,0,0,2,True,0,False,0,frontier_t0,74186752,0,8,74055680,73000060,85,True,5,0,8,condition_then,0,0,0.0,0,0.007388998999999785
8,0,0.01002030499999762,6,6,success,0,0.0015823640000292016,2,True,5,False,4.440892098500626e-16,virtual_frontier,74186752,2,8,74055680,73000060,85,True,5,0,8,condition_then,6,12,8.666666666666666,52,0.010023442000004934
8,0,0.010043578999997749,6,6,success,0,0.001580940999986069,2,True,5,False,4.440892098500626e-16,task_virtual_frontier,74186752,2,8,74055680,73000060,85,True,5,0,8,condition_then,6,12,8.666666666666666,52,0.010046754000001101
592,0,2.163571261999998,575,575,success,0,0,3,True,0,False,0,structural,74186752,0,592,74076160,73000060,136,True,6,0,592,sequence,0,0,0.0,0,2.1637373049999837
531,0,2.0868433579999994,508,508,success,0,0,3,True,0,False,0,frontier_t0,74186752,0,531,74076160,73000060,132,True,6,0,531,sequence,0,0,0.0,0,2.0870064640000123
557,0,4.690553898000001,534,534,success,0,0.4142744009992043,3,True,509,False,1.3322676295501878e-15,virtual_frontier,74338304,421,557,74612736,73000060,142,True,6,432,557,sequence,534,578,380.07865168539325,202962,4.691032564000011
557,0,4.682965821000003,534,534,success,0,0.41323369099995944,3,True,509,False,1.3322676295501878e-15,task_virtual_frontier,74600448,421,557,74706944,73000060,142,True,6,432,557,sequence,534,578,380.07865168539325,202962,4.683407098000032
13,0,0.07513251900000029,0,0,success,0,0,7,True,0,False,0,structural,74600448,0,13,74231808,73000060,83,True,7,0,13,all_of,0,0,0.0,0,0.07513718800004199
13,0,0.07258209500000135,0,0,success,0,0,7,True,0,False,0,frontier_t0,74600448,0,13,74231808,73000060,83,True,7,0,13,all_of,0,0,0.0,0,0.07259780399999727
13,0,0.07246590900000172,0,0,success,0,0,7,True,0,False,0,virtual_frontier,74600448,0,13,74231808,73000060,83,True,7,0,13,all_of,0,0,0.0,0,0.07246957399996745
13,0,0.07271563499999445,0,0,success,0,0,7,True,0,False,0,task_virtual_frontier,74600448,0,13,74231808,73000060,83,True,7,0,13,all_of,0,0,0.0,0,0.07271962300001178
2,0,0.005737375999999017,0,0,success,0,0,2,True,0,False,0,structural,74600448,0,2,74231808,73000060,83,True,8,0,2,condition_then,0,0,0.0,0,0.005740110000033383
2,0,0.005631508000000451,0,0,success,0,0,2,True,0,False,0,frontier_t0,74600448,0,2,74231808,73000060,83,True,8,0,2,condition_then,0,0,0.0,0,0.00563426100001152
2,0,0.006051262999996254,0,0,success,0,0,2,True,0,False,0,virtual_frontier,74600448,0,2,74231808,73000060,83,True,8,0,2,condition_then,0,0,0.0,0,0.006055282999966494
2,0,0.005668827999997461,0,0,success,0,0,2,True,0,False,0,task_virtual_frontier,74600448,0,2,74231808,73000060,83,True,8,0,2,condition_then,0,0,0.0,0,0.005671630999984245
129,0,0.16017305499999424,121,121,success,0,0,3,True,0,False,0,structural,74600448,0,129,74235904,73000060,98,True,9,0,129,branch,0,0,0.0,0,0.16019650699996646
144,0,0.20202980300000206,136,136,success,0,0,3,True,0,False,0,frontier_t0,74600448,0,144,74235904,73000060,98,True,9,0,144,branch,0,0,0.0,0,0.2020458210000129
136,0,0.3925246900000019,128,128,success,0,0.05338998300038611,3,True,122,False,4.440892098500626e-16,virtual_frontier,74600448,88,136,74235904,73000060,97,True,9,0,136,branch,128,183,129.515625,16578,0.39255727199997636
136,0,0.39267482099999995,128,128,success,0,0.052959954000186826,3,True,122,False,4.440892098500626e-16,task_virtual_frontier,74600448,88,136,74235904,73000060,97,True,9,0,136,branch,128,183,129.515625,16578,0.39273369300002514
9,0,0.02726974299999796,0,0,success,0,0,3,True,0,False,0,structural,74600448,0,9,74235904,73000060,83,True,10,0,9,branch,0,0,0.0,0,0.02727288599999156
9,0,0.02706733499999814,0,0,success,0,0,3,True,0,False,0,frontier_t0,74600448,0,9,74235904,73000060,83,True,10,0,9,branch,0,0,0.0,0,0.027070395999999164
9,0,0.02700330500000092,0,0,success,0,0,3,True,0,False,0,virtual_frontier,74600448,0,9,74235904,73000060,83,True,10,0,9,branch,0,0,0.0,0,0.027006064999966384
9,0,0.02698709499999552,0,0,success,0,0,3,True,0,False,0,task_virtual_frontier,74600448,0,9,74235904,73000060,83,True,10,0,9,branch,0,0,0.0,0,0.026989925000009407
381,0,0.8874410900000029,376,376,success,0,0,3,True,0,False,0,structural,74600448,0,381,74256384,73000060,126,True,11,0,381,branch,0,0,0.0,0,0.8875639209999804
414,0,1.0696303969999974,409,409,success,0,0,3,True,0,False,0,frontier_t0,74600448,0,414,74268672,73000060,125,True,11,0,414,branch,0,0,0.0,0,1.0697098809999943
396,0,2.0809741079999995,391,391,success,0,0.22726012800040962,3,True,369,False,8.881784197001252e-16,virtual_frontier,74600448,251,396,74326016,73000060,132,True,11,307,396,branch,391,408,242.4066496163683,94781,2.0811516530000063
396,0,2.082720261999995,391,391,success,0,0.2268019319992618,3,True,369,False,8.881784197001252e-16,task_virtual_frontier,74600448,251,396,74346496,73000060,132,True,11,307,396,branch,391,408,242.4066496163683,94781,2.0828855020000105
10,0,0.005665801999995779,0,0,success,0,0,2,True,0,False,0,structural,74600448,0,10,73224192,73000061,15,True,0,0,10,condition_then,0,0,0.0,0,0.005668915999990531
10,0,0.0053416169999991325,0,0,success,0,0,2,True,0,False,0,frontier_t0,74600448,0,10,73224192,73000061,15,True,0,0,10,condition_then,0,0,0.0,0,0.005353663999983382
10,0,0.005329944999999725,0,0,success,0,0,2,True,0,False,0,virtual_frontier,74600448,0,10,73224192,73000061,15,True,0,0,10,condition_then,0,0,0.0,0,0.005332303000045613
10,0,0.0053821529999993345,0,0,success,0,0,2,True,0,False,0,task_virtual_frontier,74600448,0,10,73224192,73000061,15,True,0,0,10,condition_then,0,0,0.0,0,0.005384821999996348
10,0,0.005259113000001037,0,0,success,0,0,2,True,0,False,0,structural,74600448,0,10,73224192,73000061,15,True,1,0,10,condition_then,0,0,0.0,0,0.005267129999992903
10,0,0.005191586999998776,0,0,success,0,0,2,True,0,False,0,frontier_t0,74600448,0,10,73224192,73000061,15,True,1,0,10,condition_then,0,0,0.0,0,0.005194254000002729
10,0,0.005227683999997623,0,0,success,0,0,2,True,0,False,0,virtual_frontier,74600448,0,10,73224192,73000061,15,True,1,0,10,condition_then,0,0,0.0,0,0.005230251999989832
10,0,0.005238183000003005,0,0,success,0,0,2,True,0,False,0,task_virtual_frontier,74600448,0,10,73224192,73000061,15,True,1,0,10,condition_then,0,0,0.0,0,0.005240842000034718
15,0,0.008198192999998355,0,0,success,0,0,3,True,0,False,0,structural,74600448,0,15,73224192,73000061,15,True,2,0,15,sequence,0,0,0.0,0,0.008200764999969579
15,0,0.008302857000003883,0,0,success,0,0,3,True,0,False,0,frontier_t0,74600448,0,15,73224192,73000061,15,True,2,0,15,sequence,0,0,0.0,0,0.008305483000015101
15,0,0.008205364999994913,0,0,success,0,0,3,True,0,False,0,virtual_frontier,74600448,0,15,73224192,73000061,15,True,2,0,15,sequence,0,0,0.0,0,0.008208119000016723
15,0,0.008381784999997421,0,0,success,0,0,3,True,0,False,0,task_virtual_frontier,74600448,0,15,73224192,73000061,15,True,2,0,15,sequence,0,0,0.0,0,0.008384421000016573
13,0,0.007995444000002294,0,0,success,0,0,7,True,0,False,0,structural,74600448,0,13,73224192,73000061,15,True,3,0,13,all_of,0,0,0.0,0,0.007998605000011594
13,0,0.007848238000001118,0,0,success,0,0,7,True,0,False,0,frontier_t0,74600448,0,13,73224192,73000061,15,True,3,0,13,all_of,0,0,0.0,0,0.007850927999982105
13,0,0.007871321999999736,0,0,success,0,0,7,True,0,False,0,virtual_frontier,74600448,0,13,73224192,73000061,15,True,3,0,13,all_of,0,0,0.0,0,0.007873870000025818
13,0,0.007851715000001036,0,0,success,0,0,7,True,0,False,0,task_virtual_frontier,74600448,0,13,73224192,73000061,15,True,3,0,13,all_of,0,0,0.0,0,0.007854465000036726
9,0,0.0045711669999946025,0,0,success,0,0,2,True,0,False,0,structural,74600448,0,9,73224192,73000061,15,True,4,0,9,condition_then,0,0,0.0,0,0.0045737779999512895
9,0,0.004567901999998014,0,0,success,0,0,2,True,0,False,0,frontier_t0,74600448,0,9,73224192,73000061,15,True,4,0,9,condition_then,0,0,0.0,0,0.004570542000010391
9,0,0.00463311400000066,0,0,success,0,0,2,True,0,False,0,virtual_frontier,74600448,0,9,73224192,73000061,15,True,4,0,9,condition_then,0,0,0.0,0,0.004635724000024766
9,0,0.004566358999994691,0,0,success,0,0,2,True,0,False,0,task_virtual_frontier,74600448,0,9,73224192,73000061,15,True,4,0,9,condition_then,0,0,0.0,0,0.004568908999999621
12,0,0.006344070000004365,0,0,success,0,0,3,True,0,False,0,structural,74600448,0,12,73224192,73000061,15,True,5,0,12,sequence,0,0,0.0,0,0.006346800000017083
12,0,0.006363003999993566,0,0,success,0,0,3,True,0,False,0,frontier_t0,74600448,0,12,73224192,73000061,15,True,5,0,12,sequence,0,0,0.0,0,0.00636553500004311
12,0,0.00631764999999973,0,0,success,0,0,3,True,0,False,0,virtual_frontier,74600448,0,12,73224192,73000061,15,True,5,0,12,sequence,0,0,0.0,0,0.00632028000001128
12,0,0.006368283999997004,0,0,success,0,0,3,True,0,False,0,task_virtual_frontier,74600448,0,12,73224192,73000061,15,True,5,0,12,sequence,0,0,0.0,0,0.0063709359999961634
12,0,0.006667614000001265,0,0,success,0,0,7,True,0,False,0,structural,74600448,0,12,73224192,73000061,15,True,6,0,12,all_of,0,0,0.0,0,0.00667030900001464
12,0,0.006594888000002186,0,0,success,0,0,7,True,0,False,0,frontier_t0,74600448,0,12,73224192,73000061,15,True,6,0,12,all_of,0,0,0.0,0,0.006597581999983504
12,0,0.0066268070000035095,0,0,success,0,0,7,True,0,False,0,virtual_frontier,74600448,0,12,73224192,73000061,15,True,6,0,12,all_of,0,0,0.0,0,0.006629500999963511
12,0,0.006664428000000555,0,0,success,0,0,7,True,0,False,0,task_virtual_frontier,74600448,0,12,73224192,73000061,15,True,6,0,12,all_of,0,0,0.0,0,0.0066670819999785635
13,0,0.006918882999997322,0,0,success,0,0,3,True,0,False,0,structural,74600448,0,13,73224192,73000061,15,True,7,0,13,sequence,0,0,0.0,0,0.006921530999989045
13,0,0.006968796000002442,0,0,success,0,0,3,True,0,False,0,frontier_t0,74600448,0,13,73224192,73000061,15,True,7,0,13,sequence,0,0,0.0,0,0.006971414000020104
13,0,0.00695990999999907,0,0,success,0,0,3,True,0,False,0,virtual_frontier,74600448,0,13,73224192,73000061,15,True,7,0,13,sequence,0,0,0.0,0,0.006962508000015077
13,0,0.006955080999993868,0,0,success,0,0,3,True,0,False,0,task_virtual_frontier,74600448,0,13,73224192,73000061,15,True,7,0,13,sequence,0,0,0.0,0,0.0069577080000158276
13,0,0.007198535000000561,0,0,success,0,0,7,True,0,False,0,structural,74600448,0,13,73224192,73000061,15,True,8,0,13,all_of,0,0,0.0,0,0.007201177000013104
13,0,0.007070145000000139,0,0,success,0,0,7,True,0,False,0,frontier_t0,74600448,0,13,73224192,73000061,15,True,8,0,13,all_of,0,0,0.0,0,0.0070725350000202525
13,0,0.007092436000000646,0,0,success,0,0,7,True,0,False,0,virtual_frontier,74600448,0,13,73224192,73000061,15,True,8,0,13,all_of,0,0,0.0,0,0.007095047000007071
13,0,0.007117352999998161,0,0,success,0,0,7,True,0,False,0,task_virtual_frontier,74600448,0,13,73224192,73000061,15,True,8,0,13,all_of,0,0,0.0,0,0.0071199540000179695
13,0,0.0068573779999994144,0,0,success,0,0,3,True,0,False,0,structural,74600448,0,13,73224192,73000061,15,True,9,0,13,branch,0,0,0.0,0,0.006860005000021374
13,0,0.006894056000000148,0,0,success,0,0,3,True,0,False,0,frontier_t0,74600448,0,13,73224192,73000061,15,True,9,0,13,branch,0,0,0.0,0,0.006896765000021787
13,0,0.0068716649999984725,0,0,success,0,0,3,True,0,False,0,virtual_frontier,74600448,0,13,73224192,73000061,15,True,9,0,13,branch,0,0,0.0,0,0.006888467999999648
13,0,0.007381326999997384,0,0,success,0,0,3,True,0,False,0,task_virtual_frontier,74600448,0,13,73224192,73000061,15,True,9,0,13,branch,0,0,0.0,0,0.007383979999985968
13,0,0.007001426999998728,0,0,success,0,0,3,True,0,False,0,structural,74600448,0,13,73224192,73000061,15,True,10,0,13,branch,0,0,0.0,0,0.007004126000026645
13,0,0.006866665000003991,0,0,success,0,0,3,True,0,False,0,frontier_t0,74600448,0,13,73224192,73000061,15,True,10,0,13,branch,0,0,0.0,0,0.006869303000030413
13,0,0.007048564999998064,0,0,success,0,0,3,True,0,False,0,virtual_frontier,74600448,0,13,73224192,73000061,15,True,10,0,13,branch,0,0,0.0,0,0.007051274999980706
13,0,0.006894266999999843,0,0,success,0,0,3,True,0,False,0,task_virtual_frontier,74600448,0,13,73224192,73000061,15,True,10,0,13,branch,0,0,0.0,0,0.006896954000012556
12,0,0.006255563999999936,0,0,success,0,0,3,True,0,False,0,structural,74600448,0,12,73224192,73000061,15,True,11,0,12,branch,0,0,0.0,0,0.00625821400001314
12,0,0.006215828999998507,0,0,success,0,0,3,True,0,False,0,frontier_t0,74600448,0,12,73224192,73000061,15,True,11,0,12,branch,0,0,0.0,0,0.006218408999984604
12,0,0.006239944999997249,0,0,success,0,0,3,True,0,False,0,virtual_frontier,74600448,0,12,73224192,73000061,15,True,11,0,12,branch,0,0,0.0,0,0.006242584999995415
12,0,0.006328520999993259,0,0,success,0,0,3,True,0,False,0,task_virtual_frontier,74600448,0,12,73224192,73000061,15,True,11,0,12,branch,0,0,0.0,0,0.006331251000005977
19,0,0.0227023720000048,0,0,success,0,0,3,True,0,False,0,structural,74600448,0,19,72175616,73000062,40,True,0,0,19,sequence,0,0,0.0,0,0.022705340000015894
19,0,0.032158353999996336,0,0,success,0,0,3,True,0,False,0,frontier_t0,74600448,0,19,72175616,73000062,40,True,0,0,19,sequence,0,0,0.0,0,0.03216154599999754
19,0,0.0225632229999988,0,0,success,0,0,3,True,0,False,0,virtual_frontier,74600448,0,19,72175616,73000062,40,True,0,0,19,sequence,0,0,0.0,0,0.02256634899998744
19,0,0.02265277100000418,0,0,success,0,0,3,True,0,False,0,task_virtual_frontier,74600448,0,19,72175616,73000062,40,True,0,0,19,sequence,0,0,0.0,0,0.022665165000034904
10,0,0.017081903999994097,0,0,success,0,0,7,True,0,False,0,structural,74600448,0,10,72175616,73000062,40,True,1,0,10,all_of,0,0,0.0,0,0.01708518600003117
10,0,0.017092204000000777,0,0,success,0,0,7,True,0,False,0,frontier_t0,74600448,0,10,72175616,73000062,40,True,1,0,10,all_of,0,0,0.0,0,0.01709508400000459
10,0,0.017072327000001053,0,0,success,0,0,7,True,0,False,0,virtual_frontier,74600448,0,10,72175616,73000062,40,True,1,0,10,all_of,0,0,0.0,0,0.01707500700001674
10,0,0.017147657999998955,0,0,success,0,0,7,True,0,False,0,task_virtual_frontier,74600448,0,10,72175616,73000062,40,True,1,0,10,all_of,0,0,0.0,0,0.01715043799998739
10,0,0.009741975000004288,0,0,success,0,0,2,True,0,False,0,structural,74600448,0,10,72175616,73000062,40,True,2,0,10,condition_then,0,0,0.0,0,0.009744616999967093
10,0,0.009796798000003548,0,0,success,0,0,2,True,0,False,0,frontier_t0,74600448,0,10,72175616,73000062,40,True,2,0,10,condition_then,0,0,0.0,0,0.009799501000031796
10,0,0.009769337000001599,0,0,success,0,0,2,True,0,False,0,virtual_frontier,74600448,0,10,72175616,73000062,40,True,2,0,10,condition_then,0,0,0.0,0,0.009771969000041736
10,0,0.010008974000001558,0,0,success,0,0,2,True,0,False,0,task_virtual_frontier,74600448,0,10,72175616,73000062,40,True,2,0,10,condition_then,0,0,0.0,0,0.010011668999993617
20,0,0.020300525999999763,0,0,success,0,0,3,True,0,False,0,structural,74600448,0,20,72175616,73000062,40,True,3,0,20,sequence,0,0,0.0,0,0.020303315000035127
20,0,0.02039800899999733,0,0,success,0,0,3,True,0,False,0,frontier_t0,74600448,0,20,72175616,73000062,40,True,3,0,20,sequence,0,0,0.0,0,0.02040059799998062
20,0,0.020214144999997075,0,0,success,0,0,3,True,0,False,0,virtual_frontier,74600448,0,20,72175616,73000062,40,True,3,0,20,sequence,0,0,0.0,0,0.02021688299998914
20,0,0.020344289000000515,0,0,success,0,0,3,True,0,False,0,task_virtual_frontier,74600448,0,20,72175616,73000062,40,True,3,0,20,sequence,0,0,0.0,0,0.020347037000021828
10,0,0.016554639999995402,0,0,success,0,0,7,True,0,False,0,structural,74600448,0,10,72175616,73000062,40,True,4,0,10,all_of,0,0,0.0,0,0.016557363999993413
10,0,0.01641323599999822,0,0,success,0,0,7,True,0,False,0,frontier_t0,74600448,0,10,72175616,73000062,40,True,4,0,10,all_of,0,0,0.0,0,0.016436926999972457
10,0,0.01641407800000394,0,0,success,0,0,7,True,0,False,0,virtual_frontier,74600448,0,10,72175616,73000062,40,True,4,0,10,all_of,0,0,0.0,0,0.016416789999993853
10,0,0.0165310759999997,0,0,success,0,0,7,True,0,False,0,task_virtual_frontier,74600448,0,10,72175616,73000062,40,True,4,0,10,all_of,0,0,0.0,0,0.016534069000044838
10,0,0.00932226199999775,0,0,success,0,0,2,True,0,False,0,structural,74600448,0,10,72175616,73000062,40,True,5,0,10,condition_then,0,0,0.0,0,0.009324869000010949
10,0,0.009265456000001393,0,0,success,0,0,2,True,0,False,0,frontier_t0,74600448,0,10,72175616,73000062,40,True,5,0,10,condition_then,0,0,0.0,0,0.00926835199999232
10,0,0.00928285799999884,0,0,success,0,0,2,True,0,False,0,virtual_frontier,74600448,0,10,72175616,73000062,40,True,5,0,10,condition_then,0,0,0.0,0,0.009285473999966598
10,0,0.009233926000000281,0,0,success,0,0,2,True,0,False,0,task_virtual_frontier,74600448,0,10,72175616,73000062,40,True,5,0,10,condition_then,0,0,0.0,0,0.009236632000011014
18,0,0.01984918399999458,0,0,success,0,0,3,True,0,False,0,structural,74600448,0,18,72175616,73000062,40,True,6,0,18,sequence,0,0,0.0,0,0.019852046999972117
18,0,0.019783189999998285,0,0,success,0,0,3,True,0,False,0,frontier_t0,74600448,0,18,72175616,73000062,40,True,6,0,18,sequence,0,0,0.0,0,0.01978599299997086
18,0,0.01973091199999999,0,0,success,0,0,3,True,0,False,0,virtual_frontier,74600448,0,18,72175616,73000062,40,True,6,0,18,sequence,0,0,0.0,0,0.019733713999983138
18,0,0.020075817000005713,0,0,success,0,0,3,True,0,False,0,task_virtual_frontier,74600448,0,18,72175616,73000062,40,True,6,0,18,sequence,0,0,0.0,0,0.020078602000012324
18,0,0.028639702999996075,0,0,success,0,0,7,True,0,False,0,structural,74600448,0,18,72175616,73000062,40,True,7,0,18,all_of,0,0,0.0,0,0.028642640999976265
18,0,0.02846926299999808,0,0,success,0,0,7,True,0,False,0,frontier_t0,74600448,0,18,72175616,73000062,40,True,7,0,18,all_of,0,0,0.0,0,0.028471950000039215
18,0,0.02841026400000146,0,0,success,0,0,7,True,0,False,0,virtual_frontier,74600448,0,18,72175616,73000062,40,True,7,0,18,all_of,0,0,0.0,0,0.028413420000049427
18,0,0.028334332000000018,0,0,success,0,0,7,True,0,False,0,task_virtual_frontier,74600448,0,18,72175616,73000062,40,True,7,0,18,all_of,0,0,0.0,0,0.028337507999992795
6,0,0.00546665000000246,0,0,success,0,0,2,True,0,False,0,structural,74600448,0,6,72175616,73000062,40,True,8,0,6,condition_then,0,0,0.0,0,0.005469301000005089
6,0,0.0054591760000022305,0,0,success,0,0,2,True,0,False,0,frontier_t0,74600448,0,6,72175616,73000062,40,True,8,0,6,condition_then,0,0,0.0,0,0.0054617860000121254
6,0,0.005455239999996309,0,0,success,0,0,2,True,0,False,0,virtual_frontier,74600448,0,6,72175616,73000062,40,True,8,0,6,condition_then,0,0,0.0,0,0.005457839000030162
6,0,0.00543039200000095,0,0,success,0,0,2,True,0,False,0,task_virtual_frontier,74600448,0,6,72175616,73000062,40,True,8,0,6,condition_then,0,0,0.0,0,0.005433052000000771
8,0,0.00916900500000395,0,0,success,0,0,3,True,0,False,0,structural,74600448,0,8,72175616,73000062,40,True,9,0,8,branch,0,0,0.0,0,0.00917165099997419
8,0,0.00920184699999993,0,0,success,0,0,3,True,0,False,0,frontier_t0,74600448,0,8,72175616,73000062,40,True,9,0,8,branch,0,0,0.0,0,0.009212536999996246
8,0,0.009231913999997232,0,0,success,0,0,3,True,0,False,0,virtual_frontier,74600448,0,8,72175616,73000062,40,True,9,0,8,branch,0,0,0.0,0,0.00923455899999226
8,0,0.009162994000000424,0,0,success,0,0,3,True,0,False,0,task_virtual_frontier,74600448,0,8,72175616,73000062,40,True,9,0,8,branch,0,0,0.0,0,0.009165669000026355
13,0,0.011840835999997523,0,0,success,0,0,3,True,0,False,0,structural,74600448,0,13,72175616,73000062,40,True,10,0,13,branch,0,0,0.0,0,0.011843522999981815
13,0,0.011710623000006137,0,0,success,0,0,3,True,0,False,0,frontier_t0,74600448,0,13,72175616,73000062,40,True,10,0,13,branch,0,0,0.0,0,0.011713337999992746
13,0,0.011766397000002371,0,0,success,0,0,3,True,0,False,0,virtual_frontier,74600448,0,13,72175616,73000062,40,True,10,0,13,branch,0,0,0.0,0,0.011781595999991623
13,0,0.011656932000001063,0,0,success,0,0,3,True,0,False,0,task_virtual_frontier,74600448,0,13,72175616,73000062,40,True,10,0,13,branch,0,0,0.0,0,0.011659597000004851
10,0,0.010901160000003074,0,0,success,0,0,3,True,0,False,0,structural,74600448,0,10,72175616,73000062,40,True,11,0,10,branch,0,0,0.0,0,0.010903825999946548
10,0,0.010882616000003509,0,0,success,0,0,3,True,0,False,0,frontier_t0,74600448,0,10,72175616,73000062,40,True,11,0,10,branch,0,0,0.0,0,0.010885321999978714
10,0,0.010911810999999716,0,0,success,0,0,3,True,0,False,0,virtual_frontier,74600448,0,10,72175616,73000062,40,True,11,0,10,branch,0,0,0.0,0,0.010934853999970073
10,0,0.010936877999995431,0,0,success,0,0,3,True,0,False,0,task_virtual_frontier,74600448,0,10,72175616,73000062,40,True,11,0,10,branch,0,0,0.0,0,0.010939382999993086
16,0,0.012529040999993413,0,0,success,0,0,3,True,0,False,0,structural,74600448,0,16,72175616,73000063,21,True,0,0,16,sequence,0,0,0.0,0,0.012531826999975237
16,0,0.012253936999996995,0,0,success,0,0,3,True,0,False,0,frontier_t0,74600448,0,16,72175616,73000063,21,True,0,0,16,sequence,0,0,0.0,0,0.01225658900000326
16,0,0.012365744999996764,0,0,success,0,0,3,True,0,False,0,virtual_frontier,74600448,0,16,72175616,73000063,21,True,0,0,16,sequence,0,0,0.0,0,0.012377707000041482
16,0,0.01228896300000315,0,0,success,0,0,3,True,0,False,0,task_virtual_frontier,74600448,0,16,72175616,73000063,21,True,0,0,16,sequence,0,0,0.0,0,0.012291614999980993
13,0,0.012642143000000772,0,0,success,0,0,7,True,0,False,0,structural,74600448,0,13,72175616,73000063,21,True,1,0,13,all_of,0,0,0.0,0,0.012644858999976805
13,0,0.012666538000004834,0,0,success,0,0,7,True,0,False,0,frontier_t0,74600448,0,13,72175616,73000063,21,True,1,0,13,all_of,0,0,0.0,0,0.012669225000024653
13,0,0.012529882999999131,0,0,success,0,0,7,True,0,False,0,virtual_frontier,74600448,0,13,72175616,73000063,21,True,1,0,13,all_of,0,0,0.0,0,0.01253257799999119
13,0,0.012590746999997293,0,0,success,0,0,7,True,0,False,0,task_virtual_frontier,74600448,0,13,72175616,73000063,21,True,1,0,13,all_of,0,0,0.0,0,0.012603831999967952
15,0,0.010704072999999426,0,0,success,0,0,2,True,0,False,0,structural,74600448,0,15,72175616,73000063,21,True,2,0,15,condition_then,0,0,0.0,0,0.010706716000015604
15,0,0.010739788999998723,0,0,success,0,0,2,True,0,False,0,frontier_t0,74600448,0,15,72175616,73000063,21,True,2,0,15,condition_then,0,0,0.0,0,0.010742633000006663
15,0,0.010755758999998477,0,0,success,0,0,2,True,0,False,0,virtual_frontier,74600448,0,15,72175616,73000063,21,True,2,0,15,condition_then,0,0,0.0,0,0.010758944000031079
15,0,0.010735281000002317,0,0,success,0,0,2,True,0,False,0,task_virtual_frontier,74600448,0,15,72175616,73000063,21,True,2,0,15,condition_then,0,0,0.0,0,0.01073782499997833
9,0,0.006465206000001444,0,0,success,0,0,3,True,0,False,0,structural,74600448,0,9,72175616,73000063,21,True,3,0,9,sequence,0,0,0.0,0,0.0064678279999839106
9,0,0.006476275999993675,0,0,success,0,0,3,True,0,False,0,frontier_t0,74600448,0,9,72175616,73000063,21,True,3,0,9,sequence,0,0,0.0,0,0.006478919000016958
9,0,0.006417936999994822,0,0,success,0,0,3,True,0,False,0,virtual_frontier,74600448,0,9,72175616,73000063,21,True,3,0,9,sequence,0,0,0.0,0,0.006420579000007365
9,0,0.0064391270000001555,0,0,success,0,0,3,True,0,False,0,task_virtual_frontier,74600448,0,9,72175616,73000063,21,True,3,0,9,sequence,0,0,0.0,0,0.006441819000031046
6,0,0.005316520000000935,0,0,success,0,0,7,True,0,False,0,structural,74600448,0,6,72175616,73000063,21,True,4,0,6,all_of,0,0,0.0,0,0.005319048000046678
6,0,0.005318784000003518,0,0,success,0,0,7,True,0,False,0,frontier_t0,74600448,0,6,72175616,73000063,21,True,4,0,6,all_of,0,0,0.0,0,0.0053213529999993625
6,0,0.005306351000001541,0,0,success,0,0,7,True,0,False,0,virtual_frontier,74600448,0,6,72175616,73000063,21,True,4,0,6,all_of,0,0,0.0,0,0.005308969999987312
6,0,0.005302254000000062,0,0,success,0,0,7,True,0,False,0,task_virtual_frontier,74600448,0,6,72175616,73000063,21,True,4,0,6,all_of,0,0,0.0,0,0.005304891999969641
3,0,0.002024821999995652,0,0,success,0,0,2,True,0,False,0,structural,74600448,0,3,72175616,73000063,21,True,5,0,3,condition_then,0,0,0.0,0,0.002027370999996947
3,0,0.002066989999995883,0,0,success,0,0,2,True,0,False,0,frontier_t0,74600448,0,3,72175616,73000063,21,True,5,0,3,condition_then,0,0,0.0,0,0.00206954999998743
3,0,0.0020183500000001686,0,0,success,0,0,2,True,0,False,0,virtual_frontier,74600448,0,3,72175616,73000063,21,True,5,0,3,condition_then,0,0,0.0,0,0.0020209389999763516
3,0,0.002056742000000611,0,0,success,0,0,2,True,0,False,0,task_virtual_frontier,74600448,0,3,72175616,73000063,21,True,5,0,3,condition_then,0,0,0.0,0,0.0020593209999901774
17,0,0.01359020299999969,0,0,success,0,0,3,True,0,False,0,structural,74600448,0,17,72175616,73000063,21,True,6,0,17,sequence,0,0,0.0,0,0.013592980999987958
17,0,0.013459158000003413,0,0,success,0,0,3,True,0,False,0,frontier_t0,74600448,0,17,72175616,73000063,21,True,6,0,17,sequence,0,0,0.0,0,0.013461945000017295
17,0,0.013414574999998763,0,0,success,0,0,3,True,0,False,0,virtual_frontier,74600448,0,17,72175616,73000063,21,True,6,0,17,sequence,0,0,0.0,0,0.013417772000025252
17,0,0.01471342199999981,0,0,success,0,0,3,True,0,False,0,task_virtual_frontier,74600448,0,17,72175616,73000063,21,True,6,0,17,sequence,0,0,0.0,0,0.014717165000035948
12,0,0.012193193999998186,0,0,success,0,0,7,True,0,False,0,structural,74600448,0,12,72175616,73000063,21,True,7,0,12,all_of,0,0,0.0,0,0.012196105999976226
12,0,0.01210008999999701,0,0,success,0,0,7,True,0,False,0,frontier_t0,74600448,0,12,72175616,73000063,21,True,7,0,12,all_of,0,0,0.0,0,0.01210283000000345
12,0,0.01212929400000462,0,0,success,0,0,7,True,0,False,0,virtual_frontier,74600448,0,12,72175616,73000063,21,True,7,0,12,all_of,0,0,0.0,0,0.01213189500003864
12,0,0.012128352000004838,0,0,success,0,0,7,True,0,False,0,task_virtual_frontier,74600448,0,12,72175616,73000063,21,True,7,0,12,all_of,0,0,0.0,0,0.012131043000010777
9,0,0.00630528699999644,0,0,success,0,0,2,True,0,False,0,structural,74600448,0,9,72175616,73000063,21,True,8,0,9,condition_then,0,0,0.0,0,0.006307866999975431
9,0,0.006292182999999341,0,0,success,0,0,2,True,0,False,0,frontier_t0,74600448,0,9,72175616,73000063,21,True,8,0,9,condition_then,0,0,0.0,0,0.006294862999993711
9,0,0.006363125000000025,0,0,success,0,0,2,True,0,False,0,virtual_frontier,74600448,0,9,72175616,73000063,21,True,8,0,9,condition_then,0,0,0.0,0,0.006365726000012728
9,0,0.0062739279999988184,0,0,success,0,0,2,True,0,False,0,task_virtual_frontier,74600448,0,9,72175616,73000063,21,True,8,0,9,condition_then,0,0,0.0,0,0.0062765089999743395
11,0,0.007519295000001591,0,0,success,0,0,3,True,0,False,0,structural,74600448,0,11,72175616,73000063,21,True,9,0,11,branch,0,0,0.0,0,0.007521910000036769
11,0,0.007460584000000381,0,0,success,0,0,3,True,0,False,0,frontier_t0,74600448,0,11,72175616,73000063,21,True,9,0,11,branch,0,0,0.0,0,0.0074633400000152506
11,0,0.007532038000000796,0,0,success,0,0,3,True,0,False,0,virtual_frontier,74600448,0,11,72175616,73000063,21,True,9,0,11,branch,0,0,0.0,0,0.007534684000006564
11,0,0.007569588000002625,0,0,success,0,0,3,True,0,False,0,task_virtual_frontier,74600448,0,11,72175616,73000063,21,True,9,0,11,branch,0,0,0.0,0,0.007572285000037482
6,0,0.004722741000001918,0,0,success,0,0,3,True,0,False,0,structural,74600448,0,6,72175616,73000063,21,True,10,0,6,branch,0,0,0.0,0,0.004726686000026348
6,0,0.00466935099999688,0,0,success,0,0,3,True,0,False,0,frontier_t0,74600448,0,6,72175616,73000063,21,True,10,0,6,branch,0,0,0.0,0,0.00467192299998942
6,0,0.004693947000006915,0,0,success,0,0,3,True,0,False,0,virtual_frontier,74600448,0,6,72175616,73000063,21,True,10,0,6,branch,0,0,0.0,0,0.00469656899997517
6,0,0.004661937000001615,0,0,success,0,0,3,True,0,False,0,task_virtual_frontier,74600448,0,6,72175616,73000063,21,True,10,0,6,branch,0,0,0.0,0,0.0046645090000083655
7,0,0.0056454930000029435,0,0,success,0,0,3,True,0,False,0,structural,74600448,0,7,72175616,73000063,21,True,11,0,7,branch,0,0,0.0,0,0.0056851269999924625
7,0,0.005691860999995413,0,0,success,0,0,3,True,0,False,0,frontier_t0,74600448,0,7,72175616,73000063,21,True,11,0,7,branch,0,0,0.0,0,0.005694425000001502
7,0,0.005731023999999252,0,0,success,0,0,3,True,0,False,0,virtual_frontier,74600448,0,7,72175616,73000063,21,True,11,0,7,branch,0,0,0.0,0,0.0057337990000405625
7,0,0.005757123000002196,0,0,success,0,0,3,True,0,False,0,task_virtual_frontier,74600448,0,7,72175616,73000063,21,True,11,0,7,branch,0,0,0.0,0,0.005759747000013249
60,0,0.08530858499999994,33,33,success,0,0,3,True,0,False,0,structural,74600448,0,60,72175616,73000064,63,True,0,0,60,sequence,0,0,0.0,0,0.0853139910000209
62,0,0.08951402099999939,35,35,success,0,0,3,True,0,False,0,frontier_t0,74600448,0,62,72175616,73000064,63,True,0,0,62,sequence,0,0,0.0,0,0.08954479400000537
60,0,0.1348926159999948,33,33,success,0,0.013103978000060579,3,True,16,False,6.661338147750939e-16,virtual_frontier,74600448,111,60,72175616,73000064,63,True,0,17,60,sequence,33,490,254.3030303030303,8392,0.13489755300003026
60,0,0.1325040549999983,33,33,success,0,0.012705927000183692,3,True,16,False,6.661338147750939e-16,task_virtual_frontier,74600448,111,60,72175616,73000064,63,True,0,17,60,sequence,33,490,254.3030303030303,8392,0.1325226280000038
26,0,0.027650224000005608,16,16,success,0,0,7,True,0,False,0,structural,74600448,0,26,72175616,73000064,63,True,1,0,26,all_of,0,0,0.0,0,0.0276531749999549
26,0,0.02924604400000419,16,16,success,0,0,7,True,0,False,0,frontier_t0,74600448,0,26,72175616,73000064,63,True,1,0,26,all_of,0,0,0.0,0,0.02924903500002074
26,0,0.03686497400000377,16,16,success,0,0.004181049999942843,7,True,3,False,6.661338147750939e-16,virtual_frontier,74600448,7,26,72175616,73000064,63,True,1,0,26,all_of,16,43,19.625,314,0.03686796799996728
26,0,0.036795795999999825,16,16,success,0,0.004070039999930941,7,True,3,False,6.661338147750939e-16,task_virtual_frontier,74600448,7,26,72175616,73000064,63,True,1,0,26,all_of,16,43,19.625,314,0.03679870700000265
35,0,0.03553726499999499,16,16,success,0,0,2,True,0,False,0,structural,74600448,0,35,72175616,73000064,63,True,2,0,35,condition_then,0,0,0.0,0,0.03554026200004046
35,0,0.036854353999999034,16,16,success,0,0,2,True,0,False,0,frontier_t0,74600448,0,35,72175616,73000064,63,True,2,0,35,condition_then,0,0,0.0,0,0.0368819539999663
35,0,0.04440931500000289,16,16,success,0,0.004110857000000578,2,True,3,False,4.440892098500626e-16,virtual_frontier,74600448,7,35,72175616,73000064,63,True,2,0,35,condition_then,16,43,19.625,314,0.044412540999985595
35,0,0.04421400100000028,16,16,success,0,0.0040395640001520405,2,True,3,False,4.440892098500626e-16,task_virtual_frontier,74600448,7,35,72175616,73000064,63,True,2,0,35,condition_then,16,43,19.625,314,0.04421705300001122
2981,0,1.1698915200000002,2973,2973,success,0,0,3,True,0,False,0,structural,74600448,0,2981,72175616,73000064,75,True,3,0,2981,sequence,0,0,0.0,0,1.1700607770000033
223,0,0.19016812700000685,216,216,success,0,0,3,True,0,False,0,frontier_t0,74600448,0,223,72175616,73000064,75,True,3,0,223,sequence,0,0,0.0,0,0.19018479699997215
177,0,0.339985120999998,170,170,success,0,0.06070187600028021,3,True,133,False,5.551115123125783e-16,virtual_frontier,74600448,65,177,72175616,73000064,75,True,3,0,177,sequence,170,245,162.11176470588236,27559,0.34002704299996367
177,0,0.34093012499999986,170,170,success,0,0.06054356599992161,3,True,133,False,5.551115123125783e-16,task_virtual_frontier,74600448,65,177,72175616,73000064,75,True,3,0,177,sequence,170,245,162.11176470588236,27559,0.3409560400000373
2956,0,1.8183404740000029,2956,2956,success,0,0,7,True,0,False,0,structural,74600448,0,2956,72175616,73000064,71,True,4,0,2956,all_of,0,0,0.0,0,1.8185575299999641
220,0,0.436966426000005,216,216,success,0,0,7,True,0,False,0,frontier_t0,74600448,0,220,72175616,73000064,75,True,4,0,220,all_of,0,0,0.0,0,0.4370610680000482
174,0,0.7675822940000003,170,170,success,0,0.09094761200009316,7,True,133,False,1.3322676295501878e-15,virtual_frontier,74600448,250,174,72470528,73000064,75,True,4,118,174,all_of,170,932,515.5294117647059,87640,0.76767288100001
176,0,0.6151947950000007,172,172,success,1,0.08104345100059618,7,True,134,True,1.3322676295501878e-15,task_virtual_frontier,74600448,214,176,72478720,73000064,75,True,4,120,176,all_of,172,932,388.59302325581393,66838,0.6153200549999838
2979,0,1.1680191629999968,2973,2973,success,0,0,2,True,0,False,0,structural,74600448,0,2979,72478720,73000064,75,True,5,0,2979,condition_then,0,0,0.0,0,1.16816867
222,0,0.18407538799999656,216,216,success,0,0,2,True,0,False,0,frontier_t0,74600448,0,222,72478720,73000064,75,True,5,0,222,condition_then,0,0,0.0,0,0.18408032100001037
175,0,0.3331533980000003,170,170,success,0,0.060326166999971065,2,True,133,False,8.881784197001252e-16,virtual_frontier,74600448,65,175,72478720,73000064,75,True,5,0,175,condition_then,170,245,162.11176470588236,27559,0.3332061670000144
175,0,0.3344301630000004,170,170,success,0,0.060930879999943954,2,True,133,False,8.881784197001252e-16,task_virtual_frontier,74600448,65,175,72478720,73000064,75,True,5,0,175,condition_then,170,245,162.11176470588236,27559,0.3344638109999778
2988,0,1.2110970319999979,2972,2972,success,0,0,3,True,0,False,0,structural,74600448,0,2988,72478720,73000064,75,True,6,0,2988,sequence,0,0,0.0,0,1.2112611850000121
217,0,0.21080864800000398,200,200,success,0,0,3,True,0,False,0,frontier_t0,74600448,0,217,72478720,73000064,75,True,6,0,217,sequence,0,0,0.0,0,0.21085165900001357
126,0,0.2131177620000031,105,105,success,0,0.03452535799976886,3,True,81,False,5.551115123125783e-16,virtual_frontier,74600448,63,126,72478720,73000064,75,True,6,0,126,sequence,105,253,132.2095238095238,13882,0.21314045100001522
126,0,0.21485857300000077,105,105,success,0,0.03483252899991385,3,True,81,False,5.551115123125783e-16,task_virtual_frontier,74600448,63,126,72478720,73000064,75,True,6,0,126,sequence,105,253,132.2095238095238,13882,0.21486432199998262
2980,0,2.059919371999996,2972,2972,success,0,0,7,True,0,False,0,structural,74600448,0,2980,72478720,73000064,75,True,7,0,2980,all_of,0,0,0.0,0,2.0601935280000134
209,0,0.329769069000001,200,200,success,0,0,7,True,0,False,0,frontier_t0,74600448,0,209,72478720,73000064,75,True,7,0,209,all_of,0,0,0.0,0,0.329825612000036
114,0,0.34924515299999825,105,105,success,0,0.046645321999847056,7,True,81,False,1.3322676295501878e-15,virtual_frontier,74600448,214,114,72478720,73000064,75,True,7,54,114,all_of,105,924,364.20952380952383,38242,0.34933128000000124
114,0,0.3487692750000022,105,105,success,0,0.0469086540001058,7,True,81,False,1.3322676295501878e-15,task_virtual_frontier,74600448,214,114,72478720,73000064,75,True,7,54,114,all_of,105,924,364.20952380952383,38242,0.3488263300000085
2977,0,1.1850741240000033,2972,2972,success,0,0,2,True,0,False,0,structural,74600448,0,2977,72478720,73000064,75,True,8,0,2977,condition_then,0,0,0.0,0,1.1852067269999793
205,0,0.1658124770000029,200,200,success,0,0,2,True,0,False,0,frontier_t0,74600448,0,205,72478720,73000064,75,True,8,0,205,condition_then,0,0,0.0,0,0.16581772199998568
110,0,0.17558257399999633,105,105,success,0,0.03439304799991305,2,True,81,False,8.881784197001252e-16,virtual_frontier,74600448,63,110,72478720,73000064,75,True,8,0,110,condition_then,105,253,132.2095238095238,13882,0.17565065600001617
110,0,0.17596706299999454,105,105,success,0,0.034936807999997654,2,True,81,False,8.881784197001252e-16,task_virtual_frontier,74600448,63,110,72478720,73000064,75,True,8,0,110,condition_then,105,253,132.2095238095238,13882,0.17597195100000818
14,0,0.021747658999998976,0,0,success,0,0,3,True,0,False,0,structural,74600448,0,14,72478720,73000064,56,True,9,0,14,branch,0,0,0.0,0,0.021750719000010577
14,0,0.022015359000000956,0,0,success,0,0,3,True,0,False,0,frontier_t0,74600448,0,14,72478720,73000064,56,True,9,0,14,branch,0,0,0.0,0,0.022028190000014547
14,0,0.02187306400000466,0,0,success,0,0,3,True,0,False,0,virtual_frontier,74600448,0,14,72478720,73000064,56,True,9,0,14,branch,0,0,0.0,0,0.021877085999960855
14,0,0.02192727400000649,0,0,success,0,0,3,True,0,False,0,task_virtual_frontier,74600448,0,14,72478720,73000064,56,True,9,0,14,branch,0,0,0.0,0,0.021942769000020235
20,0,0.03775152100000412,0,0,success,0,0,3,True,0,False,0,structural,74600448,0,20,72478720,73000064,56,True,10,0,20,branch,0,0,0.0,0,0.03775480299998435
20,0,0.0372046890000064,0,0,success,0,0,3,True,0,False,0,frontier_t0,74600448,0,20,72478720,73000064,56,True,10,0,20,branch,0,0,0.0,0,0.037217864000012923
20,0,0.03746779099999742,0,0,success,0,0,3,True,0,False,0,virtual_frontier,74600448,0,20,72478720,73000064,56,True,10,0,20,branch,0,0,0.0,0,0.03748631899998145
20,0,0.037477037000002156,0,0,success,0,0,3,True,0,False,0,task_virtual_frontier,74600448,0,20,72478720,73000064,56,True,10,0,20,branch,0,0,0.0,0,0.037480207000044174
61,0,0.022745061999998484,57,57,success,0,0,3,True,0,False,0,structural,74600448,0,61,72478720,73000064,75,True,11,0,61,branch,0,0,0.0,0,0.022748013000011724
61,0,0.02877369200000146,57,57,success,0,0,3,True,0,False,0,frontier_t0,74600448,0,61,72478720,73000064,75,True,11,0,61,branch,0,0,0.0,0,0.028777066000031937
61,0,0.057667559000009305,57,57,success,0,0.01506717500024024,3,True,46,False,8.881784197001252e-16,virtual_frontier,74600448,58,61,72478720,73000064,75,True,11,0,61,branch,57,254,30.649122807017545,1747,0.05768335599998409
61,0,0.05796137699999804,57,57,success,0,0.015213075000133358,3,True,46,False,8.881784197001252e-16,task_virtual_frontier,74600448,58,61,72478720,73000064,75,True,11,0,61,branch,57,254,30.649122807017545,1747,0.05796453499999643
1690,0,1.359854374,1685,1685,success,0,0,3,True,0,False,0,structural,64749568,0,1690,65101824,73000065,112,True,0,0,1690,sequence,0,0,0.0,0,1.359958684999981
343,0,0.3998708099999999,338,338,success,0,0,3,True,0,False,0,frontier_t0,64749568,0,343,65122304,73000065,102,True,0,0,343,sequence,0,0,0.0,0,0.39992202000001953
236,0,0.8186079980000001,231,231,success,0,0.10686997500005191,3,True,210,False,8.881784197001252e-16,virtual_frontier,65011712,195,236,65253376,73000065,100,True,0,185,236,sequence,231,467,333.34632034632034,77003,0.8187098750000246
236,0,0.8180276329999998,231,231,success,0,0.10658827799994697,3,True,210,False,8.881784197001252e-16,task_virtual_frontier,65011712,195,236,65257472,73000065,100,True,0,185,236,sequence,231,467,333.34632034632034,77003,0.8181337050000366
1684,0,1.6545149549999998,1684,1684,success,0,0,7,True,0,False,0,structural,65011712,0,1684,65306624,73000065,112,True,1,0,1684,all_of,0,0,0.0,0,1.6546916779999492
337,0,0.4957080380000001,337,337,success,0,0,7,True,0,False,0,frontier_t0,65011712,0,337,65306624,73000065,102,True,1,0,337,all_of,0,0,0.0,0,0.4957419360000017
230,0,1.1731488609999996,230,230,success,0,0.13134823300032394,7,True,209,False,1.1102230246251565e-15,virtual_frontier,65011712,336,230,65331200,73000065,100,True,1,185,230,all_of,230,910,462.5826086956522,106394,1.1732881380000322
230,0,1.1766776650000006,230,230,success,0,0.13123019099964495,7,True,209,False,1.1102230246251565e-15,task_virtual_frontier,65273856,336,230,65511424,73000065,100,True,1,185,230,all_of,230,910,462.5826086956522,106394,1.1768278950000308
44,0,0.05216746999999877,33,33,success,0,0,2,True,0,False,0,structural,65273856,0,44,65306624,73000065,73,True,2,0,44,condition_then,0,0,0.0,0,0.05218999799996027
30,0,0.03738426900000036,19,19,success,0,0,2,True,0,False,0,frontier_t0,65273856,0,30,65306624,73000065,72,True,2,0,30,condition_then,0,0,0.0,0,0.037398246000009294
44,0,0.10100975599999984,33,33,success,0,0.011269735000041692,2,True,28,False,1.1102230246251565e-15,virtual_frontier,65273856,112,44,65310720,73000065,73,True,2,25,44,condition_then,33,238,173.96969696969697,5741,0.10101528300003793
33,0,0.07162256199999995,33,33,success,1,0.010588156999745024,2,True,27,True,8.881784197001252e-16,task_virtual_frontier,65273856,112,33,65310720,73000065,73,True,2,15,33,condition_then,33,238,154.15151515151516,5087,0.07162714500003631
2305,0,1.727387534,2295,2295,success,0,0,3,True,0,False,0,structural,65830912,0,2305,66097152,73000065,108,True,3,0,2305,sequence,0,0,0.0,0,1.7276297750000253
335,0,0.3440590650000015,325,325,success,0,0,3,True,0,False,0,frontier_t0,65830912,0,335,66097152,73000065,98,True,3,0,335,sequence,0,0,0.0,0,0.34408415899997635
242,0,0.5264867290000002,231,231,success,0,0.07681244200085757,3,True,213,False,5.551115123125783e-16,virtual_frontier,65830912,96,242,66097152,73000065,97,True,3,0,242,sequence,231,228,169.60173160173161,39178,0.5265784360000225
242,0,0.5317187060000013,231,231,success,0,0.07628694800024505,3,True,213,False,5.551115123125783e-16,task_virtual_frontier,65830912,96,242,66097152,73000065,97,True,3,0,242,sequence,231,228,169.60173160173161,39178,0.5317934230000105
2294,0,1.9631865200000007,2294,2294,success,0,0,7,True,0,False,0,structural,65830912,0,2294,66097152,73000065,108,True,4,0,2294,all_of,0,0,0.0,0,1.9634879710000064
324,0,0.35997301500000134,324,324,success,0,0,7,True,0,False,0,frontier_t0,65830912,0,324,66097152,73000065,98,True,4,0,324,all_of,0,0,0.0,0,0.360011725999982
230,0,0.6286494000000005,230,230,success,0,0.08395355999948606,7,True,212,False,1.1102230246251565e-15,virtual_frontier,65830912,165,230,66097152,73000065,97,True,4,57,230,all_of,230,456,212.61739130434782,48902,0.6287480409999944
230,0,0.6315422379999998,230,230,success,0,0.08462160699974675,7,True,212,False,1.1102230246251565e-15,task_virtual_frontier,65830912,165,230,66097152,73000065,97,True,4,57,230,all_of,230,456,212.61739130434782,48902,0.6316251469999656
22,0,0.019185783000001067,19,19,success,0,0,2,True,0,False,0,structural,65830912,0,22,66097152,73000065,67,True,5,0,22,condition_then,0,0,0.0,0,0.019198747000018557
16,0,0.015808123999999424,13,13,success,0,0,2,True,0,False,0,frontier_t0,65830912,0,16,66097152,73000065,67,True,5,0,16,condition_then,0,0,0.0,0,0.015812473000039518
29,0,0.05527619899999969,26,26,success,0,0.007791780000161452,2,True,25,False,4.440892098500626e-16,virtual_frontier,65830912,67,29,66097152,73000065,68,True,5,0,29,condition_then,26,151,135.8846153846154,3533,0.05528114599997025
29,0,0.05539809000000062,26,26,success,0,0.007784266000214757,2,True,25,False,4.440892098500626e-16,task_virtual_frontier,65830912,67,29,66097152,73000065,68,True,5,0,29,condition_then,26,151,135.8846153846154,3533,0.05540335000000596
3566,0,2.8655470560000005,3552,3552,success,0,0,3,True,0,False,0,structural,66879488,0,3566,67215360,73000065,121,True,6,0,3566,sequence,0,0,0.0,0,2.8659679730000107
633,0,0.7436171199999997,619,619,success,0,0,3,True,0,False,0,frontier_t0,66879488,0,633,67219456,73000065,127,True,6,0,633,sequence,0,0,0.0,0,0.743680908999977
428,0,1.0389465450000017,411,411,success,0,0.14756484300050943,3,True,380,False,6.661338147750939e-16,virtual_frontier,66879488,115,428,67223552,73000065,116,True,6,0,428,sequence,411,260,190.85401459854015,78441,1.0390675169999781
428,0,1.044415002000001,411,411,success,0,0.14809864900007597,3,True,380,False,6.661338147750939e-16,task_virtual_frontier,66879488,115,428,67223552,73000065,116,True,6,0,428,sequence,411,260,190.85401459854015,78441,1.044525522000015
3551,0,3.2358360200000007,3551,3551,success,0,0,7,True,0,False,0,structural,67010560,0,3551,67235840,73000065,121,True,7,0,3551,all_of,0,0,0.0,0,3.23625025299998
618,0,0.8811923079999993,618,618,success,0,0,7,True,0,False,0,frontier_t0,67010560,0,618,67235840,73000065,127,True,7,0,618,all_of,0,0,0.0,0,0.8812625580000031
410,0,1.4756537870000024,410,410,success,0,0.1820074470003874,7,True,379,False,1.1102230246251565e-15,virtual_frontier,67010560,193,410,67252224,73000065,116,True,7,198,410,all_of,410,447,284.0121951219512,116445,1.4758244820000073
489,0,1.3934120849999978,489,489,success,1,0.18643814799918346,7,True,449,True,1.5543122344752192e-15,task_virtual_frontier,67010560,155,489,67252224,73000065,131,True,7,41,489,all_of,489,399,209.66666666666666,102527,1.393618951999997
14,0,0.010539843000000104,14,14,success,0,0,2,True,0,False,0,structural,67010560,0,14,67252224,73000065,67,True,8,0,14,condition_then,0,0,0.0,0,0.010542842999996083
83,0,0.06992044300000089,83,83,success,0,0,2,True,0,False,0,frontier_t0,67010560,0,83,67252224,73000065,73,True,8,0,83,condition_then,0,0,0.0,0,0.06993760099999236
14,0,0.027826635000000266,14,14,success,0,0.004429089999860025,2,True,13,False,8.881784197001252e-16,virtual_frontier,67010560,88,14,67252224,73000065,67,True,8,1,14,condition_then,14,202,140.78571428571428,1971,0.02782973299997593
14,0,0.027419248999997592,14,14,success,0,0.0042333250000297085,2,True,13,False,8.881784197001252e-16,task_virtual_frontier,67010560,88,14,67252224,73000065,67,True,8,1,14,condition_then,14,202,140.78571428571428,1971,0.027421936000052938
4096,0,3.3898954140000015,4096,4096,task_step_limit,0,0,1,False,0,False,0,structural,67403776,0,4096,67649536,73000065,137,False,9,0,4096,branch,0,0,0.0,0,3.390249697999991
933,0,1.2001487269999984,933,933,success,0,0,3,True,0,False,0,frontier_t0,67403776,0,933,67670016,73000065,160,True,9,0,933,branch,0,0,0.0,0,1.20029144800003
344,0,0.7837664879999977,342,342,success,0,0.118181193999078,3,True,312,False,5.551115123125783e-16,virtual_frontier,67403776,109,344,67670016,73000065,111,True,9,0,344,branch,342,253,183.38011695906434,62716,0.7838550110000142
344,0,0.7805915089999971,342,342,success,0,0.11849419700052977,3,True,312,False,5.551115123125783e-16,task_virtual_frontier,67403776,109,344,67670016,73000065,111,True,9,0,344,branch,342,253,183.38011695906434,62716,0.7807054340000263
8,0,0.016677325000003407,0,0,success,0,0,3,True,0,False,0,structural,67403776,0,8,67670016,73000065,66,True,10,0,8,branch,0,0,0.0,0,0.016681131999973786
8,0,0.016415324999996983,0,0,success,0,0,3,True,0,False,0,frontier_t0,67403776,0,8,67670016,73000065,66,True,10,0,8,branch,0,0,0.0,0,0.01641810399996757
8,0,0.016443306999995855,0,0,success,0,0,3,True,0,False,0,virtual_frontier,67403776,0,8,67670016,73000065,66,True,10,0,8,branch,0,0,0.0,0,0.0164461759999881
8,0,0.016367635000001712,0,0,success,0,0,3,True,0,False,0,task_virtual_frontier,67403776,0,8,67670016,73000065,66,True,10,0,8,branch,0,0,0.0,0,0.016370843999993667
78,0,0.05787298899999627,73,73,success,0,0,3,True,0,False,0,structural,67403776,0,78,67670016,73000065,77,True,11,0,78,branch,0,0,0.0,0,0.05787777699998742
125,0,0.10832987500000257,121,121,success,0,0,3,True,0,False,0,frontier_t0,67403776,0,125,67670016,73000065,82,True,11,0,125,branch,0,0,0.0,0,0.10835616800000025
94,0,0.17257235900000012,89,89,success,0,0.026015670000447244,3,True,84,False,4.440892098500626e-16,virtual_frontier,67403776,79,94,67670016,73000065,80,True,11,0,94,branch,89,183,126.57303370786516,11265,0.17258891299997003
94,0,0.17318285700000047,89,89,success,0,0.026348778999988554,3,True,84,False,4.440892098500626e-16,task_virtual_frontier,67403776,79,94,67670016,73000065,80,True,11,0,94,branch,89,183,126.57303370786516,11265,0.1732116919999953
16,0,0.039910714000001235,0,0,success,0,0,3,True,0,False,0,structural,67403776,0,16,67670016,73000066,73,True,0,0,16,sequence,0,0,0.0,0,0.039915158999974665
16,0,0.03964101300000067,0,0,success,0,0,3,True,0,False,0,frontier_t0,67403776,0,16,67670016,73000066,73,True,0,0,16,sequence,0,0,0.0,0,0.03965688900001396
16,0,0.03918282200000078,0,0,success,0,0,3,True,0,False,0,virtual_frontier,67403776,0,16,67670016,73000066,73,True,0,0,16,sequence,0,0,0.0,0,0.03918649899998172
16,0,0.03926318100000259,0,0,success,0,0,3,True,0,False,0,task_virtual_frontier,67403776,0,16,67670016,73000066,73,True,0,0,16,sequence,0,0,0.0,0,0.03926666000000978
11,0,0.04827669699999859,0,0,success,0,0,7,True,0,False,0,structural,67403776,0,11,67706880,73000066,73,True,1,0,11,all_of,0,0,0.0,0,0.04828052300001673
11,0,0.04815814199999835,0,0,success,0,0,7,True,0,False,0,frontier_t0,67403776,0,11,67706880,73000066,73,True,1,0,11,all_of,0,0,0.0,0,0.04819746800001212
11,0,0.048395382999999015,0,0,success,0,0,7,True,0,False,0,virtual_frontier,67403776,0,11,67706880,73000066,73,True,1,0,11,all_of,0,0,0.0,0,0.048399222000000464
11,0,0.04887843099999856,0,0,success,0,0,7,True,0,False,0,task_virtual_frontier,67403776,0,11,67706880,73000066,73,True,1,0,11,all_of,0,0,0.0,0,0.048883633000002646
6,0,0.012973180999999556,0,0,success,0,0,2,True,0,False,0,structural,67403776,0,6,67706880,73000066,73,True,2,0,6,condition_then,0,0,0.0,0,0.012985350000008111
6,0,0.012435451000001763,0,0,success,0,0,2,True,0,False,0,frontier_t0,67403776,0,6,67706880,73000066,73,True,2,0,6,condition_then,0,0,0.0,0,0.012438323999958811
6,0,0.012773663000004376,0,0,success,0,0,2,True,0,False,0,virtual_frontier,67403776,0,6,67706880,73000066,73,True,2,0,6,condition_then,0,0,0.0,0,0.012776795000036145
6,0,0.012437944999994954,0,0,success,0,0,2,True,0,False,0,task_virtual_frontier,67403776,0,6,67706880,73000066,73,True,2,0,6,condition_then,0,0,0.0,0,0.012441228000000137
20,0,0.05557456300000041,0,0,success,0,0,3,True,0,False,0,structural,67403776,0,20,67706880,73000066,73,True,3,0,20,sequence,0,0,0.0,0,0.05558189900000343
20,0,0.05049862799999971,0,0,success,0,0,3,True,0,False,0,frontier_t0,67403776,0,20,67706880,73000066,73,True,3,0,20,sequence,0,0,0.0,0,0.05050319000002901
20,0,0.050300573999997766,0,0,success,0,0,3,True,0,False,0,virtual_frontier,67403776,0,20,67706880,73000066,73,True,3,0,20,sequence,0,0,0.0,0,0.05030635200000688
20,0,0.05022437099999877,0,0,success,0,0,3,True,0,False,0,task_virtual_frontier,67403776,0,20,67706880,73000066,73,True,3,0,20,sequence,0,0,0.0,0,0.050230127000020275
15,0,0.06185952299999542,0,0,success,0,0,7,True,0,False,0,structural,67403776,0,15,67710976,73000066,73,True,4,0,15,all_of,0,0,0.0,0,0.06186450699999568
15,0,0.06134852299999949,0,0,success,0,0,7,True,0,False,0,frontier_t0,67403776,0,15,67710976,73000066,73,True,4,0,15,all_of,0,0,0.0,0,0.061365324000007604
15,0,0.060998731999994504,0,0,success,0,0,7,True,0,False,0,virtual_frontier,67403776,0,15,67710976,73000066,73,True,4,0,15,all_of,0,0,0.0,0,0.06101379299997234
15,0,0.06155323699999826,0,0,success,0,0,7,True,0,False,0,task_virtual_frontier,67403776,0,15,67710976,73000066,73,True,4,0,15,all_of,0,0,0.0,0,0.06157105400001228
14,0,0.028741113999998902,0,0,success,0,0,2,True,0,False,0,structural,67403776,0,14,67710976,73000066,73,True,5,0,14,condition_then,0,0,0.0,0,0.028744380000034653
14,0,0.028797617999998693,0,0,success,0,0,2,True,0,False,0,frontier_t0,67403776,0,14,67710976,73000066,73,True,5,0,14,condition_then,0,0,0.0,0,0.02880146600000444
14,0,0.028818387999997697,0,0,success,0,0,2,True,0,False,0,virtual_frontier,67403776,0,14,67710976,73000066,73,True,5,0,14,condition_then,0,0,0.0,0,0.02882135599998037
14,0,0.028796396000004165,0,0,success,0,0,2,True,0,False,0,task_virtual_frontier,67403776,0,14,67710976,73000066,73,True,5,0,14,condition_then,0,0,0.0,0,0.028808956999966995
57,0,0.11315096999999952,30,30,success,0,0,3,True,0,False,0,structural,67403776,0,57,67710976,73000066,76,True,6,0,57,sequence,0,0,0.0,0,0.1131572090000077
64,0,0.12461561799999998,37,37,success,0,0,3,True,0,False,0,frontier_t0,67403776,0,64,67710976,73000066,76,True,6,0,64,sequence,0,0,0.0,0,0.12462174200004483
161,0,0.5626291140000035,135,135,success,0,0.06174343600002885,3,True,115,False,6.661338147750939e-16,virtual_frontier,67403776,157,161,67710976,73000066,82,True,6,122,161,sequence,135,333,266.52592592592595,35981,0.562684030000014
161,0,0.5638760960000013,135,135,success,0,0.06150015600013603,3,True,115,False,6.661338147750939e-16,task_virtual_frontier,67403776,157,161,67710976,73000066,82,True,6,122,161,sequence,135,333,266.52592592592595,35981,0.5639193360000263
42,0,0.1260172610000012,30,30,success,0,0,7,True,0,False,0,structural,67403776,0,42,67710976,73000066,76,True,7,0,42,all_of,0,0,0.0,0,0.12602407000002813
49,0,0.1511186960000046,37,37,success,0,0,7,True,0,False,0,frontier_t0,67403776,0,49,67710976,73000066,76,True,7,0,49,all_of,0,0,0.0,0,0.15113437200000135
147,0,1.0409366919999954,135,135,success,0,0.09517510100027948,7,True,115,False,1.1102230246251565e-15,virtual_frontier,67534848,312,147,67842048,73000066,82,True,7,122,147,all_of,135,664,530.5259259259259,71621,1.0410722280000186
147,0,1.047798211,135,135,success,0,0.09577044700006354,7,True,115,False,1.1102230246251565e-15,task_virtual_frontier,67534848,312,147,67842048,73000066,82,True,7,122,147,all_of,135,664,530.5259259259259,71621,1.0479270799999654
12,0,0.023633021999998505,0,0,success,0,0,2,True,0,False,0,structural,67534848,0,12,67842048,73000066,73,True,8,0,12,condition_then,0,0,0.0,0,0.023636285999998563
12,0,0.02420822799999911,0,0,success,0,0,2,True,0,False,0,frontier_t0,67534848,0,12,67842048,73000066,73,True,8,0,12,condition_then,0,0,0.0,0,0.024219915999992736
12,0,0.02381300000000408,0,0,success,0,0,2,True,0,False,0,virtual_frontier,67534848,0,12,67842048,73000066,73,True,8,0,12,condition_then,0,0,0.0,0,0.023816307000004144
12,0,0.023501857999995934,0,0,success,0,0,2,True,0,False,0,task_virtual_frontier,67534848,0,12,67842048,73000066,73,True,8,0,12,condition_then,0,0,0.0,0,0.023530664999952933
13,0,0.03820299499999891,0,0,success,0,0,3,True,0,False,0,structural,67534848,0,13,67842048,73000066,73,True,9,0,13,branch,0,0,0.0,0,0.038206279000007726
13,0,0.04081260400000275,0,0,success,0,0,3,True,0,False,0,frontier_t0,67534848,0,13,67842048,73000066,73,True,9,0,13,branch,0,0,0.0,0,0.04083597999999711
13,0,0.047476738000000296,0,0,success,0,0,3,True,0,False,0,virtual_frontier,67534848,0,13,67842048,73000066,73,True,9,0,13,branch,0,0,0.0,0,0.047481755999967845
13,0,0.038388249999997015,0,0,success,0,0,3,True,0,False,0,task_virtual_frontier,67534848,0,13,67842048,73000066,73,True,9,0,13,branch,0,0,0.0,0,0.03839221999999154
8,0,0.018011827999998786,0,0,success,0,0,3,True,0,False,0,structural,67534848,0,8,67842048,73000066,73,True,10,0,8,branch,0,0,0.0,0,0.018014546000017617
8,0,0.017821064999999692,0,0,success,0,0,3,True,0,False,0,frontier_t0,67534848,0,8,67842048,73000066,73,True,10,0,8,branch,0,0,0.0,0,0.01782435800004123
8,0,0.0178037290000006,0,0,success,0,0,3,True,0,False,0,virtual_frontier,67534848,0,8,67842048,73000066,73,True,10,0,8,branch,0,0,0.0,0,0.017806721999988895
8,0,0.01781931200000031,0,0,success,0,0,3,True,0,False,0,task_virtual_frontier,67534848,0,8,67842048,73000066,73,True,10,0,8,branch,0,0,0.0,0,0.017822104000003947
10,0,0.026807340000004842,0,0,success,0,0,3,True,0,False,0,structural,67534848,0,10,67842048,73000066,73,True,11,0,10,branch,0,0,0.0,0,0.026810432999980094
10,0,0.026734470999997484,0,0,success,0,0,3,True,0,False,0,frontier_t0,67534848,0,10,67842048,73000066,73,True,11,0,10,branch,0,0,0.0,0,0.02673789300001772
10,0,0.026739749000000756,0,0,success,0,0,3,True,0,False,0,virtual_frontier,67534848,0,10,67842048,73000066,73,True,11,0,10,branch,0,0,0.0,0,0.026743050999982643
10,0,0.02675248899999616,0,0,success,0,0,3,True,0,False,0,task_virtual_frontier,67534848,0,10,67842048,73000066,73,True,11,0,10,branch,0,0,0.0,0,0.026755619999960345
22,0,0.019355666000002714,12,12,success,0,0,3,True,0,False,0,structural,67534848,0,22,67842048,73000067,71,True,0,0,22,sequence,0,0,0.0,0,0.01935872799998606
22,0,0.02026187299999549,12,12,success,0,0,3,True,0,False,0,frontier_t0,67534848,0,22,67842048,73000067,71,True,0,0,22,sequence,0,0,0.0,0,0.020265306999988297
22,0,0.023852517999998213,12,12,success,0,0.0020639579999510715,3,True,3,False,4.440892098500626e-16,virtual_frontier,67534848,6,22,67842048,73000067,71,True,0,0,22,sequence,12,37,15.0,180,0.023855369999978393
22,0,0.024069781000001456,12,12,success,0,0.001955522000059773,3,True,3,False,4.440892098500626e-16,task_virtual_frontier,67534848,6,22,67842048,73000067,71,True,0,0,22,sequence,12,37,15.0,180,0.02407263800000692
19,0,0.01295425200000011,12,12,success,0,0,7,True,0,False,0,structural,67534848,0,19,67842048,73000067,71,True,1,0,19,all_of,0,0,0.0,0,0.012957130000017969
19,0,0.013720161000001951,12,12,success,0,0,7,True,0,False,0,frontier_t0,67534848,0,19,67842048,73000067,71,True,1,0,19,all_of,0,0,0.0,0,0.013722885999982282
19,0,0.01745582300000592,12,12,success,0,0.002031238000142821,7,True,3,False,4.440892098500626e-16,virtual_frontier,67534848,6,19,67842048,73000067,71,True,1,0,19,all_of,12,37,15.0,180,0.017458588000010877
19,0,0.017464615000001515,12,12,success,0,0.002055063999932827,7,True,3,False,4.440892098500626e-16,task_virtual_frontier,67534848,6,19,67842048,73000067,71,True,1,0,19,all_of,12,37,15.0,180,0.017467131000046265
23,0,0.01707363499999559,12,12,success,0,0,2,True,0,False,0,structural,67534848,0,23,67842048,73000067,71,True,2,0,23,condition_then,0,0,0.0,0,0.017089169999962905
23,0,0.018193649000004086,12,12,success,0,0,2,True,0,False,0,frontier_t0,67534848,0,23,67842048,73000067,71,True,2,0,23,condition_then,0,0,0.0,0,0.018196664000015517
23,0,0.02175912700000282,12,12,success,0,0.0020276629999784745,2,True,3,False,4.440892098500626e-16,virtual_frontier,67534848,6,23,67842048,73000067,71,True,2,0,23,condition_then,12,37,15.0,180,0.021762939999973696
23,0,0.02190005699999631,12,12,success,0,0.0020499160000895245,2,True,3,False,4.440892098500626e-16,task_virtual_frontier,67534848,6,23,67842048,73000067,71,True,2,0,23,condition_then,12,37,15.0,180,0.021903801999997086
2031,0,1.6986396940000006,2030,2030,success,0,0,3,True,0,False,0,structural,67534848,0,2031,67842048,73000067,73,True,3,0,2031,sequence,0,0,0.0,0,1.698857060000023
228,0,0.28147455300000246,227,227,success,0,0,3,True,0,False,0,frontier_t0,67534848,0,228,67842048,73000067,73,True,3,0,228,sequence,0,0,0.0,0,0.2815356760000327
130,0,0.35351343600000007,129,129,success,0,0.044960961000413135,3,True,101,False,1.1102230246251565e-15,virtual_frontier,67534848,129,130,67842048,73000067,72,True,3,107,130,sequence,129,437,322.47286821705427,41599,0.3535664980000206
130,0,0.3534590439999974,129,129,success,0,0.04499524899978269,3,True,101,False,1.1102230246251565e-15,task_virtual_frontier,67534848,129,130,67842048,73000067,72,True,3,107,130,sequence,129,437,322.47286821705427,41599,0.35348333199999615
2035,0,3.5138447830000032,2030,2030,success,0,0,7,True,0,False,0,structural,67534848,0,2035,67842048,73000067,73,True,4,0,2035,all_of,0,0,0.0,0,3.514293118000012
232,0,0.5608333439999953,227,227,success,0,0,7,True,0,False,0,frontier_t0,67534848,0,232,67842048,73000067,73,True,4,0,232,all_of,0,0,0.0,0,0.5608746949999954
134,0,0.6821316440000018,129,129,success,0,0.06319195299982994,7,True,101,False,1.1102230246251565e-15,virtual_frontier,67928064,256,134,68239360,73000067,72,True,4,110,134,all_of,129,862,632.922480620155,81647,0.6822299940000107
121,0,0.6658734600000003,121,121,success,1,0.06150815800009468,7,True,99,True,8.881784197001252e-16,task_virtual_frontier,67928064,256,121,68239360,73000067,71,True,4,108,121,all_of,121,862,672.00826446281,81313,0.6659383560000265
11,0,0.01626036500000083,0,0,success,0,0,2,True,0,False,0,structural,67928064,0,11,68239360,73000067,65,True,5,0,11,condition_then,0,0,0.0,0,0.01626330300001655
11,0,0.02261489900000413,0,0,success,0,0,2,True,0,False,0,frontier_t0,67928064,0,11,68239360,73000067,65,True,5,0,11,condition_then,0,0,0.0,0,0.02261826099999098
11,0,0.016119436000003873,0,0,success,0,0,2,True,0,False,0,virtual_frontier,67928064,0,11,68239360,73000067,65,True,5,0,11,condition_then,0,0,0.0,0,0.016122239999958765
11,0,0.016170793000000572,0,0,success,0,0,2,True,0,False,0,task_virtual_frontier,67928064,0,11,68239360,73000067,65,True,5,0,11,condition_then,0,0,0.0,0,0.016173788000003242
18,0,0.029738386000005335,0,0,success,0,0,3,True,0,False,0,structural,67928064,0,18,68239360,73000067,65,True,6,0,18,sequence,0,0,0.0,0,0.02974168000002919
18,0,0.030342653999994695,0,0,success,0,0,3,True,0,False,0,frontier_t0,67928064,0,18,68239360,73000067,65,True,6,0,18,sequence,0,0,0.0,0,0.030355447000033564
18,0,0.029778866000000903,0,0,success,0,0,3,True,0,False,0,virtual_frontier,67928064,0,18,68239360,73000067,65,True,6,0,18,sequence,0,0,0.0,0,0.029782651999994414
18,0,0.02972591700000038,0,0,success,0,0,3,True,0,False,0,task_virtual_frontier,67928064,0,18,68239360,73000067,65,True,6,0,18,sequence,0,0,0.0,0,0.029729021000036937
14,0,0.03316273499999767,0,0,success,0,0,7,True,0,False,0,structural,67928064,0,14,68239360,73000067,65,True,7,0,14,all_of,0,0,0.0,0,0.03316585200002464
14,0,0.03324406599999463,0,0,success,0,0,7,True,0,False,0,frontier_t0,67928064,0,14,68239360,73000067,65,True,7,0,14,all_of,0,0,0.0,0,0.033247985999992125
14,0,0.03325517300000058,0,0,success,0,0,7,True,0,False,0,virtual_frontier,67928064,0,14,68239360,73000067,65,True,7,0,14,all_of,0,0,0.0,0,0.03325801099998671
14,0,0.03335696299999569,0,0,success,0,0,7,True,0,False,0,task_virtual_frontier,67928064,0,14,68239360,73000067,65,True,7,0,14,all_of,0,0,0.0,0,0.033360485999992306
10,0,0.014480880999997225,0,0,success,0,0,2,True,0,False,0,structural,67928064,0,10,68239360,73000067,65,True,8,0,10,condition_then,0,0,0.0,0,0.014484515999981795
10,0,0.014532257000006155,0,0,success,0,0,2,True,0,False,0,frontier_t0,67928064,0,10,68239360,73000067,65,True,8,0,10,condition_then,0,0,0.0,0,0.014535484000020915
10,0,0.014378488999994943,0,0,success,0,0,2,True,0,False,0,virtual_frontier,67928064,0,10,68239360,73000067,65,True,8,0,10,condition_then,0,0,0.0,0,0.01438197200002378
10,0,0.014319710999998847,0,0,success,0,0,2,True,0,False,0,task_virtual_frontier,67928064,0,10,68239360,73000067,65,True,8,0,10,condition_then,0,0,0.0,0,0.014322622000008778
8,0,0.015248151000001542,0,0,success,0,0,3,True,0,False,0,structural,67928064,0,8,68239360,73000067,65,True,9,0,8,branch,0,0,0.0,0,0.015251053999975284
8,0,0.015113311000000351,0,0,success,0,0,3,True,0,False,0,frontier_t0,67928064,0,8,68239360,73000067,65,True,9,0,8,branch,0,0,0.0,0,0.01511577999997371
8,0,0.015121231999998486,0,0,success,0,0,3,True,0,False,0,virtual_frontier,67928064,0,8,68239360,73000067,65,True,9,0,8,branch,0,0,0.0,0,0.01512383299996145
8,0,0.01505136899999826,0,0,success,0,0,3,True,0,False,0,task_virtual_frontier,67928064,0,8,68239360,73000067,65,True,9,0,8,branch,0,0,0.0,0,0.015054677000023275
17,0,0.024610796000004598,0,0,success,0,0,3,True,0,False,0,structural,67928064,0,17,68239360,73000067,65,True,10,0,17,branch,0,0,0.0,0,0.024614086000042334
17,0,0.02455787699999945,0,0,success,0,0,3,True,0,False,0,frontier_t0,67928064,0,17,68239360,73000067,65,True,10,0,17,branch,0,0,0.0,0,0.024560935000010886
17,0,0.024666488000001152,0,0,success,0,0,3,True,0,False,0,virtual_frontier,67928064,0,17,68239360,73000067,65,True,10,0,17,branch,0,0,0.0,0,0.02466985999996041
17,0,0.024828348000006883,0,0,success,0,0,3,True,0,False,0,task_virtual_frontier,67928064,0,17,68239360,73000067,65,True,10,0,17,branch,0,0,0.0,0,0.024840808000021752
7,0,0.012606083999997963,0,0,success,0,0,3,True,0,False,0,structural,67928064,0,7,68239360,73000067,65,True,11,0,7,branch,0,0,0.0,0,0.012608854000006886
7,0,0.012560026000002722,0,0,success,0,0,3,True,0,False,0,frontier_t0,67928064,0,7,68239360,73000067,65,True,11,0,7,branch,0,0,0.0,0,0.012562883999976293
7,0,0.012496332000004884,0,0,success,0,0,3,True,0,False,0,virtual_frontier,67928064,0,7,68239360,73000067,65,True,11,0,7,branch,0,0,0.0,0,0.012498936999975285
7,0,0.012515740999994307,0,0,success,0,0,3,True,0,False,0,task_virtual_frontier,67928064,0,7,68239360,73000067,65,True,11,0,7,branch,0,0,0.0,0,0.012518477000014627
40,0,0.05095946400000173,26,26,success,0,0,3,True,0,False,0,structural,67928064,0,40,68247552,73000068,140,True,0,0,40,sequence,0,0,0.0,0,0.05096376300002703
40,0,0.05349498100000005,26,26,success,0,0,3,True,0,False,0,frontier_t0,67928064,0,40,68247552,73000068,140,True,0,0,40,sequence,0,0,0.0,0,0.0535167190000152
40,0,0.059705922999995664,26,26,success,0,0.004329248999965785,3,True,7,False,3.3306690738754696e-16,virtual_frontier,67928064,10,40,68247552,73000068,140,True,0,0,40,sequence,26,41,14.884615384615385,387,0.05971057399995061
40,0,0.059784430000000555,26,26,success,0,0.004269460999978492,3,True,7,False,3.3306690738754696e-16,task_virtual_frontier,67928064,10,40,68247552,73000068,140,True,0,0,40,sequence,26,41,14.884615384615385,387,0.05980366400001458
43,0,0.0896401890000007,26,26,success,0,0,7,True,0,False,0,structural,68190208,0,43,68247552,73000068,140,True,1,0,43,all_of,0,0,0.0,0,0.08965598100002126
43,0,0.09342738600000189,26,26,success,0,0,7,True,0,False,0,frontier_t0,68190208,0,43,67612672,73000068,140,True,1,0,43,all_of,0,0,0.0,0,0.09345162400001072
43,0,0.10035956999999485,26,26,success,0,0.004344713999955729,7,True,7,False,3.3306690738754696e-16,virtual_frontier,68190208,10,43,67612672,73000068,140,True,1,0,43,all_of,26,41,14.884615384615385,387,0.10036521600000015
43,0,0.09955946000000182,26,26,success,0,0.004374850000090191,7,True,7,False,3.3306690738754696e-16,task_virtual_frontier,68190208,10,43,67612672,73000068,140,True,1,0,43,all_of,26,41,14.884615384615385,387,0.099565478000045
31,0,0.01568205600000283,26,26,success,0,0,2,True,0,False,0,structural,68190208,0,31,67612672,73000068,140,True,2,0,31,condition_then,0,0,0.0,0,0.015684809999982008
31,0,0.027373461999999904,26,26,success,0,0,2,True,0,False,0,frontier_t0,68190208,0,31,67612672,73000068,140,True,2,0,31,condition_then,0,0,0.0,0,0.02737728900001457
31,0,0.025741405999994527,26,26,success,0,0.004381871000020965,2,True,7,False,6.661338147750939e-16,virtual_frontier,68190208,10,31,67612672,73000068,140,True,2,0,31,condition_then,26,41,14.884615384615385,387,0.02574552499999072
31,0,0.025758081000006428,26,26,success,0,0.004265102000033494,2,True,7,False,6.661338147750939e-16,task_virtual_frontier,68190208,10,31,67612672,73000068,140,True,2,0,31,condition_then,26,41,14.884615384615385,387,0.025761338999984673
239,0,0.36060118799999685,196,196,success,0,0,3,True,0,False,0,structural,68190208,0,239,68136960,73000068,194,True,3,0,239,sequence,0,0,0.0,0,0.3606472720000511
239,0,0.3976618570000028,196,196,success,0,0,3,True,0,False,0,frontier_t0,68190208,0,239,68136960,73000068,194,True,3,0,239,sequence,0,0,0.0,0,0.39769627800001217
239,0,0.6610897010000016,196,196,success,0,0.0680246140001941,3,True,80,False,8.881784197001252e-16,virtual_frontier,68427776,543,239,68354048,73000068,194,True,3,51,239,sequence,196,1255,247.65816326530611,48541,0.6611643859999958
239,0,0.6574698020000014,196,196,success,0,0.0675282960001482,3,True,80,False,8.881784197001252e-16,task_virtual_frontier,68427776,543,239,68210688,73000068,194,True,3,51,239,sequence,196,1255,247.65816326530611,48541,0.6575156950000292
22,0,0.08569256199999842,6,6,success,0,0,7,True,0,False,0,structural,68427776,0,22,67989504,73000068,131,True,4,0,22,all_of,0,0,0.0,0,0.08572132899996632
22,0,0.0868438729999994,6,6,success,0,0,7,True,0,False,0,frontier_t0,68427776,0,22,67616768,73000068,131,True,4,0,22,all_of,0,0,0.0,0,0.08687486099995567
22,0,0.08793116900000086,6,6,success,0,0.0010896069999830615,7,True,3,False,3.3306690738754696e-16,virtual_frontier,68427776,2,22,67616768,73000068,131,True,4,0,22,all_of,6,9,6.833333333333333,41,0.08793668399999888
22,0,0.0869841909999991,6,6,success,0,0.0010153339999874333,7,True,3,False,3.3306690738754696e-16,task_virtual_frontier,68427776,2,22,67616768,73000068,131,True,4,0,22,all_of,6,9,6.833333333333333,41,0.08700189299997874
176,0,0.08761613099999721,176,176,success,0,0,2,True,0,False,0,structural,68427776,0,176,67616768,73000068,187,True,5,0,176,condition_then,0,0,0.0,0,0.08762160899999571
176,0,0.11701692599999802,176,176,success,0,0,2,True,0,False,0,frontier_t0,68427776,0,176,67616768,73000068,187,True,5,0,176,condition_then,0,0,0.0,0,0.11703636499998993
176,0,0.2464663069999986,176,176,success,0,0.04415583700017578,2,True,77,False,6.661338147750939e-16,virtual_frontier,68427776,192,176,67854336,73000068,187,True,5,28,176,condition_then,176,473,128.60795454545453,22635,0.2464992289999941
106,0,0.15927796200000444,106,106,success,1,0.02752300999986801,2,True,48,True,6.661338147750939e-16,task_virtual_frontier,68427776,192,106,67854336,73000068,164,True,5,28,106,condition_then,106,473,141.93396226415095,15045,0.15929262700001345
634,0,0.609819477000002,624,624,success,0,0,3,True,0,False,0,structural,68427776,0,634,68026368,73000068,261,True,6,0,634,sequence,0,0,0.0,0,0.6099125789999675
613,0,0.7298761889999952,603,603,success,0,0,3,True,0,False,0,frontier_t0,68427776,0,613,68055040,73000068,253,True,6,0,613,sequence,0,0,0.0,0,0.7299788700000249
606,0,1.5056176080000014,596,596,success,0,0.20546160199972974,3,True,353,False,7.771561172376096e-16,virtual_frontier,68427776,249,606,68177920,73000068,253,True,6,0,606,sequence,596,580,251.0218120805369,149609,1.5058003579999877
606,0,1.5018855040000005,596,596,success,0,0.2042949730000032,3,True,353,False,7.771561172376096e-16,task_virtual_frontier,68427776,249,606,68186112,73000068,253,True,6,0,606,sequence,596,580,251.0218120805369,149609,1.502043282000045
616,0,0.6242038920000041,616,616,success,0,0,7,True,0,False,0,structural,68427776,0,616,68186112,73000068,260,True,7,0,616,all_of,0,0,0.0,0,0.6242609309999807
595,0,0.7543831899999986,595,595,success,0,0,7,True,0,False,0,frontier_t0,68427776,0,595,68186112,73000068,252,True,7,0,595,all_of,0,0,0.0,0,0.7544443450000244
588,0,1.5733879850000037,588,588,success,0,0.2036871419999784,7,True,350,False,1.1102230246251565e-15,virtual_frontier,68427776,249,588,68186112,73000068,252,True,7,0,588,all_of,588,580,254.2891156462585,149522,1.573556902000007
588,0,1.5542285149999984,588,588,success,0,0.2018572780008867,7,True,350,False,1.1102230246251565e-15,task_virtual_frontier,68427776,249,588,68186112,73000068,252,True,7,0,588,all_of,588,580,254.2891156462585,149522,1.5544033159999913
95,0,0.07199638899999883,86,86,success,0,0,2,True,0,False,0,structural,68427776,0,95,68186112,73000068,159,True,8,0,95,condition_then,0,0,0.0,0,0.07203131200003554
48,0,0.028547615999997333,46,46,success,0,0,2,True,0,False,0,frontier_t0,68427776,0,48,68186112,73000068,148,True,8,0,48,condition_then,0,0,0.0,0,0.028550967000001037
48,0,0.06068992400000184,46,46,success,0,0.010767300999816598,2,True,14,False,4.440892098500626e-16,virtual_frontier,68427776,243,48,68194304,73000068,148,True,8,9,48,condition_then,46,524,112.30434782608695,5166,0.06071524300000419
48,0,0.060977581999999586,46,46,success,0,0.010900021999759701,2,True,14,False,4.440892098500626e-16,task_virtual_frontier,68427776,243,48,68194304,73000068,148,True,8,9,48,condition_then,46,524,112.30434782608695,5166,0.060996276999958354
235,0,0.18134233299999636,213,213,success,0,0,3,True,0,False,0,structural,68427776,0,235,68268032,73000068,212,True,9,0,235,branch,0,0,0.0,0,0.1813630460000013
235,0,0.21107656200000235,213,213,success,0,0,3,True,0,False,0,frontier_t0,68427776,0,235,68268032,73000068,212,True,9,0,235,branch,0,0,0.0,0,0.21111042900002985
235,0,0.342729128000002,213,213,success,0,0.048848832999681235,3,True,67,False,6.661338147750939e-16,virtual_frontier,68952064,403,235,69120000,73000068,212,True,9,30,235,branch,213,1030,121.2394366197183,25824,0.3427970530000266
235,0,0.34370199299999626,213,213,success,0,0.04912581300021657,3,True,67,False,6.661338147750939e-16,task_virtual_frontier,68952064,403,235,68972544,73000068,212,True,9,30,235,branch,213,1030,121.2394366197183,25824,0.34376681800000597
262,0,0.23623439200000007,229,229,success,0,0,3,True,0,False,0,structural,68952064,0,262,67969024,73000068,218,True,10,0,262,branch,0,0,0.0,0,0.2362775880000072
262,0,0.268920236999989,229,229,success,0,0,3,True,0,False,0,frontier_t0,68952064,0,262,67969024,73000068,218,True,10,0,262,branch,0,0,0.0,0,0.2689306080000051
262,0,0.42799582799999314,229,229,success,0,0.053710376000424276,3,True,84,False,6.661338147750939e-16,virtual_frontier,68952064,381,262,68866048,73000068,218,True,10,32,262,branch,229,942,119.93013100436681,27464,0.42805596499999865
262,0,0.4173383090000016,229,229,success,0,0.0533023280006546,3,True,84,False,6.661338147750939e-16,task_virtual_frontier,68952064,381,262,69005312,73000068,218,True,10,32,262,branch,229,942,119.93013100436681,27464,0.417391527999996
97,0,0.029092766999994524,92,92,success,0,0,3,True,0,False,0,structural,68952064,0,97,69005312,73000068,169,True,11,0,97,branch,0,0,0.0,0,0.029097216000025128
97,0,0.04300327999999354,92,92,success,0,0,3,True,0,False,0,frontier_t0,68952064,0,97,69005312,73000068,169,True,11,0,97,branch,0,0,0.0,0,0.04300813600002584
97,0,0.06903623799999536,92,92,success,0,0.01637746800020068,3,True,43,False,8.881784197001252e-16,virtual_frontier,68952064,29,97,69005312,73000068,169,True,11,0,97,branch,92,113,30.945652173913043,2847,0.06905253200000061
97,0,0.06852258600000027,92,92,success,0,0.016363484999772027,3,True,43,False,8.881784197001252e-16,task_virtual_frontier,68952064,29,97,69005312,73000068,169,True,11,0,97,branch,92,113,30.945652173913043,2847,0.06852823000002672
