  0
SECTION
  2
HEADER
  9
$ACADVER
  1
AC1027
  9
$ACADMAINTVER
 70
105
  9
$DWGCODEPAGE
  3
ANSI_1252
  9
$LASTSAVEDBY
  1
ezdxf
  9
$REQUIREDVERSIONS
160
0
  9
$INSBASE
 10
0.0
 20
0.0
 30
0.0
  9
$EXTMIN
 10
1e+20
 20
1e+20
 30
1e+20
  9
$EXTMAX
 10
-1e+20
 20
-1e+20
 30
-1e+20
  9
$LIMMIN
 10
0.0
 20
0.0
  9
$LIMMAX
 10
420.0
 20
297.0
  9
$ORTHOMODE
 70
0
  9
$REGENMODE
 70
1
  9
$FILLMODE
 70
1
  9
$QTEXTMODE
 70
0
  9
$MIRRTEXT
 70
1
  9
$LTSCALE
 40
1.0
  9
$ATTMODE
 70
1
  9
$TEXTSIZE
 40
2.5
  9
$TRACEWID
 40
1.0
  9
$TEXTSTYLE
  7
Standard
  9
$CLAYER
  8
0
  9
$CELTYPE
  6
ByLayer
  9
$CECOLOR
 62
256
  9
$CELTSCALE
 40
1.0
  9
$DISPSILH
 70
0
  9
$DIMSCALE
 40
1.0
  9
$DIMASZ
 40
2.5
  9
$DIMEXO
 40
0.625
  9
$DIMDLI
 40
3.75
  9
$DIMRND
 40
0.0
  9
$DIMDLE
 40
0.0
  9
$DIMEXE
 40
1.25
  9
$DIMTP
 40
0.0
  9
$DIMTM
 40
0.0
  9
$DIMTXT
 40
2.5
  9
$DIMCEN
 40
2.5
  9
$DIMTSZ
 40
0.0
  9
$DIMTOL
 70
0
  9
$DIMLIM
 70
0
  9
$DIMTIH
 70
0
  9
$DIMTOH
 70
0
  9
$DIMSE1
 70
0
  9
$DIMSE2
 70
0
  9
$DIMTAD
 70
1
  9
$DIMZIN
 70
8
  9
$DIMBLK
  1

  9
$DIMASO
 70
1
  9
$DIMSHO
 70
1
  9
$DIMPOST
  1

  9
$DIMAPOST
  1

  9
$DIMALT
 70
0
  9
$DIMALTD
 70
3
  9
$DIMALTF
 40
0.03937007874
  9
$DIMLFAC
 40
1.0
  9
$DIMTOFL
 70
1
  9
$DIMTVP
 40
0.0
  9
$DIMTIX
 70
0
  9
$DIMSOXD
 70
0
  9
$DIMSAH
 70
0
  9
$DIMBLK1
  1

  9
$DIMBLK2
  1

  9
$DIMSTYLE
  2
ISO-25
  9
$DIMCLRD
 70
0
  9
$DIMCLRE
 70
0
  9
$DIMCLRT
 70
0
  9
$DIMTFAC
 40
1.0
  9
$DIMGAP
 40
0.625
  9
$DIMJUST
 70
0
  9
$DIMSD1
 70
0
  9
$DIMSD2
 70
0
  9
$DIMTOLJ
 70
0
  9
$DIMTZIN
 70
8
  9
$DIMALTZ
 70
0
  9
$DIMALTTZ
 70
0
  9
$DIMUPT
 70
0
  9
$DIMDEC
 70
2
  9
$DIMTDEC
 70
2
  9
$DIMALTU
 70
2
  9
$DIMALTTD
 70
3
  9
$DIMTXSTY
  7
Standard
  9
$DIMAUNIT
 70
0
  9
$DIMADEC
 70
0
  9
$DIMALTRND
 40
0.0
  9
$DIMAZIN
 70
0
  9
$DIMDSEP
 70
44
  9
$DIMATFIT
 70
3
  9
$DIMFRAC
 70
0
  9
$DIMLDRBLK
  1

  9
$DIMLUNIT
 70
2
  9
$DIMLWD
 70
-2
  9
$DIMLWE
 70
-2
  9
$DIMTMOVE
 70
0
  9
$DIMFXL
 40
1.0
  9
$DIMFXLON
 70
0
  9
$DIMJOGANG
 40
0.785398163397
  9
$DIMTFILL
 70
0
  9
$DIMTFILLCLR
 70
0
  9
$DIMARCSYM
 70
0
  9
$DIMLTYPE
  6

  9
$DIMLTEX1
  6

  9
$DIMLTEX2
  6

  9
$DIMTXTDIRECTION
 70
0
  9
$LUNITS
 70
2
  9
$LUPREC
 70
4
  9
$SKETCHINC
 40
1.0
  9
$FILLETRAD
 40
10.0
  9
$AUNITS
 70
0
  9
$AUPREC
 70
2
  9
$MENU
  1
.
  9
$ELEVATION
 40
0.0
  9
$PELEVATION
 40
0.0
  9
$THICKNESS
 40
0.0
  9
$LIMCHECK
 70
0
  9
$CHAMFERA
 40
0.0
  9
$CHAMFERB
 40
0.0
  9
$CHAMFERC
 40
0.0
  9
$CHAMFERD
 40
0.0
  9
$SKPOLY
 70
0
  9
$TDCREATE
 40
2461284.2237962964
  9
$TDUCREATE
 40
2458532.153996898
  9
$TDUPDATE
 40
2461284.2238310184
  9
$TDUUPDATE
 40
2458532.1544311
  9
$TDINDWG
 40
0.0
  9
$TDUSRTIMER
 40
0.0
  9
$USRTIMER
 70
1
  9
$ANGBASE
 50
0.0
  9
$ANGDIR
 70
0
  9
$PDMODE
 70
0
  9
$PDSIZE
 40
0.0
  9
$PLINEWID
 40
0.0
  9
$SPLFRAME
 70
0
  9
$SPLINETYPE
 70
6
  9
$SPLINESEGS
 70
8
  9
$HANDSEED
  5
CC2
  9
$SURFTAB1
 70
6
  9
$SURFTAB2
 70
6
  9
$SURFTYPE
 70
6
  9
$SURFU
 70
6
  9
$SURFV
 70
6
  9
$UCSBASE
  2

  9
$UCSNAME
  2

  9
$UCSORG
 10
0.0
 20
0.0
 30
0.0
  9
$UCSXDIR
 10
1.0
 20
0.0
 30
0.0
  9
$UCSYDIR
 10
0.0
 20
1.0
 30
0.0
  9
$UCSORTHOREF
  2

  9
$UCSORTHOVIEW
 70
0
  9
$UCSORGTOP
 10
0.0
 20
0.0
 30
0.0
  9
$UCSORGBOTTOM
 10
0.0
 20
0.0
 30
0.0
  9
$UCSORGLEFT
 10
0.0
 20
0.0
 30
0.0
  9
$UCSORGRIGHT
 10
0.0
 20
0.0
 30
0.0
  9
$UCSORGFRONT
 10
0.0
 20
0.0
 30
0.0
  9
$UCSORGBACK
 10
0.0
 20
0.0
 30
0.0
  9
$PUCSBASE
  2

  9
$PUCSNAME
  2

  9
$PUCSORG
 10
0.0
 20
0.0
 30
0.0
  9
$PUCSXDIR
 10
1.0
 20
0.0
 30
0.0
  9
$PUCSYDIR
 10
0.0
 20
1.0
 30
0.0
  9
$PUCSORTHOREF
  2

  9
$PUCSORTHOVIEW
 70
0
  9
$PUCSORGTOP
 10
0.0
 20
0.0
 30
0.0
  9
$PUCSORGBOTTOM
 10
0.0
 20
0.0
 30
0.0
  9
$PUCSORGLEFT
 10
0.0
 20
0.0
 30
0.0
  9
$PUCSORGRIGHT
 10
0.0
 20
0.0
 30
0.0
  9
$PUCSORGFRONT
 10
0.0
 20
0.0
 30
0.0
  9
$PUCSORGBACK
 10
0.0
 20
0.0
 30
0.0
  9
$USERI1
 70
0
  9
$USERI2
 70
0
  9
$USERI3
 70
0
  9
$USERI4
 70
0
  9
$USERI5
 70
0
  9
$USERR1
 40
0.0
  9
$USERR2
 40
0.0
  9
$USERR3
 40
0.0
  9
$USERR4
 40
0.0
  9
$USERR5
 40
0.0
  9
$WORLDVIEW
 70
1
  9
$SHADEDGE
 70
3
  9
$SHADEDIF
 70
70
  9
$TILEMODE
 70
1
  9
$MAXACTVP
 70
64
  9
$PINSBASE
 10
0.0
 20
0.0
 30
0.0
  9
$PLIMCHECK
 70
0
  9
$PEXTMIN
 10
1e+20
 20
1e+20
 30
1e+20
  9
$PEXTMAX
 10
-1e+20
 20
-1e+20
 30
-1e+20
  9
$PLIMMIN
 10
0.0
 20
0.0
  9
$PLIMMAX
 10
420.0
 20
297.0
  9
$UNITMODE
 70
0
  9
$VISRETAIN
 70
1
  9
$PLINEGEN
 70
0
  9
$PSLTSCALE
 70
1
  9
$TREEDEPTH
 70
3020
  9
$CMLSTYLE
  2
Standard
  9
$CMLJUST
 70
0
  9
$CMLSCALE
 40
20.0
  9
$PROXYGRAPHICS
 70
1
  9
$MEASUREMENT
 70
1
  9
$CELWEIGHT
370
-1
  9
$ENDCAPS
280
0
  9
$JOINSTYLE
280
0
  9
$LWDISPLAY
290
0
  9
$INSUNITS
 70
4
  9
$HYPERLINKBASE
  1

  9
$STYLESHEET
  1

  9
$XEDIT
290
1
  9
$CEPSNTYPE
380
0
  9
$PSTYLEMODE
290
1
  9
$FINGERPRINTGUID
  2
{55BAD1F2-30E5-4821-8DA1-8AE7E7AA4215}
  9
$VERSIONGUID
  2
{AFCE5410-5B48-4DDD-8DE8-0FC9D0CBBB73}
  9
$EXTNAMES
290
1
  9
$PSVPSCALE
 40
0.0
  9
$OLESTARTUP
290
0
  9
$SORTENTS
280
127
  9
$INDEXCTL
280
0
  9
$HIDETEXT
280
1
  9
$XCLIPFRAME
280
1
  9
$HALOGAP
280
0
  9
$OBSCOLOR
 70
257
  9
$OBSLTYPE
280
0
  9
$INTERSECTIONDISPLAY
280
0
  9
$INTERSECTIONCOLOR
 70
257
  9
$DIMASSOC
280
2
  9
$PROJECTNAME
  1

  9
$CAMERADISPLAY
290
0
  9
$LENSLENGTH
 40
50.0
  9
$CAMERAHEIGHT
 40
0.0
  9
$STEPSPERSEC
 40
24.0
  9
$STEPSIZE
 40
100.0
  9
$3DDWFPREC
 40
2.0
  9
$PSOLWIDTH
 40
0.005
  9
$PSOLHEIGHT
 40
0.08
  9
$LOFTANG1
 40
1.570796326795
  9
$LOFTANG2
 40
1.570796326795
  9
$LOFTMAG1
 40
0.0
  9
$LOFTMAG2
 40
0.0
  9
$LOFTPARAM
 70
7
  9
$LOFTNORMALS
280
1
  9
$LATITUDE
 40
37.795
  9
$LONGITUDE
 40
-122.394
  9
$NORTHDIRECTION
 40
0.0
  9
$TIMEZONE
 70
-8000
  9
$LIGHTGLYPHDISPLAY
280
1
  9
$TILEMODELIGHTSYNCH
280
1
  9
$CMATERIAL
347
20
  9
$SOLIDHIST
280
0
  9
$SHOWHIST
280
1
  9
$DWFFRAME
280
2
  9
$DGNFRAME
280
2
  9
$REALWORLDSCALE
290
1
  9
$INTERFERECOLOR
 62
256
  9
$CSHADOW
280
0
  9
$SHADOWPLANELOCATION
 40
0.0
  0
ENDSEC
  0
SECTION
  2
CLASSES
  0
CLASS
  1
ACDBDICTIONARYWDFLT
  2
AcDbDictionaryWithDefault
  3
ObjectDBX Classes
 90
0
 91
0
280
0
281
0
  0
CLASS
  1
SUN
  2
AcDbSun
  3
SCENEOE
 90
1153
 91
0
280
0
281
0
  0
CLASS
  1
VISUALSTYLE
  2
AcDbVisualStyle
  3
ObjectDBX Classes
 90
4095
 91
0
280
0
281
0
  0
CLASS
  1
MATERIAL
  2
AcDbMaterial
  3
ObjectDBX Classes
 90
1153
 91
0
280
0
281
0
  0
CLASS
  1
SCALE
  2
AcDbScale
  3
ObjectDBX Classes
 90
1153
 91
0
280
0
281
0
  0
CLASS
  1
TABLESTYLE
  2
AcDbTableStyle
  3
ObjectDBX Classes
 90
4095
 91
0
280
0
281
0
  0
CLASS
  1
MLEADERSTYLE
  2
AcDbMLeaderStyle
  3
ACDB_MLEADERSTYLE_CLASS
 90
4095
 91
0
280
0
281
0
  0
CLASS
  1
DICTIONARYVAR
  2
AcDbDictionaryVar
  3
ObjectDBX Classes
 90
0
 91
0
280
0
281
0
  0
CLASS
  1
CELLSTYLEMAP
  2
AcDbCellStyleMap
  3
ObjectDBX Classes
 90
1152
 91
0
280
0
281
0
  0
CLASS
  1
MENTALRAYRENDERSETTINGS
  2
AcDbMentalRayRenderSettings
  3
SCENEOE
 90
1024
 91
0
280
0
281
0
  0
CLASS
  1
ACDBDETAILVIEWSTYLE
  2
AcDbDetailViewStyle
  3
ObjectDBX Classes
 90
1025
 91
0
280
0
281
0
  0
CLASS
  1
ACDBSECTIONVIEWSTYLE
  2
AcDbSectionViewStyle
  3
ObjectDBX Classes
 90
1025
 91
0
280
0
281
0
  0
CLASS
  1
RASTERVARIABLES
  2
AcDbRasterVariables
  3
ISM
 90
0
 91
0
280
0
281
0
  0
CLASS
  1
LAYOUT
  2
AcDbLayout
  3
ObjectDBX Classes
 90
0
 91
0
280
0
281
0
  0
CLASS
  1
ACDBPLACEHOLDER
  2
AcDbPlaceHolder
  3
ObjectDBX Classes
 90
0
 91
0
280
0
281
0
  0
ENDSEC
  0
SECTION
  2
TABLES
  0
TABLE
  2
VPORT
  5
8
330
0
100
AcDbSymbolTable
 70
1
  0
VPORT
  5
CBE
330
8
100
AcDbSymbolTableRecord
100
AcDbViewportTableRecord
  2
*Active
 70
0
 10
0.0
 20
0.0
 11
1.0
 21
1.0
 12
-0.0384521484375
 22
0.13796436055986305
 13
0.0
 23
0.0
 14
0.5
 24
0.5
 15
0.5
 25
0.5
 16
0.0
 26
0.0
 36
1.0
 17
0.0
 27
0.0
 37
0.0
 40
277.8679248552178
 41
1.34
 42
50.0
 43
0.0
 44
0.0
 50
0.0
 51
0.0
 71
0
 72
1000
 73
1
 74
3
 75
0
 76
0
 77
0
 78
0
281
0
 65
1
110
0.0
120
0.0
130
0.0
111
1.0
121
0.0
131
0.0
112
0.0
122
1.0
132
0.0
 79
0
146
0.0
  0
ENDTAB
  0
TABLE
  2
LTYPE
  5
2
330
0
100
AcDbSymbolTable
 70
5
  0
LTYPE
  5
24
330
2
100
AcDbSymbolTableRecord
100
AcDbLinetypeTableRecord
  2
ByBlock
 70
0
  3

 72
65
 73
0
 40
0.0
  0
LTYPE
  5
25
330
2
100
AcDbSymbolTableRecord
100
AcDbLinetypeTableRecord
  2
ByLayer
 70
0
  3

 72
65
 73
0
 40
0.0
  0
LTYPE
  5
26
330
2
100
AcDbSymbolTableRecord
100
AcDbLinetypeTableRecord
  2
Continuous
 70
0
  3

 72
65
 73
0
 40
0.0
  0
LTYPE
  5
30
330
2
100
AcDbSymbolTableRecord
100
AcDbLinetypeTableRecord
  2
HIDDEN
 70
0
  3
Hidden __ __ __ __ __ __ __ __ __ __ __ __ __ __
 72
65
 73
2
 40
9.525
 49
6.35
 74
0
 49
-3.175
 74
0
  0
LTYPE
  5
32
330
2
100
AcDbSymbolTableRecord
100
AcDbLinetypeTableRecord
  2
ACAD_ISO04W100
 70
0
  3
ISO long-dash dot ____ . ____ . ____ . ____ . _
 72
65
 73
4
 40
30.0
 49
24.0
 74
0
 49
-3.0
 74
0
 49
0.0
 74
0
 49
-3.0
 74
0
  0
ENDTAB
  0
TABLE
  2
LAYER
  5
1
330
0
100
AcDbSymbolTable
 70
7
  0
LAYER
  5
27
330
1
100
AcDbSymbolTableRecord
100
AcDbLayerTableRecord
  2
0
 70
0
 62
7
  6
Continuous
370
30
390
13
347
21
  0
LAYER
  5
28
330
1
100
AcDbSymbolTableRecord
100
AcDbLayerTableRecord
  2
Defpoints
 70
0
 62
7
  6
Continuous
290
0
370
-3
390
13
347
21
  0
LAYER
  5
2F
330
1
100
AcDbSymbolTableRecord
100
AcDbLayerTableRecord
  2
visible
 70
0
 62
7
  6
Continuous
370
30
390
13
347
21
  0
LAYER
  5
31
330
1
100
AcDbSymbolTableRecord
100
AcDbLayerTableRecord
  2
hidden
 70
0
 62
7
  6
HIDDEN
370
18
390
13
347
21
  0
LAYER
  5
33
330
1
100
AcDbSymbolTableRecord
100
AcDbLayerTableRecord
  2
center
 70
0
 62
7
  6
ACAD_ISO04W100
370
13
390
13
347
21
  0
LAYER
  5
34
330
1
100
AcDbSymbolTableRecord
100
AcDbLayerTableRecord
  2
hatch
 70
0
 62
7
  6
Continuous
370
13
390
13
347
21
  0
LAYER
  5
35
330
1
100
AcDbSymbolTableRecord
100
AcDbLayerTableRecord
  2
dimensions
 70
0
 62
7
  6
Continuous
370
18
390
13
347
21
  0
ENDTAB
  0
TABLE
  2
STYLE
  5
5
330
0
100
AcDbSymbolTable
 70
1
  0
STYLE
  5
29
330
5
100
AcDbSymbolTableRecord
100
AcDbTextStyleTableRecord
  2
Standard
 70
0
 40
0.0
 41
1.0
 50
0.0
 71
0
 42
2.5
  3
txt
  4

  0
ENDTAB
  0
TABLE
  2
VIEW
  5
7
330
0
100
AcDbSymbolTable
 70
0
  0
ENDTAB
  0
TABLE
  2
UCS
  5
6
330
0
100
AcDbSymbolTable
 70
0
  0
ENDTAB
  0
TABLE
  2
APPID
  5
3
330
0
100
AcDbSymbolTable
 70
3
  0
APPID
  5
2A
330
3
100
AcDbSymbolTableRecord
100
AcDbRegAppTableRecord
  2
ACAD
 70
0
  0
APPID
  5
CBF
330
3
100
AcDbSymbolTableRecord
100
AcDbRegAppTableRecord
  2
HATCHBACKGROUNDCOLOR
 70
0
  0
APPID
  5
CC0
330
3
100
AcDbSymbolTableRecord
100
AcDbRegAppTableRecord
  2
EZDXF
 70
0
  0
ENDTAB
  0
TABLE
  2
DIMSTYLE
  5
4
330
0
100
AcDbSymbolTable
 70
1
100
AcDbDimStyleTable
  0
DIMSTYLE
105
2B
330
4
100
AcDbSymbolTableRecord
100
AcDbDimStyleTableRecord
  2
Standard
 70
0
 40
1.0
 41
2.5
 42
0.625
 43
3.75
 44
1.25
 45
0.0
 46
0.0
 47
0.0
 48
0.0
 49
2.5
140
2.5
141
2.5
142
0.0
143
0.03937007874
144
1.0
145
0.0
146
1.0
147
0.625
148
0.0
 69
0
 70
0
 71
0
 72
0
 73
0
 74
0
 75
0
 76
0
 77
1
 78
8
 79
3
170
0
171
3
172
1
173
0
174
0
175
0
176
0
177
0
178
0
179
2
271
2
272
2
273
2
274
3
275
0
276
0
277
2
278
44
279
0
280
0
281
0
282
0
283
0
284
8
285
0
286
0
288
0
289
3
290
0
371
-2
372
-2
  0
ENDTAB
  0
TABLE
  2
BLOCK_RECORD
  5
9
330
0
100
AcDbSymbolTable
 70
2
  0
BLOCK_RECORD
  5
17
330
9
100
AcDbSymbolTableRecord
100
AcDbBlockTableRecord
  2
*Model_Space
340
1A
 70
0
280
1
281
0
  0
BLOCK_RECORD
  5
1B
330
9
100
AcDbSymbolTableRecord
100
AcDbBlockTableRecord
  2
*Paper_Space
340
1E
 70
0
280
1
281
0
  0
ENDTAB
  0
ENDSEC
  0
SECTION
  2
BLOCKS
  0
BLOCK
  5
18
330
17
100
AcDbEntity
  8
0
100
AcDbBlockBegin
  2
*Model_Space
 70
0
 10
0.0
 20
0.0
 30
0.0
  3
*Model_Space
  1

  0
ENDBLK
  5
19
330
17
100
AcDbEntity
  8
0
100
AcDbBlockEnd
  0
BLOCK
  5
1C
330
1B
100
AcDbEntity
  8
0
100
AcDbBlockBegin
  2
*Paper_Space
 70
0
 10
0.0
 20
0.0
 30
0.0
  3
*Paper_Space
  1

  0
ENDBLK
  5
1D
330
1B
100
AcDbEntity
  8
0
100
AcDbBlockEnd
  0
ENDSEC
  0
SECTION
  2
ENTITIES
  0
LINE
  5
36
330
17
100
AcDbEntity
  8
visible
100
AcDbLine
 10
200.14
 20
133.47333333333333
 30
0.0
 11
-200.14
 21
133.47333333333333
 31
0.0
  0
LINE
  5
37
330
17
100
AcDbEntity
  8
visible
100
AcDbLine
 10
-200.14
 20
133.47333333333333
 30
0.0
 11
-200.14
 21
-133.47333333333333
 31
0.0
  0
LINE
  5
38
330
17
100
AcDbEntity
  8
visible
100
AcDbLine
 10
-200.14
 20
-133.47333333333333
 30
0.0
 11
200.14
 21
-133.47333333333333
 31
0.0
  0
LINE
  5
39
330
17
100
AcDbEntity
  8
visible
100
AcDbLine
 10
200.14
 20
-133.47333333333333
 30
0.0
 11
200.14
 21
133.47333333333333
 31
0.0
  0
LINE
  5
3A
330
17
100
AcDbEntity
  8
visible
100
AcDbLine
 10
-199.86
 20
133.19333333333336
 30
0.0
 11
199.86
 21
133.19333333333336
 31
0.0
  0
LINE
  5
3B
330
17
100
AcDbEntity
  8
visible
100
AcDbLine
 10
199.86
 20
133.19333333333336
 30
0.0
 11
199.86
 21
-133.19333333333336
 31
0.0
  0
LINE
  5
3C
330
17
100
AcDbEntity
  8
visible
100
AcDbLine
 10
199.86
 20
-133.19333333333336
 30
0.0
 11
-199.86
 21
-133.19333333333336
 31
0.0
  0
LINE
  5
3D
330
17
100
AcDbEntity
  8
visible
100
AcDbLine
 10
-199.86
 20
-133.19333333333336
 30
0.0
 11
-199.86
 21
133.19333333333336
 31
0.0
  0
LINE
  5
3E
330
17
100
AcDbEntity
  8
visible
100
AcDbLine
 10
-133.4733333333333
 20
138.33333333333334
 30
0.0
 11
-133.4733333333333
 21
133.33333333333334
 31
0.0
  0
LINE
  5
3F
330
17
100
AcDbEntity
  8
visible
100
AcDbLine
 10
-133.4733333333333
 20
133.33333333333334
 30
0.0
 11
-133.19333333333333
 21
133.33333333333334
 31
0.0
  0
LINE
  5
40
330
17
100
AcDbEntity
  8
visible
100
AcDbLine
 10
-133.19333333333333
 20
133.33333333333334
 30
0.0
 11
-133.19333333333333
 21
138.33333333333334
 31
0.0
  0
LINE
  5
41
330
17
100
AcDbEntity
  8
visible
100
AcDbLine
 10
-133.19333333333333
 20
138.33333333333334
 30
0.0
 11
-133.4733333333333
 21
138.33333333333334
 31
0.0
  0
LINE
  5
42
330
17
100
AcDbEntity
  8
visible
100
AcDbLine
 10
-66.80666666666666
 20
138.33333333333334
 30
0.0
 11
-66.80666666666666
 21
133.33333333333334
 31
0.0
  0
LINE
  5
43
330
17
100
AcDbEntity
  8
visible
100
AcDbLine
 10
-66.80666666666666
 20
133.33333333333334
 30
0.0
 11
-66.52666666666666
 21
133.33333333333334
 31
0.0
  0
LINE
  5
44
330
17
100
AcDbEntity
  8
visible
100
AcDbLine
 10
-66.52666666666666
 20
133.33333333333334
 30
0.0
 11
-66.52666666666666
 21
138.33333333333334
 31
0.0
  0
LINE
  5
45
330
17
100
AcDbEntity
  8
visible
100
AcDbLine
 10
-66.52666666666666
 20
138.33333333333334
 30
0.0
 11
-66.80666666666666
 21
138.33333333333334
 31
0.0
  0
LINE
  5
46
330
17
100
AcDbEntity
  8
visible
100
AcDbLine
 10
-0.13999999999994317
 20
138.33333333333334
 30
0.0
 11
-0.13999999999994317
 21
133.33333333333334
 31
0.0
  0
LINE
  5
47
330
17
100
AcDbEntity
  8
visible
100
AcDbLine
 10
-0.13999999999994317
 20
133.33333333333334
 30
0.0
 11
0.14000000000005686
 21
133.33333333333334
 31
0.0
  0
LINE
  5
48
330
17
100
AcDbEntity
  8
visible
100
AcDbLine
 10
0.14000000000005686
 20
133.33333333333334
 30
0.0
 11
0.14000000000005686
 21
138.33333333333334
 31
0.0
  0
LINE
  5
49
330
17
100
AcDbEntity
  8
visible
100
AcDbLine
 10
0.14000000000005686
 20
138.33333333333334
 30
0.0
 11
-0.13999999999994317
 21
138.33333333333334
 31
0.0
  0
LINE
  5
4A
330
17
100
AcDbEntity
  8
visible
100
AcDbLine
 10
66.52666666666669
 20
138.33333333333334
 30
0.0
 11
66.52666666666669
 21
133.33333333333334
 31
0.0
  0
LINE
  5
4B
330
17
100
AcDbEntity
  8
visible
100
AcDbLine
 10
66.52666666666669
 20
133.33333333333334
 30
0.0
 11
66.80666666666669
 21
133.33333333333334
 31
0.0
  0
LINE
  5
4C
330
17
100
AcDbEntity
  8
visible
100
AcDbLine
 10
66.80666666666669
 20
133.33333333333334
 30
0.0
 11
66.80666666666669
 21
138.33333333333334
 31
0.0
  0
LINE
  5
4D
330
17
100
AcDbEntity
  8
visible
100
AcDbLine
 10
66.80666666666669
 20
138.33333333333334
 30
0.0
 11
66.52666666666669
 21
138.33333333333334
 31
0.0
  0
LINE
  5
4E
330
17
100
AcDbEntity
  8
visible
100
AcDbLine
 10
133.19333333333338
 20
138.33333333333334
 30
0.0
 11
133.19333333333338
 21
133.33333333333334
 31
0.0
  0
LINE
  5
4F
330
17
100
AcDbEntity
  8
visible
100
AcDbLine
 10
133.19333333333338
 20
133.33333333333334
 30
0.0
 11
133.47333333333336
 21
133.33333333333334
 31
0.0
  0
LINE
  5
50
330
17
100
AcDbEntity
  8
visible
100
AcDbLine
 10
133.47333333333336
 20
133.33333333333334
 30
0.0
 11
133.47333333333336
 21
138.33333333333334
 31
0.0
  0
LINE
  5
51
330
17
100
AcDbEntity
  8
visible
100
AcDbLine
 10
133.47333333333336
 20
138.33333333333334
 30
0.0
 11
133.19333333333338
 21
138.33333333333334
 31
0.0
  0
LINE
  5
52
330
17
100
AcDbEntity
  8
visible
100
AcDbLine
 10
205.0
 20
66.80666666666666
 30
0.0
 11
200.0
 21
66.80666666666666
 31
0.0
  0
LINE
  5
53
330
17
100
AcDbEntity
  8
visible
100
AcDbLine
 10
200.0
 20
66.80666666666666
 30
0.0
 11
200.0
 21
66.52666666666666
 31
0.0
  0
LINE
  5
54
330
17
100
AcDbEntity
  8
visible
100
AcDbLine
 10
200.0
 20
66.52666666666666
 30
0.0
 11
205.0
 21
66.52666666666666
 31
0.0
  0
LINE
  5
55
330
17
100
AcDbEntity
  8
visible
100
AcDbLine
 10
205.0
 20
66.52666666666666
 30
0.0
 11
205.0
 21
66.80666666666666
 31
0.0
  0
LINE
  5
56
330
17
100
AcDbEntity
  8
visible
100
AcDbLine
 10
205.0
 20
0.1399999999999716
 30
0.0
 11
200.0
 21
0.1399999999999716
 31
0.0
  0
LINE
  5
57
330
17
100
AcDbEntity
  8
visible
100
AcDbLine
 10
200.0
 20
0.1399999999999716
 30
0.0
 11
200.0
 21
-0.14000000000002844
 31
0.0
  0
LINE
  5
58
330
17
100
AcDbEntity
  8
visible
100
AcDbLine
 10
200.0
 20
-0.14000000000002844
 30
0.0
 11
205.0
 21
-0.14000000000002844
 31
0.0
  0
LINE
  5
59
330
17
100
AcDbEntity
  8
visible
100
AcDbLine
 10
205.0
 20
-0.14000000000002844
 30
0.0
 11
205.0
 21
0.1399999999999716
 31
0.0
  0
LINE
  5
5A
330
17
100
AcDbEntity
  8
visible
100
AcDbLine
 10
205.0
 20
-66.52666666666677
 30
0.0
 11
200.0
 21
-66.52666666666677
 31
0.0
  0
LINE
  5
5B
330
17
100
AcDbEntity
  8
visible
100
AcDbLine
 10
200.0
 20
-66.52666666666677
 30
0.0
 11
200.0
 21
-66.80666666666677
 31
0.0
  0
LINE
  5
5C
330
17
100
AcDbEntity
  8
visible
100
AcDbLine
 10
200.0
 20
-66.80666666666677
 30
0.0
 11
205.0
 21
-66.80666666666677
 31
0.0
  0
LINE
  5
5D
330
17
100
AcDbEntity
  8
visible
100
AcDbLine
 10
205.0
 20
-66.80666666666677
 30
0.0
 11
205.0
 21
-66.52666666666677
 31
0.0
  0
LINE
  5
5E
330
17
100
AcDbEntity
  8
visible
100
AcDbLine
 10
133.47333333333324
 20
-138.33333333333334
 30
0.0
 11
133.47333333333324
 21
-133.33333333333334
 31
0.0
  0
LINE
  5
5F
330
17
100
AcDbEntity
  8
visible
100
AcDbLine
 10
133.47333333333324
 20
-133.33333333333334
 30
0.0
 11
133.19333333333327
 21
-133.33333333333334
 31
0.0
  0
LINE
  5
60
330
17
100
AcDbEntity
  8
visible
100
AcDbLine
 10
133.19333333333327
 20
-133.33333333333334
 30
0.0
 11
133.19333333333327
 21
-138.33333333333334
 31
0.0
  0
LINE
  5
61
330
17
100
AcDbEntity
  8
visible
100
AcDbLine
 10
133.19333333333327
 20
-138.33333333333334
 30
0.0
 11
133.47333333333324
 21
-138.33333333333334
 31
0.0
  0
LINE
  5
62
330
17
100
AcDbEntity
  8
visible
100
AcDbLine
 10
66.80666666666663
 20
-138.33333333333334
 30
0.0
 11
66.80666666666663
 21
-133.33333333333334
 31
0.0
  0
LINE
  5
63
330
17
100
AcDbEntity
  8
visible
100
AcDbLine
 10
66.80666666666663
 20
-133.33333333333334
 30
0.0
 11
66.52666666666663
 21
-133.33333333333334
 31
0.0
  0
LINE
  5
64
330
17
100
AcDbEntity
  8
visible
100
AcDbLine
 10
66.52666666666663
 20
-133.33333333333334
 30
0.0
 11
66.52666666666663
 21
-138.33333333333334
 31
0.0
  0
LINE
  5
65
330
17
100
AcDbEntity
  8
visible
100
AcDbLine
 10
66.52666666666663
 20
-138.33333333333334
 30
0.0
 11
66.80666666666663
 21
-138.33333333333334
 31
0.0
  0
LINE
  5
66
330
17
100
AcDbEntity
  8
visible
100
AcDbLine
 10
0.14
 20
-138.33333333333334
 30
0.0
 11
0.14
 21
-133.33333333333334
 31
0.0
  0
LINE
  5
67
330
17
100
AcDbEntity
  8
visible
100
AcDbLine
 10
0.14
 20
-133.33333333333334
 30
0.0
 11
-0.14
 21
-133.33333333333334
 31
0.0
  0
LINE
  5
68
330
17
100
AcDbEntity
  8
visible
100
AcDbLine
 10
-0.14
 20
-133.33333333333334
 30
0.0
 11
-0.14
 21
-138.33333333333334
 31
0.0
  0
LINE
  5
69
330
17
100
AcDbEntity
  8
visible
100
AcDbLine
 10
-0.14
 20
-138.33333333333334
 30
0.0
 11
0.14
 21
-138.33333333333334
 31
0.0
  0
LINE
  5
6A
330
17
100
AcDbEntity
  8
visible
100
AcDbLine
 10
-66.52666666666663
 20
-138.33333333333334
 30
0.0
 11
-66.52666666666663
 21
-133.33333333333334
 31
0.0
  0
LINE
  5
6B
330
17
100
AcDbEntity
  8
visible
100
AcDbLine
 10
-66.52666666666663
 20
-133.33333333333334
 30
0.0
 11
-66.80666666666663
 21
-133.33333333333334
 31
0.0
  0
LINE
  5
6C
330
17
100
AcDbEntity
  8
visible
100
AcDbLine
 10
-66.80666666666663
 20
-133.33333333333334
 30
0.0
 11
-66.80666666666663
 21
-138.33333333333334
 31
0.0
  0
LINE
  5
6D
330
17
100
AcDbEntity
  8
visible
100
AcDbLine
 10
-66.80666666666663
 20
-138.33333333333334
 30
0.0
 11
-66.52666666666663
 21
-138.33333333333334
 31
0.0
  0
LINE
  5
6E
330
17
100
AcDbEntity
  8
visible
100
AcDbLine
 10
-133.19333333333338
 20
-138.33333333333334
 30
0.0
 11
-133.19333333333338
 21
-133.33333333333334
 31
0.0
  0
LINE
  5
6F
330
17
100
AcDbEntity
  8
visible
100
AcDbLine
 10
-133.19333333333338
 20
-133.33333333333334
 30
0.0
 11
-133.47333333333336
 21
-133.33333333333334
 31
0.0
  0
LINE
  5
70
330
17
100
AcDbEntity
  8
visible
100
AcDbLine
 10
-133.47333333333336
 20
-133.33333333333334
 30
0.0
 11
-133.47333333333336
 21
-138.33333333333334
 31
0.0
  0
LINE
  5
71
330
17
100
AcDbEntity
  8
visible
100
AcDbLine
 10
-133.47333333333336
 20
-138.33333333333334
 30
0.0
 11
-133.19333333333338
 21
-138.33333333333334
 31
0.0
  0
LINE
  5
72
330
17
100
AcDbEntity
  8
visible
100
AcDbLine
 10
-205.0
 20
-66.8066666666666
 30
0.0
 11
-200.0
 21
-66.8066666666666
 31
0.0
  0
LINE
  5
73
330
17
100
AcDbEntity
  8
visible
100
AcDbLine
 10
-200.0
 20
-66.8066666666666
 30
0.0
 11
-200.0
 21
-66.5266666666666
 31
0.0
  0
LINE
  5
74
330
17
100
AcDbEntity
  8
visible
100
AcDbLine
 10
-200.0
 20
-66.5266666666666
 30
0.0
 11
-205.0
 21
-66.5266666666666
 31
0.0
  0
LINE
  5
75
330
17
100
AcDbEntity
  8
visible
100
AcDbLine
 10
-205.0
 20
-66.5266666666666
 30
0.0
 11
-205.0
 21
-66.8066666666666
 31
0.0
  0
LINE
  5
76
330
17
100
AcDbEntity
  8
visible
100
AcDbLine
 10
-205.0
 20
-0.1399999999998579
 30
0.0
 11
-200.0
 21
-0.1399999999998579
 31
0.0
  0
LINE
  5
77
330
17
100
AcDbEntity
  8
visible
100
AcDbLine
 10
-200.0
 20
-0.1399999999998579
 30
0.0
 11
-200.0
 21
0.14000000000014212
 31
0.0
  0
LINE
  5
78
330
17
100
AcDbEntity
  8
visible
100
AcDbLine
 10
-200.0
 20
0.14000000000014212
 30
0.0
 11
-205.0
 21
0.14000000000014212
 31
0.0
  0
LINE
  5
79
330
17
100
AcDbEntity
  8
visible
100
AcDbLine
 10
-205.0
 20
0.14000000000014212
 30
0.0
 11
-205.0
 21
-0.1399999999998579
 31
0.0
  0
LINE
  5
7A
330
17
100
AcDbEntity
  8
visible
100
AcDbLine
 10
-205.0
 20
66.52666666666666
 30
0.0
 11
-200.0
 21
66.52666666666666
 31
0.0
  0
LINE
  5
7B
330
17
100
AcDbEntity
  8
visible
100
AcDbLine
 10
-200.0
 20
66.52666666666666
 30
0.0
 11
-200.0
 21
66.80666666666666
 31
0.0
  0
LINE
  5
7C
330
17
100
AcDbEntity
  8
visible
100
AcDbLine
 10
-200.0
 20
66.80666666666666
 30
0.0
 11
-205.0
 21
66.80666666666666
 31
0.0
  0
LINE
  5
7D
330
17
100
AcDbEntity
  8
visible
100
AcDbLine
 10
-205.0
 20
66.80666666666666
 30
0.0
 11
-205.0
 21
66.52666666666666
 31
0.0
  0
LINE
  5
7E
330
17
100
AcDbEntity
  8
visible
100
AcDbLine
 10
-203.277587890625
 20
-101.651611328125
 30
0.0
 11
-203.277587890625
 21
-98.057861328125
 31
0.0
  0
LINE
  5
7F
330
17
100
AcDbEntity
  8
visible
100
AcDbLine
 10
-203.717041015625
 20
-101.651611328125
 30
0.0
 11
-203.277587890625
 21
-101.651611328125
 31
0.0
  0
LINE
  5
80
330
17
100
AcDbEntity
  8
visible
100
AcDbLine
 10
-203.717041015625
 20
-98.851318359375
 30
0.0
 11
-203.717041015625
 21
-101.651611328125
 31
0.0
  0
SPLINE
  5
81
330
17
100
AcDbEntity
  8
visible
100
AcDbSpline
 70
0
 71
2
 72
8
 73
5
 74
0
 40
0.0
 40
0.0
 40
0.0
 40
1.0
 40
1.0
 40
2.0
 40
2.0
 40
2.0
 10
-204.595947265625
 20
-99.381103515625
 30
0.0
 10
-204.390869140625
 20
-99.305419921875
 30
0.0
 10
-204.13330078125
 20
-99.154052734375
 30
0.0
 10
-203.875732421875
 20
-99.002685546875
 30
0.0
 10
-203.717041015625
 20
-98.851318359375
 30
0.0
  0
LINE
  5
82
330
17
100
AcDbEntity
  8
visible
100
AcDbLine
 10
-204.595947265625
 20
-98.956298828125
 30
0.0
 11
-204.595947265625
 21
-99.381103515625
 31
0.0
  0
SPLINE
  5
83
330
17
100
AcDbEntity
  8
visible
100
AcDbSpline
 70
0
 71
2
 72
8
 73
5
 74
0
 40
0.0
 40
0.0
 40
0.0
 40
1.0
 40
1.0
 40
2.0
 40
2.0
 40
2.0
 10
-203.560791015625
 20
-98.057861328125
 30
0.0
 10
-203.675537109375
 20
-98.289794921875
 30
0.0
 10
-203.951416015625
 20
-98.536376953125
 30
0.0
 10
-204.227294921875
 20
-98.782958984375
 30
0.0
 10
-204.595947265625
 20
-98.956298828125
 30
0.0
  0
LINE
  5
84
330
17
100
AcDbEntity
  8
visible
100
AcDbLine
 10
-203.277587890625
 20
-98.057861328125
 30
0.0
 11
-203.560791015625
 21
-98.057861328125
 31
0.0
  0
LINE
  5
85
330
17
100
AcDbEntity
  8
visible
100
AcDbLine
 10
204.222412109375
 20
-101.651611328125
 30
0.0
 11
204.222412109375
 21
-98.057861328125
 31
0.0
  0
LINE
  5
86
330
17
100
AcDbEntity
  8
visible
100
AcDbLine
 10
203.782958984375
 20
-101.651611328125
 30
0.0
 11
204.222412109375
 21
-101.651611328125
 31
0.0
  0
LINE
  5
87
330
17
100
AcDbEntity
  8
visible
100
AcDbLine
 10
203.782958984375
 20
-98.851318359375
 30
0.0
 11
203.782958984375
 21
-101.651611328125
 31
0.0
  0
SPLINE
  5
88
330
17
100
AcDbEntity
  8
visible
100
AcDbSpline
 70
0
 71
2
 72
8
 73
5
 74
0
 40
0.0
 40
0.0
 40
0.0
 40
1.0
 40
1.0
 40
2.0
 40
2.0
 40
2.0
 10
202.904052734375
 20
-99.381103515625
 30
0.0
 10
203.109130859375
 20
-99.305419921875
 30
0.0
 10
203.36669921875
 20
-99.154052734375
 30
0.0
 10
203.624267578125
 20
-99.002685546875
 30
0.0
 10
203.782958984375
 20
-98.851318359375
 30
0.0
  0
LINE
  5
89
330
17
100
AcDbEntity
  8
visible
100
AcDbLine
 10
202.904052734375
 20
-98.956298828125
 30
0.0
 11
202.904052734375
 21
-99.381103515625
 31
0.0
  0
SPLINE
  5
8A
330
17
100
AcDbEntity
  8
visible
100
AcDbSpline
 70
0
 71
2
 72
8
 73
5
 74
0
 40
0.0
 40
0.0
 40
0.0
 40
1.0
 40
1.0
 40
2.0
 40
2.0
 40
2.0
 10
203.939208984375
 20
-98.057861328125
 30
0.0
 10
203.824462890625
 20
-98.289794921875
 30
0.0
 10
203.548583984375
 20
-98.536376953125
 30
0.0
 10
203.272705078125
 20
-98.782958984375
 30
0.0
 10
202.904052734375
 20
-98.956298828125
 30
0.0
  0
LINE
  5
8B
330
17
100
AcDbEntity
  8
visible
100
AcDbLine
 10
204.222412109375
 20
-98.057861328125
 30
0.0
 11
203.939208984375
 21
-98.057861328125
 31
0.0
  0
LINE
  5
8C
330
17
100
AcDbEntity
  8
visible
100
AcDbLine
 10
-202.623291015625
 20
-34.562581380208336
 30
0.0
 11
-204.378662109375
 21
-34.562581380208336
 31
0.0
  0
LINE
  5
8D
330
17
100
AcDbEntity
  8
visible
100
AcDbLine
 10
-202.623291015625
 20
-34.984944661458336
 30
0.0
 11
-202.623291015625
 21
-34.562581380208336
 31
0.0
  0
LINE
  5
8E
330
17
100
AcDbEntity
  8
visible
100
AcDbLine
 10
-204.989013671875
 20
-34.984944661458336
 30
0.0
 11
-202.623291015625
 21
-34.984944661458336
 31
0.0
  0
SPLINE
  5
8F
330
17
100
AcDbEntity
  8
visible
100
AcDbSpline
 70
0
 71
2
 72
6
 73
3
 74
0
 40
0.0
 40
0.0
 40
0.0
 40
1.0
 40
1.0
 40
1.0
 10
-204.989013671875
 20
-34.984944661458336
 30
0.0
 10
-204.993896484375
 20
-34.826253255208336
 30
0.0
 10
-204.937744140625
 20
-34.679768880208336
 30
0.0
  0
SPLINE
  5
90
330
17
100
AcDbEntity
  8
visible
100
AcDbSpline
 70
0
 71
2
 72
8
 73
5
 74
0
 40
0.0
 40
0.0
 40
0.0
 40
1.0
 40
1.0
 40
2.0
 40
2.0
 40
2.0
 10
-204.073486328125
 20
-33.661702473958336
 30
0.0
 10
-204.449462890625
 20
-33.96931966145833
 30
0.0
 10
-204.6484375
 20
-34.203694661458336
 30
0.0
 10
-204.847412109375
 20
-34.43806966145833
 30
0.0
 10
-204.937744140625
 20
-34.679768880208336
 30
0.0
  0
SPLINE
  5
91
330
17
100
AcDbEntity
  8
visible
100
AcDbSpline
 70
0
 71
2
 72
16
 73
13
 74
0
 40
0.0
 40
0.0
 40
0.0
 40
1.0
 40
1.0
 40
2.0
 40
2.0
 40
2.9461538461538463
 40
2.9461538461538463
 40
3.8923076923076927
 40
3.8923076923076927
 40
4.794248741912294
 40
4.794248741912294
 40
5.696189791516895
 40
5.696189791516895
 40
5.696189791516895
 10
-204.454345703125
 20
-32.472737630208336
 30
0.0
 10
-204.451904296875
 20
-32.13582356770833
 30
0.0
 10
-204.261474609375
 20
-31.945393880208336
 30
0.0
 10
-204.071044921875
 20
-31.754964192708332
 30
0.0
 10
-203.753662109375
 20
-31.754964192708336
 30
0.0
 10
-203.453369140625
 20
-31.754964192708332
 30
0.0
 10
-203.2666015625
 20
-31.934407552083336
 30
0.0
 10
-203.079833984375
 20
-32.11385091145833
 30
0.0
 10
-203.079833984375
 20
-32.375081380208336
 30
0.0
 10
-203.079833984375
 20
-32.62410481770833
 30
0.0
 10
-203.284912109375
 20
-32.903645833333336
 30
0.0
 10
-203.48999023437509
 20
-33.18318684895834
 30
0.0
 10
-204.073486328125
 20
-33.661702473958336
 30
0.0
  0
LINE
  5
92
330
17
100
AcDbEntity
  8
visible
100
AcDbLine
 10
-204.906005859375
 20
-32.426350911458336
 30
0.0
 11
-204.454345703125
 21
-32.472737630208336
 31
0.0
  0
SPLINE
  5
93
330
17
100
AcDbEntity
  8
visible
100
AcDbSpline
 70
0
 71
2
 72
18
 73
15
 74
0
 40
0.0
 40
0.0
 40
0.0
 40
1.0
 40
1.0
 40
2.0
 40
2.0
 40
3.0
 40
3.0
 40
4.965909090909091
 40
4.965909090909091
 40
6.931818181818182
 40
6.931818181818182
 40
8.87909306333477
 40
8.87909306333477
 40
10.826367944851357
 40
10.826367944851357
 40
10.826367944851357
 10
-203.685302734375
 20
-33.874104817708336
 30
0.0
 10
-203.211669921875
 20
-33.47371419270833
 30
0.0
 10
-203.0078125
 20
-33.244222005208336
 30
0.0
 10
-202.803955078125
 20
-33.01472981770833
 30
0.0
 10
-202.716064453125
 20
-32.807210286458336
 30
0.0
 10
-202.628173828125
 20
-32.59969075520833
 30
0.0
 10
-202.628173828125
 20
-32.384847005208336
 30
0.0
 10
-202.628173828125
 20
-31.962483723958332
 30
0.0
 10
-202.928466796875
 20
-31.676839192708336
 30
0.0
 10
-203.22875976562503
 20
-31.391194661458332
 30
0.0
 10
-203.743896484375
 20
-31.391194661458336
 30
0.0
 10
-204.254150390625
 20
-31.391194661458332
 30
0.0
 10
-204.556884765625
 20
-31.656087239583336
 30
0.0
 10
-204.859619140625
 20
-31.920979817708332
 30
0.0
 10
-204.906005859375
 20
-32.426350911458336
 30
0.0
  0
SPLINE
  5
94
330
17
100
AcDbEntity
  8
visible
100
AcDbSpline
 70
0
 71
2
 72
8
 73
5
 74
0
 40
0.0
 40
0.0
 40
0.0
 40
1.0
 40
1.0
 40
2.0
 40
2.0
 40
2.0
 10
-204.378662109375
 20
-34.562581380208336
 30
0.0
 10
-204.305419921875
 20
-34.44295247395833
 30
0.0
 10
-204.193115234375
 20
-34.324544270833336
 30
0.0
 10
-204.080810546875
 20
-34.20613606770833
 30
0.0
 10
-203.685302734375
 20
-33.874104817708336
 30
0.0
  0
LINE
  5
95
330
17
100
AcDbEntity
  8
visible
100
AcDbLine
 10
204.876708984375
 20
-34.562581380208336
 30
0.0
 11
203.121337890625
 21
-34.562581380208336
 31
0.0
  0
LINE
  5
96
330
17
100
AcDbEntity
  8
visible
100
AcDbLine
 10
204.876708984375
 20
-34.984944661458336
 30
0.0
 11
204.876708984375
 21
-34.562581380208336
 31
0.0
  0
LINE
  5
97
330
17
100
AcDbEntity
  8
visible
100
AcDbLine
 10
202.510986328125
 20
-34.984944661458336
 30
0.0
 11
204.876708984375
 21
-34.984944661458336
 31
0.0
  0
SPLINE
  5
98
330
17
100
AcDbEntity
  8
visible
100
AcDbSpline
 70
0
 71
2
 72
6
 73
3
 74
0
 40
0.0
 40
0.0
 40
0.0
 40
1.0
 40
1.0
 40
1.0
 10
202.510986328125
 20
-34.984944661458336
 30
0.0
 10
202.506103515625
 20
-34.826253255208336
 30
0.0
 10
202.562255859375
 20
-34.679768880208336
 30
0.0
  0
SPLINE
  5
99
330
17
100
AcDbEntity
  8
visible
100
AcDbSpline
 70
0
 71
2
 72
8
 73
5
 74
0
 40
0.0
 40
0.0
 40
0.0
 40
1.0
 40
1.0
 40
2.0
 40
2.0
 40
2.0
 10
203.426513671875
 20
-33.661702473958336
 30
0.0
 10
203.050537109375
 20
-33.96931966145833
 30
0.0
 10
202.8515625
 20
-34.203694661458336
 30
0.0
 10
202.652587890625
 20
-34.43806966145833
 30
0.0
 10
202.562255859375
 20
-34.679768880208336
 30
0.0
  0
SPLINE
  5
9A
330
17
100
AcDbEntity
  8
visible
100
AcDbSpline
 70
0
 71
2
 72
16
 73
13
 74
0
 40
0.0
 40
0.0
 40
0.0
 40
1.0
 40
1.0
 40
2.0
 40
2.0
 40
2.9461538461538463
 40
2.9461538461538463
 40
3.8923076923076927
 40
3.8923076923076927
 40
4.794248741912294
 40
4.794248741912294
 40
5.696189791516895
 40
5.696189791516895
 40
5.696189791516895
 10
203.045654296875
 20
-32.472737630208336
 30
0.0
 10
203.048095703125
 20
-32.13582356770833
 30
0.0
 10
203.238525390625
 20
-31.945393880208336
 30
0.0
 10
203.428955078125
 20
-31.754964192708332
 30
0.0
 10
203.746337890625
 20
-31.754964192708336
 30
0.0
 10
204.046630859375
 20
-31.754964192708332
 30
0.0
 10
204.2333984375
 20
-31.934407552083336
 30
0.0
 10
204.420166015625
 20
-32.11385091145833
 30
0.0
 10
204.420166015625
 20
-32.375081380208336
 30
0.0
 10
204.420166015625
 20
-32.62410481770833
 30
0.0
 10
204.215087890625
 20
-32.903645833333336
 30
0.0
 10
204.01000976562509
 20
-33.18318684895834
 30
0.0
 10
203.426513671875
 20
-33.661702473958336
 30
0.0
  0
LINE
  5
9B
330
17
100
AcDbEntity
  8
visible
100
AcDbLine
 10
202.593994140625
 20
-32.426350911458336
 30
0.0
 11
203.045654296875
 21
-32.472737630208336
 31
0.0
  0
SPLINE
  5
9C
330
17
100
AcDbEntity
  8
visible
100
AcDbSpline
 70
0
 71
2
 72
18
 73
15
 74
0
 40
0.0
 40
0.0
 40
0.0
 40
1.0
 40
1.0
 40
2.0
 40
2.0
 40
3.0
 40
3.0
 40
4.965909090909091
 40
4.965909090909091
 40
6.931818181818182
 40
6.931818181818182
 40
8.87909306333477
 40
8.87909306333477
 40
10.826367944851357
 40
10.826367944851357
 40
10.826367944851357
 10
203.814697265625
 20
-33.874104817708336
 30
0.0
 10
204.288330078125
 20
-33.47371419270833
 30
0.0
 10
204.4921875
 20
-33.244222005208336
 30
0.0
 10
204.696044921875
 20
-33.01472981770833
 30
0.0
 10
204.783935546875
 20
-32.807210286458336
 30
0.0
 10
204.871826171875
 20
-32.59969075520833
 30
0.0
 10
204.871826171875
 20
-32.384847005208336
 30
0.0
 10
204.871826171875
 20
-31.962483723958332
 30
0.0
 10
204.571533203125
 20
-31.676839192708336
 30
0.0
 10
204.27124023437503
 20
-31.391194661458332
 30
0.0
 10
203.756103515625
 20
-31.391194661458336
 30
0.0
 10
203.245849609375
 20
-31.391194661458332
 30
0.0
 10
202.943115234375
 20
-31.656087239583336
 30
0.0
 10
202.640380859375
 20
-31.920979817708332
 30
0.0
 10
202.593994140625
 20
-32.426350911458336
 30
0.0
  0
SPLINE
  5
9D
330
17
100
AcDbEntity
  8
visible
100
AcDbSpline
 70
0
 71
2
 72
8
 73
5
 74
0
 40
0.0
 40
0.0
 40
0.0
 40
1.0
 40
1.0
 40
2.0
 40
2.0
 40
2.0
 10
203.121337890625
 20
-34.562581380208336
 30
0.0
 10
203.194580078125
 20
-34.44295247395833
 30
0.0
 10
203.306884765625
 20
-34.324544270833336
 30
0.0
 10
203.419189453125
 20
-34.20613606770833
 30
0.0
 10
203.814697265625
 20
-33.874104817708336
 30
0.0
  0
LINE
  5
9E
330
17
100
AcDbEntity
  8
visible
100
AcDbLine
 10
-204.490966796875
 20
32.685139973958336
 30
0.0
 11
-204.930419921875
 21
32.626546223958336
 31
0.0
  0
SPLINE
  5
9F
330
17
100
AcDbEntity
  8
visible
100
AcDbSpline
 70
0
 71
2
 72
18
 73
15
 74
0
 40
0.0
 40
0.0
 40
0.0
 40
1.0
 40
1.0
 40
3.450980392156863
 40
3.450980392156863
 40
5.901960784313726
 40
5.901960784313726
 40
8.471537001897534
 40
8.471537001897534
 40
11.041113219481343
 40
11.041113219481343
 40
13.20603176500471
 40
13.20603176500471
 40
15.370950310528077
 40
15.370950310528077
 40
15.370950310528077
 10
-204.063720703125
 20
33.376057942708336
 30
0.0
 10
-203.878173828125
 20
33.42488606770833
 30
0.0
 10
-203.753662109375
 20
33.424886067708336
 30
0.0
 10
-203.448486328125
 20
33.42488606770833
 30
0.0
 10
-203.250732421875
 20
33.228352864583336
 30
0.0
 10
-203.052978515625
 20
33.03181966145833
 30
0.0
 10
-203.052978515625
 20
32.729085286458336
 30
0.0
 10
-203.052978515625
 20
32.41170247395833
 30
0.0
 10
-203.2666015625
 20
32.196858723958336
 30
0.0
 10
-203.480224609375
 20
31.982014973958332
 30
0.0
 10
-203.790283203125
 20
31.982014973958336
 30
0.0
 10
-204.051513671875
 20
31.982014973958332
 30
0.0
 10
-204.2333984375
 20
32.146809895833336
 30
0.0
 10
-204.415283203125
 20
32.31160481770833
 30
0.0
 10
-204.490966796875
 20
32.685139973958336
 30
0.0
  0
LINE
  5
A0
330
17
100
AcDbEntity
  8
visible
100
AcDbLine
 10
-204.014892578125
 20
33.761800130208336
 30
0.0
 11
-204.063720703125
 21
33.376057942708336
 31
0.0
  0
SPLINE
  5
A1
330
17
100
AcDbEntity
  8
visible
100
AcDbSpline
 70
0
 71
2
 72
18
 73
15
 74
0
 40
0.0
 40
0.0
 40
0.0
 40
1.0
 40
1.0
 40
2.0
 40
2.0
 40
3.0095238095238095
 40
3.0095238095238095
 40
4.019047619047619
 40
4.019047619047619
 40
5.293698893698894
 40
5.293698893698894
 40
6.568350168350168
 40
6.568350168350168
 40
6.690273333751595
 40
6.690273333751595
 40
6.690273333751595
 10
-204.447021484375
 20
34.269612630208336
 30
0.0
 10
-204.398193359375
 20
34.59187825520833
 30
0.0
 10
-204.227294921875
 20
34.753011067708336
 30
0.0
 10
-204.056396484375
 20
34.91414388020833
 30
0.0
 10
-203.800048828125
 20
34.914143880208336
 30
0.0
 10
-203.541259765625
 20
34.91414388020833
 30
0.0
 10
-203.377685546875
 20
34.755452473958336
 30
0.0
 10
-203.214111328125
 20
34.59676106770833
 30
0.0
 10
-203.214111328125
 20
34.355061848958336
 30
0.0
 10
-203.214111328125
 20
34.04988606770833
 30
0.0
 10
-203.438720703125
 20
33.903401692708336
 30
0.0
 10
-203.663330078125
 20
33.75691731770833
 30
0.0
 10
-203.94409179687503
 20
33.756917317708336
 30
0.0
 10
-203.970947265625
 20
33.75691731770833
 30
0.0
 10
-204.014892578125
 20
33.761800130208336
 30
0.0
  0
LINE
  5
A2
330
17
100
AcDbEntity
  8
visible
100
AcDbLine
 10
-204.886474609375
 20
34.347737630208336
 30
0.0
 11
-204.447021484375
 21
34.269612630208336
 31
0.0
  0
SPLINE
  5
A3
330
17
100
AcDbEntity
  8
visible
100
AcDbSpline
 70
0
 71
2
 72
18
 73
15
 74
0
 40
0.0
 40
0.0
 40
0.0
 40
1.0
 40
1.0
 40
2.0
 40
2.0
 40
3.052631578947368
 40
3.052631578947368
 40
4.105263157894736
 40
4.105263157894736
 40
5.157894736842104
 40
5.157894736842104
 40
6.684210526315788
 40
6.684210526315788
 40
8.21052631578947
 40
8.21052631578947
 40
8.21052631578947
 10
-203.255615234375
 20
33.620198567708336
 30
0.0
 10
-203.011474609375
 20
33.73250325520833
 30
0.0
 10
-202.886962890625
 20
33.922932942708336
 30
0.0
 10
-202.762451171875
 20
34.11336263020833
 30
0.0
 10
-202.762451171875
 20
34.345296223958336
 30
0.0
 10
-202.762451171875
 20
34.58943684895833
 30
0.0
 10
-202.89306640625
 20
34.806722005208336
 30
0.0
 10
-203.023681640625
 20
35.02400716145833
 30
0.0
 10
-203.270263671875
 20
35.149739583333336
 30
0.0
 10
-203.516845703125
 20
35.27547200520833
 30
0.0
 10
-203.809814453125
 20
35.275472005208336
 30
0.0
 10
-204.234619140625
 20
35.27547200520833
 30
0.0
 10
-204.520263671875
 20
35.032552083333336
 30
0.0
 10
-204.805908203125
 20
34.78963216145833
 30
0.0
 10
-204.886474609375
 20
34.347737630208336
 30
0.0
  0
SPLINE
  5
A4
330
17
100
AcDbEntity
  8
visible
100
AcDbSpline
 70
0
 71
2
 72
16
 73
13
 74
0
 40
0.0
 40
0.0
 40
0.0
 40
1.0
 40
1.0
 40
2.0
 40
2.0
 40
3.1088082901554404
 40
3.1088082901554404
 40
4.217616580310881
 40
4.217616580310881
 40
5.037672711571675
 40
5.037672711571675
 40
5.857728842832469
 40
5.857728842832469
 40
5.857728842832469
 10
-204.930419921875
 20
32.626546223958336
 30
0.0
 10
-204.886474609375
 20
32.17976888020833
 30
0.0
 10
-204.5751953125
 20
31.899007161458336
 30
0.0
 10
-204.263916015625
 20
31.618245442708332
 30
0.0
 10
-203.792724609375
 20
31.618245442708336
 30
0.0
 10
-203.27026367187503
 20
31.61824544270833
 30
0.0
 10
-202.928466796875
 20
31.94417317708334
 30
0.0
 10
-202.58666992187497
 20
32.27010091145833
 30
0.0
 10
-202.586669921875
 20
32.73885091145835
 30
0.0
 10
-202.586669921875
 20
33.08553059895833
 30
0.0
 10
-202.762451171875
 20
33.316243489583336
 30
0.0
 10
-202.938232421875
 20
33.546956380208336
 30
0.0
 10
-203.255615234375
 20
33.620198567708336
 30
0.0
  0
LINE
  5
A5
330
17
100
AcDbEntity
  8
visible
100
AcDbLine
 10
203.009033203125
 20
32.685139973958336
 30
0.0
 11
202.569580078125
 21
32.626546223958336
 31
0.0
  0
SPLINE
  5
A6
330
17
100
AcDbEntity
  8
visible
100
AcDbSpline
 70
0
 71
2
 72
18
 73
15
 74
0
 40
0.0
 40
0.0
 40
0.0
 40
1.0
 40
1.0
 40
3.450980392156863
 40
3.450980392156863
 40
5.901960784313726
 40
5.901960784313726
 40
8.471537001897534
 40
8.471537001897534
 40
11.041113219481343
 40
11.041113219481343
 40
13.20603176500471
 40
13.20603176500471
 40
15.370950310528077
 40
15.370950310528077
 40
15.370950310528077
 10
203.436279296875
 20
33.376057942708336
 30
0.0
 10
203.621826171875
 20
33.42488606770833
 30
0.0
 10
203.746337890625
 20
33.424886067708336
 30
0.0
 10
204.051513671875
 20
33.42488606770833
 30
0.0
 10
204.249267578125
 20
33.228352864583336
 30
0.0
 10
204.447021484375
 20
33.03181966145833
 30
0.0
 10
204.447021484375
 20
32.729085286458336
 30
0.0
 10
204.447021484375
 20
32.41170247395833
 30
0.0
 10
204.2333984375
 20
32.196858723958336
 30
0.0
 10
204.019775390625
 20
31.982014973958332
 30
0.0
 10
203.709716796875
 20
31.982014973958336
 30
0.0
 10
203.448486328125
 20
31.982014973958332
 30
0.0
 10
203.2666015625
 20
32.146809895833336
 30
0.0
 10
203.084716796875
 20
32.31160481770833
 30
0.0
 10
203.009033203125
 20
32.685139973958336
 30
0.0
  0
LINE
  5
A7
330
17
100
AcDbEntity
  8
visible
100
AcDbLine
 10
203.485107421875
 20
33.761800130208336
 30
0.0
 11
203.436279296875
 21
33.376057942708336
 31
0.0
  0
SPLINE
  5
A8
330
17
100
AcDbEntity
  8
visible
100
AcDbSpline
 70
0
 71
2
 72
18
 73
15
 74
0
 40
0.0
 40
0.0
 40
0.0
 40
1.0
 40
1.0
 40
2.0
 40
2.0
 40
3.0095238095238095
 40
3.0095238095238095
 40
4.019047619047619
 40
4.019047619047619
 40
5.293698893698894
 40
5.293698893698894
 40
6.568350168350168
 40
6.568350168350168
 40
6.690273333751595
 40
6.690273333751595
 40
6.690273333751595
 10
203.052978515625
 20
34.269612630208336
 30
0.0
 10
203.101806640625
 20
34.59187825520833
 30
0.0
 10
203.272705078125
 20
34.753011067708336
 30
0.0
 10
203.443603515625
 20
34.91414388020833
 30
0.0
 10
203.699951171875
 20
34.914143880208336
 30
0.0
 10
203.958740234375
 20
34.91414388020833
 30
0.0
 10
204.122314453125
 20
34.755452473958336
 30
0.0
 10
204.285888671875
 20
34.59676106770833
 30
0.0
 10
204.285888671875
 20
34.355061848958336
 30
0.0
 10
204.285888671875
 20
34.04988606770833
 30
0.0
 10
204.06127929687497
 20
33.903401692708336
 30
0.0
 10
203.836669921875
 20
33.75691731770833
 30
0.0
 10
203.555908203125
 20
33.756917317708336
 30
0.0
 10
203.529052734375
 20
33.75691731770833
 30
0.0
 10
203.48510742187497
 20
33.761800130208336
 30
0.0
  0
LINE
  5
A9
330
17
100
AcDbEntity
  8
visible
100
AcDbLine
 10
202.613525390625
 20
34.347737630208336
 30
0.0
 11
203.052978515625
 21
34.269612630208336
 31
0.0
  0
SPLINE
  5
AA
330
17
100
AcDbEntity
  8
visible
100
AcDbSpline
 70
0
 71
2
 72
18
 73
15
 74
0
 40
0.0
 40
0.0
 40
0.0
 40
1.0
 40
1.0
 40
2.0
 40
2.0
 40
3.052631578947368
 40
3.052631578947368
 40
4.105263157894736
 40
4.105263157894736
 40
5.157894736842104
 40
5.157894736842104
 40
6.684210526315788
 40
6.684210526315788
 40
8.21052631578947
 40
8.21052631578947
 40
8.21052631578947
 10
204.244384765625
 20
33.620198567708336
 30
0.0
 10
204.488525390625
 20
33.73250325520833
 30
0.0
 10
204.613037109375
 20
33.922932942708336
 30
0.0
 10
204.737548828125
 20
34.11336263020833
 30
0.0
 10
204.737548828125
 20
34.345296223958336
 30
0.0
 10
204.737548828125
 20
34.58943684895833
 30
0.0
 10
204.60693359375
 20
34.806722005208336
 30
0.0
 10
204.476318359375
 20
35.02400716145833
 30
0.0
 10
204.229736328125
 20
35.149739583333336
 30
0.0
 10
203.983154296875
 20
35.27547200520833
 30
0.0
 10
203.690185546875
 20
35.275472005208336
 30
0.0
 10
203.265380859375
 20
35.27547200520833
 30
0.0
 10
202.979736328125
 20
35.032552083333336
 30
0.0
 10
202.694091796875
 20
34.78963216145833
 30
0.0
 10
202.613525390625
 20
34.347737630208336
 30
0.0
  0
SPLINE
  5
AB
330
17
100
AcDbEntity
  8
visible
100
AcDbSpline
 70
0
 71
2
 72
16
 73
13
 74
0
 40
0.0
 40
0.0
 40
0.0
 40
1.0
 40
1.0
 40
2.0
 40
2.0
 40
3.1088082901554404
 40
3.1088082901554404
 40
4.217616580310881
 40
4.217616580310881
 40
5.037672711571675
 40
5.037672711571675
 40
5.857728842832469
 40
5.857728842832469
 40
5.857728842832469
 10
202.569580078125
 20
32.626546223958336
 30
0.0
 10
202.613525390625
 20
32.17976888020833
 30
0.0
 10
202.9248046875
 20
31.899007161458336
 30
0.0
 10
203.236083984375
 20
31.618245442708332
 30
0.0
 10
203.707275390625
 20
31.618245442708336
 30
0.0
 10
204.22973632812503
 20
31.61824544270833
 30
0.0
 10
204.571533203125
 20
31.94417317708334
 30
0.0
 10
204.91333007812497
 20
32.27010091145833
 30
0.0
 10
204.913330078125
 20
32.73885091145835
 30
0.0
 10
204.913330078125
 20
33.08553059895833
 30
0.0
 10
204.737548828125
 20
33.316243489583336
 30
0.0
 10
204.561767578125
 20
33.546956380208336
 30
0.0
 10
204.244384765625
 20
33.620198567708336
 30
0.0
  0
LINE
  5
AC
330
17
100
AcDbEntity
  8
visible
100
AcDbLine
 10
-203.524169921875
 20
98.348388671875
 30
0.0
 11
-203.084716796875
 21
98.348388671875
 31
0.0
  0
LINE
  5
AD
330
17
100
AcDbEntity
  8
visible
100
AcDbLine
 10
-203.524169921875
 20
99.205322265625
 30
0.0
 11
-203.524169921875
 21
98.348388671875
 31
0.0
  0
LINE
  5
AE
330
17
100
AcDbEntity
  8
visible
100
AcDbLine
 10
-205.076904296875
 20
99.205322265625
 30
0.0
 11
-203.524169921875
 21
99.205322265625
 31
0.0
  0
LINE
  5
AF
330
17
100
AcDbEntity
  8
visible
100
AcDbLine
 10
-205.076904296875
 20
99.608154296875
 30
0.0
 11
-205.076904296875
 21
99.205322265625
 31
0.0
  0
LINE
  5
B0
330
17
100
AcDbEntity
  8
visible
100
AcDbLine
 10
-203.443603515625
 20
101.927490234375
 30
0.0
 11
-205.076904296875
 21
99.608154296875
 31
0.0
  0
LINE
  5
B1
330
17
100
AcDbEntity
  8
visible
100
AcDbLine
 10
-203.084716796875
 20
101.927490234375
 30
0.0
 11
-203.443603515625
 21
101.927490234375
 31
0.0
  0
LINE
  5
B2
330
17
100
AcDbEntity
  8
visible
100
AcDbLine
 10
-203.084716796875
 20
99.608154296875
 30
0.0
 11
-203.084716796875
 21
101.927490234375
 31
0.0
  0
LINE
  5
B3
330
17
100
AcDbEntity
  8
visible
100
AcDbLine
 10
-202.601318359375
 20
99.608154296875
 30
0.0
 11
-203.084716796875
 21
99.608154296875
 31
0.0
  0
LINE
  5
B4
330
17
100
AcDbEntity
  8
visible
100
AcDbLine
 10
-202.601318359375
 20
99.205322265625
 30
0.0
 11
-202.601318359375
 21
99.608154296875
 31
0.0
  0
LINE
  5
B5
330
17
100
AcDbEntity
  8
visible
100
AcDbLine
 10
-203.084716796875
 20
99.205322265625
 30
0.0
 11
-202.601318359375
 21
99.205322265625
 31
0.0
  0
LINE
  5
B6
330
17
100
AcDbEntity
  8
visible
100
AcDbLine
 10
-203.084716796875
 20
98.348388671875
 30
0.0
 11
-203.084716796875
 21
99.205322265625
 31
0.0
  0
LINE
  5
B7
330
17
100
AcDbEntity
  8
visible
100
AcDbLine
 10
-203.524169921875
 20
99.608154296875
 30
0.0
 11
-204.644775390625
 21
99.608154296875
 31
0.0
  0
LINE
  5
B8
330
17
100
AcDbEntity
  8
visible
100
AcDbLine
 10
-203.524169921875
 20
101.221923828125
 30
0.0
 11
-203.524169921875
 21
99.608154296875
 31
0.0
  0
LINE
  5
B9
330
17
100
AcDbEntity
  8
visible
100
AcDbLine
 10
-204.644775390625
 20
99.608154296875
 30
0.0
 11
-203.524169921875
 21
101.221923828125
 31
0.0
  0
LINE
  5
BA
330
17
100
AcDbEntity
  8
visible
100
AcDbLine
 10
203.975830078125
 20
98.348388671875
 30
0.0
 11
204.415283203125
 21
98.348388671875
 31
0.0
  0
LINE
  5
BB
330
17
100
AcDbEntity
  8
visible
100
AcDbLine
 10
203.975830078125
 20
99.205322265625
 30
0.0
 11
203.975830078125
 21
98.348388671875
 31
0.0
  0
LINE
  5
BC
330
17
100
AcDbEntity
  8
visible
100
AcDbLine
 10
202.423095703125
 20
99.205322265625
 30
0.0
 11
203.975830078125
 21
99.205322265625
 31
0.0
  0
LINE
  5
BD
330
17
100
AcDbEntity
  8
visible
100
AcDbLine
 10
202.423095703125
 20
99.608154296875
 30
0.0
 11
202.423095703125
 21
99.205322265625
 31
0.0
  0
LINE
  5
BE
330
17
100
AcDbEntity
  8
visible
100
AcDbLine
 10
204.056396484375
 20
101.927490234375
 30
0.0
 11
202.423095703125
 21
99.608154296875
 31
0.0
  0
LINE
  5
BF
330
17
100
AcDbEntity
  8
visible
100
AcDbLine
 10
204.415283203125
 20
101.927490234375
 30
0.0
 11
204.056396484375
 21
101.927490234375
 31
0.0
  0
LINE
  5
C0
330
17
100
AcDbEntity
  8
visible
100
AcDbLine
 10
204.415283203125
 20
99.608154296875
 30
0.0
 11
204.415283203125
 21
101.927490234375
 31
0.0
  0
LINE
  5
C1
330
17
100
AcDbEntity
  8
visible
100
AcDbLine
 10
204.898681640625
 20
99.608154296875
 30
0.0
 11
204.415283203125
 21
99.608154296875
 31
0.0
  0
LINE
  5
C2
330
17
100
AcDbEntity
  8
visible
100
AcDbLine
 10
204.898681640625
 20
99.205322265625
 30
0.0
 11
204.898681640625
 21
99.608154296875
 31
0.0
  0
LINE
  5
C3
330
17
100
AcDbEntity
  8
visible
100
AcDbLine
 10
204.415283203125
 20
99.205322265625
 30
0.0
 11
204.898681640625
 21
99.205322265625
 31
0.0
  0
LINE
  5
C4
330
17
100
AcDbEntity
  8
visible
100
AcDbLine
 10
204.415283203125
 20
98.348388671875
 30
0.0
 11
204.415283203125
 21
99.205322265625
 31
0.0
  0
LINE
  5
C5
330
17
100
AcDbEntity
  8
visible
100
AcDbLine
 10
203.975830078125
 20
99.608154296875
 30
0.0
 11
202.855224609375
 21
99.608154296875
 31
0.0
  0
LINE
  5
C6
330
17
100
AcDbEntity
  8
visible
100
AcDbLine
 10
203.975830078125
 20
101.221923828125
 30
0.0
 11
203.975830078125
 21
99.608154296875
 31
0.0
  0
LINE
  5
C7
330
17
100
AcDbEntity
  8
visible
100
AcDbLine
 10
202.855224609375
 20
99.608154296875
 30
0.0
 11
203.975830078125
 21
101.221923828125
 31
0.0
  0
LINE
  5
C8
330
17
100
AcDbEntity
  8
visible
100
AcDbLine
 10
-167.78361002604169
 20
-138.73494466145834
 30
0.0
 11
-167.30997721354169
 21
-138.73494466145834
 31
0.0
  0
LINE
  5
C9
330
17
100
AcDbEntity
  8
visible
100
AcDbLine
 10
-167.78361002604169
 20
-135.15584309895834
 30
0.0
 11
-167.78361002604169
 21
-138.73494466145834
 31
0.0
  0
LINE
  5
CA
330
17
100
AcDbEntity
  8
visible
100
AcDbLine
 10
-165.36905924479169
 20
-135.15584309895834
 30
0.0
 11
-167.78361002604169
 21
-135.15584309895834
 31
0.0
  0
LINE
  5
CB
330
17
100
AcDbEntity
  8
visible
100
AcDbLine
 10
-165.36905924479169
 20
-135.57820638020834
 30
0.0
 11
-165.36905924479169
 21
-135.15584309895834
 31
0.0
  0
LINE
  5
CC
330
17
100
AcDbEntity
  8
visible
100
AcDbLine
 10
-167.30997721354169
 20
-135.57820638020834
 30
0.0
 11
-165.36905924479169
 21
-135.57820638020834
 31
0.0
  0
LINE
  5
CD
330
17
100
AcDbEntity
  8
visible
100
AcDbLine
 10
-167.30997721354169
 20
-136.68660481770834
 30
0.0
 11
-167.30997721354169
 21
-135.57820638020834
 31
0.0
  0
LINE
  5
CE
330
17
100
AcDbEntity
  8
visible
100
AcDbLine
 10
-165.63028971354169
 20
-136.68660481770834
 30
0.0
 11
-167.30997721354169
 21
-136.68660481770834
 31
0.0
  0
LINE
  5
CF
330
17
100
AcDbEntity
  8
visible
100
AcDbLine
 10
-165.63028971354169
 20
-137.10896809895834
 30
0.0
 11
-165.63028971354169
 21
-136.68660481770834
 31
0.0
  0
LINE
  5
D0
330
17
100
AcDbEntity
  8
visible
100
AcDbLine
 10
-167.30997721354169
 20
-137.10896809895834
 30
0.0
 11
-165.63028971354169
 21
-137.10896809895834
 31
0.0
  0
LINE
  5
D1
330
17
100
AcDbEntity
  8
visible
100
AcDbLine
 10
-167.30997721354169
 20
-138.73494466145834
 30
0.0
 11
-167.30997721354169
 21
-137.10896809895834
 31
0.0
  0
LINE
  5
D2
330
17
100
AcDbEntity
  8
visible
100
AcDbLine
 10
-167.78361002604169
 20
135.43172200520834
 30
0.0
 11
-167.30997721354169
 21
135.43172200520834
 31
0.0
  0
LINE
  5
D3
330
17
100
AcDbEntity
  8
visible
100
AcDbLine
 10
-167.78361002604169
 20
139.01082356770834
 30
0.0
 11
-167.78361002604169
 21
135.43172200520834
 31
0.0
  0
LINE
  5
D4
330
17
100
AcDbEntity
  8
visible
100
AcDbLine
 10
-165.36905924479169
 20
139.01082356770834
 30
0.0
 11
-167.78361002604169
 21
139.01082356770834
 31
0.0
  0
LINE
  5
D5
330
17
100
AcDbEntity
  8
visible
100
AcDbLine
 10
-165.36905924479169
 20
138.58846028645834
 30
0.0
 11
-165.36905924479169
 21
139.01082356770834
 31
0.0
  0
LINE
  5
D6
330
17
100
AcDbEntity
  8
visible
100
AcDbLine
 10
-167.30997721354169
 20
138.58846028645834
 30
0.0
 11
-165.36905924479169
 21
138.58846028645834
 31
0.0
  0
LINE
  5
D7
330
17
100
AcDbEntity
  8
visible
100
AcDbLine
 10
-167.30997721354169
 20
137.48006184895834
 30
0.0
 11
-167.30997721354169
 21
138.58846028645834
 31
0.0
  0
LINE
  5
D8
330
17
100
AcDbEntity
  8
visible
100
AcDbLine
 10
-165.63028971354169
 20
137.48006184895834
 30
0.0
 11
-167.30997721354169
 21
137.48006184895834
 31
0.0
  0
LINE
  5
D9
330
17
100
AcDbEntity
  8
visible
100
AcDbLine
 10
-165.63028971354169
 20
137.05769856770834
 30
0.0
 11
-165.63028971354169
 21
137.48006184895834
 31
0.0
  0
LINE
  5
DA
330
17
100
AcDbEntity
  8
visible
100
AcDbLine
 10
-167.30997721354169
 20
137.05769856770834
 30
0.0
 11
-165.63028971354169
 21
137.05769856770834
 31
0.0
  0
LINE
  5
DB
330
17
100
AcDbEntity
  8
visible
100
AcDbLine
 10
-167.30997721354169
 20
135.43172200520834
 30
0.0
 11
-167.30997721354169
 21
137.05769856770834
 31
0.0
  0
LINE
  5
DC
330
17
100
AcDbEntity
  8
visible
100
AcDbLine
 10
-101.27197265625
 20
-138.73494466145834
 30
0.0
 11
-98.60107421875
 21
-138.73494466145834
 31
0.0
  0
LINE
  5
DD
330
17
100
AcDbEntity
  8
visible
100
AcDbLine
 10
-101.27197265625
 20
-135.15584309895834
 30
0.0
 11
-101.27197265625
 21
-138.73494466145834
 31
0.0
  0
LINE
  5
DE
330
17
100
AcDbEntity
  8
visible
100
AcDbLine
 10
-98.68408203125
 20
-135.15584309895834
 30
0.0
 11
-101.27197265625
 21
-135.15584309895834
 31
0.0
  0
LINE
  5
DF
330
17
100
AcDbEntity
  8
visible
100
AcDbLine
 10
-98.68408203125
 20
-135.57820638020834
 30
0.0
 11
-98.68408203125
 21
-135.15584309895834
 31
0.0
  0
LINE
  5
E0
330
17
100
AcDbEntity
  8
visible
100
AcDbLine
 10
-100.79833984375
 20
-135.57820638020834
 30
0.0
 11
-98.68408203125
 21
-135.57820638020834
 31
0.0
  0
LINE
  5
E1
330
17
100
AcDbEntity
  8
visible
100
AcDbLine
 10
-100.79833984375
 20
-136.67439778645834
 30
0.0
 11
-100.79833984375
 21
-135.57820638020834
 31
0.0
  0
LINE
  5
E2
330
17
100
AcDbEntity
  8
visible
100
AcDbLine
 10
-98.818359375
 20
-136.67439778645834
 30
0.0
 11
-100.79833984375
 21
-136.67439778645834
 31
0.0
  0
LINE
  5
E3
330
17
100
AcDbEntity
  8
visible
100
AcDbLine
 10
-98.818359375
 20
-137.09431966145834
 30
0.0
 11
-98.818359375
 21
-136.67439778645834
 31
0.0
  0
LINE
  5
E4
330
17
100
AcDbEntity
  8
visible
100
AcDbLine
 10
-100.79833984375
 20
-137.09431966145834
 30
0.0
 11
-98.818359375
 21
-137.09431966145834
 31
0.0
  0
LINE
  5
E5
330
17
100
AcDbEntity
  8
visible
100
AcDbLine
 10
-100.79833984375
 20
-138.31258138020834
 30
0.0
 11
-100.79833984375
 21
-137.09431966145834
 31
0.0
  0
LINE
  5
E6
330
17
100
AcDbEntity
  8
visible
100
AcDbLine
 10
-98.60107421875
 20
-138.31258138020834
 30
0.0
 11
-100.79833984375
 21
-138.31258138020834
 31
0.0
  0
LINE
  5
E7
330
17
100
AcDbEntity
  8
visible
100
AcDbLine
 10
-98.60107421875
 20
-138.73494466145834
 30
0.0
 11
-98.60107421875
 21
-138.31258138020834
 31
0.0
  0
LINE
  5
E8
330
17
100
AcDbEntity
  8
visible
100
AcDbLine
 10
-101.27197265625
 20
135.43172200520834
 30
0.0
 11
-98.60107421875
 21
135.43172200520834
 31
0.0
  0
LINE
  5
E9
330
17
100
AcDbEntity
  8
visible
100
AcDbLine
 10
-101.27197265625
 20
139.01082356770834
 30
0.0
 11
-101.27197265625
 21
135.43172200520834
 31
0.0
  0
LINE
  5
EA
330
17
100
AcDbEntity
  8
visible
100
AcDbLine
 10
-98.68408203125
 20
139.01082356770834
 30
0.0
 11
-101.27197265625
 21
139.01082356770834
 31
0.0
  0
LINE
  5
EB
330
17
100
AcDbEntity
  8
visible
100
AcDbLine
 10
-98.68408203125
 20
138.58846028645834
 30
0.0
 11
-98.68408203125
 21
139.01082356770834
 31
0.0
  0
LINE
  5
EC
330
17
100
AcDbEntity
  8
visible
100
AcDbLine
 10
-100.79833984375
 20
138.58846028645834
 30
0.0
 11
-98.68408203125
 21
138.58846028645834
 31
0.0
  0
LINE
  5
ED
330
17
100
AcDbEntity
  8
visible
100
AcDbLine
 10
-100.79833984375
 20
137.49226888020834
 30
0.0
 11
-100.79833984375
 21
138.58846028645834
 31
0.0
  0
LINE
  5
EE
330
17
100
AcDbEntity
  8
visible
100
AcDbLine
 10
-98.818359375
 20
137.49226888020834
 30
0.0
 11
-100.79833984375
 21
137.49226888020834
 31
0.0
  0
LINE
  5
EF
330
17
100
AcDbEntity
  8
visible
100
AcDbLine
 10
-98.818359375
 20
137.07234700520834
 30
0.0
 11
-98.818359375
 21
137.49226888020834
 31
0.0
  0
LINE
  5
F0
330
17
100
AcDbEntity
  8
visible
100
AcDbLine
 10
-100.79833984375
 20
137.07234700520834
 30
0.0
 11
-98.818359375
 21
137.07234700520834
 31
0.0
  0
LINE
  5
F1
330
17
100
AcDbEntity
  8
visible
100
AcDbLine
 10
-100.79833984375
 20
135.85408528645834
 30
0.0
 11
-100.79833984375
 21
137.07234700520834
 31
0.0
  0
LINE
  5
F2
330
17
100
AcDbEntity
  8
visible
100
AcDbLine
 10
-98.60107421875
 20
135.85408528645834
 30
0.0
 11
-100.79833984375
 21
135.85408528645834
 31
0.0
  0
LINE
  5
F3
330
17
100
AcDbEntity
  8
visible
100
AcDbLine
 10
-98.60107421875
 20
135.43172200520834
 30
0.0
 11
-98.60107421875
 21
135.85408528645834
 31
0.0
  0
LINE
  5
F4
330
17
100
AcDbEntity
  8
visible
100
AcDbLine
 10
-34.75301106770833
 20
-138.73494466145834
 30
0.0
 11
-33.46150716145833
 21
-138.73494466145834
 31
0.0
  0
LINE
  5
F5
330
17
100
AcDbEntity
  8
visible
100
AcDbLine
 10
-34.75301106770833
 20
-135.15584309895834
 30
0.0
 11
-34.75301106770833
 21
-138.73494466145834
 31
0.0
  0
LINE
  5
F6
330
17
100
AcDbEntity
  8
visible
100
AcDbLine
 10
-33.52010091145833
 20
-135.15584309895834
 30
0.0
 11
-34.75301106770833
 21
-135.15584309895834
 31
0.0
  0
SPLINE
  5
F7
330
17
100
AcDbEntity
  8
visible
100
AcDbSpline
 70
0
 71
2
 72
6
 73
3
 74
0
 40
0.0
 40
0.0
 40
0.0
 40
1.0
 40
1.0
 40
1.0
 10
-33.52010091145833
 20
-135.15584309895834
 30
0.0
 10
-33.10262044270833
 20
-135.15584309895834
 30
0.0
 10
-32.88289388020833
 20
-135.20711263020834
 30
0.0
  0
SPLINE
  5
F8
330
17
100
AcDbEntity
  8
visible
100
AcDbSpline
 70
0
 71
2
 72
6
 73
3
 74
0
 40
0.0
 40
0.0
 40
0.0
 40
1.0
 40
1.0
 40
1.0
 10
-32.88289388020833
 20
-135.20711263020834
 30
0.0
 10
-32.57527669270833
 20
-135.27791341145834
 30
0.0
 10
-32.35799153645833
 20
-135.46346028645834
 30
0.0
  0
SPLINE
  5
F9
330
17
100
AcDbEntity
  8
visible
100
AcDbSpline
 70
0
 71
3
 72
20
 73
16
 74
0
 40
0.0
 40
0.0
 40
0.0
 40
0.0
 40
2.0
 40
2.0
 40
2.0
 40
4.0
 40
4.0
 40
4.0
 40
5.0
 40
5.0
 40
5.0
 40
6.173652694610778
 40
6.173652694610778
 40
6.173652694610778
 40
7.347305389221557
 40
7.347305389221557
 40
7.347305389221557
 40
7.347305389221557
 10
-33.46150716145833
 20
-138.73494466145834
 30
0.0
 10
-33.02897135416665
 20
-138.7337239583333
 30
0.0
 10
-32.69490559895833
 20
-138.65356445312503
 30
0.0
 10
-32.45930989583333
 20
-138.49446614583334
 30
0.0
 10
-32.22597776583695
 20
-138.3344267292431
 30
0.0
 10
-32.01352418728805
 20
-138.07060256763197
 30
0.0
 10
-31.88924153645833
 20
-137.64851888020834
 30
0.0
 10
-31.825764973958325
 20
-137.4385579427083
 30
0.0
 10
-31.79402669270832
 20
-137.19767252604174
 30
0.0
 10
-31.79402669270833
 20
-136.92586263020834
 30
0.0
 10
-31.79402669270833
 20
-136.60685221354163
 30
0.0
 10
-31.8408203125
 20
-136.3232421875
 30
0.0
 10
-31.934407552083336
 20
-136.07503255208337
 30
0.0
 10
-32.02799479166664
 20
-135.82682291666654
 30
0.0
 10
-32.169189453125
 20
-135.6229654947917
 30
0.0
 10
-32.35799153645833
 20
-135.46346028645834
 30
0.0
  0
LINE
  5
FA
330
17
100
AcDbEntity
  8
visible
100
AcDbLine
 10
-34.27937825520833
 20
-138.31258138020834
 30
0.0
 11
-34.27937825520833
 21
-135.57820638020834
 31
0.0
  0
LINE
  5
FB
330
17
100
AcDbEntity
  8
visible
100
AcDbLine
 10
-33.51521809895833
 20
-138.31258138020834
 30
0.0
 11
-34.27937825520833
 21
-138.31258138020834
 31
0.0
  0
SPLINE
  5
FC
330
17
100
AcDbEntity
  8
visible
100
AcDbSpline
 70
0
 71
3
 72
20
 73
16
 74
0
 40
0.0
 40
0.0
 40
0.0
 40
0.0
 40
1.0
 40
1.0
 40
1.0
 40
2.0
 40
2.0
 40
2.0
 40
3.443478260869565
 40
3.443478260869565
 40
3.443478260869565
 40
3.9560176433522365
 40
3.9560176433522365
 40
3.9560176433522365
 40
4.468557025834908
 40
4.468557025834908
 40
4.468557025834908
 40
4.468557025834908
 10
-32.91463216145833
 20
-135.65144856770834
 30
0.0
 10
-32.73885091145832
 20
-135.71980794270826
 30
0.0
 10
-32.58951822916666
 20
-135.85449218750006
 30
0.0
 10
-32.46663411458333
 20
-136.05550130208334
 30
0.0
 10
-32.34375
 20
-136.25651041666663
 30
0.0
 10
-32.28230794270833
 20
-136.54418945312506
 30
0.0
 10
-32.28230794270833
 20
-136.91853841145834
 30
0.0
 10
-32.28027329572147
 20
-137.4594116565385
 30
0.0
 10
-32.4161785271952
 20
-137.83599849971156
 30
0.0
 10
-32.63875325520833
 20
-138.06111653645834
 30
0.0
 10
-32.71850585937499
 20
-138.14086914062509
 30
0.0
 10
-32.82552083333332
 20
-138.20271809895826
 30
0.0
 10
-32.95979817708333
 20
-138.24666341145834
 30
0.0
 10
-33.094075520833314
 20
-138.2906087239583
 30
0.0
 10
-33.27921549479168
 20
-138.31258138020837
 30
0.0
 10
-33.51521809895833
 20
-138.31258138020834
 30
0.0
  0
SPLINE
  5
FD
330
17
100
AcDbEntity
  8
visible
100
AcDbSpline
 70
0
 71
2
 72
6
 73
3
 74
0
 40
0.0
 40
0.0
 40
0.0
 40
1.0
 40
1.0
 40
1.0
 10
-32.91463216145833
 20
-135.65144856770834
 30
0.0
 10
-33.10506184895833
 20
-135.57820638020834
 30
0.0
 10
-33.52742513020833
 20
-135.57820638020834
 30
0.0
  0
LINE
  5
FE
330
17
100
AcDbEntity
  8
visible
100
AcDbLine
 10
-34.27937825520833
 20
-135.57820638020834
 30
0.0
 11
-33.52742513020833
 21
-135.57820638020834
 31
0.0
  0
LINE
  5
FF
330
17
100
AcDbEntity
  8
visible
100
AcDbLine
 10
-34.75301106770833
 20
135.43172200520834
 30
0.0
 11
-33.46150716145833
 21
135.43172200520834
 31
0.0
  0
LINE
  5
100
330
17
100
AcDbEntity
  8
visible
100
AcDbLine
 10
-34.75301106770833
 20
139.01082356770834
 30
0.0
 11
-34.75301106770833
 21
135.43172200520834
 31
0.0
  0
LINE
  5
101
330
17
100
AcDbEntity
  8
visible
100
AcDbLine
 10
-33.52010091145833
 20
139.01082356770834
 30
0.0
 11
-34.75301106770833
 21
139.01082356770834
 31
0.0
  0
SPLINE
  5
102
330
17
100
AcDbEntity
  8
visible
100
AcDbSpline
 70
0
 71
2
 72
6
 73
3
 74
0
 40
0.0
 40
0.0
 40
0.0
 40
1.0
 40
1.0
 40
1.0
 10
-33.52010091145833
 20
139.01082356770834
 30
0.0
 10
-33.10262044270833
 20
139.01082356770834
 30
0.0
 10
-32.88289388020833
 20
138.95955403645834
 30
0.0
  0
SPLINE
  5
103
330
17
100
AcDbEntity
  8
visible
100
AcDbSpline
 70
0
 71
2
 72
6
 73
3
 74
0
 40
0.0
 40
0.0
 40
0.0
 40
1.0
 40
1.0
 40
1.0
 10
-32.88289388020833
 20
138.95955403645834
 30
0.0
 10
-32.57527669270833
 20
138.88875325520834
 30
0.0
 10
-32.35799153645833
 20
138.70320638020834
 30
0.0
  0
SPLINE
  5
104
330
17
100
AcDbEntity
  8
visible
100
AcDbSpline
 70
0
 71
3
 72
20
 73
16
 74
0
 40
0.0
 40
0.0
 40
0.0
 40
0.0
 40
2.0
 40
2.0
 40
2.0
 40
4.0
 40
4.0
 40
4.0
 40
5.0
 40
5.0
 40
5.0
 40
6.173652694610778
 40
6.173652694610778
 40
6.173652694610778
 40
7.347305389221557
 40
7.347305389221557
 40
7.347305389221557
 40
7.347305389221557
 10
-33.46150716145833
 20
135.43172200520834
 30
0.0
 10
-33.02897135416665
 20
135.43294270833323
 30
0.0
 10
-32.69490559895833
 20
135.51310221354174
 30
0.0
 10
-32.45930989583333
 20
135.67220052083334
 30
0.0
 10
-32.22597776583695
 20
135.8322399374236
 30
0.0
 10
-32.01352418728805
 20
136.09606409903475
 30
0.0
 10
-31.88924153645833
 20
136.51814778645834
 30
0.0
 10
-31.825764973958325
 20
136.72810872395834
 30
0.0
 10
-31.79402669270832
 20
136.968994140625
 30
0.0
 10
-31.79402669270833
 20
137.24080403645834
 30
0.0
 10
-31.79402669270833
 20
137.559814453125
 30
0.0
 10
-31.8408203125
 20
137.84342447916669
 30
0.0
 10
-31.934407552083336
 20
138.09163411458337
 30
0.0
 10
-32.02799479166664
 20
138.33984374999986
 30
0.0
 10
-32.169189453125
 20
138.5437011718751
 30
0.0
 10
-32.35799153645833
 20
138.70320638020834
 30
0.0
  0
LINE
  5
105
330
17
100
AcDbEntity
  8
visible
100
AcDbLine
 10
-34.27937825520833
 20
135.85408528645834
 30
0.0
 11
-34.27937825520833
 21
138.58846028645834
 31
0.0
  0
LINE
  5
106
330
17
100
AcDbEntity
  8
visible
100
AcDbLine
 10
-33.51521809895833
 20
135.85408528645834
 30
0.0
 11
-34.27937825520833
 21
135.85408528645834
 31
0.0
  0
SPLINE
  5
107
330
17
100
AcDbEntity
  8
visible
100
AcDbSpline
 70
0
 71
3
 72
20
 73
16
 74
0
 40
0.0
 40
0.0
 40
0.0
 40
0.0
 40
1.0
 40
1.0
 40
1.0
 40
2.0
 40
2.0
 40
2.0
 40
3.443478260869565
 40
3.443478260869565
 40
3.443478260869565
 40
3.9560176433522365
 40
3.9560176433522365
 40
3.9560176433522365
 40
4.468557025834908
 40
4.468557025834908
 40
4.468557025834908
 40
4.468557025834908
 10
-32.91463216145833
 20
138.51521809895834
 30
0.0
 10
-32.73885091145832
 20
138.44685872395837
 30
0.0
 10
-32.58951822916666
 20
138.3121744791666
 30
0.0
 10
-32.46663411458333
 20
138.11116536458334
 30
0.0
 10
-32.34375
 20
137.91015625000006
 30
0.0
 10
-32.28230794270833
 20
137.62247721354163
 30
0.0
 10
-32.28230794270833
 20
137.24812825520834
 30
0.0
 10
-32.28027329572147
 20
136.70725501012836
 30
0.0
 10
-32.4161785271952
 20
136.3306681669551
 30
0.0
 10
-32.63875325520833
 20
136.10555013020834
 30
0.0
 10
-32.71850585937499
 20
136.02579752604163
 30
0.0
 10
-32.82552083333332
 20
135.96394856770843
 30
0.0
 10
-32.95979817708333
 20
135.92000325520834
 30
0.0
 10
-33.094075520833314
 20
135.87605794270826
 30
0.0
 10
-33.27921549479168
 20
135.85408528645837
 30
0.0
 10
-33.51521809895833
 20
135.85408528645834
 30
0.0
  0
SPLINE
  5
108
330
17
100
AcDbEntity
  8
visible
100
AcDbSpline
 70
0
 71
2
 72
6
 73
3
 74
0
 40
0.0
 40
0.0
 40
0.0
 40
1.0
 40
1.0
 40
1.0
 10
-32.91463216145833
 20
138.51521809895834
 30
0.0
 10
-33.10506184895833
 20
138.58846028645834
 30
0.0
 10
-33.52742513020833
 20
138.58846028645834
 30
0.0
  0
LINE
  5
109
330
17
100
AcDbEntity
  8
visible
100
AcDbLine
 10
-34.27937825520833
 20
138.58846028645834
 30
0.0
 11
-33.52742513020833
 21
138.58846028645834
 31
0.0
  0
LINE
  5
10A
330
17
100
AcDbEntity
  8
visible
100
AcDbLine
 10
34.94099934895833
 20
-137.59969075520834
 30
0.0
 11
34.46736653645833
 21
-137.48006184895834
 31
0.0
  0
SPLINE
  5
10B
330
17
100
AcDbEntity
  8
visible
100
AcDbSpline
 70
0
 71
2
 72
24
 73
21
 74
0
 40
0.0
 40
0.0
 40
0.0
 40
1.0
 40
1.0
 40
2.0
 40
2.0
 40
2.881818181818182
 40
2.881818181818182
 40
3.7636363636363637
 40
3.7636363636363637
 40
4.6454545454545455
 40
4.6454545454545455
 40
5.454108773322747
 40
5.454108773322747
 40
6.262763001190948
 40
6.262763001190948
 40
7.07141722905915
 40
7.07141722905915
 40
7.852775111682854
 40
7.852775111682854
 40
8.634132994306558
 40
8.634132994306558
 40
8.634132994306558
 10
34.87996419270833
 20
-136.13728841145834
 30
0.0
 10
34.73592122395833
 20
-135.64168294270831
 30
0.0
 10
34.36971028645833
 20
-135.36824544270834
 30
0.0
 10
34.00349934895833
 20
-135.09480794270831
 30
0.0
 10
33.46638997395833
 20
-135.09480794270834
 30
0.0
 10
32.99275716145833
 20
-135.09480794270831
 30
0.0
 10
32.59847005208333
 20
-135.31087239583334
 30
0.0
 10
32.20418294270833
 20
-135.52693684895831
 30
0.0
 10
31.99055989583333
 20
-135.94319661458334
 30
0.0
 10
31.77693684895833
 20
-136.35945638020834
 30
0.0
 10
31.77693684895833
 20
-136.91853841145834
 30
0.0
 10
31.77693684895833
 20
-137.43123372395831
 30
0.0
 10
31.96614583333333
 20
-137.87801106770834
 30
0.0
 10
32.15535481770833
 20
-138.32478841145831
 30
0.0
 10
32.51790364583333
 20
-138.56038411458334
 30
0.0
 10
32.88045247395833
 20
-138.79597981770834
 30
0.0
 10
33.45906575520833
 20
-138.79597981770831
 30
0.0
 10
34.01814778645833
 20
-138.79597981770837
 30
0.0
 10
34.40511067708333
 20
-138.48958333333331
 30
0.0
 10
34.79207356770833
 20
-138.18318684895837
 30
0.0
 10
34.94099934895833
 20
-137.59969075520834
 30
0.0
  0
LINE
  5
10C
330
17
100
AcDbEntity
  8
visible
100
AcDbLine
 10
34.41365559895833
 20
-136.24715169270834
 30
0.0
 11
34.87996419270833
 21
-136.13728841145834
 31
0.0
  0
SPLINE
  5
10D
330
17
100
AcDbEntity
  8
visible
100
AcDbSpline
 70
0
 71
2
 72
24
 73
21
 74
0
 40
0.0
 40
0.0
 40
0.0
 40
1.0
 40
1.0
 40
2.0
 40
2.0
 40
2.822085889570552
 40
2.822085889570552
 40
3.6441717791411037
 40
3.6441717791411037
 40
4.4662576687116555
 40
4.4662576687116555
 40
5.103703946720907
 40
5.103703946720907
 40
5.741150224730159
 40
5.741150224730159
 40
6.378596502739411
 40
6.378596502739411
 40
6.933061608463435
 40
6.933061608463435
 40
7.487526714187458
 40
7.487526714187458
 40
7.487526714187458
 10
34.46736653645833
 20
-137.48006184895834
 30
0.0
 10
34.36971028645833
 20
-137.93172200520831
 30
0.0
 10
34.09383138020833
 20
-138.16121419270834
 30
0.0
 10
33.81795247395833
 20
-138.39070638020831
 30
0.0
 10
33.42000325520833
 20
-138.39070638020834
 30
0.0
 10
33.09285481770833
 20
-138.39070638020831
 30
0.0
 10
32.81209309895833
 20
-138.22224934895834
 30
0.0
 10
32.53133138020833
 20
-138.05379231770831
 30
0.0
 10
32.39827473958333
 20
-137.71321614583334
 30
0.0
 10
32.26521809895833
 20
-137.37263997395831
 30
0.0
 10
32.26521809895833
 20
-136.9160970052084
 30
0.0
 10
32.26521809895833
 20
-136.56209309895831
 30
0.0
 10
32.37752278645833
 20
-136.22884114583334
 30
0.0
 10
32.48982747395833
 20
-135.89558919270831
 30
0.0
 10
32.76692708333333
 20
-135.69783528645834
 30
0.0
 10
33.044026692708314
 20
-135.50008138020831
 30
0.0
 10
33.45662434895833
 20
-135.50008138020834
 30
0.0
 10
33.81551106770833
 20
-135.50008138020831
 30
0.0
 10
34.05232747395833
 20
-135.67830403645834
 30
0.0
 10
34.28914388020833
 20
-135.85652669270831
 30
0.0
 10
34.41365559895833
 20
-136.24715169270834
 30
0.0
  0
LINE
  5
10E
330
17
100
AcDbEntity
  8
visible
100
AcDbLine
 10
34.94099934895833
 20
136.56697591145834
 30
0.0
 11
34.46736653645833
 21
136.68660481770834
 31
0.0
  0
SPLINE
  5
10F
330
17
100
AcDbEntity
  8
visible
100
AcDbSpline
 70
0
 71
2
 72
24
 73
21
 74
0
 40
0.0
 40
0.0
 40
0.0
 40
1.0
 40
1.0
 40
2.0
 40
2.0
 40
2.881818181818182
 40
2.881818181818182
 40
3.7636363636363637
 40
3.7636363636363637
 40
4.6454545454545455
 40
4.6454545454545455
 40
5.454108773322747
 40
5.454108773322747
 40
6.262763001190948
 40
6.262763001190948
 40
7.07141722905915
 40
7.07141722905915
 40
7.852775111682854
 40
7.852775111682854
 40
8.634132994306558
 40
8.634132994306558
 40
8.634132994306558
 10
34.87996419270833
 20
138.02937825520834
 30
0.0
 10
34.73592122395833
 20
138.52498372395831
 30
0.0
 10
34.36971028645833
 20
138.79842122395834
 30
0.0
 10
34.00349934895833
 20
139.07185872395831
 30
0.0
 10
33.46638997395833
 20
139.07185872395834
 30
0.0
 10
32.99275716145833
 20
139.07185872395831
 30
0.0
 10
32.59847005208333
 20
138.85579427083334
 30
0.0
 10
32.20418294270833
 20
138.63972981770831
 30
0.0
 10
31.99055989583333
 20
138.22347005208334
 30
0.0
 10
31.77693684895833
 20
137.80721028645834
 30
0.0
 10
31.77693684895833
 20
137.24812825520834
 30
0.0
 10
31.77693684895833
 20
136.73543294270831
 30
0.0
 10
31.96614583333333
 20
136.28865559895834
 30
0.0
 10
32.15535481770833
 20
135.84187825520831
 30
0.0
 10
32.51790364583333
 20
135.60628255208334
 30
0.0
 10
32.88045247395833
 20
135.37068684895834
 30
0.0
 10
33.45906575520833
 20
135.37068684895831
 30
0.0
 10
34.01814778645833
 20
135.37068684895837
 30
0.0
 10
34.40511067708333
 20
135.67708333333331
 30
0.0
 10
34.79207356770833
 20
135.98347981770843
 30
0.0
 10
34.94099934895833
 20
136.56697591145834
 30
0.0
  0
LINE
  5
110
330
17
100
AcDbEntity
  8
visible
100
AcDbLine
 10
34.41365559895833
 20
137.91951497395834
 30
0.0
 11
34.87996419270833
 21
138.02937825520834
 31
0.0
  0
SPLINE
  5
111
330
17
100
AcDbEntity
  8
visible
100
AcDbSpline
 70
0
 71
2
 72
24
 73
21
 74
0
 40
0.0
 40
0.0
 40
0.0
 40
1.0
 40
1.0
 40
2.0
 40
2.0
 40
2.822085889570552
 40
2.822085889570552
 40
3.6441717791411037
 40
3.6441717791411037
 40
4.4662576687116555
 40
4.4662576687116555
 40
5.103703946720907
 40
5.103703946720907
 40
5.741150224730159
 40
5.741150224730159
 40
6.378596502739411
 40
6.378596502739411
 40
6.933061608463435
 40
6.933061608463435
 40
7.487526714187458
 40
7.487526714187458
 40
7.487526714187458
 10
34.46736653645833
 20
136.68660481770834
 30
0.0
 10
34.36971028645833
 20
136.23494466145831
 30
0.0
 10
34.09383138020833
 20
136.00545247395834
 30
0.0
 10
33.81795247395833
 20
135.77596028645831
 30
0.0
 10
33.42000325520833
 20
135.77596028645834
 30
0.0
 10
33.09285481770833
 20
135.77596028645831
 30
0.0
 10
32.81209309895833
 20
135.94441731770834
 30
0.0
 10
32.53133138020833
 20
136.11287434895831
 30
0.0
 10
32.39827473958333
 20
136.45345052083334
 30
0.0
 10
32.26521809895833
 20
136.79402669270826
 30
0.0
 10
32.26521809895833
 20
137.2505696614584
 30
0.0
 10
32.26521809895833
 20
137.60457356770831
 30
0.0
 10
32.37752278645833
 20
137.93782552083334
 30
0.0
 10
32.48982747395833
 20
138.27107747395831
 30
0.0
 10
32.76692708333333
 20
138.46883138020834
 30
0.0
 10
33.044026692708314
 20
138.66658528645831
 30
0.0
 10
33.45662434895833
 20
138.66658528645834
 30
0.0
 10
33.81551106770833
 20
138.66658528645831
 30
0.0
 10
34.05232747395833
 20
138.48836263020834
 30
0.0
 10
34.28914388020833
 20
138.31013997395831
 30
0.0
 10
34.41365559895833
 20
137.91951497395834
 30
0.0
  0
LINE
  5
112
330
17
100
AcDbEntity
  8
visible
100
AcDbLine
 10
98.69873046875
 20
-138.73494466145834
 30
0.0
 11
100.0634765625
 21
-138.73494466145834
 31
0.0
  0
LINE
  5
113
330
17
100
AcDbEntity
  8
visible
100
AcDbLine
 10
98.69873046875
 20
-135.15584309895834
 30
0.0
 11
98.69873046875
 21
-138.73494466145834
 31
0.0
  0
LINE
  5
114
330
17
100
AcDbEntity
  8
visible
100
AcDbLine
 10
100.04150390625
 20
-135.15584309895834
 30
0.0
 11
98.69873046875
 21
-135.15584309895834
 31
0.0
  0
SPLINE
  5
115
330
17
100
AcDbEntity
  8
visible
100
AcDbSpline
 70
0
 71
2
 72
14
 73
11
 74
0
 40
0.0
 40
0.0
 40
0.0
 40
1.0
 40
1.0
 40
2.0
 40
2.0
 40
3.074468085106383
 40
3.074468085106383
 40
4.148936170212766
 40
4.148936170212766
 40
5.223404255319148
 40
5.223404255319148
 40
5.223404255319148
 10
100.7275390625
 20
-136.83064778645834
 30
0.0
 10
100.97900390625
 20
-136.70613606770831
 30
0.0
 10
101.103515625
 20
-136.50349934895834
 30
0.0
 10
101.22802734375
 20
-136.30086263020831
 30
0.0
 10
101.22802734375
 20
-136.07137044270834
 30
0.0
 10
101.22802734375
 20
-135.82478841145831
 30
0.0
 10
101.087646484375
 20
-135.59895833333334
 30
0.0
 10
100.947265625
 20
-135.37312825520831
 30
0.0
 10
100.699462890625
 20
-135.26448567708334
 30
0.0
 10
100.45166015625
 20
-135.15584309895831
 30
0.0
 10
100.04150390625
 20
-135.15584309895834
 30
0.0
  0
SPLINE
  5
116
330
17
100
AcDbEntity
  8
visible
100
AcDbSpline
 70
0
 71
2
 72
16
 73
13
 74
0
 40
0.0
 40
0.0
 40
0.0
 40
1.0
 40
1.0
 40
2.0
 40
2.0
 40
3.0
 40
3.0
 40
4.0
 40
4.0
 40
5.242718446601941
 40
5.242718446601941
 40
6.485436893203882
 40
6.485436893203882
 40
6.485436893203882
 10
100.0634765625
 20
-138.73494466145834
 30
0.0
 10
100.4052734375
 20
-138.73494466145831
 30
0.0
 10
100.640869140625
 20
-138.67513020833334
 30
0.0
 10
100.87646484375
 20
-138.61531575520831
 30
0.0
 10
101.03271484375
 20
-138.49812825520834
 30
0.0
 10
101.18896484375
 20
-138.38094075520831
 30
0.0
 10
101.295166015625
 20
-138.16487630208334
 30
0.0
 10
101.4013671875
 20
-137.94881184895831
 30
0.0
 10
101.4013671875
 20
-137.69734700520834
 30
0.0
 10
101.4013671875
 20
-137.38484700520831
 30
0.0
 10
101.226806640625
 20
-137.15535481770834
 30
0.0
 10
101.05224609375
 20
-136.92586263020831
 30
0.0
 10
100.7275390625
 20
-136.83064778645834
 30
0.0
  0
LINE
  5
117
330
17
100
AcDbEntity
  8
visible
100
AcDbLine
 10
99.17236328125
 20
-136.65974934895834
 30
0.0
 11
99.17236328125
 21
-135.57820638020834
 31
0.0
  0
LINE
  5
118
330
17
100
AcDbEntity
  8
visible
100
AcDbLine
 10
99.9462890625
 20
-136.65974934895834
 30
0.0
 11
99.17236328125
 21
-136.65974934895834
 31
0.0
  0
SPLINE
  5
119
330
17
100
AcDbEntity
  8
visible
100
AcDbSpline
 70
0
 71
2
 72
6
 73
3
 74
0
 40
0.0
 40
0.0
 40
0.0
 40
1.0
 40
1.0
 40
1.0
 10
99.9462890625
 20
-136.65974934895834
 30
0.0
 10
100.26123046875
 20
-136.65974934895834
 30
0.0
 10
100.39794921875
 20
-136.61824544270834
 30
0.0
  0
SPLINE
  5
11A
330
17
100
AcDbEntity
  8
visible
100
AcDbSpline
 70
0
 71
3
 72
17
 73
13
 74
0
 40
0.0
 40
0.0
 40
0.0
 40
0.0
 40
1.0
 40
1.0
 40
1.0
 40
2.0
 40
2.0
 40
2.0
 40
3.0
 40
3.0
 40
3.0
 40
5.109589041095891
 40
5.109589041095891
 40
5.109589041095891
 40
5.109589041095891
 10
99.8876953125
 20
-135.57820638020834
 30
0.0
 10
100.14485677083333
 20
-135.57820638020826
 30
0.0
 10
100.32633463541666
 20
-135.59488932291674
 30
0.0
 10
100.43212890625
 20
-135.62825520833334
 30
0.0
 10
100.53792317708334
 20
-135.66162109374994
 30
0.0
 10
100.61930338541667
 20
-135.72347005208346
 30
0.0
 10
100.67626953125
 20
-135.81380208333334
 30
0.0
 10
100.73323567708331
 20
-135.90413411458337
 30
0.0
 10
100.76171875000003
 20
-136.00870768229166
 30
0.0
 10
100.76171875
 20
-136.12752278645834
 30
0.0
 10
100.76197308087346
 20
-136.37741083550503
 30
0.0
 10
100.63858030454324
 20
-136.54739385199508
 30
0.0
 10
100.39794921875
 20
-136.61824544270834
 30
0.0
  0
LINE
  5
11B
330
17
100
AcDbEntity
  8
visible
100
AcDbLine
 10
99.17236328125
 20
-135.57820638020834
 30
0.0
 11
99.8876953125
 21
-135.57820638020834
 31
0.0
  0
LINE
  5
11C
330
17
100
AcDbEntity
  8
visible
100
AcDbLine
 10
99.17236328125
 20
-138.31258138020834
 30
0.0
 11
99.17236328125
 21
-137.08211263020834
 31
0.0
  0
LINE
  5
11D
330
17
100
AcDbEntity
  8
visible
100
AcDbLine
 10
100.0634765625
 20
-138.31258138020834
 30
0.0
 11
99.17236328125
 21
-138.31258138020834
 31
0.0
  0
SPLINE
  5
11E
330
17
100
AcDbEntity
  8
visible
100
AcDbSpline
 70
0
 71
2
 72
6
 73
3
 74
0
 40
0.0
 40
0.0
 40
0.0
 40
1.0
 40
1.0
 40
1.0
 10
100.0634765625
 20
-138.31258138020834
 30
0.0
 10
100.29296875
 20
-138.31258138020834
 30
0.0
 10
100.3857421875
 20
-138.29549153645834
 30
0.0
  0
SPLINE
  5
11F
330
17
100
AcDbEntity
  8
visible
100
AcDbSpline
 70
0
 71
3
 72
20
 73
16
 74
0
 40
0.0
 40
0.0
 40
0.0
 40
0.0
 40
1.0
 40
1.0
 40
1.0
 40
2.0
 40
2.0
 40
2.0
 40
3.0
 40
3.0
 40
3.0
 40
3.8536585365853657
 40
3.8536585365853657
 40
3.8536585365853657
 40
5.560975609756097
 40
5.560975609756097
 40
5.560975609756097
 40
5.560975609756097
 10
100.0
 20
-137.08211263020834
 30
0.0
 10
100.22786458333331
 20
-137.08211263020831
 30
0.0
 10
100.40242513020831
 20
-137.10205078124997
 30
0.0
 10
100.523681640625
 20
-137.14192708333334
 30
0.0
 10
100.64493815104164
 20
-137.18180338541669
 30
0.0
 10
100.73974609375001
 20
-137.25097656250003
 30
0.0
 10
100.80810546875
 20
-137.34944661458334
 30
0.0
 10
100.87646484374997
 20
-137.44791666666666
 30
0.0
 10
100.91064453125
 20
-137.56388346354174
 30
0.0
 10
100.91064453125
 20
-137.69734700520834
 30
0.0
 10
100.91064453124999
 20
-137.81127929687509
 30
0.0
 10
100.88704427083334
 20
-137.9117838541666
 30
0.0
 10
100.83984375
 20
-137.99886067708334
 30
0.0
 10
100.74391672309321
 20
-138.17543046621358
 30
0.0
 10
100.60536713107349
 20
-138.25401289316144
 30
0.0
 10
100.3857421875
 20
-138.29549153645834
 30
0.0
  0
LINE
  5
120
330
17
100
AcDbEntity
  8
visible
100
AcDbLine
 10
99.17236328125
 20
-137.08211263020834
 30
0.0
 11
100.0
 21
-137.08211263020834
 31
0.0
  0
LINE
  5
121
330
17
100
AcDbEntity
  8
visible
100
AcDbLine
 10
98.69873046875
 20
135.43172200520834
 30
0.0
 11
100.0634765625
 21
135.43172200520834
 31
0.0
  0
LINE
  5
122
330
17
100
AcDbEntity
  8
visible
100
AcDbLine
 10
98.69873046875
 20
139.01082356770834
 30
0.0
 11
98.69873046875
 21
135.43172200520834
 31
0.0
  0
LINE
  5
123
330
17
100
AcDbEntity
  8
visible
100
AcDbLine
 10
100.04150390625
 20
139.01082356770834
 30
0.0
 11
98.69873046875
 21
139.01082356770834
 31
0.0
  0
SPLINE
  5
124
330
17
100
AcDbEntity
  8
visible
100
AcDbSpline
 70
0
 71
2
 72
14
 73
11
 74
0
 40
0.0
 40
0.0
 40
0.0
 40
1.0
 40
1.0
 40
2.0
 40
2.0
 40
3.074468085106383
 40
3.074468085106383
 40
4.148936170212766
 40
4.148936170212766
 40
5.223404255319148
 40
5.223404255319148
 40
5.223404255319148
 10
100.7275390625
 20
137.33601888020834
 30
0.0
 10
100.97900390625
 20
137.46053059895831
 30
0.0
 10
101.103515625
 20
137.66316731770834
 30
0.0
 10
101.22802734375
 20
137.86580403645831
 30
0.0
 10
101.22802734375
 20
138.09529622395834
 30
0.0
 10
101.22802734375
 20
138.34187825520831
 30
0.0
 10
101.087646484375
 20
138.56770833333334
 30
0.0
 10
100.947265625
 20
138.79353841145831
 30
0.0
 10
100.699462890625
 20
138.90218098958334
 30
0.0
 10
100.45166015625
 20
139.01082356770831
 30
0.0
 10
100.04150390625
 20
139.01082356770834
 30
0.0
  0
SPLINE
  5
125
330
17
100
AcDbEntity
  8
visible
100
AcDbSpline
 70
0
 71
2
 72
16
 73
13
 74
0
 40
0.0
 40
0.0
 40
0.0
 40
1.0
 40
1.0
 40
2.0
 40
2.0
 40
3.0
 40
3.0
 40
4.0
 40
4.0
 40
5.242718446601941
 40
5.242718446601941
 40
6.485436893203882
 40
6.485436893203882
 40
6.485436893203882
 10
100.0634765625
 20
135.43172200520834
 30
0.0
 10
100.4052734375
 20
135.43172200520831
 30
0.0
 10
100.640869140625
 20
135.49153645833334
 30
0.0
 10
100.87646484375
 20
135.55135091145831
 30
0.0
 10
101.03271484375
 20
135.66853841145834
 30
0.0
 10
101.18896484375
 20
135.78572591145831
 30
0.0
 10
101.295166015625
 20
136.00179036458334
 30
0.0
 10
101.4013671875
 20
136.21785481770831
 30
0.0
 10
101.4013671875
 20
136.46931966145834
 30
0.0
 10
101.4013671875
 20
136.78181966145831
 30
0.0
 10
101.226806640625
 20
137.01131184895834
 30
0.0
 10
101.05224609375
 20
137.24080403645831
 30
0.0
 10
100.7275390625
 20
137.33601888020834
 30
0.0
  0
LINE
  5
126
330
17
100
AcDbEntity
  8
visible
100
AcDbLine
 10
99.17236328125
 20
137.50691731770834
 30
0.0
 11
99.17236328125
 21
138.58846028645834
 31
0.0
  0
LINE
  5
127
330
17
100
AcDbEntity
  8
visible
100
AcDbLine
 10
99.9462890625
 20
137.50691731770834
 30
0.0
 11
99.17236328125
 21
137.50691731770834
 31
0.0
  0
SPLINE
  5
128
330
17
100
AcDbEntity
  8
visible
100
AcDbSpline
 70
0
 71
2
 72
6
 73
3
 74
0
 40
0.0
 40
0.0
 40
0.0
 40
1.0
 40
1.0
 40
1.0
 10
99.9462890625
 20
137.50691731770834
 30
0.0
 10
100.26123046875
 20
137.50691731770834
 30
0.0
 10
100.39794921875
 20
137.54842122395834
 30
0.0
  0
SPLINE
  5
129
330
17
100
AcDbEntity
  8
visible
100
AcDbSpline
 70
0
 71
3
 72
17
 73
13
 74
0
 40
0.0
 40
0.0
 40
0.0
 40
0.0
 40
1.0
 40
1.0
 40
1.0
 40
2.0
 40
2.0
 40
2.0
 40
3.0
 40
3.0
 40
3.0
 40
5.109589041095891
 40
5.109589041095891
 40
5.109589041095891
 40
5.109589041095891
 10
99.8876953125
 20
138.58846028645834
 30
0.0
 10
100.14485677083333
 20
138.58846028645834
 30
0.0
 10
100.32633463541666
 20
138.57177734374997
 30
0.0
 10
100.43212890625
 20
138.53841145833334
 30
0.0
 10
100.53792317708334
 20
138.5050455729167
 30
0.0
 10
100.61930338541667
 20
138.4431966145833
 30
0.0
 10
100.67626953125
 20
138.35286458333334
 30
0.0
 10
100.73323567708331
 20
138.2625325520833
 30
0.0
 10
100.76171875000003
 20
138.15795898437506
 30
0.0
 10
100.76171875
 20
138.03914388020834
 30
0.0
 10
100.76197308087346
 20
137.78925583116188
 30
0.0
 10
100.63858030454324
 20
137.61927281467155
 30
0.0
 10
100.39794921875
 20
137.54842122395834
 30
0.0
  0
LINE
  5
12A
330
17
100
AcDbEntity
  8
visible
100
AcDbLine
 10
99.17236328125
 20
138.58846028645834
 30
0.0
 11
99.8876953125
 21
138.58846028645834
 31
0.0
  0
LINE
  5
12B
330
17
100
AcDbEntity
  8
visible
100
AcDbLine
 10
99.17236328125
 20
135.85408528645834
 30
0.0
 11
99.17236328125
 21
137.08455403645834
 31
0.0
  0
LINE
  5
12C
330
17
100
AcDbEntity
  8
visible
100
AcDbLine
 10
100.0634765625
 20
135.85408528645834
 30
0.0
 11
99.17236328125
 21
135.85408528645834
 31
0.0
  0
SPLINE
  5
12D
330
17
100
AcDbEntity
  8
visible
100
AcDbSpline
 70
0
 71
2
 72
6
 73
3
 74
0
 40
0.0
 40
0.0
 40
0.0
 40
1.0
 40
1.0
 40
1.0
 10
100.0634765625
 20
135.85408528645834
 30
0.0
 10
100.29296875
 20
135.85408528645834
 30
0.0
 10
100.3857421875
 20
135.87117513020834
 30
0.0
  0
SPLINE
  5
12E
330
17
100
AcDbEntity
  8
visible
100
AcDbSpline
 70
0
 71
3
 72
20
 73
16
 74
0
 40
0.0
 40
0.0
 40
0.0
 40
0.0
 40
1.0
 40
1.0
 40
1.0
 40
2.0
 40
2.0
 40
2.0
 40
3.0
 40
3.0
 40
3.0
 40
3.8536585365853657
 40
3.8536585365853657
 40
3.8536585365853657
 40
5.560975609756097
 40
5.560975609756097
 40
5.560975609756097
 40
5.560975609756097
 10
100.0
 20
137.08455403645834
 30
0.0
 10
100.22786458333331
 20
137.08455403645826
 30
0.0
 10
100.40242513020831
 20
137.06461588541674
 30
0.0
 10
100.523681640625
 20
137.02473958333334
 30
0.0
 10
100.64493815104164
 20
136.98486328124994
 30
0.0
 10
100.73974609375001
 20
136.91569010416674
 30
0.0
 10
100.80810546875
 20
136.81722005208334
 30
0.0
 10
100.87646484374997
 20
136.71874999999997
 30
0.0
 10
100.91064453125
 20
136.602783203125
 30
0.0
 10
100.91064453125
 20
136.46931966145834
 30
0.0
 10
100.91064453124999
 20
136.35538736979169
 30
0.0
 10
100.88704427083334
 20
136.2548828125
 30
0.0
 10
100.83984375
 20
136.16780598958334
 30
0.0
 10
100.74391672309321
 20
135.99123620045307
 30
0.0
 10
100.60536713107349
 20
135.9126537735053
 30
0.0
 10
100.3857421875
 20
135.87117513020834
 30
0.0
  0
LINE
  5
12F
330
17
100
AcDbEntity
  8
visible
100
AcDbLine
 10
99.17236328125
 20
137.08455403645834
 30
0.0
 11
100.0
 21
137.08455403645834
 31
0.0
  0
LINE
  5
130
330
17
100
AcDbEntity
  8
visible
100
AcDbLine
 10
164.99186197916669
 20
-138.73494466145834
 30
0.0
 11
165.49479166666669
 21
-138.73494466145834
 31
0.0
  0
LINE
  5
131
330
17
100
AcDbEntity
  8
visible
100
AcDbLine
 10
166.36637369791669
 20
-135.15584309895834
 30
0.0
 11
164.99186197916669
 21
-138.73494466145834
 31
0.0
  0
LINE
  5
132
330
17
100
AcDbEntity
  8
visible
100
AcDbLine
 10
166.87662760416669
 20
-135.15584309895834
 30
0.0
 11
166.36637369791669
 21
-135.15584309895834
 31
0.0
  0
LINE
  5
133
330
17
100
AcDbEntity
  8
visible
100
AcDbLine
 10
168.34147135416669
 20
-138.73494466145834
 30
0.0
 11
166.87662760416669
 21
-135.15584309895834
 31
0.0
  0
LINE
  5
134
330
17
100
AcDbEntity
  8
visible
100
AcDbLine
 10
167.80192057291669
 20
-138.73494466145834
 30
0.0
 11
168.34147135416669
 21
-138.73494466145834
 31
0.0
  0
LINE
  5
135
330
17
100
AcDbEntity
  8
visible
100
AcDbLine
 10
167.38444010416669
 20
-137.65096028645834
 30
0.0
 11
167.80192057291669
 21
-138.73494466145834
 31
0.0
  0
LINE
  5
136
330
17
100
AcDbEntity
  8
visible
100
AcDbLine
 10
165.88785807291669
 20
-137.65096028645834
 30
0.0
 11
167.38444010416669
 21
-137.65096028645834
 31
0.0
  0
LINE
  5
137
330
17
100
AcDbEntity
  8
visible
100
AcDbLine
 10
165.49479166666669
 20
-138.73494466145834
 30
0.0
 11
165.88785807291669
 21
-137.65096028645834
 31
0.0
  0
LINE
  5
138
330
17
100
AcDbEntity
  8
visible
100
AcDbLine
 10
166.02457682291669
 20
-137.26521809895834
 30
0.0
 11
166.41764322916669
 21
-136.21541341145834
 31
0.0
  0
LINE
  5
139
330
17
100
AcDbEntity
  8
visible
100
AcDbLine
 10
167.23795572916669
 20
-137.26521809895834
 30
0.0
 11
166.02457682291669
 21
-137.26521809895834
 31
0.0
  0
LINE
  5
13A
330
17
100
AcDbEntity
  8
visible
100
AcDbLine
 10
166.86442057291669
 20
-136.27400716145834
 30
0.0
 11
167.23795572916669
 21
-137.26521809895834
 31
0.0
  0
SPLINE
  5
13B
330
17
100
AcDbEntity
  8
visible
100
AcDbSpline
 70
0
 71
2
 72
6
 73
3
 74
0
 40
0.0
 40
0.0
 40
0.0
 40
1.0
 40
1.0
 40
1.0
 10
166.86442057291669
 20
-136.27400716145834
 30
0.0
 10
166.69352213541669
 20
-135.82234700520834
 30
0.0
 10
166.61051432291669
 20
-135.53181966145834
 30
0.0
  0
SPLINE
  5
13C
330
17
100
AcDbEntity
  8
visible
100
AcDbSpline
 70
0
 71
2
 72
6
 73
3
 74
0
 40
0.0
 40
0.0
 40
0.0
 40
1.0
 40
1.0
 40
1.0
 10
166.61051432291669
 20
-135.53181966145834
 30
0.0
 10
166.54215494791669
 20
-135.87605794270834
 30
0.0
 10
166.41764322916669
 20
-136.21541341145834
 30
0.0
  0
LINE
  5
13D
330
17
100
AcDbEntity
  8
visible
100
AcDbLine
 10
164.99186197916669
 20
135.43172200520834
 30
0.0
 11
165.49479166666669
 21
135.43172200520834
 31
0.0
  0
LINE
  5
13E
330
17
100
AcDbEntity
  8
visible
100
AcDbLine
 10
166.36637369791669
 20
139.01082356770834
 30
0.0
 11
164.99186197916669
 21
135.43172200520834
 31
0.0
  0
LINE
  5
13F
330
17
100
AcDbEntity
  8
visible
100
AcDbLine
 10
166.87662760416669
 20
139.01082356770834
 30
0.0
 11
166.36637369791669
 21
139.01082356770834
 31
0.0
  0
LINE
  5
140
330
17
100
AcDbEntity
  8
visible
100
AcDbLine
 10
168.34147135416669
 20
135.43172200520834
 30
0.0
 11
166.87662760416669
 21
139.01082356770834
 31
0.0
  0
LINE
  5
141
330
17
100
AcDbEntity
  8
visible
100
AcDbLine
 10
167.80192057291669
 20
135.43172200520834
 30
0.0
 11
168.34147135416669
 21
135.43172200520834
 31
0.0
  0
LINE
  5
142
330
17
100
AcDbEntity
  8
visible
100
AcDbLine
 10
167.38444010416669
 20
136.51570638020834
 30
0.0
 11
167.80192057291669
 21
135.43172200520834
 31
0.0
  0
LINE
  5
143
330
17
100
AcDbEntity
  8
visible
100
AcDbLine
 10
165.88785807291669
 20
136.51570638020834
 30
0.0
 11
167.38444010416669
 21
136.51570638020834
 31
0.0
  0
LINE
  5
144
330
17
100
AcDbEntity
  8
visible
100
AcDbLine
 10
165.49479166666669
 20
135.43172200520834
 30
0.0
 11
165.88785807291669
 21
136.51570638020834
 31
0.0
  0
LINE
  5
145
330
17
100
AcDbEntity
  8
visible
100
AcDbLine
 10
166.02457682291669
 20
136.90144856770834
 30
0.0
 11
166.41764322916669
 21
137.95125325520834
 31
0.0
  0
LINE
  5
146
330
17
100
AcDbEntity
  8
visible
100
AcDbLine
 10
167.23795572916669
 20
136.90144856770834
 30
0.0
 11
166.02457682291669
 21
136.90144856770834
 31
0.0
  0
LINE
  5
147
330
17
100
AcDbEntity
  8
visible
100
AcDbLine
 10
166.86442057291669
 20
137.89265950520834
 30
0.0
 11
167.23795572916669
 21
136.90144856770834
 31
0.0
  0
SPLINE
  5
148
330
17
100
AcDbEntity
  8
visible
100
AcDbSpline
 70
0
 71
2
 72
6
 73
3
 74
0
 40
0.0
 40
0.0
 40
0.0
 40
1.0
 40
1.0
 40
1.0
 10
166.86442057291669
 20
137.89265950520834
 30
0.0
 10
166.69352213541669
 20
138.34431966145834
 30
0.0
 10
166.61051432291669
 20
138.63484700520834
 30
0.0
  0
SPLINE
  5
149
330
17
100
AcDbEntity
  8
visible
100
AcDbSpline
 70
0
 71
2
 72
6
 73
3
 74
0
 40
0.0
 40
0.0
 40
0.0
 40
1.0
 40
1.0
 40
1.0
 10
166.61051432291669
 20
138.63484700520834
 30
0.0
 10
166.54215494791669
 20
138.29060872395834
 30
0.0
 10
166.41764322916669
 20
137.95125325520834
 30
0.0
  0
LINE
  5
14A
330
17
100
AcDbEntity
  8
visible
100
AcDbLine
 10
-0.14
 20
-66.52666666666666
 30
0.0
 11
-0.14
 21
-133.33333333333334
 31
0.0
  0
LINE
  5
14B
330
17
100
AcDbEntity
  8
visible
100
AcDbLine
 10
-0.14
 20
-133.33333333333334
 30
0.0
 11
0.14
 21
-133.33333333333334
 31
0.0
  0
LINE
  5
14C
330
17
100
AcDbEntity
  8
visible
100
AcDbLine
 10
0.14
 20
-133.33333333333334
 30
0.0
 11
0.14
 21
-111.25111111111111
 31
0.0
  0
LINE
  5
14D
330
17
100
AcDbEntity
  8
visible
100
AcDbLine
 10
0.14
 20
-111.25111111111111
 30
0.0
 11
66.52666666666666
 21
-111.25111111111111
 31
0.0
  0
LINE
  5
14E
330
17
100
AcDbEntity
  8
visible
100
AcDbLine
 10
66.52666666666666
 20
-111.25111111111111
 30
0.0
 11
66.52666666666666
 21
-133.33333333333334
 31
0.0
  0
LINE
  5
14F
330
17
100
AcDbEntity
  8
visible
100
AcDbLine
 10
66.52666666666666
 20
-133.33333333333334
 30
0.0
 11
66.80666666666666
 21
-133.33333333333334
 31
0.0
  0
LINE
  5
150
330
17
100
AcDbEntity
  8
visible
100
AcDbLine
 10
66.80666666666666
 20
-133.33333333333334
 30
0.0
 11
66.80666666666666
 21
-111.25111111111111
 31
0.0
  0
LINE
  5
151
330
17
100
AcDbEntity
  8
visible
100
AcDbLine
 10
66.80666666666666
 20
-111.25111111111111
 30
0.0
 11
133.19333333333333
 21
-111.25111111111111
 31
0.0
  0
LINE
  5
152
330
17
100
AcDbEntity
  8
visible
100
AcDbLine
 10
133.19333333333333
 20
-111.25111111111111
 30
0.0
 11
133.19333333333333
 21
-133.33333333333334
 31
0.0
  0
LINE
  5
153
330
17
100
AcDbEntity
  8
visible
100
AcDbLine
 10
133.19333333333333
 20
-133.33333333333334
 30
0.0
 11
133.4733333333333
 21
-133.33333333333334
 31
0.0
  0
LINE
  5
154
330
17
100
AcDbEntity
  8
visible
100
AcDbLine
 10
133.4733333333333
 20
-133.33333333333334
 30
0.0
 11
133.4733333333333
 21
-111.25111111111111
 31
0.0
  0
LINE
  5
155
330
17
100
AcDbEntity
  8
visible
100
AcDbLine
 10
133.4733333333333
 20
-111.25111111111111
 30
0.0
 11
200.0
 21
-111.25111111111111
 31
0.0
  0
LINE
  5
156
330
17
100
AcDbEntity
  8
visible
100
AcDbLine
 10
200.0
 20
-111.25111111111111
 30
0.0
 11
200.0
 21
-110.97111111111111
 31
0.0
  0
LINE
  5
157
330
17
100
AcDbEntity
  8
visible
100
AcDbLine
 10
200.0
 20
-110.97111111111111
 30
0.0
 11
66.80666666666667
 21
-110.97111111111111
 31
0.0
  0
LINE
  5
158
330
17
100
AcDbEntity
  8
visible
100
AcDbLine
 10
66.80666666666666
 20
-110.97111111111111
 30
0.0
 11
66.80666666666666
 21
-89.02888888888889
 31
0.0
  0
LINE
  5
159
330
17
100
AcDbEntity
  8
visible
100
AcDbLine
 10
66.80666666666666
 20
-89.02888888888889
 30
0.0
 11
200.0
 21
-89.02888888888889
 31
0.0
  0
LINE
  5
15A
330
17
100
AcDbEntity
  8
visible
100
AcDbLine
 10
200.0
 20
-89.02888888888889
 30
0.0
 11
200.0
 21
-88.74888888888889
 31
0.0
  0
LINE
  5
15B
330
17
100
AcDbEntity
  8
visible
100
AcDbLine
 10
200.0
 20
-88.74888888888889
 30
0.0
 11
66.80666666666667
 21
-88.74888888888889
 31
0.0
  0
LINE
  5
15C
330
17
100
AcDbEntity
  8
visible
100
AcDbLine
 10
66.80666666666666
 20
-88.74888888888889
 30
0.0
 11
66.80666666666666
 21
-66.80666666666666
 31
0.0
  0
LINE
  5
15D
330
17
100
AcDbEntity
  8
visible
100
AcDbLine
 10
66.80666666666666
 20
-66.80666666666666
 30
0.0
 11
200.0
 21
-66.80666666666666
 31
0.0
  0
LINE
  5
15E
330
17
100
AcDbEntity
  8
visible
100
AcDbLine
 10
200.0
 20
-66.80666666666666
 30
0.0
 11
200.0
 21
-66.52666666666666
 31
0.0
  0
LINE
  5
15F
330
17
100
AcDbEntity
  8
visible
100
AcDbLine
 10
200.0
 20
-66.52666666666666
 30
0.0
 11
-0.13999999999998636
 21
-66.52666666666666
 31
0.0
  0
LINE
  5
160
330
17
100
AcDbEntity
  8
visible
100
AcDbLine
 10
66.52666666666666
 20
-66.80666666666666
 30
0.0
 11
66.52666666666666
 21
-88.74888888888889
 31
0.0
  0
LINE
  5
161
330
17
100
AcDbEntity
  8
visible
100
AcDbLine
 10
66.52666666666664
 20
-88.74888888888889
 30
0.0
 11
0.13999999999998636
 21
-88.74888888888889
 31
0.0
  0
LINE
  5
162
330
17
100
AcDbEntity
  8
visible
100
AcDbLine
 10
0.14
 20
-88.74888888888889
 30
0.0
 11
0.14
 21
-66.80666666666666
 31
0.0
  0
LINE
  5
163
330
17
100
AcDbEntity
  8
visible
100
AcDbLine
 10
0.14
 20
-66.80666666666666
 30
0.0
 11
66.52666666666666
 21
-66.80666666666666
 31
0.0
  0
LINE
  5
164
330
17
100
AcDbEntity
  8
visible
100
AcDbLine
 10
0.14
 20
-110.97111111111111
 30
0.0
 11
0.14
 21
-89.02888888888889
 31
0.0
  0
LINE
  5
165
330
17
100
AcDbEntity
  8
visible
100
AcDbLine
 10
0.14
 20
-89.02888888888889
 30
0.0
 11
66.52666666666666
 21
-89.02888888888889
 31
0.0
  0
LINE
  5
166
330
17
100
AcDbEntity
  8
visible
100
AcDbLine
 10
66.52666666666666
 20
-89.02888888888889
 30
0.0
 11
66.52666666666666
 21
-110.97111111111111
 31
0.0
  0
LINE
  5
167
330
17
100
AcDbEntity
  8
visible
100
AcDbLine
 10
66.52666666666666
 20
-110.97111111111111
 30
0.0
 11
0.14
 21
-110.97111111111111
 31
0.0
  0
LINE
  5
168
330
17
100
AcDbEntity
  8
visible
100
AcDbLine
 10
1.0000001
 20
-72.81873914930554
 30
0.0
 11
1.4305014020833333
 21
-72.81873914930554
 31
0.0
  0
LINE
  5
169
330
17
100
AcDbEntity
  8
visible
100
AcDbLine
 10
1.0000001
 20
-71.62570529513887
 30
0.0
 11
1.0000001
 21
-72.81873914930554
 31
0.0
  0
LINE
  5
16A
330
17
100
AcDbEntity
  8
visible
100
AcDbLine
 10
1.4109701520833333
 20
-71.62570529513887
 30
0.0
 11
1.0000001
 21
-71.62570529513887
 31
0.0
  0
SPLINE
  5
16B
330
17
100
AcDbEntity
  8
visible
100
AcDbSpline
 70
0
 71
2
 72
6
 73
3
 74
0
 40
0.0
 40
0.0
 40
0.0
 40
1.0
 40
1.0
 40
1.0
 10
1.4109701520833333
 20
-71.62570529513887
 30
0.0
 10
1.5501303083333333
 20
-71.62570529513887
 30
0.0
 10
1.6233724958333333
 20
-71.64279513888887
 30
0.0
  0
SPLINE
  5
16C
330
17
100
AcDbEntity
  8
visible
100
AcDbSpline
 70
0
 71
2
 72
6
 73
3
 74
0
 40
0.0
 40
0.0
 40
0.0
 40
1.0
 40
1.0
 40
1.0
 10
1.6233724958333333
 20
-71.64279513888887
 30
0.0
 10
1.7259115583333333
 20
-71.66639539930554
 30
0.0
 10
1.79833994375
 20
-71.72824435763887
 30
0.0
  0
SPLINE
  5
16D
330
17
100
AcDbEntity
  8
visible
100
AcDbSpline
 70
0
 71
3
 72
20
 73
16
 74
0
 40
0.0
 40
0.0
 40
0.0
 40
0.0
 40
2.0000000000000417
 40
2.0000000000000417
 40
2.0000000000000417
 40
4.000000000000204
 40
4.000000000000204
 40
4.000000000000204
 40
5.000000000000217
 40
5.000000000000217
 40
5.000000000000217
 40
6.173652694610934
 40
6.173652694610934
 40
6.173652694610934
 40
7.347305389221533
 40
7.347305389221533
 40
7.347305389221533
 40
7.347305389221533
 10
1.4305014020833333
 20
-72.81873914930554
 30
0.0
 10
1.574680004513892
 20
-72.81833224826384
 30
0.0
 10
1.6860352562500023
 20
-72.79161241319446
 30
0.0
 10
1.7645671572916635
 20
-72.73857964409719
 30
0.0
 10
1.8423445339571185
 20
-72.6852331719005
 30
0.0
 10
1.9131623934734296
 20
-72.59729178469672
 30
0.0
 10
1.95458994375
 20
-72.45659722222221
 30
0.0
 10
1.9757487979166661
 20
-72.38661024305553
 30
0.0
 10
1.9863282250000003
 20
-72.30631510416663
 30
0.0
 10
1.986328225
 20
-72.21571180555554
 30
0.0
 10
1.9863282249999983
 20
-72.10937499999993
 30
0.0
 10
1.970730351736112
 20
-72.01483832465283
 30
0.0
 10
1.9395346052083309
 20
-71.93210177951387
 30
0.0
 10
1.9083388586805536
 20
-71.84936523437496
 30
0.0
 10
1.861273971527778
 20
-71.78141276041667
 30
0.0
 10
1.7983399437499998
 20
-71.72824435763887
 30
0.0
  0
LINE
  5
16E
330
17
100
AcDbEntity
  8
visible
100
AcDbLine
 10
1.1578777041666668
 20
-72.67795138888887
 30
0.0
 11
1.1578777041666668
 21
-71.76649305555554
 31
0.0
  0
LINE
  5
16F
330
17
100
AcDbEntity
  8
visible
100
AcDbLine
 10
1.41259775625
 20
-72.67795138888887
 30
0.0
 11
1.1578777041666668
 21
-72.67795138888887
 31
0.0
  0
SPLINE
  5
170
330
17
100
AcDbEntity
  8
visible
100
AcDbSpline
 70
0
 71
3
 72
17
 73
13
 74
0
 40
0.0
 40
0.0
 40
0.0
 40
0.0
 40
1.0
 40
1.0
 40
1.0
 40
1.999999999999896
 40
1.999999999999896
 40
1.999999999999896
 40
3.443478260869126
 40
3.443478260869126
 40
3.443478260869126
 40
4.468557025834103
 40
4.468557025834103
 40
4.468557025834103
 40
4.468557025834103
 10
1.6127930687500003
 20
-71.79090711805554
 30
0.0
 10
1.671386818749999
 20
-71.81369357638883
 30
0.0
 10
1.721164379513891
 20
-71.85858832465279
 30
0.0
 10
1.76212575104167
 20
-71.9255913628472
 30
0.0
 10
1.8030871225694458
 20
-71.99259440104164
 30
0.0
 10
1.823567808333333
 20
-72.08848741319449
 30
0.0
 10
1.8235678083333333
 20
-72.21327039930554
 30
0.0
 10
1.8242460239956304
 20
-72.39356148099883
 30
0.0
 10
1.7789442801710416
 20
-72.5190904287233
 30
0.0
 10
1.7047527041666657
 20
-72.59412977430553
 30
0.0
 10
1.6491257696130583
 20
-72.64687429229433
 30
0.0
 10
1.5723913574702748
 20
-72.67837527367782
 30
0.0
 10
1.4125977562500003
 20
-72.67795138888886
 30
0.0
  0
SPLINE
  5
171
330
17
100
AcDbEntity
  8
visible
100
AcDbSpline
 70
0
 71
2
 72
6
 73
3
 74
0
 40
0.0
 40
0.0
 40
0.0
 40
1.0
 40
1.0
 40
1.0
 10
1.61279306875
 20
-71.79090711805554
 30
0.0
 10
1.54931650625
 20
-71.76649305555554
 30
0.0
 10
1.4085287458333333
 20
-71.76649305555554
 30
0.0
  0
LINE
  5
172
330
17
100
AcDbEntity
  8
visible
100
AcDbLine
 10
1.1578777041666668
 20
-71.76649305555554
 30
0.0
 11
1.4085287458333333
 21
-71.76649305555554
 31
0.0
  0
LINE
  5
173
330
17
100
AcDbEntity
  8
visible
100
AcDbLine
 10
2.2068685895833333
 20
-72.81873914930554
 30
0.0
 11
3.0971680687500003
 21
-72.81873914930554
 31
0.0
  0
LINE
  5
174
330
17
100
AcDbEntity
  8
visible
100
AcDbLine
 10
2.2068685895833333
 20
-71.62570529513887
 30
0.0
 11
2.2068685895833333
 21
-72.81873914930554
 31
0.0
  0
LINE
  5
175
330
17
100
AcDbEntity
  8
visible
100
AcDbLine
 10
3.069498797916667
 20
-71.62570529513887
 30
0.0
 11
2.2068685895833333
 21
-71.62570529513887
 31
0.0
  0
LINE
  5
176
330
17
100
AcDbEntity
  8
visible
100
AcDbLine
 10
3.069498797916667
 20
-71.76649305555554
 30
0.0
 11
3.069498797916667
 21
-71.62570529513887
 31
0.0
  0
LINE
  5
177
330
17
100
AcDbEntity
  8
visible
100
AcDbLine
 10
2.36474619375
 20
-71.76649305555554
 30
0.0
 11
3.069498797916667
 21
-71.76649305555554
 31
0.0
  0
LINE
  5
178
330
17
100
AcDbEntity
  8
visible
100
AcDbLine
 10
2.36474619375
 20
-72.13189019097221
 30
0.0
 11
2.36474619375
 21
-71.76649305555554
 31
0.0
  0
LINE
  5
179
330
17
100
AcDbEntity
  8
visible
100
AcDbLine
 10
3.0247396833333333
 20
-72.13189019097221
 30
0.0
 11
2.36474619375
 21
-72.13189019097221
 31
0.0
  0
LINE
  5
17A
330
17
100
AcDbEntity
  8
visible
100
AcDbLine
 10
3.0247396833333333
 20
-72.27186414930554
 30
0.0
 11
3.0247396833333333
 21
-72.13189019097221
 31
0.0
  0
LINE
  5
17B
330
17
100
AcDbEntity
  8
visible
100
AcDbLine
 10
2.3647461937500003
 20
-72.27186414930554
 30
0.0
 11
3.0247396833333333
 21
-72.27186414930554
 31
0.0
  0
LINE
  5
17C
330
17
100
AcDbEntity
  8
visible
100
AcDbLine
 10
2.36474619375
 20
-72.67795138888887
 30
0.0
 11
2.36474619375
 21
-72.27186414930554
 31
0.0
  0
LINE
  5
17D
330
17
100
AcDbEntity
  8
visible
100
AcDbLine
 10
3.0971680687500003
 20
-72.67795138888887
 30
0.0
 11
2.36474619375
 21
-72.67795138888887
 31
0.0
  0
LINE
  5
17E
330
17
100
AcDbEntity
  8
visible
100
AcDbLine
 10
3.0971680687500003
 20
-72.81873914930554
 30
0.0
 11
3.0971680687500003
 21
-72.67795138888887
 31
0.0
  0
LINE
  5
17F
330
17
100
AcDbEntity
  8
visible
100
AcDbLine
 10
3.410481870833333
 20
-72.42241753472221
 30
0.0
 11
3.261556089583333
 21
-72.43543836805554
 31
0.0
  0
SPLINE
  5
180
330
17
100
AcDbEntity
  8
visible
100
AcDbSpline
 70
0
 71
3
 72
20
 73
16
 74
0
 40
0.0
 40
0.0
 40
0.0
 40
0.0
 40
1.9999999999997886
 40
1.9999999999997886
 40
1.9999999999997886
 40
3.971014492752967
 40
3.971014492752967
 40
3.971014492752967
 40
4.9565217391294585
 40
4.9565217391294585
 40
4.9565217391294585
 40
6.066327196760641
 40
6.066327196760641
 40
6.066327196760641
 40
8.28593811202301
 40
8.28593811202301
 40
8.28593811202301
 40
8.28593811202301
 10
3.919108172916667
 20
-72.32638888888887
 30
0.0
 10
4.0199518852989895
 20
-72.36445109640219
 30
0.0
 10
4.058064807756555
 20
-72.41989135151442
 30
0.0
 10
4.059082131249999
 20
-72.49484592013887
 30
0.0
 10
4.058912577334427
 20
-72.56744376495213
 30
0.0
 10
4.014763837943361
 20
-72.63600675588117
 30
0.0
 10
3.92236338125
 20
-72.67062717013887
 30
0.0
 10
3.8762479298611137
 20
-72.68853081597227
 30
0.0
 10
3.8230795270833315
 20
-72.69748263888883
 30
0.0
 10
3.7628581729166664
 20
-72.69748263888887
 30
0.0
 10
3.6950413326388896
 20
-72.69748263888886
 30
0.0
 10
3.634006176388889
 20
-72.68568250868056
 30
0.0
 10
3.5797527041666664
 20
-72.66208224826387
 30
0.0
 10
3.4697197744820487
 20
-72.61382201545815
 30
0.0
 10
3.426113758851284
 20
-72.54283488558345
 30
0.0
 10
3.4104818708333324
 20
-72.42241753472221
 30
0.0
  0
SPLINE
  5
181
330
17
100
AcDbEntity
  8
visible
100
AcDbSpline
 70
0
 71
2
 72
8
 73
5
 74
0
 40
0.0
 40
0.0
 40
0.0
 40
1.0
 40
1.0
 40
2.0
 40
2.0
 40
2.0
 10
3.476399839583333
 20
-72.19373914930554
 30
0.0
 10
3.542317808333333
 20
-72.22873263888886
 30
0.0
 10
3.7067058291666664
 20
-72.26820203993054
 30
0.0
 10
3.8710938500000007
 20
-72.30767144097223
 30
0.0
 10
3.9191081729166664
 20
-72.32638888888887
 30
0.0
  0
SPLINE
  5
182
330
17
100
AcDbEntity
  8
visible
100
AcDbSpline
 70
0
 71
3
 72
20
 73
16
 74
0
 40
0.0
 40
0.0
 40
0.0
 40
0.0
 40
2.0
 40
2.0
 40
2.0
 40
3.0
 40
3.0
 40
3.0
 40
3.9079754601226995
 40
3.9079754601226995
 40
3.9079754601226995
 40
5.723926380367999
 40
5.723926380367999
 40
5.723926380367999
 40
7.376278118609028
 40
7.376278118609028
 40
7.376278118609028
 40
7.376278118609028
 10
4.175455829166666
 20
-71.96180555555554
 30
0.0
 10
4.170411978254484
 20
-71.8237390787724
 30
0.0
 10
4.0957286297316235
 20
-71.70314351671367
 30
0.0
 10
3.961018980208333
 20
-71.64808485243054
 30
0.0
 10
3.8934734072916655
 20
-71.61960177951386
 30
0.0
 10
3.815484040972223
 20
-71.60536024305556
 30
0.0
 10
3.72705088125
 20
-71.60536024305554
 30
0.0
 10
3.646755742361109
 20
-71.60536024305554
 30
0.0
 10
3.5737848222222213
 20
-71.61892361111106
 30
0.0
 10
3.5081381208333307
 20
-71.64605034722221
 30
0.0
 10
3.37726860284449
 20
-71.69759095679521
 30
0.0
 10
3.3067051214610634
 20
-71.81640643903805
 30
0.0
 10
3.30712900625
 20
-71.93413628472223
 30
0.0
 10
3.3065864715277753
 20
-72.04562717013884
 30
0.0
 10
3.3630100826388887
 20
-72.13216145833331
 30
0.0
 10
3.476399839583333
 20
-72.19373914930556
 30
0.0
  0
LINE
  5
183
330
17
100
AcDbEntity
  8
visible
100
AcDbLine
 10
4.024088641666666
 20
-71.97319878472221
 30
0.0
 11
4.175455829166666
 21
-71.96180555555554
 31
0.0
  0
SPLINE
  5
184
330
17
100
AcDbEntity
  8
visible
100
AcDbSpline
 70
0
 71
3
 72
17
 73
13
 74
0
 40
0.0
 40
0.0
 40
0.0
 40
0.0
 40
1.0
 40
1.0
 40
1.0
 40
2.1518987341769718
 40
2.1518987341769718
 40
2.1518987341769718
 40
3.3037974683539435
 40
3.3037974683539435
 40
3.3037974683539435
 40
5.515966628307337
 40
5.515966628307337
 40
5.515966628307337
 40
5.515966628307337
 10
3.505696714583333
 20
-72.02935112847221
 30
0.0
 10
3.474772235416664
 20
-72.00168185763884
 30
0.0
 10
3.4593099958333338
 20
-71.96641710069443
 30
0.0
 10
3.459309995833333
 20
-71.92355685763886
 30
0.0
 10
3.4593099958333373
 20
-71.87418619791669
 30
0.0
 10
3.4811470184027744
 20
-71.83200412326386
 30
0.0
 10
3.5248210635416664
 20
-71.79701063368054
 30
0.0
 10
3.5684951086805587
 20
-71.76201714409727
 30
0.0
 10
3.6380751868055534
 20
-71.74452039930551
 30
0.0
 10
3.7335612979166664
 20
-71.74452039930554
 30
0.0
 10
3.9178705805634313
 20
-71.74426606843221
 30
0.0
 10
4.006880053464338
 20
-71.82262846281779
 30
0.0
 10
4.024088641666666
 20
-71.97319878472221
 30
0.0
  0
SPLINE
  5
185
330
17
100
AcDbEntity
  8
visible
100
AcDbSpline
 70
0
 71
2
 72
8
 73
5
 74
0
 40
0.0
 40
0.0
 40
0.0
 40
1.0
 40
1.0
 40
2.000000000000002
 40
2.000000000000002
 40
2.000000000000002
 10
4.007812599999999
 20
-72.19048394097221
 30
0.0
 10
3.9361980166666664
 20
-72.15793185763886
 30
0.0
 10
3.7437338239583333
 20
-72.11439344618054
 30
0.0
 10
3.5512696312499994
 20
-72.0708550347222
 30
0.0
 10
3.505696714583333
 20
-72.02935112847221
 30
0.0
  0
SPLINE
  5
186
330
17
100
AcDbEntity
  8
visible
100
AcDbSpline
 70
0
 71
3
 72
20
 73
16
 74
0
 40
0.0
 40
0.0
 40
0.0
 40
0.0
 40
2.000000000000105
 40
2.000000000000105
 40
2.000000000000105
 40
3.000000000000206
 40
3.000000000000206
 40
3.000000000000206
 40
3.7889447236183766
 40
3.7889447236183766
 40
3.7889447236183766
 40
5.3668341708547995
 40
5.3668341708547995
 40
5.3668341708547995
 40
6.958209852682907
 40
6.958209852682907
 40
6.958209852682907
 40
6.958209852682907
 10
3.261556089583333
 20
-72.43543836805554
 30
0.0
 10
3.2646671014731936
 20
-72.59256982157082
 30
0.0
 10
3.3540668224851475
 20
-72.73132340759582
 30
0.0
 10
3.4987793968749994
 20
-72.79188368055554
 30
0.0
 10
3.571750317013888
 20
-72.82335069444443
 30
0.0
 10
3.6622179819444445
 20
-72.83908420138887
 30
0.0
 10
3.7701823916666664
 20
-72.83908420138889
 30
0.0
 10
3.8553603430555548
 20
-72.83908420138887
 30
0.0
 10
3.9319933725694436
 20
-72.82348632812494
 30
0.0
 10
4.000081480208331
 20
-72.7922905815972
 30
0.0
 10
4.135537091344924
 20
-72.73265433966975
 30
0.0
 10
4.211983724974522
 20
-72.60602296067748
 30
0.0
 10
4.211263120833332
 20
-72.48182508680553
 30
0.0
 10
4.212890725000005
 20
-72.35270182291679
 30
0.0
 10
4.14507388472222
 20
-72.25558810763879
 30
0.0
 10
4.007812599999999
 20
-72.19048394097223
 30
0.0
  0
LINE
  5
187
330
17
100
AcDbEntity
  8
visible
100
AcDbLine
 10
4.453776141666666
 20
-72.81873914930554
 30
0.0
 11
4.611653745833332
 21
-72.81873914930554
 31
0.0
  0
LINE
  5
188
330
17
100
AcDbEntity
  8
visible
100
AcDbLine
 10
4.453776141666666
 20
-71.62570529513887
 30
0.0
 11
4.453776141666666
 21
-72.81873914930554
 31
0.0
  0
LINE
  5
189
330
17
100
AcDbEntity
  8
visible
100
AcDbLine
 10
4.611653745833332
 20
-71.62570529513887
 30
0.0
 11
4.453776141666666
 21
-71.62570529513887
 31
0.0
  0
LINE
  5
18A
330
17
100
AcDbEntity
  8
visible
100
AcDbLine
 10
4.611653745833332
 20
-72.81873914930554
 30
0.0
 11
4.611653745833332
 21
-71.62570529513887
 31
0.0
  0
LINE
  5
18B
330
17
100
AcDbEntity
  8
visible
100
AcDbLine
 10
5.448242287499999
 20
-72.35080295138887
 30
0.0
 11
5.798990985416666
 21
-72.35080295138887
 31
0.0
  0
LINE
  5
18C
330
17
100
AcDbEntity
  8
visible
100
AcDbLine
 10
5.448242287499999
 20
-72.21082899305554
 30
0.0
 11
5.448242287499999
 21
-72.35080295138887
 31
0.0
  0
LINE
  5
18D
330
17
100
AcDbEntity
  8
visible
100
AcDbLine
 10
5.953613381249999
 20
-72.21001519097221
 30
0.0
 11
5.448242287499999
 21
-72.21082899305554
 31
0.0
  0
LINE
  5
18E
330
17
100
AcDbEntity
  8
visible
100
AcDbLine
 10
5.953613381249999
 20
-72.65272352430554
 30
0.0
 11
5.953613381249999
 21
-72.21001519097221
 31
0.0
  0
SPLINE
  5
18F
330
17
100
AcDbEntity
  8
visible
100
AcDbSpline
 70
0
 71
3
 72
29
 73
25
 74
0
 40
0.0
 40
0.0
 40
0.0
 40
0.0
 40
2.0
 40
2.0
 40
2.0
 40
3.00000000000004
 40
3.00000000000004
 40
3.00000000000004
 40
5.754716981132225
 40
5.754716981132225
 40
5.754716981132225
 40
7.1320754716984265
 40
7.1320754716984265
 40
7.1320754716984265
 40
8.522306471522294
 40
8.522306471522294
 40
8.522306471522294
 40
9.91253747134627
 40
9.91253747134627
 40
9.91253747134627
 40
11.302768471170241
 40
11.302768471170241
 40
11.302768471170241
 40
13.362369952390972
 40
13.362369952390972
 40
13.362369952390972
 40
13.362369952390972
 10
5.935709735416666
 20
-71.95936414930554
 30
0.0
 10
5.892739168893135
 20
-71.79745982868204
 30
0.0
 10
5.82256593562075
 20
-71.7044661695818
 30
0.0
 10
5.681396584375002
 20
-71.6472710503472
 30
0.0
 10
5.611680872569447
 20
-71.61933051215277
 30
0.0
 10
5.533691506249999
 20
-71.60536024305557
 30
0.0
 10
5.447428485416666
 20
-71.60536024305553
 30
0.0
 10
5.212129643422482
 20
-71.60582651632339
 30
0.0
 10
5.017715391646959
 20
-71.7010582493016
 30
0.0
 10
4.922933042708335
 20
-71.90280490451386
 30
0.0
 10
4.874376185069447
 20
-72.0034450954861
 30
0.0
 10
4.8500977562499985
 20
-72.11181640625
 30
0.0
 10
4.8500977562499985
 20
-72.22791883680554
 30
0.0
 10
4.8500977562499985
 20
-72.34510633680547
 30
0.0
 10
4.874511818749997
 20
-72.451171875
 30
0.0
 10
4.923339943749998
 20
-72.54611545138887
 30
0.0
 10
4.972168068749995
 20
-72.64105902777771
 30
0.0
 10
5.044460820486112
 20
-72.71362304687504
 30
0.0
 10
5.140218198958333
 20
-72.76380750868054
 30
0.0
 10
5.235975577430554
 20
-72.81399197048604
 30
0.0
 10
5.342448016666668
 20
-72.8390842013889
 30
0.0
 10
5.459635516666667
 20
-72.83908420138887
 30
0.0
 10
5.633517895138888
 20
-72.83881293402773
 30
0.0
 10
5.798177183333337
 20
-72.77669270833336
 30
0.0
 10
5.95361338125
 20
-72.65272352430554
 30
0.0
  0
LINE
  5
190
330
17
100
AcDbEntity
  8
visible
100
AcDbLine
 10
5.793294370833333
 20
-71.99842664930554
 30
0.0
 11
5.935709735416666
 21
-71.95936414930554
 31
0.0
  0
SPLINE
  5
191
330
17
100
AcDbEntity
  8
visible
100
AcDbSpline
 70
0
 71
3
 72
17
 73
13
 74
0
 40
0.0
 40
0.0
 40
0.0
 40
0.0
 40
1.0
 40
1.0
 40
1.0
 40
2.9999999999999902
 40
2.9999999999999902
 40
2.9999999999999902
 40
4.669172932330739
 40
4.669172932330739
 40
4.669172932330739
 40
5.503759398496232
 40
5.503759398496232
 40
5.503759398496232
 40
5.503759398496232
 10
5.058431089583333
 20
-71.97808159722221
 30
0.0
 10
5.076334735416666
 20
-71.93522135416664
 30
0.0
 10
5.101426966319444
 20
-71.8958875868055
 30
0.0
 10
5.133707782291667
 20
-71.86008029513889
 30
0.0
 10
5.198142248799427
 20
-71.78973736617233
 30
0.0
 10
5.304055216825571
 20
-71.73917973452204
 30
0.0
 10
5.448242287499999
 20
-71.74045138888889
 30
0.0
 10
5.566819902762004
 20
-71.73934928843757
 30
0.0
 10
5.6752592902935435
 20
-71.7868551386457
 30
0.0
 10
5.726562599999996
 20
-71.85519748263889
 30
0.0
 10
5.753146801388883
 20
-71.88991970486109
 30
0.0
 10
5.775390725000001
 20
-71.93766276041667
 30
0.0
 10
5.793294370833333
 20
-71.99842664930554
 30
0.0
  0
SPLINE
  5
192
330
17
100
AcDbEntity
  8
visible
100
AcDbSpline
 70
0
 71
2
 72
16
 73
13
 74
0
 40
0.0
 40
0.0
 40
0.0
 40
1.0
 40
1.0
 40
2.0000000000000506
 40
2.0000000000000506
 40
3.150793650793757
 40
3.150793650793757
 40
4.301587301587525
 40
4.301587301587525
 40
5.452380952381294
 40
5.452380952381294
 40
6.385932944606878
 40
6.385932944606878
 40
6.385932944606878
 10
5.798990985416666
 20
-72.57297092013889
 30
0.0
 10
5.74853525625
 20
-72.6177300347222
 30
0.0
 10
5.650879006250003
 20
-72.65719943576389
 30
0.0
 10
5.5532227562499985
 20
-72.69666883680551
 30
0.0
 10
5.450683693749999
 20
-72.69666883680556
 30
0.0
 10
5.332682391666666
 20
-72.69666883680554
 30
0.0
 10
5.227701922916669
 20
-72.64458550347221
 30
0.0
 10
5.122721454166667
 20
-72.59250217013889
 30
0.0
 10
5.067789813541666
 20
-72.48508029513887
 30
0.0
 10
5.0128581729166655
 20
-72.37765842013887
 30
0.0
 10
5.012858172916666
 20
-72.21815321180554
 30
0.0
 10
5.012858172916667
 20
-72.08875868055554
 30
0.0
 10
5.058431089583333
 20
-71.97808159722221
 30
0.0
  0
LINE
  5
193
330
17
100
AcDbEntity
  8
visible
100
AcDbLine
 10
5.798990985416666
 20
-72.35080295138887
 30
0.0
 11
5.798990985416666
 21
-72.57297092013887
 31
0.0
  0
LINE
  5
194
330
17
100
AcDbEntity
  8
visible
100
AcDbLine
 10
6.184733172916666
 20
-72.81873914930554
 30
0.0
 11
6.336100360416666
 21
-72.81873914930554
 31
0.0
  0
LINE
  5
195
330
17
100
AcDbEntity
  8
visible
100
AcDbLine
 10
6.184733172916666
 20
-71.62570529513887
 30
0.0
 11
6.184733172916666
 21
-72.81873914930554
 31
0.0
  0
LINE
  5
196
330
17
100
AcDbEntity
  8
visible
100
AcDbLine
 10
6.346679787499999
 20
-71.62570529513887
 30
0.0
 11
6.184733172916666
 21
-71.62570529513887
 31
0.0
  0
LINE
  5
197
330
17
100
AcDbEntity
  8
visible
100
AcDbLine
 10
6.973307391666666
 20
-72.56239149305554
 30
0.0
 11
6.346679787499999
 21
-71.62570529513887
 31
0.0
  0
LINE
  5
198
330
17
100
AcDbEntity
  8
visible
100
AcDbLine
 10
6.973307391666666
 20
-71.62570529513887
 30
0.0
 11
6.973307391666666
 21
-72.56239149305554
 31
0.0
  0
LINE
  5
199
330
17
100
AcDbEntity
  8
visible
100
AcDbLine
 10
7.124674579166666
 20
-71.62570529513887
 30
0.0
 11
6.973307391666666
 21
-71.62570529513887
 31
0.0
  0
LINE
  5
19A
330
17
100
AcDbEntity
  8
visible
100
AcDbLine
 10
7.124674579166666
 20
-72.81873914930554
 30
0.0
 11
7.124674579166666
 21
-71.62570529513887
 31
0.0
  0
LINE
  5
19B
330
17
100
AcDbEntity
  8
visible
100
AcDbLine
 10
6.962727964583333
 20
-72.81873914930554
 30
0.0
 11
7.124674579166666
 21
-72.81873914930554
 31
0.0
  0
LINE
  5
19C
330
17
100
AcDbEntity
  8
visible
100
AcDbLine
 10
6.336100360416666
 20
-71.88123914930554
 30
0.0
 11
6.962727964583333
 21
-72.81873914930554
 31
0.0
  0
LINE
  5
19D
330
17
100
AcDbEntity
  8
visible
100
AcDbLine
 10
6.336100360416666
 20
-72.81873914930554
 30
0.0
 11
6.336100360416666
 21
-71.88123914930554
 31
0.0
  0
LINE
  5
19E
330
17
100
AcDbEntity
  8
visible
100
AcDbLine
 10
7.393229266666666
 20
-72.81873914930554
 30
0.0
 11
8.283528745833333
 21
-72.81873914930554
 31
0.0
  0
LINE
  5
19F
330
17
100
AcDbEntity
  8
visible
100
AcDbLine
 10
7.393229266666666
 20
-71.62570529513887
 30
0.0
 11
7.393229266666666
 21
-72.81873914930554
 31
0.0
  0
LINE
  5
1A0
330
17
100
AcDbEntity
  8
visible
100
AcDbLine
 10
8.255859475
 20
-71.62570529513887
 30
0.0
 11
7.393229266666666
 21
-71.62570529513887
 31
0.0
  0
LINE
  5
1A1
330
17
100
AcDbEntity
  8
visible
100
AcDbLine
 10
8.255859475
 20
-71.76649305555554
 30
0.0
 11
8.255859475
 21
-71.62570529513887
 31
0.0
  0
LINE
  5
1A2
330
17
100
AcDbEntity
  8
visible
100
AcDbLine
 10
7.551106870833333
 20
-71.76649305555554
 30
0.0
 11
8.255859475
 21
-71.76649305555554
 31
0.0
  0
LINE
  5
1A3
330
17
100
AcDbEntity
  8
visible
100
AcDbLine
 10
7.551106870833333
 20
-72.13189019097221
 30
0.0
 11
7.551106870833333
 21
-71.76649305555554
 31
0.0
  0
LINE
  5
1A4
330
17
100
AcDbEntity
  8
visible
100
AcDbLine
 10
8.211100360416665
 20
-72.13189019097221
 30
0.0
 11
7.551106870833333
 21
-72.13189019097221
 31
0.0
  0
LINE
  5
1A5
330
17
100
AcDbEntity
  8
visible
100
AcDbLine
 10
8.211100360416665
 20
-72.27186414930554
 30
0.0
 11
8.211100360416665
 21
-72.13189019097221
 31
0.0
  0
LINE
  5
1A6
330
17
100
AcDbEntity
  8
visible
100
AcDbLine
 10
7.551106870833333
 20
-72.27186414930554
 30
0.0
 11
8.211100360416665
 21
-72.27186414930554
 31
0.0
  0
LINE
  5
1A7
330
17
100
AcDbEntity
  8
visible
100
AcDbLine
 10
7.551106870833333
 20
-72.67795138888887
 30
0.0
 11
7.551106870833333
 21
-72.27186414930554
 31
0.0
  0
LINE
  5
1A8
330
17
100
AcDbEntity
  8
visible
100
AcDbLine
 10
8.283528745833333
 20
-72.67795138888887
 30
0.0
 11
7.551106870833333
 21
-72.67795138888887
 31
0.0
  0
LINE
  5
1A9
330
17
100
AcDbEntity
  8
visible
100
AcDbLine
 10
8.283528745833333
 20
-72.81873914930554
 30
0.0
 11
8.283528745833333
 21
-72.67795138888887
 31
0.0
  0
LINE
  5
1AA
330
17
100
AcDbEntity
  8
visible
100
AcDbLine
 10
8.501627704166665
 20
-72.81873914930554
 30
0.0
 11
8.93212900625
 21
-72.81873914930554
 31
0.0
  0
LINE
  5
1AB
330
17
100
AcDbEntity
  8
visible
100
AcDbLine
 10
8.501627704166665
 20
-71.62570529513887
 30
0.0
 11
8.501627704166665
 21
-72.81873914930554
 31
0.0
  0
LINE
  5
1AC
330
17
100
AcDbEntity
  8
visible
100
AcDbLine
 10
8.91259775625
 20
-71.62570529513887
 30
0.0
 11
8.501627704166665
 21
-71.62570529513887
 31
0.0
  0
SPLINE
  5
1AD
330
17
100
AcDbEntity
  8
visible
100
AcDbSpline
 70
0
 71
2
 72
6
 73
3
 74
0
 40
0.0
 40
0.0
 40
0.0
 40
1.0
 40
1.0
 40
1.0
 10
8.91259775625
 20
-71.62570529513887
 30
0.0
 10
9.0517579125
 20
-71.62570529513887
 30
0.0
 10
9.1250001
 20
-71.64279513888887
 30
0.0
  0
SPLINE
  5
1AE
330
17
100
AcDbEntity
  8
visible
100
AcDbSpline
 70
0
 71
2
 72
6
 73
3
 74
0
 40
0.0
 40
0.0
 40
0.0
 40
1.0
 40
1.0
 40
1.0
 10
9.1250001
 20
-71.64279513888887
 30
0.0
 10
9.2275391625
 20
-71.66639539930554
 30
0.0
 10
9.299967547916665
 20
-71.72824435763887
 30
0.0
  0
SPLINE
  5
1AF
330
17
100
AcDbEntity
  8
visible
100
AcDbSpline
 70
0
 71
3
 72
20
 73
16
 74
0
 40
0.0
 40
0.0
 40
0.0
 40
0.0
 40
2.000000000000039
 40
2.000000000000039
 40
2.000000000000039
 40
4.00000000000015
 40
4.00000000000015
 40
4.00000000000015
 40
5.0000000000001315
 40
5.0000000000001315
 40
5.0000000000001315
 40
6.173652694610812
 40
6.173652694610812
 40
6.173652694610812
 40
7.3473053892213755
 40
7.3473053892213755
 40
7.3473053892213755
 40
7.3473053892213755
 10
8.93212900625
 20
-72.81873914930554
 30
0.0
 10
9.076307608680557
 20
-72.81833224826384
 30
0.0
 10
9.187662860416662
 20
-72.79161241319446
 30
0.0
 10
9.26619476145833
 20
-72.73857964409719
 30
0.0
 10
9.343972138123787
 20
-72.68523317190056
 30
0.0
 10
9.414789997640096
 20
-72.59729178469671
 30
0.0
 10
9.456217547916665
 20
-72.45659722222221
 30
0.0
 10
9.47737640208333
 20
-72.38661024305556
 30
0.0
 10
9.487955829166665
 20
-72.30631510416661
 30
0.0
 10
9.487955829166665
 20
-72.21571180555554
 30
0.0
 10
9.487955829166665
 20
-72.10937499999997
 30
0.0
 10
9.472357955902773
 20
-72.01483832465279
 30
0.0
 10
9.441162209374998
 20
-71.93210177951387
 30
0.0
 10
9.40996646284722
 20
-71.84936523437501
 30
0.0
 10
9.362901575694442
 20
-71.78141276041664
 30
0.0
 10
9.299967547916665
 20
-71.72824435763887
 30
0.0
  0
LINE
  5
1B0
330
17
100
AcDbEntity
  8
visible
100
AcDbLine
 10
8.659505308333333
 20
-72.67795138888887
 30
0.0
 11
8.659505308333333
 21
-71.76649305555554
 31
0.0
  0
LINE
  5
1B1
330
17
100
AcDbEntity
  8
visible
100
AcDbLine
 10
8.914225360416665
 20
-72.67795138888887
 30
0.0
 11
8.659505308333333
 21
-72.67795138888887
 31
0.0
  0
SPLINE
  5
1B2
330
17
100
AcDbEntity
  8
visible
100
AcDbSpline
 70
0
 71
3
 72
17
 73
13
 74
0
 40
0.0
 40
0.0
 40
0.0
 40
0.0
 40
1.0
 40
1.0
 40
1.0
 40
1.9999999999998892
 40
1.9999999999998892
 40
1.9999999999998892
 40
3.443478260869106
 40
3.443478260869106
 40
3.443478260869106
 40
4.468557025834077
 40
4.468557025834077
 40
4.468557025834077
 40
4.468557025834077
 10
9.114420672916665
 20
-71.79090711805556
 30
0.0
 10
9.173014422916662
 20
-71.81369357638884
 30
0.0
 10
9.222791983680555
 20
-71.85858832465277
 30
0.0
 10
9.263753355208339
 20
-71.92559136284721
 30
0.0
 10
9.304714726736103
 20
-71.9925944010416
 30
0.0
 10
9.325195412500001
 20
-72.08848741319446
 30
0.0
 10
9.3251954125
 20
-72.21327039930554
 30
0.0
 10
9.325873628162299
 20
-72.39356148099884
 30
0.0
 10
9.280571884337707
 20
-72.5190904287233
 30
0.0
 10
9.206380308333332
 20
-72.59412977430554
 30
0.0
 10
9.150753373779718
 20
-72.64687429229434
 30
0.0
 10
9.074018961636945
 20
-72.6783752736778
 30
0.0
 10
8.914225360416664
 20
-72.67795138888886
 30
0.0
  0
SPLINE
  5
1B3
330
17
100
AcDbEntity
  8
visible
100
AcDbSpline
 70
0
 71
2
 72
6
 73
3
 74
0
 40
0.0
 40
0.0
 40
0.0
 40
1.0
 40
1.0
 40
1.0
 10
9.114420672916665
 20
-71.79090711805554
 30
0.0
 10
9.050944110416665
 20
-71.76649305555554
 30
0.0
 10
8.91015635
 20
-71.76649305555554
 30
0.0
  0
LINE
  5
1B4
330
17
100
AcDbEntity
  8
visible
100
AcDbLine
 10
8.659505308333333
 20
-71.76649305555554
 30
0.0
 11
8.91015635
 21
-71.76649305555554
 31
0.0
  0
LINE
  5
1B5
330
17
100
AcDbEntity
  8
visible
100
AcDbLine
 10
10.161783954166667
 20
-72.81873914930554
 30
0.0
 11
10.616699318750001
 21
-72.81873914930554
 31
0.0
  0
LINE
  5
1B6
330
17
100
AcDbEntity
  8
visible
100
AcDbLine
 10
10.161783954166667
 20
-71.62570529513887
 30
0.0
 11
10.161783954166667
 21
-72.81873914930554
 31
0.0
  0
LINE
  5
1B7
330
17
100
AcDbEntity
  8
visible
100
AcDbLine
 10
10.609375100000001
 20
-71.62570529513887
 30
0.0
 11
10.161783954166667
 21
-71.62570529513887
 31
0.0
  0
SPLINE
  5
1B8
330
17
100
AcDbEntity
  8
visible
100
AcDbSpline
 70
0
 71
3
 72
14
 73
10
 74
0
 40
0.0
 40
0.0
 40
0.0
 40
0.0
 40
1.9999999999998475
 40
1.9999999999998475
 40
1.9999999999998475
 40
3.0744680851058095
 40
3.0744680851058095
 40
3.0744680851058095
 40
5.223404255317466
 40
5.223404255317466
 40
5.223404255317466
 40
5.223404255317466
 10
10.838053485416665
 20
-72.18397352430554
 30
0.0
 10
10.949900415152216
 20
-72.13041529875241
 30
0.0
 10
11.004798135542217
 20
-72.0310972880531
 30
0.0
 10
11.0048829125
 20
-71.93088107638887
 30
0.0
 10
11.004882912499992
 20
-71.8760850694444
 30
0.0
 10
10.989285039236117
 20
-71.82359483506943
 30
0.0
 10
10.95808929270833
 20
-71.77341037326389
 30
0.0
 10
10.893790318102564
 20
-71.67274473030047
 30
0.0
 10
10.793574248216883
 20
-71.6260020144912
 30
0.0
 10
10.6093751
 20
-71.62570529513889
 30
0.0
  0
SPLINE
  5
1B9
330
17
100
AcDbEntity
  8
visible
100
AcDbSpline
 70
0
 71
3
 72
20
 73
16
 74
0
 40
0.0
 40
0.0
 40
0.0
 40
0.0
 40
1.0
 40
1.0
 40
1.0
 40
2.999999999999978
 40
2.999999999999978
 40
2.999999999999978
 40
3.999999999999978
 40
3.999999999999978
 40
3.999999999999978
 40
5.242718446601666
 40
5.242718446601666
 40
5.242718446601666
 40
6.485436893203193
 40
6.485436893203193
 40
6.485436893203193
 40
6.485436893203193
 10
10.616699318750001
 20
-72.81873914930554
 30
0.0
 10
10.692654179861105
 20
-72.81873914930551
 30
0.0
 10
10.756808910763892
 20
-72.8120930989583
 30
0.0
 10
10.809163511458337
 20
-72.79880099826389
 30
0.0
 10
10.914890036340669
 20
-72.77077558859257
 30
0.0
 10
10.979044625464887
 20
-72.72618621696293
 30
0.0
 10
11.027262469791667
 20
-72.62871636284721
 30
0.0
 10
11.050862730208333
 20
-72.58070203993057
 30
0.0
 10
11.062662860416667
 20
-72.52875434027779
 30
0.0
 10
11.062662860416665
 20
-72.47287326388884
 30
0.0
 10
11.062662860416662
 20
-72.40342881944436
 30
0.0
 10
11.043267244097226
 20
-72.34320746527783
 30
0.0
 10
11.004476011458332
 20
-72.29220920138886
 30
0.0
 10
10.965684778819439
 20
-72.24121093749993
 30
0.0
 10
10.910210603472226
 20
-72.20513237847224
 30
0.0
 10
10.838053485416667
 20
-72.18397352430553
 30
0.0
  0
LINE
  5
1BA
330
17
100
AcDbEntity
  8
visible
100
AcDbLine
 10
10.319661558333333
 20
-72.12700737847221
 30
0.0
 11
10.319661558333333
 21
-71.76649305555554
 31
0.0
  0
LINE
  5
1BB
330
17
100
AcDbEntity
  8
visible
100
AcDbLine
 10
10.577636818750001
 20
-72.12700737847221
 30
0.0
 11
10.319661558333333
 21
-72.12700737847221
 31
0.0
  0
SPLINE
  5
1BC
330
17
100
AcDbEntity
  8
visible
100
AcDbSpline
 70
0
 71
2
 72
6
 73
3
 74
0
 40
0.0
 40
0.0
 40
0.0
 40
1.0
 40
1.0
 40
1.0
 10
10.577636818750001
 20
-72.12700737847221
 30
0.0
 10
10.682617287500001
 20
-72.12700737847221
 30
0.0
 10
10.728190204166667
 20
-72.11317274305554
 30
0.0
  0
SPLINE
  5
1BD
330
17
100
AcDbEntity
  8
visible
100
AcDbSpline
 70
0
 71
2
 72
12
 73
9
 74
0
 40
0.0
 40
0.0
 40
0.0
 40
1.0
 40
1.0
 40
2.0000000000001075
 40
2.0000000000001075
 40
3.000000000000215
 40
3.000000000000215
 40
5.10958904109666
 40
5.10958904109666
 40
5.10958904109666
 10
10.558105568750001
 20
-71.76649305555554
 30
0.0
 10
10.686686297916669
 20
-71.76649305555553
 30
0.0
 10
10.739583433333332
 20
-71.78317599826389
 30
0.0
 10
10.792480568750003
 20
-71.7998589409722
 30
0.0
 10
10.820963641666669
 20
-71.84502495659721
 30
0.0
 10
10.849446714583332
 20
-71.8901909722222
 30
0.0
 10
10.849446714583333
 20
-71.94959852430554
 30
0.0
 10
10.849039813541665
 20
-72.07614474826389
 30
0.0
 10
10.728190204166667
 20
-72.11317274305554
 30
0.0
  0
LINE
  5
1BE
330
17
100
AcDbEntity
  8
visible
100
AcDbLine
 10
10.319661558333333
 20
-71.76649305555554
 30
0.0
 11
10.558105568750001
 21
-71.76649305555554
 31
0.0
  0
LINE
  5
1BF
330
17
100
AcDbEntity
  8
visible
100
AcDbLine
 10
10.319661558333333
 20
-72.67795138888887
 30
0.0
 11
10.319661558333333
 21
-72.26779513888887
 31
0.0
  0
LINE
  5
1C0
330
17
100
AcDbEntity
  8
visible
100
AcDbLine
 10
10.616699318750001
 20
-72.67795138888887
 30
0.0
 11
10.319661558333333
 21
-72.67795138888887
 31
0.0
  0
SPLINE
  5
1C1
330
17
100
AcDbEntity
  8
visible
100
AcDbSpline
 70
0
 71
2
 72
6
 73
3
 74
0
 40
0.0
 40
0.0
 40
0.0
 40
1.0
 40
1.0
 40
1.0
 10
10.616699318750001
 20
-72.67795138888887
 30
0.0
 10
10.693196714583333
 20
-72.67795138888887
 30
0.0
 10
10.724121193750001
 20
-72.67225477430554
 30
0.0
  0
SPLINE
  5
1C2
330
17
100
AcDbEntity
  8
visible
100
AcDbSpline
 70
0
 71
3
 72
17
 73
13
 74
0
 40
0.0
 40
0.0
 40
0.0
 40
0.0
 40
2.0000000000000266
 40
2.0000000000000266
 40
2.0000000000000266
 40
3.0000000000002482
 40
3.0000000000002482
 40
3.0000000000002482
 40
3.853658536586006
 40
3.853658536586006
 40
3.853658536586006
 40
5.560975609757403
 40
5.560975609757403
 40
5.560975609757403
 40
5.560975609757403
 10
10.595540464583333
 20
-72.26779513888887
 30
0.0
 10
10.750247826412537
 20
-72.26877007390341
 30
0.0
 10
10.81653839789302
 20
-72.29028483061043
 30
0.0
 10
10.864908954166664
 20
-72.35690646701387
 30
0.0
 10
10.887695412499994
 20
-72.3897298177083
 30
0.0
 10
10.899088641666662
 20
-72.42838541666663
 30
0.0
 10
10.89908864166667
 20
-72.47287326388889
 30
0.0
 10
10.899088641666664
 20
-72.5108506944444
 30
0.0
 10
10.891221888194444
 20
-72.54435221354167
 30
0.0
 10
10.875488381250003
 20
-72.57337782118056
 30
0.0
 10
10.843512705614392
 20
-72.63223441755726
 30
0.0
 10
10.797329508274505
 20
-72.65842855987323
 30
0.0
 10
10.724121193750001
 20
-72.67225477430554
 30
0.0
  0
LINE
  5
1C3
330
17
100
AcDbEntity
  8
visible
100
AcDbLine
 10
10.319661558333333
 20
-72.26779513888887
 30
0.0
 11
10.595540464583333
 21
-72.26779513888887
 31
0.0
  0
LINE
  5
1C4
330
17
100
AcDbEntity
  8
visible
100
AcDbLine
 10
11.616048277083335
 20
-72.81873914930554
 30
0.0
 11
11.773925881250001
 21
-72.81873914930554
 31
0.0
  0
LINE
  5
1C5
330
17
100
AcDbEntity
  8
visible
100
AcDbLine
 10
11.616048277083335
 20
-72.31336805555554
 30
0.0
 11
11.616048277083335
 21
-72.81873914930554
 31
0.0
  0
LINE
  5
1C6
330
17
100
AcDbEntity
  8
visible
100
AcDbLine
 10
11.156250100000001
 20
-71.62570529513887
 30
0.0
 11
11.616048277083335
 21
-72.31336805555554
 31
0.0
  0
LINE
  5
1C7
330
17
100
AcDbEntity
  8
visible
100
AcDbLine
 10
11.348307391666667
 20
-71.62570529513887
 30
0.0
 11
11.156250100000001
 21
-71.62570529513887
 31
0.0
  0
LINE
  5
1C8
330
17
100
AcDbEntity
  8
visible
100
AcDbLine
 10
11.583496193750001
 20
-71.98540581597221
 30
0.0
 11
11.348307391666667
 21
-71.62570529513887
 31
0.0
  0
SPLINE
  5
1C9
330
17
100
AcDbEntity
  8
visible
100
AcDbSpline
 70
0
 71
2
 72
6
 73
3
 74
0
 40
0.0
 40
0.0
 40
0.0
 40
1.0
 40
1.0
 40
1.0
 10
11.583496193750001
 20
-71.98540581597221
 30
0.0
 10
11.648600360416667
 20
-72.08631727430554
 30
0.0
 10
11.704752704166667
 20
-72.18722873263887
 30
0.0
  0
SPLINE
  5
1CA
330
17
100
AcDbEntity
  8
visible
100
AcDbSpline
 70
0
 71
2
 72
6
 73
3
 74
0
 40
0.0
 40
0.0
 40
0.0
 40
1.0
 40
1.0
 40
1.0
 10
11.704752704166667
 20
-72.18722873263887
 30
0.0
 10
11.758463641666667
 20
-72.09364149305554
 30
0.0
 10
11.834961037500001
 20
-71.97645399305554
 30
0.0
  0
LINE
  5
1CB
330
17
100
AcDbEntity
  8
visible
100
AcDbLine
 10
12.066080829166667
 20
-71.62570529513887
 30
0.0
 11
11.834961037500001
 21
-71.97645399305554
 31
0.0
  0
LINE
  5
1CC
330
17
100
AcDbEntity
  8
visible
100
AcDbLine
 10
12.250000100000001
 20
-71.62570529513887
 30
0.0
 11
12.066080829166667
 21
-71.62570529513887
 31
0.0
  0
LINE
  5
1CD
330
17
100
AcDbEntity
  8
visible
100
AcDbLine
 10
11.773925881250001
 20
-72.31336805555554
 30
0.0
 11
12.250000100000001
 21
-71.62570529513887
 31
0.0
  0
LINE
  5
1CE
330
17
100
AcDbEntity
  8
visible
100
AcDbLine
 10
11.773925881250001
 20
-72.81873914930554
 30
0.0
 11
11.773925881250001
 21
-72.31336805555554
 31
0.0
  0
LINE
  5
1CF
330
17
100
AcDbEntity
  8
visible
100
AcDbLine
 10
12.321614683333333
 20
-72.81873914930554
 30
0.0
 11
12.488444110416667
 21
-72.81873914930554
 31
0.0
  0
LINE
  5
1D0
330
17
100
AcDbEntity
  8
visible
100
AcDbLine
 10
12.321614683333333
 20
-72.65190972222221
 30
0.0
 11
12.321614683333333
 21
-72.81873914930554
 31
0.0
  0
LINE
  5
1D1
330
17
100
AcDbEntity
  8
visible
100
AcDbLine
 10
12.488444110416667
 20
-72.65190972222221
 30
0.0
 11
12.321614683333333
 21
-72.65190972222221
 31
0.0
  0
LINE
  5
1D2
330
17
100
AcDbEntity
  8
visible
100
AcDbLine
 10
12.488444110416667
 20
-72.81873914930554
 30
0.0
 11
12.488444110416667
 21
-72.65190972222221
 31
0.0
  0
LINE
  5
1D3
330
17
100
AcDbEntity
  8
visible
100
AcDbLine
 10
12.321614683333333
 20
-72.12131076388887
 30
0.0
 11
12.488444110416667
 21
-72.12131076388887
 31
0.0
  0
LINE
  5
1D4
330
17
100
AcDbEntity
  8
visible
100
AcDbLine
 10
12.321614683333333
 20
-71.95448133680554
 30
0.0
 11
12.321614683333333
 21
-72.12131076388887
 31
0.0
  0
LINE
  5
1D5
330
17
100
AcDbEntity
  8
visible
100
AcDbLine
 10
12.488444110416667
 20
-71.95448133680554
 30
0.0
 11
12.321614683333333
 21
-71.95448133680554
 31
0.0
  0
LINE
  5
1D6
330
17
100
AcDbEntity
  8
visible
100
AcDbLine
 10
12.488444110416667
 20
-72.12131076388887
 30
0.0
 11
12.488444110416667
 21
-71.95448133680554
 31
0.0
  0
LINE
  5
1D7
330
17
100
AcDbEntity
  8
visible
100
AcDbLine
 10
1.0000001000000003
 20
-84.22871907552083
 30
0.0
 11
1.2282715843750003
 21
-84.22871907552083
 31
0.0
  0
LINE
  5
1D8
330
17
100
AcDbEntity
  8
visible
100
AcDbLine
 10
1.0000001000000003
 20
-82.43916829427083
 30
0.0
 11
1.0000001000000003
 21
-84.22871907552083
 31
0.0
  0
LINE
  5
1D9
330
17
100
AcDbEntity
  8
visible
100
AcDbLine
 10
1.3564454125000003
 20
-82.43916829427083
 30
0.0
 11
1.0000001000000003
 21
-82.43916829427083
 31
0.0
  0
LINE
  5
1DA
330
17
100
AcDbEntity
  8
visible
100
AcDbLine
 10
1.7800293968750003
 20
-83.70625813802083
 30
0.0
 11
1.3564454125000003
 21
-82.43916829427083
 31
0.0
  0
SPLINE
  5
1DB
330
17
100
AcDbEntity
  8
visible
100
AcDbSpline
 70
0
 71
2
 72
6
 73
3
 74
0
 40
0.0
 40
0.0
 40
0.0
 40
1.0
 40
1.0
 40
1.0
 10
1.7800293968750003
 20
-83.70625813802083
 30
0.0
 10
1.8386231468750003
 20
-83.88326009114583
 30
0.0
 10
1.8654786156250003
 20
-83.97115071614583
 30
0.0
  0
SPLINE
  5
1DC
330
17
100
AcDbEntity
  8
visible
100
AcDbSpline
 70
0
 71
2
 72
6
 73
3
 74
0
 40
0.0
 40
0.0
 40
0.0
 40
1.0
 40
1.0
 40
1.0
 10
1.8654786156250003
 20
-83.97115071614583
 30
0.0
 10
1.8959961937500003
 20
-83.87349446614583
 30
0.0
 10
1.9606934593750003
 20
-83.68428548177083
 30
0.0
  0
LINE
  5
1DD
330
17
100
AcDbEntity
  8
visible
100
AcDbLine
 10
2.3891602562500003
 20
-82.43916829427083
 30
0.0
 11
1.9606934593750003
 21
-83.68428548177083
 31
0.0
  0
LINE
  5
1DE
330
17
100
AcDbEntity
  8
visible
100
AcDbLine
 10
2.7077637718750003
 20
-82.43916829427083
 30
0.0
 11
2.3891602562500003
 21
-82.43916829427083
 31
0.0
  0
LINE
  5
1DF
330
17
100
AcDbEntity
  8
visible
100
AcDbLine
 10
2.7077637718750003
 20
-84.22871907552083
 30
0.0
 11
2.7077637718750003
 21
-82.43916829427083
 31
0.0
  0
LINE
  5
1E0
330
17
100
AcDbEntity
  8
visible
100
AcDbLine
 10
2.4794922875000003
 20
-84.22871907552083
 30
0.0
 11
2.7077637718750003
 21
-84.22871907552083
 31
0.0
  0
LINE
  5
1E1
330
17
100
AcDbEntity
  8
visible
100
AcDbLine
 10
2.4794922875000003
 20
-82.73091634114583
 30
0.0
 11
2.4794922875000003
 21
-84.22871907552083
 31
0.0
  0
LINE
  5
1E2
330
17
100
AcDbEntity
  8
visible
100
AcDbLine
 10
1.9594727562500003
 20
-84.22871907552083
 30
0.0
 11
2.4794922875000003
 21
-82.73091634114583
 31
0.0
  0
LINE
  5
1E3
330
17
100
AcDbEntity
  8
visible
100
AcDbLine
 10
1.7458497093750003
 20
-84.22871907552083
 30
0.0
 11
1.9594727562500003
 21
-84.22871907552083
 31
0.0
  0
LINE
  5
1E4
330
17
100
AcDbEntity
  8
visible
100
AcDbLine
 10
1.2282715843750003
 20
-82.70528157552083
 30
0.0
 11
1.7458497093750003
 21
-84.22871907552083
 31
0.0
  0
LINE
  5
1E5
330
17
100
AcDbEntity
  8
visible
100
AcDbLine
 10
1.2282715843750003
 20
-84.22871907552083
 30
0.0
 11
1.2282715843750003
 21
-82.70528157552083
 31
0.0
  0
SPLINE
  5
1E6
330
17
100
AcDbEntity
  8
visible
100
AcDbSpline
 70
0
 71
2
 72
26
 73
23
 74
0
 40
0.0
 40
0.0
 40
0.0
 40
1.0
 40
1.0
 40
2.0
 40
2.0
 40
3.0
 40
3.0
 40
3.9227053140096615
 40
3.9227053140096615
 40
4.845410628019323
 40
4.845410628019323
 40
5.7681159420289845
 40
5.7681159420289845
 40
6.678408180065421
 40
6.678408180065421
 40
7.588700418101858
 40
7.588700418101858
 40
8.498992656138295
 40
8.498992656138295
 40
9.889094103386057
 40
9.889094103386057
 40
11.279195550633819
 40
11.279195550633819
 40
11.279195550633819
 10
3.0178223656250003
 20
-83.35713704427083
 30
0.0
 10
3.017822365625
 20
-83.59273274739584
 30
0.0
 10
3.1203614281250003
 20
-83.80391438802083
 30
0.0
 10
3.222900490625
 20
-84.01509602864584
 30
0.0
 10
3.4218751000000003
 20
-84.13716634114583
 30
0.0
 10
3.620849709375
 20
-84.25923665364584
 30
0.0
 10
3.8735352562500003
 20
-84.25923665364583
 30
0.0
 10
4.106689553124999
 20
-84.25923665364584
 30
0.0
 10
4.30810556875
 20
-84.14876302083333
 30
0.0
 10
4.509521584375
 20
-84.03828938802084
 30
0.0
 10
4.619384865624999
 20
-83.82344563802081
 30
0.0
 10
4.729248146875001
 20
-83.60860188802084
 30
0.0
 10
4.7292481468749985
 20
-83.3363850911458
 30
0.0
 10
4.729248146875001
 20
-83.06783040364584
 30
0.0
 10
4.6248780296875
 20
-82.85603841145833
 30
0.0
 10
4.520507912499999
 20
-82.64424641927084
 30
0.0
 10
4.321533303125
 20
-82.52583821614583
 30
0.0
 10
4.122558693749999
 20
-82.40743001302084
 30
0.0
 10
3.8747559593750003
 20
-82.40743001302083
 30
0.0
 10
3.496337990625
 20
-82.40743001302084
 30
0.0
 10
3.2570801781250003
 20
-82.65950520833333
 30
0.0
 10
3.017822365625
 20
-82.91158040364584
 30
0.0
 10
3.0178223656250003
 20
-83.35713704427083
 30
0.0
  0
SPLINE
  5
1E7
330
17
100
AcDbEntity
  8
visible
100
AcDbSpline
 70
0
 71
2
 72
22
 73
19
 74
0
 40
0.0
 40
0.0
 40
0.0
 40
1.0
 40
1.0
 40
2.0
 40
2.0
 40
2.703883495145631
 40
2.703883495145631
 40
3.407766990291262
 40
3.407766990291262
 40
4.111650485436893
 40
4.111650485436893
 40
5.224494223572165
 40
5.224494223572165
 40
6.337337961707437
 40
6.337337961707437
 40
7.4298557868174075
 40
7.4298557868174075
 40
8.522373611927378
 40
8.522373611927378
 40
8.522373611927378
 10
3.2619629906250003
 20
-83.36079915364583
 30
0.0
 10
3.261962990625
 20
-82.95674641927083
 30
0.0
 10
3.4432374046875003
 20
-82.78401692708334
 30
0.0
 10
3.62451181875
 20
-82.61128743489581
 30
0.0
 10
3.8759766625000003
 20
-82.61128743489586
 30
0.0
 10
4.052978615625001
 20
-82.61128743489581
 30
0.0
 10
4.1951905296875
 20
-82.70100911458333
 30
0.0
 10
4.33740244375
 20
-82.79073079427084
 30
0.0
 10
4.4112549828125
 20
-82.95369466145833
 30
0.0
 10
4.485107521874999
 20
-83.11665852864584
 30
0.0
 10
4.485107521875
 20
-83.33516438802083
 30
0.0
 10
4.485107521874999
 20
-83.68062337239584
 30
0.0
 10
4.3123780296875
 20
-83.86861165364583
 30
0.0
 10
4.139648537499999
 20
-84.05659993489584
 30
0.0
 10
3.8723145531250003
 20
-84.05659993489583
 30
0.0
 10
3.60986338125
 20
-84.05659993489584
 30
0.0
 10
3.4359131859375003
 20
-83.87044270833333
 30
0.0
 10
3.261962990625
 20
-83.68428548177084
 30
0.0
 10
3.2619629906250003
 20
-83.36079915364583
 30
0.0
  0
LINE
  5
1E8
330
17
100
AcDbEntity
  8
visible
100
AcDbLine
 10
5.0380860375
 20
-84.22871907552083
 30
0.0
 11
5.27490244375
 21
-84.22871907552083
 31
0.0
  0
LINE
  5
1E9
330
17
100
AcDbEntity
  8
visible
100
AcDbLine
 10
5.0380860375
 20
-82.43916829427083
 30
0.0
 11
5.0380860375
 21
-84.22871907552083
 31
0.0
  0
LINE
  5
1EA
330
17
100
AcDbEntity
  8
visible
100
AcDbLine
 10
5.83154306875
 20
-82.43916829427083
 30
0.0
 11
5.0380860375
 21
-82.43916829427083
 31
0.0
  0
SPLINE
  5
1EB
330
17
100
AcDbEntity
  8
visible
100
AcDbSpline
 70
0
 71
2
 72
14
 73
11
 74
0
 40
0.0
 40
0.0
 40
0.0
 40
1.0
 40
1.0
 40
2.0
 40
2.0
 40
2.7756410256410255
 40
2.7756410256410255
 40
3.551282051282051
 40
3.551282051282051
 40
4.326923076923077
 40
4.326923076923077
 40
4.326923076923077
 10
5.964599709375
 20
-83.41451009114583
 30
0.0
 10
6.222168068749999
 20
-83.37910970052084
 30
0.0
 10
6.345459084375
 20
-83.24849446614583
 30
0.0
 10
6.468750099999999
 20
-83.11787923177084
 30
0.0
 10
6.4687501
 20
-82.92744954427083
 30
0.0
 10
6.468750099999999
 20
-82.77974446614584
 30
0.0
 10
6.394287209375
 20
-82.65767415364583
 30
0.0
 10
6.319824318749999
 20
-82.53560384114584
 30
0.0
 10
6.1953126
 20
-82.48738606770833
 30
0.0
 10
6.070800881249999
 20
-82.43916829427084
 30
0.0
 10
5.83154306875
 20
-82.43916829427083
 30
0.0
  0
SPLINE
  5
1EC
330
17
100
AcDbEntity
  8
visible
100
AcDbSpline
 70
0
 71
2
 72
6
 73
3
 74
0
 40
0.0
 40
0.0
 40
0.0
 40
1.0
 40
1.0
 40
1.0
 10
5.964599709375
 20
-83.41451009114583
 30
0.0
 10
6.05859385
 20
-83.45967610677083
 30
0.0
 10
6.107421975
 20
-83.50362141927083
 30
0.0
  0
SPLINE
  5
1ED
330
17
100
AcDbEntity
  8
visible
100
AcDbSpline
 70
0
 71
2
 72
6
 73
3
 74
0
 40
0.0
 40
0.0
 40
0.0
 40
1.0
 40
1.0
 40
1.0
 10
6.107421975
 20
-83.50362141927083
 30
0.0
 10
6.211181740625
 20
-83.59883626302083
 30
0.0
 10
6.303955178125
 20
-83.74165852864583
 30
0.0
  0
LINE
  5
1EE
330
17
100
AcDbEntity
  8
visible
100
AcDbLine
 10
6.615234475
 20
-84.22871907552083
 30
0.0
 11
6.303955178125
 21
-83.74165852864583
 31
0.0
  0
LINE
  5
1EF
330
17
100
AcDbEntity
  8
visible
100
AcDbLine
 10
6.3173829125
 20
-84.22871907552083
 30
0.0
 11
6.615234475
 21
-84.22871907552083
 31
0.0
  0
LINE
  5
1F0
330
17
100
AcDbEntity
  8
visible
100
AcDbLine
 10
6.08056650625
 20
-83.85640462239583
 30
0.0
 11
6.3173829125
 21
-84.22871907552083
 31
0.0
  0
SPLINE
  5
1F1
330
17
100
AcDbEntity
  8
visible
100
AcDbSpline
 70
0
 71
3
 72
11
 73
7
 74
0
 40
0.0
 40
0.0
 40
0.0
 40
0.0
 40
1.0
 40
1.0
 40
1.0
 40
3.0
 40
3.0
 40
3.0
 40
3.0
 10
5.681396584375
 20
-83.44258626302083
 30
0.0
 10
5.7180176781249985
 20
-83.45153808593747
 30
0.0
 10
5.754028420312501
 20
-83.4674072265625
 30
0.0
 10
5.7894288109375
 20
-83.49019368489583
 30
0.0
 10
5.862582152766096
 20
-83.5383099102961
 30
0.0
 10
5.939867591504739
 20
-83.63901756366221
 30
0.0
 10
6.08056650625
 20
-83.85640462239583
 30
0.0
  0
SPLINE
  5
1F2
330
17
100
AcDbEntity
  8
visible
100
AcDbSpline
 70
0
 71
2
 72
6
 73
3
 74
0
 40
0.0
 40
0.0
 40
0.0
 40
1.0
 40
1.0
 40
1.0
 10
5.681396584375
 20
-83.44258626302083
 30
0.0
 10
5.64111338125
 20
-83.43404134114583
 30
0.0
 10
5.549560646875
 20
-83.43404134114583
 30
0.0
  0
LINE
  5
1F3
330
17
100
AcDbEntity
  8
visible
100
AcDbLine
 10
5.27490244375
 20
-83.43404134114583
 30
0.0
 11
5.549560646875
 21
-83.43404134114583
 31
0.0
  0
LINE
  5
1F4
330
17
100
AcDbEntity
  8
visible
100
AcDbLine
 10
5.27490244375
 20
-84.22871907552083
 30
0.0
 11
5.27490244375
 21
-83.43404134114583
 31
0.0
  0
LINE
  5
1F5
330
17
100
AcDbEntity
  8
visible
100
AcDbLine
 10
5.27490244375
 20
-83.22896321614583
 30
0.0
 11
5.27490244375
 21
-82.63692220052083
 31
0.0
  0
LINE
  5
1F6
330
17
100
AcDbEntity
  8
visible
100
AcDbLine
 10
5.783935646875
 20
-83.22896321614583
 30
0.0
 11
5.27490244375
 21
-83.22896321614583
 31
0.0
  0
SPLINE
  5
1F7
330
17
100
AcDbEntity
  8
visible
100
AcDbSpline
 70
0
 71
3
 72
17
 73
13
 74
0
 40
0.0
 40
0.0
 40
0.0
 40
0.0
 40
1.0
 40
1.0
 40
1.0
 40
2.0
 40
2.0
 40
2.0
 40
2.6826923076923075
 40
2.6826923076923075
 40
2.6826923076923075
 40
4.0480769230769225
 40
4.0480769230769225
 40
4.0480769230769225
 40
4.0480769230769225
 10
5.84130869375
 20
-82.63692220052083
 30
0.0
 10
5.973958433333331
 20
-82.6369222005208
 30
0.0
 10
6.071004331770835
 20
-82.6641845703125
 30
0.0
 10
6.1324463890625
 20
-82.71870930989581
 30
0.0
 10
6.1938884463541655
 20
-82.77323404947916
 30
0.0
 10
6.224609475000006
 20
-82.8428141276042
 30
0.0
 10
6.2246094749999985
 20
-82.9274495442708
 30
0.0
 10
6.224609474999999
 20
-82.9852294921875
 30
0.0
 10
6.208740334375001
 20
-83.03873697916667
 30
0.0
 10
6.177002053125
 20
-83.08797200520833
 30
0.0
 10
6.110727851018022
 20
-83.1871414671934
 30
0.0
 10
6.003204640648643
 20
-83.22826380624407
 30
0.0
 10
5.783935646875002
 20
-83.22896321614584
 30
0.0
  0
LINE
  5
1F8
330
17
100
AcDbEntity
  8
visible
100
AcDbLine
 10
5.27490244375
 20
-82.63692220052083
 30
0.0
 11
5.84130869375
 21
-82.63692220052083
 31
0.0
  0
LINE
  5
1F9
330
17
100
AcDbEntity
  8
visible
100
AcDbLine
 10
7.2500001
 20
-84.22871907552083
 30
0.0
 11
7.48681650625
 21
-84.22871907552083
 31
0.0
  0
LINE
  5
1FA
330
17
100
AcDbEntity
  8
visible
100
AcDbLine
 10
7.2500001
 20
-82.65034993489583
 30
0.0
 11
7.2500001
 21
-84.22871907552083
 31
0.0
  0
LINE
  5
1FB
330
17
100
AcDbEntity
  8
visible
100
AcDbLine
 10
6.660400490625
 20
-82.65034993489583
 30
0.0
 11
7.2500001
 21
-82.65034993489583
 31
0.0
  0
LINE
  5
1FC
330
17
100
AcDbEntity
  8
visible
100
AcDbLine
 10
6.660400490625
 20
-82.43916829427083
 30
0.0
 11
6.660400490625
 21
-82.65034993489583
 31
0.0
  0
LINE
  5
1FD
330
17
100
AcDbEntity
  8
visible
100
AcDbLine
 10
8.078857521875001
 20
-82.43916829427083
 30
0.0
 11
6.660400490625
 21
-82.43916829427083
 31
0.0
  0
LINE
  5
1FE
330
17
100
AcDbEntity
  8
visible
100
AcDbLine
 10
8.078857521875001
 20
-82.65034993489583
 30
0.0
 11
8.078857521875001
 21
-82.43916829427083
 31
0.0
  0
LINE
  5
1FF
330
17
100
AcDbEntity
  8
visible
100
AcDbLine
 10
7.48681650625
 20
-82.65034993489583
 30
0.0
 11
8.078857521875001
 21
-82.65034993489583
 31
0.0
  0
LINE
  5
200
330
17
100
AcDbEntity
  8
visible
100
AcDbLine
 10
7.48681650625
 20
-84.22871907552083
 30
0.0
 11
7.48681650625
 21
-82.65034993489583
 31
0.0
  0
LINE
  5
201
330
17
100
AcDbEntity
  8
visible
100
AcDbLine
 10
8.325439553125001
 20
-84.22871907552083
 30
0.0
 11
8.562255959375001
 21
-84.22871907552083
 31
0.0
  0
LINE
  5
202
330
17
100
AcDbEntity
  8
visible
100
AcDbLine
 10
8.325439553125001
 20
-82.43916829427083
 30
0.0
 11
8.325439553125001
 21
-84.22871907552083
 31
0.0
  0
LINE
  5
203
330
17
100
AcDbEntity
  8
visible
100
AcDbLine
 10
9.118896584375001
 20
-82.43916829427083
 30
0.0
 11
8.325439553125001
 21
-82.43916829427083
 31
0.0
  0
SPLINE
  5
204
330
17
100
AcDbEntity
  8
visible
100
AcDbSpline
 70
0
 71
2
 72
14
 73
11
 74
0
 40
0.0
 40
0.0
 40
0.0
 40
1.0
 40
1.0
 40
2.0
 40
2.0
 40
2.7756410256410255
 40
2.7756410256410255
 40
3.551282051282051
 40
3.551282051282051
 40
4.326923076923077
 40
4.326923076923077
 40
4.326923076923077
 10
9.251953225000001
 20
-83.41451009114583
 30
0.0
 10
9.509521584375001
 20
-83.37910970052084
 30
0.0
 10
9.632812600000001
 20
-83.24849446614583
 30
0.0
 10
9.756103615625001
 20
-83.11787923177084
 30
0.0
 10
9.756103615625001
 20
-82.92744954427083
 30
0.0
 10
9.756103615625001
 20
-82.77974446614584
 30
0.0
 10
9.681640725000001
 20
-82.65767415364583
 30
0.0
 10
9.607177834375001
 20
-82.53560384114584
 30
0.0
 10
9.482666115625001
 20
-82.48738606770833
 30
0.0
 10
9.358154396875001
 20
-82.43916829427084
 30
0.0
 10
9.118896584375001
 20
-82.43916829427083
 30
0.0
  0
SPLINE
  5
205
330
17
100
AcDbEntity
  8
visible
100
AcDbSpline
 70
0
 71
2
 72
6
 73
3
 74
0
 40
0.0
 40
0.0
 40
0.0
 40
1.0
 40
1.0
 40
1.0
 10
9.251953225000001
 20
-83.41451009114583
 30
0.0
 10
9.345947365625001
 20
-83.45967610677083
 30
0.0
 10
9.394775490625001
 20
-83.50362141927083
 30
0.0
  0
SPLINE
  5
206
330
17
100
AcDbEntity
  8
visible
100
AcDbSpline
 70
0
 71
2
 72
6
 73
3
 74
0
 40
0.0
 40
0.0
 40
0.0
 40
1.0
 40
1.0
 40
1.0
 10
9.394775490625001
 20
-83.50362141927083
 30
0.0
 10
9.498535256250001
 20
-83.59883626302083
 30
0.0
 10
9.591308693750001
 20
-83.74165852864583
 30
0.0
  0
LINE
  5
207
330
17
100
AcDbEntity
  8
visible
100
AcDbLine
 10
9.902587990625001
 20
-84.22871907552083
 30
0.0
 11
9.591308693750001
 21
-83.74165852864583
 31
0.0
  0
LINE
  5
208
330
17
100
AcDbEntity
  8
visible
100
AcDbLine
 10
9.604736428125001
 20
-84.22871907552083
 30
0.0
 11
9.902587990625001
 21
-84.22871907552083
 31
0.0
  0
LINE
  5
209
330
17
100
AcDbEntity
  8
visible
100
AcDbLine
 10
9.367920021875001
 20
-83.85640462239583
 30
0.0
 11
9.604736428125001
 21
-84.22871907552083
 31
0.0
  0
SPLINE
  5
20A
330
17
100
AcDbEntity
  8
visible
100
AcDbSpline
 70
0
 71
3
 72
11
 73
7
 74
0
 40
0.0
 40
0.0
 40
0.0
 40
0.0
 40
1.0
 40
1.0
 40
1.0
 40
3.0
 40
3.0
 40
3.0
 40
3.0
 10
8.968750100000001
 20
-83.44258626302083
 30
0.0
 10
9.005371193749994
 20
-83.45153808593747
 30
0.0
 10
9.041381935937501
 20
-83.4674072265625
 30
0.0
 10
9.076782326562501
 20
-83.49019368489583
 30
0.0
 10
9.149935668391098
 20
-83.5383099102961
 30
0.0
 10
9.22722110712974
 20
-83.63901756366221
 30
0.0
 10
9.367920021875001
 20
-83.85640462239583
 30
0.0
  0
SPLINE
  5
20B
330
17
100
AcDbEntity
  8
visible
100
AcDbSpline
 70
0
 71
2
 72
6
 73
3
 74
0
 40
0.0
 40
0.0
 40
0.0
 40
1.0
 40
1.0
 40
1.0
 10
8.968750100000001
 20
-83.44258626302083
 30
0.0
 10
8.928466896875001
 20
-83.43404134114583
 30
0.0
 10
8.836914162500001
 20
-83.43404134114583
 30
0.0
  0
LINE
  5
20C
330
17
100
AcDbEntity
  8
visible
100
AcDbLine
 10
8.562255959375001
 20
-83.43404134114583
 30
0.0
 11
8.836914162500001
 21
-83.43404134114583
 31
0.0
  0
LINE
  5
20D
330
17
100
AcDbEntity
  8
visible
100
AcDbLine
 10
8.562255959375001
 20
-84.22871907552083
 30
0.0
 11
8.562255959375001
 21
-83.43404134114583
 31
0.0
  0
LINE
  5
20E
330
17
100
AcDbEntity
  8
visible
100
AcDbLine
 10
8.562255959375001
 20
-83.22896321614583
 30
0.0
 11
8.562255959375001
 21
-82.63692220052083
 31
0.0
  0
LINE
  5
20F
330
17
100
AcDbEntity
  8
visible
100
AcDbLine
 10
9.071289162500001
 20
-83.22896321614583
 30
0.0
 11
8.562255959375001
 21
-83.22896321614583
 31
0.0
  0
SPLINE
  5
210
330
17
100
AcDbEntity
  8
visible
100
AcDbSpline
 70
0
 71
3
 72
17
 73
13
 74
0
 40
0.0
 40
0.0
 40
0.0
 40
0.0
 40
1.0
 40
1.0
 40
1.0
 40
2.0
 40
2.0
 40
2.0
 40
2.6826923076923075
 40
2.6826923076923075
 40
2.6826923076923075
 40
4.0480769230769225
 40
4.0480769230769225
 40
4.0480769230769225
 40
4.0480769230769225
 10
9.128662209375001
 20
-82.63692220052083
 30
0.0
 10
9.26131194895833
 20
-82.6369222005208
 30
0.0
 10
9.358357847395832
 20
-82.6641845703125
 30
0.0
 10
9.419799904687501
 20
-82.71870930989581
 30
0.0
 10
9.481241961979165
 20
-82.77323404947916
 30
0.0
 10
9.511962990625005
 20
-82.8428141276042
 30
0.0
 10
9.511962990625001
 20
-82.9274495442708
 30
0.0
 10
9.511962990625001
 20
-82.9852294921875
 30
0.0
 10
9.496093850000006
 20
-83.03873697916667
 30
0.0
 10
9.464355568750001
 20
-83.08797200520833
 30
0.0
 10
9.398081366643021
 20
-83.1871414671934
 30
0.0
 10
9.290558156273649
 20
-83.22826380624407
 30
0.0
 10
9.071289162500001
 20
-83.22896321614584
 30
0.0
  0
LINE
  5
211
330
17
100
AcDbEntity
  8
visible
100
AcDbLine
 10
8.562255959375001
 20
-82.63692220052083
 30
0.0
 11
9.128662209375001
 21
-82.63692220052083
 31
0.0
  0
LINE
  5
212
330
17
100
AcDbEntity
  8
visible
100
AcDbLine
 10
9.930664162500001
 20
-84.22871907552083
 30
0.0
 11
10.182129006250001
 21
-84.22871907552083
 31
0.0
  0
LINE
  5
213
330
17
100
AcDbEntity
  8
visible
100
AcDbLine
 10
10.617920021875001
 20
-82.43916829427083
 30
0.0
 11
9.930664162500001
 21
-84.22871907552083
 31
0.0
  0
LINE
  5
214
330
17
100
AcDbEntity
  8
visible
100
AcDbLine
 10
10.873046975000001
 20
-82.43916829427083
 30
0.0
 11
10.617920021875001
 21
-82.43916829427083
 31
0.0
  0
LINE
  5
215
330
17
100
AcDbEntity
  8
visible
100
AcDbLine
 10
11.605468850000001
 20
-84.22871907552083
 30
0.0
 11
10.873046975000001
 21
-82.43916829427083
 31
0.0
  0
LINE
  5
216
330
17
100
AcDbEntity
  8
visible
100
AcDbLine
 10
11.335693459375001
 20
-84.22871907552083
 30
0.0
 11
11.605468850000001
 21
-84.22871907552083
 31
0.0
  0
LINE
  5
217
330
17
100
AcDbEntity
  8
visible
100
AcDbLine
 10
11.126953225000001
 20
-83.68672688802083
 30
0.0
 11
11.335693459375001
 21
-84.22871907552083
 31
0.0
  0
LINE
  5
218
330
17
100
AcDbEntity
  8
visible
100
AcDbLine
 10
10.378662209375001
 20
-83.68672688802083
 30
0.0
 11
11.126953225000001
 21
-83.68672688802083
 31
0.0
  0
LINE
  5
219
330
17
100
AcDbEntity
  8
visible
100
AcDbLine
 10
10.182129006250001
 20
-84.22871907552083
 30
0.0
 11
10.378662209375001
 21
-83.68672688802083
 31
0.0
  0
LINE
  5
21A
330
17
100
AcDbEntity
  8
visible
100
AcDbLine
 10
10.447021584375001
 20
-83.49385579427083
 30
0.0
 11
10.643554787500001
 21
-82.96895345052083
 31
0.0
  0
LINE
  5
21B
330
17
100
AcDbEntity
  8
visible
100
AcDbLine
 10
11.053711037500001
 20
-83.49385579427083
 30
0.0
 11
10.447021584375001
 21
-83.49385579427083
 31
0.0
  0
LINE
  5
21C
330
17
100
AcDbEntity
  8
visible
100
AcDbLine
 10
10.866943459375001
 20
-82.99825032552083
 30
0.0
 11
11.053711037500001
 21
-83.49385579427083
 31
0.0
  0
SPLINE
  5
21D
330
17
100
AcDbEntity
  8
visible
100
AcDbSpline
 70
0
 71
2
 72
6
 73
3
 74
0
 40
0.0
 40
0.0
 40
0.0
 40
1.0
 40
1.0
 40
1.0
 10
10.866943459375001
 20
-82.99825032552083
 30
0.0
 10
10.781494240625001
 20
-82.77242024739583
 30
0.0
 10
10.739990334375001
 20
-82.62715657552083
 30
0.0
  0
SPLINE
  5
21E
330
17
100
AcDbEntity
  8
visible
100
AcDbSpline
 70
0
 71
2
 72
6
 73
3
 74
0
 40
0.0
 40
0.0
 40
0.0
 40
1.0
 40
1.0
 40
1.0
 10
10.739990334375001
 20
-82.62715657552083
 30
0.0
 10
10.705810646875001
 20
-82.79927571614583
 30
0.0
 10
10.643554787500001
 20
-82.96895345052083
 30
0.0
  0
LINE
  5
21F
330
17
100
AcDbEntity
  8
visible
100
AcDbLine
 10
1.0000001
 20
-95.04096137152777
 30
0.0
 11
1.4305014020833333
 21
-95.04096137152777
 31
0.0
  0
LINE
  5
220
330
17
100
AcDbEntity
  8
visible
100
AcDbLine
 10
1.0000001
 20
-93.8479275173611
 30
0.0
 11
1.0000001
 21
-95.04096137152777
 31
0.0
  0
LINE
  5
221
330
17
100
AcDbEntity
  8
visible
100
AcDbLine
 10
1.4109701520833333
 20
-93.8479275173611
 30
0.0
 11
1.0000001
 21
-93.8479275173611
 31
0.0
  0
SPLINE
  5
222
330
17
100
AcDbEntity
  8
visible
100
AcDbSpline
 70
0
 71
2
 72
6
 73
3
 74
0
 40
0.0
 40
0.0
 40
0.0
 40
1.0
 40
1.0
 40
1.0
 10
1.4109701520833333
 20
-93.8479275173611
 30
0.0
 10
1.5501303083333333
 20
-93.8479275173611
 30
0.0
 10
1.6233724958333333
 20
-93.8650173611111
 30
0.0
  0
SPLINE
  5
223
330
17
100
AcDbEntity
  8
visible
100
AcDbSpline
 70
0
 71
2
 72
6
 73
3
 74
0
 40
0.0
 40
0.0
 40
0.0
 40
1.0
 40
1.0
 40
1.0
 10
1.6233724958333333
 20
-93.8650173611111
 30
0.0
 10
1.7259115583333333
 20
-93.88861762152777
 30
0.0
 10
1.79833994375
 20
-93.9504665798611
 30
0.0
  0
SPLINE
  5
224
330
17
100
AcDbEntity
  8
visible
100
AcDbSpline
 70
0
 71
3
 72
20
 73
16
 74
0
 40
0.0
 40
0.0
 40
0.0
 40
0.0
 40
2.0000000000000417
 40
2.0000000000000417
 40
2.0000000000000417
 40
4.000000000000204
 40
4.000000000000204
 40
4.000000000000204
 40
5.000000000000217
 40
5.000000000000217
 40
5.000000000000217
 40
6.173652694610934
 40
6.173652694610934
 40
6.173652694610934
 40
7.347305389221533
 40
7.347305389221533
 40
7.347305389221533
 40
7.347305389221533
 10
1.4305014020833333
 20
-95.04096137152777
 30
0.0
 10
1.574680004513892
 20
-95.04055447048607
 30
0.0
 10
1.6860352562500023
 20
-95.0138346354167
 30
0.0
 10
1.7645671572916635
 20
-94.96080186631941
 30
0.0
 10
1.8423445339571185
 20
-94.90745539412274
 30
0.0
 10
1.9131623934734296
 20
-94.81951400691895
 30
0.0
 10
1.95458994375
 20
-94.67881944444444
 30
0.0
 10
1.9757487979166661
 20
-94.60883246527776
 30
0.0
 10
1.9863282250000003
 20
-94.52853732638889
 30
0.0
 10
1.986328225
 20
-94.43793402777777
 30
0.0
 10
1.9863282249999983
 20
-94.33159722222214
 30
0.0
 10
1.970730351736112
 20
-94.23706054687504
 30
0.0
 10
1.9395346052083309
 20
-94.15432400173609
 30
0.0
 10
1.9083388586805536
 20
-94.07158745659719
 30
0.0
 10
1.861273971527778
 20
-94.00363498263889
 30
0.0
 10
1.7983399437499998
 20
-93.9504665798611
 30
0.0
  0
LINE
  5
225
330
17
100
AcDbEntity
  8
visible
100
AcDbLine
 10
1.1578777041666668
 20
-94.9001736111111
 30
0.0
 11
1.1578777041666668
 21
-93.98871527777777
 31
0.0
  0
LINE
  5
226
330
17
100
AcDbEntity
  8
visible
100
AcDbLine
 10
1.41259775625
 20
-94.9001736111111
 30
0.0
 11
1.1578777041666668
 21
-94.9001736111111
 31
0.0
  0
SPLINE
  5
227
330
17
100
AcDbEntity
  8
visible
100
AcDbSpline
 70
0
 71
3
 72
17
 73
13
 74
0
 40
0.0
 40
0.0
 40
0.0
 40
0.0
 40
1.0
 40
1.0
 40
1.0
 40
1.999999999999896
 40
1.999999999999896
 40
1.999999999999896
 40
3.443478260869126
 40
3.443478260869126
 40
3.443478260869126
 40
4.468557025834103
 40
4.468557025834103
 40
4.468557025834103
 40
4.468557025834103
 10
1.6127930687500003
 20
-94.01312934027779
 30
0.0
 10
1.671386818749999
 20
-94.03591579861106
 30
0.0
 10
1.721164379513891
 20
-94.080810546875
 30
0.0
 10
1.76212575104167
 20
-94.14781358506944
 30
0.0
 10
1.8030871225694458
 20
-94.2148166232639
 30
0.0
 10
1.823567808333333
 20
-94.31070963541666
 30
0.0
 10
1.8235678083333333
 20
-94.43549262152777
 30
0.0
 10
1.8242460239956304
 20
-94.61578370322103
 30
0.0
 10
1.7789442801710416
 20
-94.74131265094556
 30
0.0
 10
1.7047527041666657
 20
-94.81635199652776
 30
0.0
 10
1.6491257696130583
 20
-94.86909651451657
 30
0.0
 10
1.5723913574702748
 20
-94.90059749590003
 30
0.0
 10
1.4125977562500003
 20
-94.90017361111109
 30
0.0
  0
SPLINE
  5
228
330
17
100
AcDbEntity
  8
visible
100
AcDbSpline
 70
0
 71
2
 72
6
 73
3
 74
0
 40
0.0
 40
0.0
 40
0.0
 40
1.0
 40
1.0
 40
1.0
 10
1.61279306875
 20
-94.01312934027777
 30
0.0
 10
1.54931650625
 20
-93.98871527777777
 30
0.0
 10
1.4085287458333333
 20
-93.98871527777777
 30
0.0
  0
LINE
  5
229
330
17
100
AcDbEntity
  8
visible
100
AcDbLine
 10
1.1578777041666668
 20
-93.98871527777777
 30
0.0
 11
1.4085287458333333
 21
-93.98871527777777
 31
0.0
  0
LINE
  5
22A
330
17
100
AcDbEntity
  8
visible
100
AcDbLine
 10
2.0725912458333333
 20
-95.04096137152777
 30
0.0
 11
2.240234475
 21
-95.04096137152777
 31
0.0
  0
LINE
  5
22B
330
17
100
AcDbEntity
  8
visible
100
AcDbLine
 10
2.5307618187500003
 20
-93.8479275173611
 30
0.0
 11
2.0725912458333333
 21
-95.04096137152777
 31
0.0
  0
LINE
  5
22C
330
17
100
AcDbEntity
  8
visible
100
AcDbLine
 10
2.700846454166667
 20
-93.8479275173611
 30
0.0
 11
2.53076181875
 21
-93.8479275173611
 31
0.0
  0
LINE
  5
22D
330
17
100
AcDbEntity
  8
visible
100
AcDbLine
 10
3.189127704166667
 20
-95.04096137152777
 30
0.0
 11
2.700846454166667
 21
-93.8479275173611
 31
0.0
  0
LINE
  5
22E
330
17
100
AcDbEntity
  8
visible
100
AcDbLine
 10
3.0092774437500003
 20
-95.04096137152777
 30
0.0
 11
3.189127704166667
 21
-95.04096137152777
 31
0.0
  0
LINE
  5
22F
330
17
100
AcDbEntity
  8
visible
100
AcDbLine
 10
2.8701172875000003
 20
-94.67963324652777
 30
0.0
 11
3.0092774437500003
 21
-95.04096137152777
 31
0.0
  0
LINE
  5
230
330
17
100
AcDbEntity
  8
visible
100
AcDbLine
 10
2.371256610416667
 20
-94.67963324652777
 30
0.0
 11
2.8701172875000003
 21
-94.67963324652777
 31
0.0
  0
LINE
  5
231
330
17
100
AcDbEntity
  8
visible
100
AcDbLine
 10
2.240234475
 20
-95.04096137152777
 30
0.0
 11
2.371256610416667
 21
-94.67963324652777
 31
0.0
  0
LINE
  5
232
330
17
100
AcDbEntity
  8
visible
100
AcDbLine
 10
2.4168295270833333
 20
-94.5510525173611
 30
0.0
 11
2.5478516625
 21
-94.20111762152777
 31
0.0
  0
LINE
  5
233
330
17
100
AcDbEntity
  8
visible
100
AcDbLine
 10
2.8212891625000003
 20
-94.5510525173611
 30
0.0
 11
2.4168295270833333
 21
-94.5510525173611
 31
0.0
  0
LINE
  5
234
330
17
100
AcDbEntity
  8
visible
100
AcDbLine
 10
2.6967774437500003
 20
-94.22064887152777
 30
0.0
 11
2.8212891625000003
 21
-94.5510525173611
 31
0.0
  0
SPLINE
  5
235
330
17
100
AcDbEntity
  8
visible
100
AcDbSpline
 70
0
 71
2
 72
6
 73
3
 74
0
 40
0.0
 40
0.0
 40
0.0
 40
1.0
 40
1.0
 40
1.0
 10
2.6967774437500003
 20
-94.22064887152777
 30
0.0
 10
2.639811297916667
 20
-94.0700954861111
 30
0.0
 10
2.6121420270833333
 20
-93.97325303819444
 30
0.0
  0
SPLINE
  5
236
330
17
100
AcDbEntity
  8
visible
100
AcDbSpline
 70
0
 71
2
 72
6
 73
3
 74
0
 40
0.0
 40
0.0
 40
0.0
 40
1.0
 40
1.0
 40
1.0
 10
2.6121420270833333
 20
-93.97325303819444
 30
0.0
 10
2.5893555687500003
 20
-94.08799913194444
 30
0.0
 10
2.5478516625
 20
-94.20111762152777
 30
0.0
  0
LINE
  5
237
330
17
100
AcDbEntity
  8
visible
100
AcDbLine
 10
3.4951172875000003
 20
-95.04096137152777
 30
0.0
 11
3.6529948916666672
 21
-95.04096137152777
 31
0.0
  0
LINE
  5
238
330
17
100
AcDbEntity
  8
visible
100
AcDbLine
 10
3.4951172875000003
 20
-93.98871527777777
 30
0.0
 11
3.4951172875000003
 21
-95.04096137152777
 31
0.0
  0
LINE
  5
239
330
17
100
AcDbEntity
  8
visible
100
AcDbLine
 10
3.1020508812500003
 20
-93.98871527777777
 30
0.0
 11
3.4951172875000003
 21
-93.98871527777777
 31
0.0
  0
LINE
  5
23A
330
17
100
AcDbEntity
  8
visible
100
AcDbLine
 10
3.1020508812500003
 20
-93.8479275173611
 30
0.0
 11
3.1020508812500003
 21
-93.98871527777777
 31
0.0
  0
LINE
  5
23B
330
17
100
AcDbEntity
  8
visible
100
AcDbLine
 10
4.047688902083333
 20
-93.8479275173611
 30
0.0
 11
3.1020508812500003
 21
-93.8479275173611
 31
0.0
  0
LINE
  5
23C
330
17
100
AcDbEntity
  8
visible
100
AcDbLine
 10
4.047688902083333
 20
-93.98871527777777
 30
0.0
 11
4.047688902083333
 21
-93.8479275173611
 31
0.0
  0
LINE
  5
23D
330
17
100
AcDbEntity
  8
visible
100
AcDbLine
 10
3.6529948916666672
 20
-93.98871527777777
 30
0.0
 11
4.047688902083333
 21
-93.98871527777777
 31
0.0
  0
LINE
  5
23E
330
17
100
AcDbEntity
  8
visible
100
AcDbLine
 10
3.6529948916666672
 20
-95.04096137152777
 30
0.0
 11
3.6529948916666672
 21
-93.98871527777777
 31
0.0
  0
LINE
  5
23F
330
17
100
AcDbEntity
  8
visible
100
AcDbLine
 10
4.212890725
 20
-95.04096137152777
 30
0.0
 11
5.103190204166667
 21
-95.04096137152777
 31
0.0
  0
LINE
  5
240
330
17
100
AcDbEntity
  8
visible
100
AcDbLine
 10
4.212890725
 20
-93.8479275173611
 30
0.0
 11
4.212890725
 21
-95.04096137152777
 31
0.0
  0
LINE
  5
241
330
17
100
AcDbEntity
  8
visible
100
AcDbLine
 10
5.075520933333333
 20
-93.8479275173611
 30
0.0
 11
4.212890725
 21
-93.8479275173611
 31
0.0
  0
LINE
  5
242
330
17
100
AcDbEntity
  8
visible
100
AcDbLine
 10
5.075520933333333
 20
-93.98871527777777
 30
0.0
 11
5.075520933333333
 21
-93.8479275173611
 31
0.0
  0
LINE
  5
243
330
17
100
AcDbEntity
  8
visible
100
AcDbLine
 10
4.370768329166667
 20
-93.98871527777777
 30
0.0
 11
5.075520933333333
 21
-93.98871527777777
 31
0.0
  0
LINE
  5
244
330
17
100
AcDbEntity
  8
visible
100
AcDbLine
 10
4.370768329166667
 20
-94.35411241319444
 30
0.0
 11
4.370768329166667
 21
-93.98871527777777
 31
0.0
  0
LINE
  5
245
330
17
100
AcDbEntity
  8
visible
100
AcDbLine
 10
5.03076181875
 20
-94.35411241319444
 30
0.0
 11
4.370768329166667
 21
-94.35411241319444
 31
0.0
  0
LINE
  5
246
330
17
100
AcDbEntity
  8
visible
100
AcDbLine
 10
5.03076181875
 20
-94.49408637152777
 30
0.0
 11
5.03076181875
 21
-94.35411241319444
 31
0.0
  0
LINE
  5
247
330
17
100
AcDbEntity
  8
visible
100
AcDbLine
 10
4.370768329166667
 20
-94.49408637152777
 30
0.0
 11
5.03076181875
 21
-94.49408637152777
 31
0.0
  0
LINE
  5
248
330
17
100
AcDbEntity
  8
visible
100
AcDbLine
 10
4.370768329166667
 20
-94.9001736111111
 30
0.0
 11
4.370768329166667
 21
-94.49408637152777
 31
0.0
  0
LINE
  5
249
330
17
100
AcDbEntity
  8
visible
100
AcDbLine
 10
5.103190204166667
 20
-94.9001736111111
 30
0.0
 11
4.370768329166667
 21
-94.9001736111111
 31
0.0
  0
LINE
  5
24A
330
17
100
AcDbEntity
  8
visible
100
AcDbLine
 10
5.103190204166667
 20
-95.04096137152777
 30
0.0
 11
5.103190204166667
 21
-94.9001736111111
 31
0.0
  0
LINE
  5
24B
330
17
100
AcDbEntity
  8
visible
100
AcDbLine
 10
5.34326181875
 20
-94.3435329861111
 30
0.0
 11
5.510091245833333
 21
-94.3435329861111
 31
0.0
  0
LINE
  5
24C
330
17
100
AcDbEntity
  8
visible
100
AcDbLine
 10
5.34326181875
 20
-94.17670355902777
 30
0.0
 11
5.34326181875
 21
-94.3435329861111
 31
0.0
  0
LINE
  5
24D
330
17
100
AcDbEntity
  8
visible
100
AcDbLine
 10
5.510091245833333
 20
-94.17670355902777
 30
0.0
 11
5.34326181875
 21
-94.17670355902777
 31
0.0
  0
LINE
  5
24E
330
17
100
AcDbEntity
  8
visible
100
AcDbLine
 10
5.510091245833333
 20
-94.3435329861111
 30
0.0
 11
5.510091245833333
 21
-94.17670355902777
 31
0.0
  0
LINE
  5
24F
330
17
100
AcDbEntity
  8
visible
100
AcDbLine
 10
5.34326181875
 20
-95.04096137152777
 30
0.0
 11
5.510091245833333
 21
-95.04096137152777
 31
0.0
  0
LINE
  5
250
330
17
100
AcDbEntity
  8
visible
100
AcDbLine
 10
5.34326181875
 20
-94.87413194444444
 30
0.0
 11
5.34326181875
 21
-95.04096137152777
 31
0.0
  0
LINE
  5
251
330
17
100
AcDbEntity
  8
visible
100
AcDbLine
 10
5.510091245833333
 20
-94.87413194444444
 30
0.0
 11
5.34326181875
 21
-94.87413194444444
 31
0.0
  0
LINE
  5
252
330
17
100
AcDbEntity
  8
visible
100
AcDbLine
 10
5.510091245833333
 20
-95.04096137152777
 30
0.0
 11
5.510091245833333
 21
-94.87413194444444
 31
0.0
  0
LINE
  5
253
330
17
100
AcDbEntity
  8
visible
100
AcDbLine
 10
2.183056740625
 20
-106.22694227430556
 30
0.0
 11
1.30537119375
 21
-106.22694227430556
 31
0.0
  0
LINE
  5
254
330
17
100
AcDbEntity
  8
visible
100
AcDbLine
 10
2.183056740625
 20
-106.43812391493056
 30
0.0
 11
2.183056740625
 21
-106.22694227430556
 31
0.0
  0
LINE
  5
255
330
17
100
AcDbEntity
  8
visible
100
AcDbLine
 10
1.0001954125
 20
-106.43812391493056
 30
0.0
 11
2.183056740625
 21
-106.43812391493056
 31
0.0
  0
SPLINE
  5
256
330
17
100
AcDbEntity
  8
visible
100
AcDbSpline
 70
0
 71
2
 72
6
 73
3
 74
0
 40
0.0
 40
0.0
 40
0.0
 40
1.0
 40
1.0
 40
1.0
 10
1.0001954125
 20
-106.43812391493056
 30
0.0
 10
0.9977540062500001
 20
-106.35877821180556
 30
0.0
 10
1.025830178125
 20
-106.28553602430556
 30
0.0
  0
SPLINE
  5
257
330
17
100
AcDbEntity
  8
visible
100
AcDbSpline
 70
0
 71
2
 72
8
 73
5
 74
0
 40
0.0
 40
0.0
 40
0.0
 40
1.0
 40
1.0
 40
2.0
 40
2.0
 40
2.0
 10
1.457959084375
 20
-105.77650282118056
 30
0.0
 10
1.269970803125
 20
-105.93031141493057
 30
0.0
 10
1.1704834984375
 20
-106.04749891493056
 30
0.0
 10
1.07099619375
 20
-106.16468641493057
 30
0.0
 10
1.025830178125
 20
-106.28553602430556
 30
0.0
  0
SPLINE
  5
258
330
17
100
AcDbEntity
  8
visible
100
AcDbSpline
 70
0
 71
2
 72
16
 73
13
 74
0
 40
0.0
 40
0.0
 40
0.0
 40
1.0
 40
1.0
 40
2.0
 40
2.0
 40
2.9461538461538463
 40
2.9461538461538463
 40
3.8923076923076927
 40
3.8923076923076927
 40
4.794248741912294
 40
4.794248741912294
 40
5.696189791516895
 40
5.696189791516895
 40
5.696189791516895
 10
1.267529396875
 20
-105.18202039930556
 30
0.0
 10
1.2687501
 20
-105.01356336805557
 30
0.0
 10
1.36396494375
 20
-104.91834852430556
 30
0.0
 10
1.4591797875
 20
-104.82313368055557
 30
0.0
 10
1.61787119375
 20
-104.82313368055556
 30
0.0
 10
1.768017678125
 20
-104.82313368055557
 30
0.0
 10
1.8614014671875
 20
-104.91285536024306
 30
0.0
 10
1.95478525625
 20
-105.00257703993057
 30
0.0
 10
1.95478525625
 20
-105.13319227430556
 30
0.0
 10
1.9547852562499997
 20
-105.25770399305556
 30
0.0
 10
1.85224619375
 20
-105.39747450086806
 30
0.0
 10
1.749707131250001
 20
-105.53724500868061
 30
0.0
 10
1.457959084375
 20
-105.77650282118056
 30
0.0
  0
LINE
  5
259
330
17
100
AcDbEntity
  8
visible
100
AcDbLine
 10
1.04169931875
 20
-105.15882703993056
 30
0.0
 11
1.267529396875
 21
-105.18202039930556
 31
0.0
  0
SPLINE
  5
25A
330
17
100
AcDbEntity
  8
visible
100
AcDbSpline
 70
0
 71
3
 72
23
 73
19
 74
0
 40
0.0
 40
0.0
 40
0.0
 40
0.0
 40
1.0
 40
1.0
 40
1.0
 40
2.0
 40
2.0
 40
2.0
 40
3.0
 40
3.0
 40
3.0
 40
4.965909090909091
 40
4.965909090909091
 40
4.965909090909091
 40
6.931818181818182
 40
6.931818181818182
 40
6.931818181818182
 40
10.826367944851357
 40
10.826367944851357
 40
10.826367944851357
 40
10.826367944851357
 10
1.65205088125
 20
-105.88270399305556
 30
0.0
 10
1.8099284854166655
 20
-105.74924045138884
 30
0.0
 10
1.9228435244791668
 20
-105.64425998263891
 30
0.0
 10
1.9907959984375
 20
-105.56776258680556
 30
0.0
 10
2.058748472395833
 20
-105.49126519097223
 30
0.0
 10
2.1073731468750005
 20
-105.41842990451387
 30
0.0
 10
2.136670021875
 20
-105.34925672743056
 30
0.0
 10
2.165966896875
 20
-105.28008355034717
 30
0.0
 10
2.1806153343749997
 20
-105.20968967013891
 30
0.0
 10
2.180615334375
 20
-105.13807508680556
 30
0.0
 10
2.180615334374999
 20
-104.99728732638884
 30
0.0
 10
2.13056650625
 20
-104.87928602430556
 30
0.0
 10
2.03046885
 20
-104.78407118055557
 30
0.0
 10
1.9303711937499994
 20
-104.68885633680549
 30
0.0
 10
1.7944662458333331
 20
-104.64124891493057
 30
0.0
 10
1.62275400625
 20
-104.64124891493059
 30
0.0
 10
1.2851280441502844
 20
-104.6399772605637
 30
0.0
 10
1.0700804891830489
 20
-104.82318463179739
 30
0.0
 10
1.04169931875
 20
-105.15882703993057
 30
0.0
  0
SPLINE
  5
25B
330
17
100
AcDbEntity
  8
visible
100
AcDbSpline
 70
0
 71
2
 72
8
 73
5
 74
0
 40
0.0
 40
0.0
 40
0.0
 40
1.0
 40
1.0
 40
2.0
 40
2.0
 40
2.0
 10
1.30537119375
 20
-106.22694227430556
 30
0.0
 10
1.3419922875
 20
-106.16712782118057
 30
0.0
 10
1.39814463125
 20
-106.10792371961806
 30
0.0
 10
1.454296975
 20
-106.04871961805557
 30
0.0
 10
1.65205088125
 20
-105.88270399305556
 30
0.0
  0
SPLINE
  5
25C
330
17
100
AcDbEntity
  8
visible
100
AcDbSpline
 70
0
 71
3
 72
35
 73
31
 74
0
 40
0.0
 40
0.0
 40
0.0
 40
0.0
 40
1.0
 40
1.0
 40
1.0
 40
2.518867924528302
 40
2.518867924528302
 40
2.518867924528302
 40
3.278301886792453
 40
3.278301886792453
 40
3.278301886792453
 40
3.919994149480767
 40
3.919994149480767
 40
3.919994149480767
 40
5.203378674857396
 40
5.203378674857396
 40
5.203378674857396
 40
5.84507093754571
 40
5.84507093754571
 40
5.84507093754571
 40
6.715162141190882
 40
6.715162141190882
 40
6.715162141190882
 40
7.585253344836055
 40
7.585253344836055
 40
7.585253344836055
 40
8.455344548481227
 40
8.455344548481227
 40
8.455344548481227
 40
9.83745096042529
 40
9.83745096042529
 40
9.83745096042529
 40
9.83745096042529
 10
2.595654396875
 20
-106.28309461805556
 30
0.0
 10
2.6941244489583323
 20
-106.40679253472221
 30
0.0
 10
2.829622495833333
 20
-106.46864149305559
 30
0.0
 10
3.0021485375
 20
-106.46864149305553
 30
0.0
 10
3.264574304643377
 20
-106.47048539188746
 30
0.0
 10
3.4343028484816243
 20
-106.32010976870282
 30
0.0
 10
3.520947365625
 20
-106.06397840711806
 30
0.0
 10
3.564078876041666
 20
-105.93499077690973
 30
0.0
 10
3.58564463125
 20
-105.76551649305557
 30
0.0
 10
3.5856446312500005
 20
-105.55555555555556
 30
0.0
 10
3.5856446312499988
 20
-105.37814670138889
 30
0.0
 10
3.572216896875
 20
-105.23715549045139
 30
0.0
 10
3.545361428125
 20
-105.13258192274306
 30
0.0
 10
3.490887498004912
 20
-104.92381628363634
 30
0.0
 10
3.4004538478284196
 20
-104.77616201497476
 30
0.0
 10
3.254834084375
 20
-104.69923231336806
 30
0.0
 10
3.1824056989583327
 20
-104.66057671440969
 30
0.0
 10
3.098177183333333
 20
-104.64124891493054
 30
0.0
 10
3.0021485375
 20
-104.64124891493056
 30
0.0
 10
2.871940204166666
 20
-104.64124891493057
 30
0.0
 10
2.763907977604167
 20
-104.67624240451387
 30
0.0
 10
2.6780518578125
 20
-104.74622938368056
 30
0.0
 10
2.5921957380208327
 20
-104.81621636284717
 30
0.0
 10
2.527498472395833
 20
-104.91570366753473
 30
0.0
 10
2.4839600609375
 20
-105.04469129774307
 30
0.0
 10
2.4404216494791653
 20
-105.17367892795133
 30
0.0
 10
2.418652443750001
 20
-105.34396701388891
 30
0.0
 10
2.4186524437499997
 20
-105.55555555555556
 30
0.0
 10
2.418652443749999
 20
-105.89165581597224
 30
0.0
 10
2.477653094791667
 20
-106.13416883680551
 30
0.0
 10
2.595654396875
 20
-106.28309461805557
 30
0.0
  0
SPLINE
  5
25D
330
17
100
AcDbEntity
  8
visible
100
AcDbSpline
 70
0
 71
2
 72
20
 73
17
 74
0
 40
0.0
 40
0.0
 40
0.0
 40
1.0
 40
1.0
 40
2.0161290322580645
 40
2.0161290322580645
 40
3.032258064516129
 40
3.032258064516129
 40
4.042773124220282
 40
4.042773124220282
 40
5.053288183924433
 40
5.053288183924433
 40
6.063803243628585
 40
6.063803243628585
 40
7.074318303332737
 40
7.074318303332737
 40
8.08483336303689
 40
8.08483336303689
 40
8.08483336303689
 10
2.7580079125
 20
-104.95130750868056
 30
0.0
 10
2.84833994375
 20
-104.82313368055557
 30
0.0
 10
2.99970713125
 20
-104.82313368055556
 30
0.0
 10
3.153515725
 20
-104.82313368055557
 30
0.0
 10
3.2566651390625
 20
-104.96839735243056
 30
0.0
 10
3.359814553125
 20
-105.11366102430554
 30
0.0
 10
3.359814553125
 20
-105.55555555555556
 30
0.0
 10
3.359814553125
 20
-105.99500868055557
 30
0.0
 10
3.2566651390625
 20
-106.14149305555556
 30
0.0
 10
3.153515725
 20
-106.28797743055556
 30
0.0
 10
3.0021485375
 20
-106.28797743055556
 30
0.0
 10
2.85078135
 20
-106.28797743055557
 30
0.0
 10
2.7476319359375
 20
-106.14210340711806
 30
0.0
 10
2.644482521875
 20
-105.99622938368056
 30
0.0
 10
2.644482521875
 20
-105.55555555555556
 30
0.0
 10
2.644482521875
 20
-105.11488172743057
 30
0.0
 10
2.7580079125
 20
-104.95130750868056
 30
0.0
  0
LINE
  5
25E
330
17
100
AcDbEntity
  8
visible
100
AcDbLine
 10
4.963818459375
 20
-106.22694227430556
 30
0.0
 11
4.0861329125
 21
-106.22694227430556
 31
0.0
  0
LINE
  5
25F
330
17
100
AcDbEntity
  8
visible
100
AcDbLine
 10
4.963818459375
 20
-106.43812391493056
 30
0.0
 11
4.963818459375
 21
-106.22694227430556
 31
0.0
  0
LINE
  5
260
330
17
100
AcDbEntity
  8
visible
100
AcDbLine
 10
3.78095713125
 20
-106.43812391493056
 30
0.0
 11
4.963818459375
 21
-106.43812391493056
 31
0.0
  0
SPLINE
  5
261
330
17
100
AcDbEntity
  8
visible
100
AcDbSpline
 70
0
 71
2
 72
6
 73
3
 74
0
 40
0.0
 40
0.0
 40
0.0
 40
1.0
 40
1.0
 40
1.0
 10
3.78095713125
 20
-106.43812391493056
 30
0.0
 10
3.778515725
 20
-106.35877821180556
 30
0.0
 10
3.806591896875
 20
-106.28553602430556
 30
0.0
  0
SPLINE
  5
262
330
17
100
AcDbEntity
  8
visible
100
AcDbSpline
 70
0
 71
2
 72
8
 73
5
 74
0
 40
0.0
 40
0.0
 40
0.0
 40
1.0
 40
1.0
 40
2.0
 40
2.0
 40
2.0
 10
4.238720803125
 20
-105.77650282118056
 30
0.0
 10
4.050732521875
 20
-105.93031141493057
 30
0.0
 10
3.9512452171875
 20
-106.04749891493056
 30
0.0
 10
3.8517579125
 20
-106.16468641493057
 30
0.0
 10
3.806591896875
 20
-106.28553602430556
 30
0.0
  0
SPLINE
  5
263
330
17
100
AcDbEntity
  8
visible
100
AcDbSpline
 70
0
 71
2
 72
16
 73
13
 74
0
 40
0.0
 40
0.0
 40
0.0
 40
1.0
 40
1.0
 40
2.0
 40
2.0
 40
2.9461538461538463
 40
2.9461538461538463
 40
3.8923076923076927
 40
3.8923076923076927
 40
4.794248741912294
 40
4.794248741912294
 40
5.696189791516895
 40
5.696189791516895
 40
5.696189791516895
 10
4.048291115625
 20
-105.18202039930556
 30
0.0
 10
4.04951181875
 20
-105.01356336805557
 30
0.0
 10
4.1447266625
 20
-104.91834852430556
 30
0.0
 10
4.23994150625
 20
-104.82313368055557
 30
0.0
 10
4.3986329125
 20
-104.82313368055556
 30
0.0
 10
4.548779396875
 20
-104.82313368055557
 30
0.0
 10
4.6421631859375
 20
-104.91285536024306
 30
0.0
 10
4.735546975
 20
-105.00257703993057
 30
0.0
 10
4.735546975
 20
-105.13319227430556
 30
0.0
 10
4.735546975
 20
-105.25770399305556
 30
0.0
 10
4.6330079125
 20
-105.39747450086806
 30
0.0
 10
4.530468850000003
 20
-105.53724500868061
 30
0.0
 10
4.238720803125
 20
-105.77650282118056
 30
0.0
  0
LINE
  5
264
330
17
100
AcDbEntity
  8
visible
100
AcDbLine
 10
3.8224610375
 20
-105.15882703993056
 30
0.0
 11
4.048291115625
 21
-105.18202039930556
 31
0.0
  0
SPLINE
  5
265
330
17
100
AcDbEntity
  8
visible
100
AcDbSpline
 70
0
 71
3
 72
23
 73
19
 74
0
 40
0.0
 40
0.0
 40
0.0
 40
0.0
 40
1.0
 40
1.0
 40
1.0
 40
2.0
 40
2.0
 40
2.0
 40
3.0
 40
3.0
 40
3.0
 40
4.965909090909091
 40
4.965909090909091
 40
4.965909090909091
 40
6.931818181818182
 40
6.931818181818182
 40
6.931818181818182
 40
10.826367944851357
 40
10.826367944851357
 40
10.826367944851357
 40
10.826367944851357
 10
4.4328126
 20
-105.88270399305556
 30
0.0
 10
4.590690204166665
 20
-105.74924045138884
 30
0.0
 10
4.703605243229166
 20
-105.64425998263891
 30
0.0
 10
4.7715577171875
 20
-105.56776258680556
 30
0.0
 10
4.839510191145833
 20
-105.49126519097223
 30
0.0
 10
4.888134865625001
 20
-105.41842990451387
 30
0.0
 10
4.917431740625
 20
-105.34925672743056
 30
0.0
 10
4.946728615624999
 20
-105.28008355034717
 30
0.0
 10
4.961377053125001
 20
-105.20968967013891
 30
0.0
 10
4.961377053125
 20
-105.13807508680556
 30
0.0
 10
4.961377053124996
 20
-104.99728732638884
 30
0.0
 10
4.911328225000003
 20
-104.87928602430556
 30
0.0
 10
4.81123056875
 20
-104.78407118055557
 30
0.0
 10
4.7111329124999966
 20
-104.68885633680549
 30
0.0
 10
4.575227964583335
 20
-104.64124891493057
 30
0.0
 10
4.403515725
 20
-104.64124891493059
 30
0.0
 10
4.065889762900285
 20
-104.6399772605637
 30
0.0
 10
3.850842207933049
 20
-104.82318463179739
 30
0.0
 10
3.8224610375
 20
-105.15882703993057
 30
0.0
  0
SPLINE
  5
266
330
17
100
AcDbEntity
  8
visible
100
AcDbSpline
 70
0
 71
2
 72
8
 73
5
 74
0
 40
0.0
 40
0.0
 40
0.0
 40
1.0
 40
1.0
 40
2.0
 40
2.0
 40
2.0
 10
4.0861329125
 20
-106.22694227430556
 30
0.0
 10
4.12275400625
 20
-106.16712782118057
 30
0.0
 10
4.17890635
 20
-106.10792371961806
 30
0.0
 10
4.23505869375
 20
-106.04871961805557
 30
0.0
 10
4.4328126
 20
-105.88270399305556
 30
0.0
  0
LINE
  5
267
330
17
100
AcDbEntity
  8
visible
100
AcDbLine
 10
6.121045021875
 20
-105.10389539930556
 30
0.0
 11
6.33955088125
 21
-105.08680555555556
 31
0.0
  0
SPLINE
  5
268
330
17
100
AcDbEntity
  8
visible
100
AcDbSpline
 70
0
 71
2
 72
6
 73
3
 74
0
 40
0.0
 40
0.0
 40
0.0
 40
1.0
 40
1.0
 40
1.0
 10
6.121045021875
 20
-105.10389539930556
 30
0.0
 10
6.091748146875
 20
-104.97450086805556
 30
0.0
 10
6.038037209375
 20
-104.91590711805556
 30
0.0
  0
SPLINE
  5
269
330
17
100
AcDbEntity
  8
visible
100
AcDbSpline
 70
0
 71
2
 72
8
 73
5
 74
0
 40
0.0
 40
0.0
 40
0.0
 40
1.0
 40
1.0
 40
2.244186046511628
 40
2.244186046511628
 40
2.244186046511628
 10
5.633984475
 20
-104.88050672743056
 30
0.0
 10
5.713330178125001
 20
-104.82191297743057
 30
0.0
 10
5.818310646875
 20
-104.82191297743056
 30
0.0
 10
5.948925881250001
 20
-104.82191297743057
 30
0.0
 10
6.038037209375
 20
-104.91590711805556
 30
0.0
  0
SPLINE
  5
26A
330
17
100
AcDbEntity
  8
visible
100
AcDbSpline
 70
0
 71
2
 72
8
 73
5
 74
0
 40
0.0
 40
0.0
 40
0.0
 40
1.0
 40
1.0
 40
2.0
 40
2.0
 40
2.0
 10
5.408154396875
 20
-105.51527235243056
 30
0.0
 10
5.410595803125001
 20
-105.24671766493057
 30
0.0
 10
5.47041025625
 20
-105.10145399305556
 30
0.0
 10
5.530224709375001
 20
-104.95619032118057
 30
0.0
 10
5.633984475
 20
-104.88050672743056
 30
0.0
  0
SPLINE
  5
26B
330
17
100
AcDbEntity
  8
visible
100
AcDbSpline
 70
0
 71
3
 72
32
 73
28
 74
0
 40
0.0
 40
0.0
 40
0.0
 40
0.0
 40
1.0
 40
1.0
 40
1.0
 40
1.8941176470588235
 40
1.8941176470588235
 40
1.8941176470588235
 40
2.788235294117647
 40
2.788235294117647
 40
2.788235294117647
 40
3.31278431372549
 40
3.31278431372549
 40
3.31278431372549
 40
3.8373333333333335
 40
3.8373333333333335
 40
3.8373333333333335
 40
4.361882352941176
 40
4.361882352941176
 40
4.361882352941176
 40
5.160109121909633
 40
5.160109121909633
 40
5.160109121909633
 40
5.9583358908780895
 40
5.9583358908780895
 40
5.9583358908780895
 40
6.871862082030878
 40
6.871862082030878
 40
6.871862082030878
 40
6.871862082030878
 10
5.381298928125
 20
-104.84632703993056
 30
0.0
 10
5.253532001041664
 20
-105.00339084201387
 30
0.0
 10
5.189648537500001
 20
-105.2548556857639
 30
0.0
 10
5.1896485375
 20
-105.60072157118056
 30
0.0
 10
5.189648537500003
 20
-105.90996636284723
 30
0.0
 10
5.247428485416664
 20
-106.13193088107639
 30
0.0
 10
5.362988381250001
 20
-106.26661512586807
 30
0.0
 10
5.478548277083337
 20
-106.40129937065976
 30
0.0
 10
5.627880959374997
 20
-106.46864149305553
 30
0.0
 10
5.810986428125
 20
-106.46864149305554
 30
0.0
 10
5.918408303124998
 20
-106.46864149305551
 30
0.0
 10
6.014436948958333
 20
-106.44300672743061
 30
0.0
 10
6.099072365625
 20
-106.39173719618054
 30
0.0
 10
6.183707782291667
 20
-106.34046766493056
 30
0.0
 10
6.250236102604167
 20
-106.26661512586804
 30
0.0
 10
6.2986573265625
 20
-106.17017957899306
 30
0.0
 10
6.3470785505208305
 20
-106.07374403211801
 30
0.0
 10
6.371289162500004
 20
-105.9693739149306
 30
0.0
 10
6.3712891625
 20
-105.85706922743056
 30
0.0
 10
6.371289162499998
 20
-105.68617078993053
 30
0.0
 10
6.319816180729168
 20
-105.54680718315974
 30
0.0
 10
6.2168702171875
 20
-105.43897840711807
 30
0.0
 10
6.11392425364583
 20
-105.33114963107637
 30
0.0
 10
5.989209084375002
 20
-105.27723524305553
 30
0.0
 10
5.842724709375
 20
-105.27723524305559
 30
0.0
 10
5.677624788941949
 20
-105.2776167393655
 30
0.0
 10
5.511405358974716
 20
-105.35375804362057
 30
0.0
 10
5.408154396875001
 20
-105.51527235243057
 30
0.0
  0
SPLINE
  5
26C
330
17
100
AcDbEntity
  8
visible
100
AcDbSpline
 70
0
 71
2
 72
10
 73
7
 74
0
 40
0.0
 40
0.0
 40
0.0
 40
1.0
 40
1.0
 40
2.0
 40
2.0
 40
3.3410404624277454
 40
3.3410404624277454
 40
3.3410404624277454
 10
6.33955088125
 20
-105.08680555555556
 30
0.0
 10
6.312695412500001
 20
-104.87806532118057
 30
0.0
 10
6.1778077171875
 20
-104.75965711805556
 30
0.0
 10
6.042920021875001
 20
-104.64124891493057
 30
0.0
 10
5.83173838125
 20
-104.64124891493056
 30
0.0
 10
5.548535256250001
 20
-104.64124891493057
 30
0.0
 10
5.381298928125
 20
-104.84632703993056
 30
0.0
  0
SPLINE
  5
26D
330
17
100
AcDbEntity
  8
visible
100
AcDbSpline
 70
0
 71
2
 72
22
 73
19
 74
0
 40
0.0
 40
0.0
 40
0.0
 40
1.0
 40
1.0
 40
2.0
 40
2.0
 40
3.0081967213114753
 40
3.0081967213114753
 40
4.016393442622951
 40
4.016393442622951
 40
5.064387402933563
 40
5.064387402933563
 40
6.112381363244175
 40
6.112381363244175
 40
6.8294298624040675
 40
6.8294298624040675
 40
7.54647836156396
 40
7.54647836156396
 40
8.263526860723852
 40
8.263526860723852
 40
8.263526860723852
 10
5.442334084375
 20
-105.85828993055556
 30
0.0
 10
5.442334084375001
 20
-105.68495008680557
 30
0.0
 10
5.54609385
 20
-105.57813856336806
 30
0.0
 10
5.649853615625001
 20
-105.47132703993057
 30
0.0
 10
5.798779396875
 20
-105.47132703993056
 30
0.0
 10
5.948925881250001
 20
-105.47132703993057
 30
0.0
 10
6.047802834375
 20
-105.57813856336806
 30
0.0
 10
6.146679787500001
 20
-105.68495008680557
 30
0.0
 10
6.1466797875
 20
-105.87049696180556
 30
0.0
 10
6.146679787499999
 20
-106.06336805555554
 30
0.0
 10
6.04658213125
 20
-106.17567274305557
 30
0.0
 10
5.946484474999999
 20
-106.28797743055553
 30
0.0
 10
5.80732431875
 20
-106.28797743055559
 30
0.0
 10
5.712109475000001
 20
-106.28797743055554
 30
0.0
 10
5.625439553125
 20
-106.23365614149306
 30
0.0
 10
5.538769631250001
 20
-106.17933485243057
 30
0.0
 10
5.4905518578125
 20
-106.07557508680556
 30
0.0
 10
5.442334084375001
 20
-105.97181532118057
 30
0.0
 10
5.442334084375
 20
-105.85828993055556
 30
0.0
  0
LINE
  5
26E
330
17
100
AcDbEntity
  8
visible
100
AcDbLine
 10
6.565380959375
 20
-105.90101453993056
 30
0.0
 11
7.2404297875
 21
-105.90101453993056
 31
0.0
  0
LINE
  5
26F
330
17
100
AcDbEntity
  8
visible
100
AcDbLine
 10
6.565380959375
 20
-105.68006727430556
 30
0.0
 11
6.565380959375
 21
-105.90101453993056
 31
0.0
  0
LINE
  5
270
330
17
100
AcDbEntity
  8
visible
100
AcDbLine
 10
7.2404297875
 20
-105.68006727430556
 30
0.0
 11
6.565380959375
 21
-105.68006727430556
 31
0.0
  0
LINE
  5
271
330
17
100
AcDbEntity
  8
visible
100
AcDbLine
 10
7.2404297875
 20
-105.90101453993056
 30
0.0
 11
7.2404297875
 21
-105.68006727430556
 31
0.0
  0
SPLINE
  5
272
330
17
100
AcDbEntity
  8
visible
100
AcDbSpline
 70
0
 71
3
 72
35
 73
31
 74
0
 40
0.0
 40
0.0
 40
0.0
 40
0.0
 40
1.0
 40
1.0
 40
1.0
 40
2.518867924528302
 40
2.518867924528302
 40
2.518867924528302
 40
3.278301886792453
 40
3.278301886792453
 40
3.278301886792453
 40
3.919994149480767
 40
3.919994149480767
 40
3.919994149480767
 40
5.203378674857396
 40
5.203378674857396
 40
5.203378674857396
 40
5.84507093754571
 40
5.84507093754571
 40
5.84507093754571
 40
6.715162141190882
 40
6.715162141190882
 40
6.715162141190882
 40
7.585253344836055
 40
7.585253344836055
 40
7.585253344836055
 40
8.455344548481227
 40
8.455344548481227
 40
8.455344548481227
 40
9.83745096042529
 40
9.83745096042529
 40
9.83745096042529
 40
9.83745096042529
 10
7.59931650625
 20
-106.28309461805556
 30
0.0
 10
7.69778655833333
 20
-106.40679253472221
 30
0.0
 10
7.833284605208336
 20
-106.46864149305559
 30
0.0
 10
8.005810646874997
 20
-106.46864149305553
 30
0.0
 10
8.268236414018377
 20
-106.47048539188746
 30
0.0
 10
8.437964957856623
 20
-106.32010976870282
 30
0.0
 10
8.524609475
 20
-106.06397840711806
 30
0.0
 10
8.567740985416666
 20
-105.93499077690973
 30
0.0
 10
8.589306740625
 20
-105.76551649305557
 30
0.0
 10
8.589306740625
 20
-105.55555555555556
 30
0.0
 10
8.589306740624993
 20
-105.37814670138889
 30
0.0
 10
8.575879006250004
 20
-105.23715549045139
 30
0.0
 10
8.5490235375
 20
-105.13258192274306
 30
0.0
 10
8.494549607379907
 20
-104.92381628363634
 30
0.0
 10
8.404115957203423
 20
-104.77616201497476
 30
0.0
 10
8.25849619375
 20
-104.69923231336806
 30
0.0
 10
8.18606780833333
 20
-104.66057671440969
 30
0.0
 10
8.10183929270833
 20
-104.64124891493054
 30
0.0
 10
8.005810646875
 20
-104.64124891493056
 30
0.0
 10
7.875602313541667
 20
-104.64124891493057
 30
0.0
 10
7.767570086979165
 20
-104.67624240451387
 30
0.0
 10
7.6817139671875
 20
-104.74622938368056
 30
0.0
 10
7.595857847395831
 20
-104.81621636284717
 30
0.0
 10
7.531160581770833
 20
-104.91570366753473
 30
0.0
 10
7.4876221703125
 20
-105.04469129774307
 30
0.0
 10
7.4440837588541635
 20
-105.17367892795133
 30
0.0
 10
7.422314553125001
 20
-105.34396701388891
 30
0.0
 10
7.422314553124999
 20
-105.55555555555556
 30
0.0
 10
7.4223145531249966
 20
-105.89165581597224
 30
0.0
 10
7.481315204166669
 20
-106.13416883680551
 30
0.0
 10
7.59931650625
 20
-106.28309461805557
 30
0.0
  0
SPLINE
  5
273
330
17
100
AcDbEntity
  8
visible
100
AcDbSpline
 70
0
 71
2
 72
20
 73
17
 74
0
 40
0.0
 40
0.0
 40
0.0
 40
1.0
 40
1.0
 40
2.0161290322580645
 40
2.0161290322580645
 40
3.032258064516129
 40
3.032258064516129
 40
4.042773124220282
 40
4.042773124220282
 40
5.053288183924433
 40
5.053288183924433
 40
6.063803243628585
 40
6.063803243628585
 40
7.074318303332737
 40
7.074318303332737
 40
8.08483336303689
 40
8.08483336303689
 40
8.08483336303689
 10
7.761670021875
 20
-104.95130750868056
 30
0.0
 10
7.852002053125001
 20
-104.82313368055557
 30
0.0
 10
8.003369240625
 20
-104.82313368055556
 30
0.0
 10
8.157177834375002
 20
-104.82313368055557
 30
0.0
 10
8.2603272484375
 20
-104.96839735243056
 30
0.0
 10
8.363476662500002
 20
-105.11366102430554
 30
0.0
 10
8.3634766625
 20
-105.55555555555556
 30
0.0
 10
8.363476662500002
 20
-105.99500868055557
 30
0.0
 10
8.2603272484375
 20
-106.14149305555556
 30
0.0
 10
8.157177834375002
 20
-106.28797743055556
 30
0.0
 10
8.005810646875
 20
-106.28797743055556
 30
0.0
 10
7.854443459375001
 20
-106.28797743055557
 30
0.0
 10
7.7512940453125
 20
-106.14210340711806
 30
0.0
 10
7.648144631250002
 20
-105.99622938368056
 30
0.0
 10
7.64814463125
 20
-105.55555555555556
 30
0.0
 10
7.648144631250001
 20
-105.11488172743057
 30
0.0
 10
7.761670021875
 20
-104.95130750868056
 30
0.0
  0
SPLINE
  5
274
330
17
100
AcDbEntity
  8
visible
100
AcDbSpline
 70
0
 71
3
 72
23
 73
19
 74
0
 40
0.0
 40
0.0
 40
0.0
 40
0.0
 40
2.0
 40
2.0
 40
2.0
 40
3.5686274509803924
 40
3.5686274509803924
 40
3.5686274509803924
 40
5.137254901960784
 40
5.137254901960784
 40
5.137254901960784
 40
6.697712418300652
 40
6.697712418300652
 40
6.697712418300652
 40
8.25816993464052
 40
8.25816993464052
 40
8.25816993464052
 40
10.325776143790847
 40
10.325776143790847
 40
10.325776143790847
 40
10.325776143790847
 10
9.6525391625
 20
-105.46766493055554
 30
0.0
 10
9.830202347540027
 20
-105.4019504832156
 30
0.0
 10
9.915956706626636
 20
-105.27377651331219
 30
0.0
 10
9.9162110375
 20
-105.10877821180554
 30
0.0
 10
9.916211037499998
 20
-104.97856987847219
 30
0.0
 10
9.868603615625002
 20
-104.86809624565974
 30
0.0
 10
9.773388771874998
 20
-104.77735731336809
 30
0.0
 10
9.678173928125004
 20
-104.68661838107639
 30
0.0
 10
9.55244150625
 20
-104.64124891493057
 30
0.0
 10
9.396191506249997
 20
-104.64124891493056
 30
0.0
 10
9.240755308333329
 20
-104.64124891493051
 30
0.0
 10
9.116243589583336
 20
-104.68560112847226
 30
0.0
 10
9.022656349999997
 20
-104.77430555555553
 30
0.0
 10
8.929069110416668
 20
-104.86300998263889
 30
0.0
 10
8.882275490624998
 20
-104.9724663628472
 30
0.0
 10
8.882275490624997
 20
-105.10267469618056
 30
0.0
 10
8.882784152371732
 20
-105.27456491066387
 30
0.0
 10
8.968029849711607
 20
-105.40156898690564
 30
0.0
 10
9.150830178124998
 20
-105.46766493055556
 30
0.0
  0
SPLINE
  5
275
330
17
100
AcDbEntity
  8
visible
100
AcDbSpline
 70
0
 71
3
 72
23
 73
19
 74
0
 40
0.0
 40
0.0
 40
0.0
 40
0.0
 40
2.0
 40
2.0
 40
2.0
 40
3.3426573426573425
 40
3.3426573426573425
 40
3.3426573426573425
 40
4.685314685314685
 40
4.685314685314685
 40
4.685314685314685
 40
6.0279720279720275
 40
6.0279720279720275
 40
6.0279720279720275
 40
7.37062937062937
 40
7.37062937062937
 40
7.37062937062937
 40
9.313197440857014
 40
9.313197440857014
 40
9.313197440857014
 40
9.313197440857014
 10
9.150830178125
 20
-105.46766493055556
 30
0.0
 10
8.93413003959515
 20
-105.52272359483862
 30
0.0
 10
8.808855186446516
 20
-105.68970587564746
 30
0.0
 10
8.81025400625
 20
-105.92054578993056
 30
0.0
 10
8.81025400625
 20
-106.07679578993057
 30
0.0
 10
8.864371844791663
 20
-106.20720757378471
 30
0.0
 10
8.972607521875004
 20
-106.31178114149309
 30
0.0
 10
9.080843198958325
 20
-106.4163547092013
 30
0.0
 10
9.223258563541673
 20
-106.4686414930556
 30
0.0
 10
9.399853615625
 20
-106.46864149305556
 30
0.0
 10
9.576448667708329
 20
-106.46864149305553
 30
0.0
 10
9.718864032291668
 20
-106.41655815972223
 30
0.0
 10
9.827099709375002
 20
-106.31239149305557
 30
0.0
 10
9.935335386458329
 20
-106.20822482638881
 30
0.0
 10
9.989453224999998
 20
-106.07964409722227
 30
0.0
 10
9.989453225000004
 20
-105.92664930555559
 30
0.0
 10
9.990216217620073
 20
-105.70732978587573
 30
0.0
 10
9.87150273237992
 20
-105.537244866902
 30
0.0
 10
9.652539162500002
 20
-105.46766493055557
 30
0.0
  0
SPLINE
  5
276
330
17
100
AcDbEntity
  8
visible
100
AcDbSpline
 70
0
 71
2
 72
20
 73
17
 74
0
 40
0.0
 40
0.0
 40
0.0
 40
1.0
 40
1.0
 40
2.0
 40
2.0
 40
2.9902912621359223
 40
2.9902912621359223
 40
3.9805825242718447
 40
3.9805825242718447
 40
4.930862018240659
 40
4.930862018240659
 40
5.8811415122094735
 40
5.8811415122094735
 40
6.858832914658158
 40
6.858832914658158
 40
7.836524317106842
 40
7.836524317106842
 40
7.836524317106842
 10
9.106884865625
 20
-105.09535047743056
 30
0.0
 10
9.106884865625002
 20
-104.98304578993057
 30
0.0
 10
9.189892678125
 20
-104.90247938368056
 30
0.0
 10
9.272900490625002
 20
-104.82191297743057
 30
0.0
 10
9.3986329125
 20
-104.82191297743056
 30
0.0
 10
9.523144631250002
 20
-104.82191297743054
 30
0.0
 10
9.606762795312498
 20
-104.90431043836804
 30
0.0
 10
9.690380959375004
 20
-104.98670789930557
 30
0.0
 10
9.690380959374997
 20
-105.10755750868054
 30
0.0
 10
9.690380959375002
 20
-105.22352430555557
 30
0.0
 10
9.6092042015625
 20
-105.30348036024306
 30
0.0
 10
9.528027443750002
 20
-105.38343641493057
 30
0.0
 10
9.40107431875
 20
-105.38343641493056
 30
0.0
 10
9.270459084375002
 20
-105.38343641493057
 30
0.0
 10
9.188671975
 20
-105.30287000868056
 30
0.0
 10
9.106884865625002
 20
-105.22230360243057
 30
0.0
 10
9.106884865625
 20
-105.09535047743056
 30
0.0
  0
SPLINE
  5
277
330
17
100
AcDbEntity
  8
visible
100
AcDbSpline
 70
0
 71
3
 72
29
 73
25
 74
0
 40
0.0
 40
0.0
 40
0.0
 40
0.0
 40
1.0
 40
1.0
 40
1.0
 40
2.0
 40
2.0
 40
2.0
 40
3.0236220472440944
 40
3.0236220472440944
 40
3.0236220472440944
 40
4.047244094488189
 40
4.047244094488189
 40
4.047244094488189
 40
5.05511811023622
 40
5.05511811023622
 40
5.05511811023622
 40
6.062992125984252
 40
6.062992125984252
 40
6.062992125984252
 40
6.711469205884148
 40
6.711469205884148
 40
6.711469205884148
 40
8.00842336568394
 40
8.00842336568394
 40
8.00842336568394
 40
8.00842336568394
 10
9.036084084375
 20
-105.92176649305556
 30
0.0
 10
9.036084084374997
 20
-105.81922743055551
 30
0.0
 10
9.070060321354164
 20
-105.73377821180556
 30
0.0
 10
9.1380127953125
 20
-105.66541883680556
 30
0.0
 10
9.205965269270834
 20
-105.59705946180557
 30
0.0
 10
9.291617938541668
 20
-105.5628797743056
 30
0.0
 10
9.394970803125
 20
-105.56287977430556
 30
0.0
 10
9.500765073958332
 20
-105.56287977430559
 30
0.0
 10
9.588859149479166
 20
-105.5974663628472
 30
0.0
 10
9.6592530296875
 20
-105.66663953993056
 30
0.0
 10
9.729646909895829
 20
-105.73581271701383
 30
0.0
 10
9.764843850000002
 20
-105.82329644097227
 30
0.0
 10
9.76484385
 20
-105.92909071180556
 30
0.0
 10
9.76484385
 20
-106.0332573784722
 30
0.0
 10
9.730664162499998
 20
-106.1191134982639
 30
0.0
 10
9.6623047875
 20
-106.18665907118056
 30
0.0
 10
9.593945412499997
 20
-106.25420464409717
 30
0.0
 10
9.507275490625004
 20
-106.28797743055554
 30
0.0
 10
9.402295021875
 20
-106.28797743055556
 30
0.0
 10
9.334749448958334
 20
-106.28797743055559
 30
0.0
 10
9.271679787499995
 20
-106.2719048394097
 30
0.0
 10
9.213086037500002
 20
-106.23975965711806
 30
0.0
 10
9.096025702936673
 20
-106.17896634204342
 30
0.0
 10
9.035956918938323
 20
-106.04359496438019
 30
0.0
 10
9.036084084375
 20
-105.92176649305556
 30
0.0
  0
LINE
  5
278
330
17
100
AcDbEntity
  8
visible
100
AcDbLine
 10
10.178662209375
 20
-105.90101453993056
 30
0.0
 11
10.8537110375
 21
-105.90101453993056
 31
0.0
  0
LINE
  5
279
330
17
100
AcDbEntity
  8
visible
100
AcDbLine
 10
10.178662209375
 20
-105.68006727430556
 30
0.0
 11
10.178662209375
 21
-105.90101453993056
 31
0.0
  0
LINE
  5
27A
330
17
100
AcDbEntity
  8
visible
100
AcDbLine
 10
10.8537110375
 20
-105.68006727430556
 30
0.0
 11
10.178662209375
 21
-105.68006727430556
 31
0.0
  0
LINE
  5
27B
330
17
100
AcDbEntity
  8
visible
100
AcDbLine
 10
10.8537110375
 20
-105.90101453993056
 30
0.0
 11
10.8537110375
 21
-105.68006727430556
 31
0.0
  0
LINE
  5
27C
330
17
100
AcDbEntity
  8
visible
100
AcDbLine
 10
11.25654306875
 20
-105.93641493055556
 30
0.0
 11
11.03681650625
 21
-105.96571180555556
 31
0.0
  0
SPLINE
  5
27D
330
17
100
AcDbEntity
  8
visible
100
AcDbSpline
 70
0
 71
3
 72
23
 73
19
 74
0
 40
0.0
 40
0.0
 40
0.0
 40
0.0
 40
1.0
 40
1.0
 40
1.0
 40
3.450980392156863
 40
3.450980392156863
 40
3.450980392156863
 40
5.901960784313726
 40
5.901960784313726
 40
5.901960784313726
 40
8.471537001897534
 40
8.471537001897534
 40
8.471537001897534
 40
11.041113219481343
 40
11.041113219481343
 40
11.041113219481343
 40
15.370950310528077
 40
15.370950310528077
 40
15.370950310528077
 40
15.370950310528077
 10
11.470166115625
 20
-105.59095594618056
 30
0.0
 10
11.532015073958332
 20
-105.57467990451389
 30
0.0
 10
11.583691506249998
 20
-105.56654188368053
 30
0.0
 10
11.6251954125
 20
-105.56654188368059
 30
0.0
 10
11.726920672916656
 20
-105.56654188368051
 30
0.0
 10
11.810742287500004
 20
-105.59929741753471
 30
0.0
 10
11.87666025625
 20
-105.66480848524306
 30
0.0
 10
11.942578225000009
 20
-105.73031955295143
 30
0.0
 10
11.975537209374997
 20
-105.81353081597219
 30
0.0
 10
11.975537209375
 20
-105.91444227430556
 30
0.0
 10
11.975537209374995
 20
-106.02023654513889
 30
0.0
 10
11.93993336822917
 20
-106.1089409722222
 30
0.0
 10
11.868725685937498
 20
-106.18055555555556
 30
0.0
 10
11.797518003645834
 20
-106.25217013888887
 30
0.0
 10
11.71023773020833
 20
-106.28797743055557
 30
0.0
 10
11.606884865624997
 20
-106.28797743055554
 30
0.0
 10
11.434130039595154
 20
-106.28568845269524
 30
0.0
 10
11.30559997811318
 20
-106.18772734591586
 30
0.0
 10
11.256543068749998
 20
-105.93641493055556
 30
0.0
  0
LINE
  5
27E
330
17
100
AcDbEntity
  8
visible
100
AcDbLine
 10
11.494580178125
 20
-105.39808485243056
 30
0.0
 11
11.470166115625
 21
-105.59095594618056
 31
0.0
  0
SPLINE
  5
27F
330
17
100
AcDbEntity
  8
visible
100
AcDbSpline
 70
0
 71
3
 72
23
 73
19
 74
0
 40
0.0
 40
0.0
 40
0.0
 40
0.0
 40
2.0
 40
2.0
 40
2.0
 40
3.0095238095238095
 40
3.0095238095238095
 40
3.0095238095238095
 40
4.019047619047619
 40
4.019047619047619
 40
4.019047619047619
 40
5.293698893698894
 40
5.293698893698894
 40
5.293698893698894
 40
6.568350168350168
 40
6.568350168350168
 40
6.568350168350168
 40
6.690273333751595
 40
6.690273333751595
 40
6.690273333751595
 40
6.690273333751595
 10
11.278515725
 20
-105.14417860243056
 30
0.0
 10
11.309160326783118
 20
-104.92933485243051
 30
0.0
 10
11.433011097175214
 20
-104.82191297743057
 30
0.0
 10
11.602002053125
 20
-104.82191297743056
 30
0.0
 10
11.68826507395833
 20
-104.82191297743053
 30
0.0
 10
11.75865895416667
 20
-104.84836154513893
 30
0.0
 10
11.81318369375
 20
-104.90125868055556
 30
0.0
 10
11.86770843333333
 20
-104.95415581597221
 30
0.0
 10
11.894970803125007
 20
-105.02088758680556
 30
0.0
 10
11.894970803125
 20
-105.10145399305556
 30
0.0
 10
11.894970803124993
 20
-105.20317925347217
 30
0.0
 10
11.857535907291672
 20
-105.27845594618059
 30
0.0
 10
11.782666115625
 20
-105.32728407118056
 30
0.0
 10
11.707796323958323
 20
-105.37611219618049
 30
0.0
 10
11.62356780833334
 20
-105.4005262586806
 30
0.0
 10
11.52998056875
 20
-105.40052625868056
 30
0.0
 10
11.521028745833334
 20
-105.40052625868053
 30
0.0
 10
11.509228615624997
 20
-105.39971245659721
 30
0.0
 10
11.494580178125
 20
-105.39808485243056
 30
0.0
  0
LINE
  5
280
330
17
100
AcDbEntity
  8
visible
100
AcDbLine
 10
11.0587891625
 20
-105.10511610243056
 30
0.0
 11
11.278515725
 21
-105.14417860243056
 31
0.0
  0
SPLINE
  5
281
330
17
100
AcDbEntity
  8
visible
100
AcDbSpline
 70
0
 71
3
 72
20
 73
16
 74
0
 40
0.0
 40
0.0
 40
0.0
 40
0.0
 40
2.0
 40
2.0
 40
2.0
 40
4.105263157894736
 40
4.105263157894736
 40
4.105263157894736
 40
5.157894736842104
 40
5.157894736842104
 40
5.157894736842104
 40
6.684210526315788
 40
6.684210526315788
 40
6.684210526315788
 40
8.21052631578947
 40
8.21052631578947
 40
8.21052631578947
 40
8.21052631578947
 10
11.87421885
 20
-105.46888563368056
 30
0.0
 10
12.036724935793302
 20
-105.39592332356408
 30
0.0
 10
12.121055212123363
 20
-105.25905171983868
 30
0.0
 10
12.12080088125
 20
-105.10633680555556
 30
0.0
 10
12.121563873870091
 20
-104.94694627296103
 30
0.0
 10
12.030519659463247
 20
-104.78456685637926
 30
0.0
 10
11.86689463125
 20
-104.70411512586806
 30
0.0
 10
11.784700620833346
 20
-104.66220431857649
 30
0.0
 10
11.694775490624993
 20
-104.6412489149305
 30
0.0
 10
11.597119240625
 20
-104.64124891493056
 30
0.0
 10
11.455517678124995
 20
-104.6412489149305
 30
0.0
 10
11.337109475000002
 20
-104.6817355685764
 30
0.0
 10
11.24189463125
 20
-104.76270887586806
 30
0.0
 10
11.146679787499997
 20
-104.84368218315971
 30
0.0
 10
11.085644631249998
 20
-104.95781792534723
 30
0.0
 10
11.058789162500002
 20
-105.10511610243057
 30
0.0
  0
SPLINE
  5
282
330
17
100
AcDbEntity
  8
visible
100
AcDbSpline
 70
0
 71
3
 72
20
 73
16
 74
0
 40
0.0
 40
0.0
 40
0.0
 40
0.0
 40
1.0
 40
1.0
 40
1.0
 40
2.0
 40
2.0
 40
2.0
 40
3.1088082901554404
 40
3.1088082901554404
 40
3.1088082901554404
 40
4.217616580310881
 40
4.217616580310881
 40
4.217616580310881
 40
5.857728842832469
 40
5.857728842832469
 40
5.857728842832469
 40
5.857728842832469
 10
11.03681650625
 20
-105.96571180555556
 30
0.0
 10
11.051464943749998
 20
-106.11463758680553
 30
0.0
 10
11.110669045312498
 20
-106.23589409722223
 30
0.0
 10
11.2144288109375
 20
-106.32948133680556
 30
0.0
 10
11.318188576562504
 20
-106.42306857638883
 30
0.0
 10
11.448600360416664
 20
-106.46986219618059
 30
0.0
 10
11.6056641625
 20
-106.46986219618056
 30
0.0
 10
11.779817808333338
 20
-106.46986219618063
 30
0.0
 10
11.923860777083332
 20
-106.41554090711801
 30
0.0
 10
12.037793068749998
 20
-106.30689832899304
 30
0.0
 10
12.151725360416682
 20
-106.19825575086816
 30
0.0
 10
12.208691506249988
 20
-106.06580946180549
 30
0.0
 10
12.208691506250004
 20
-105.9095594618056
 30
0.0
 10
12.210471822363521
 20
-105.68060148256238
 30
0.0
 10
12.08402707555314
 20
-105.515551946257
 30
0.0
 10
11.87421885
 20
-105.46888563368057
 30
0.0
  0
LINE
  5
283
330
17
100
AcDbEntity
  8
visible
100
AcDbLine
 10
13.25361338125
 20
-106.43812391493056
 30
0.0
 11
13.25361338125
 21
-104.64124891493056
 31
0.0
  0
LINE
  5
284
330
17
100
AcDbEntity
  8
visible
100
AcDbLine
 10
13.03388681875
 20
-106.43812391493056
 30
0.0
 11
13.25361338125
 21
-106.43812391493056
 31
0.0
  0
LINE
  5
285
330
17
100
AcDbEntity
  8
visible
100
AcDbLine
 10
13.03388681875
 20
-105.03797743055556
 30
0.0
 11
13.03388681875
 21
-106.43812391493056
 31
0.0
  0
SPLINE
  5
286
330
17
100
AcDbEntity
  8
visible
100
AcDbSpline
 70
0
 71
2
 72
8
 73
5
 74
0
 40
0.0
 40
0.0
 40
0.0
 40
1.0
 40
1.0
 40
2.0
 40
2.0
 40
2.0
 10
12.59443369375
 20
-105.30287000868056
 30
0.0
 10
12.696972756250002
 20
-105.26502821180557
 30
0.0
 10
12.8257569359375
 20
-105.18934461805556
 30
0.0
 10
12.954541115625002
 20
-105.11366102430557
 30
0.0
 10
13.03388681875
 20
-105.03797743055556
 30
0.0
  0
LINE
  5
287
330
17
100
AcDbEntity
  8
visible
100
AcDbLine
 10
12.59443369375
 20
-105.09046766493056
 30
0.0
 11
12.59443369375
 21
-105.30287000868056
 31
0.0
  0
SPLINE
  5
288
330
17
100
AcDbEntity
  8
visible
100
AcDbSpline
 70
0
 71
2
 72
8
 73
5
 74
0
 40
0.0
 40
0.0
 40
0.0
 40
1.0
 40
1.0
 40
2.0
 40
2.0
 40
2.0
 10
13.11201181875
 20
-104.64124891493056
 30
0.0
 10
13.054638771875002
 20
-104.75721571180557
 30
0.0
 10
12.91669931875
 20
-104.88050672743056
 30
0.0
 10
12.778759865625002
 20
-105.00379774305557
 30
0.0
 10
12.59443369375
 20
-105.09046766493056
 30
0.0
  0
LINE
  5
289
330
17
100
AcDbEntity
  8
visible
100
AcDbLine
 10
13.25361338125
 20
-104.64124891493056
 30
0.0
 11
13.11201181875
 21
-104.64124891493056
 31
0.0
  0
LINE
  5
28A
330
17
100
AcDbEntity
  8
visible
100
AcDbLine
 10
1.14892588125
 20
-116.86686197916667
 30
0.0
 11
1.0000001
 21
-116.8798828125
 31
0.0
  0
SPLINE
  5
28B
330
17
100
AcDbEntity
  8
visible
100
AcDbSpline
 70
0
 71
3
 72
20
 73
16
 74
0
 40
0.0
 40
0.0
 40
0.0
 40
0.0
 40
1.999999999999791
 40
1.999999999999791
 40
1.999999999999791
 40
3.971014492752972
 40
3.971014492752972
 40
3.971014492752972
 40
4.956521739129466
 40
4.956521739129466
 40
4.956521739129466
 40
6.066327196760651
 40
6.066327196760651
 40
6.066327196760651
 40
8.285938112023018
 40
8.285938112023018
 40
8.285938112023018
 40
8.285938112023018
 10
1.6575521833333333
 20
-116.77083333333333
 30
0.0
 10
1.7583958957156565
 20
-116.80889554084662
 30
0.0
 10
1.796508818173223
 20
-116.8643357959589
 30
0.0
 10
1.7975261416666664
 20
-116.93929036458331
 30
0.0
 10
1.7973565877510906
 20
-117.01188820939646
 30
0.0
 10
1.7532078483600295
 20
-117.08045120032571
 30
0.0
 10
1.6608073916666668
 20
-117.11507161458333
 30
0.0
 10
1.6146919402777773
 20
-117.13297526041667
 30
0.0
 10
1.5615235374999998
 20
-117.14192708333329
 30
0.0
 10
1.5013021833333333
 20
-117.14192708333334
 30
0.0
 10
1.4334853430555556
 20
-117.14192708333331
 30
0.0
 10
1.3724501868055548
 20
-117.13012695312503
 30
0.0
 10
1.3181967145833335
 20
-117.10652669270833
 30
0.0
 10
1.2081637848987172
 20
-117.05826645990265
 30
0.0
 10
1.1645577692679496
 20
-116.98727933002792
 30
0.0
 10
1.1489258812500003
 20
-116.86686197916666
 30
0.0
  0
SPLINE
  5
28C
330
17
100
AcDbEntity
  8
visible
100
AcDbSpline
 70
0
 71
2
 72
8
 73
5
 74
0
 40
0.0
 40
0.0
 40
0.0
 40
1.0
 40
1.0
 40
2.0000000000000013
 40
2.0000000000000013
 40
2.0000000000000013
 10
1.21484385
 20
-116.63818359375
 30
0.0
 10
1.2807618187499998
 20
-116.67317708333331
 30
0.0
 10
1.4451498395833333
 20
-116.712646484375
 30
0.0
 10
1.6095378604166668
 20
-116.75211588541669
 30
0.0
 10
1.6575521833333333
 20
-116.77083333333333
 30
0.0
  0
SPLINE
  5
28D
330
17
100
AcDbEntity
  8
visible
100
AcDbSpline
 70
0
 71
3
 72
20
 73
16
 74
0
 40
0.0
 40
0.0
 40
0.0
 40
0.0
 40
1.999999999999999
 40
1.999999999999999
 40
1.999999999999999
 40
2.999999999999998
 40
2.999999999999998
 40
2.999999999999998
 40
3.9079754601226977
 40
3.9079754601226977
 40
3.9079754601226977
 40
5.723926380368008
 40
5.723926380368008
 40
5.723926380368008
 40
7.376278118609045
 40
7.376278118609045
 40
7.376278118609045
 40
7.376278118609045
 10
1.9138998395833333
 20
-116.40625
 30
0.0
 10
1.9088559886711525
 20
-116.26818352321679
 30
0.0
 10
1.834172640148291
 20
-116.14758796115815
 30
0.0
 10
1.6994629906250003
 20
-116.092529296875
 30
0.0
 10
1.6319174177083349
 20
-116.0640462239584
 30
0.0
 10
1.5539280513888876
 20
-116.04980468749993
 30
0.0
 10
1.4654948916666668
 20
-116.04980468750001
 30
0.0
 10
1.3851997527777777
 20
-116.04980468750003
 30
0.0
 10
1.3122288326388878
 20
-116.06336805555556
 30
0.0
 10
1.2465821312499976
 20
-116.09049479166666
 30
0.0
 10
1.1157126132611594
 20
-116.14203540123965
 30
0.0
 10
1.04514913187773
 20
-116.26085088348259
 30
0.0
 10
1.0455730166666664
 20
-116.37858072916666
 30
0.0
 10
1.0450304819444447
 20
-116.49007161458336
 30
0.0
 10
1.1014540930555548
 20
-116.57660590277774
 30
0.0
 10
1.2148438500000003
 20
-116.63818359375
 30
0.0
  0
LINE
  5
28E
330
17
100
AcDbEntity
  8
visible
100
AcDbLine
 10
1.7625326520833333
 20
-116.41764322916667
 30
0.0
 11
1.9138998395833333
 21
-116.40625
 31
0.0
  0
SPLINE
  5
28F
330
17
100
AcDbEntity
  8
visible
100
AcDbSpline
 70
0
 71
3
 72
17
 73
13
 74
0
 40
0.0
 40
0.0
 40
0.0
 40
0.0
 40
1.0
 40
1.0
 40
1.0
 40
2.1518987341769718
 40
2.1518987341769718
 40
2.1518987341769718
 40
3.303797468353946
 40
3.303797468353946
 40
3.303797468353946
 40
5.51596662830735
 40
5.51596662830735
 40
5.51596662830735
 40
5.51596662830735
 10
1.244140725
 20
-116.47379557291667
 30
0.0
 10
1.2132162458333329
 20
-116.44612630208329
 30
0.0
 10
1.1977540062499998
 20
-116.41086154513891
 30
0.0
 10
1.19775400625
 20
-116.36800130208331
 30
0.0
 10
1.1977540062500012
 20
-116.3186306423612
 30
0.0
 10
1.2195910288194436
 20
-116.27644856770826
 30
0.0
 10
1.2632650739583333
 20
-116.241455078125
 30
0.0
 10
1.3069391190972226
 20
-116.20646158854179
 30
0.0
 10
1.3765191972222224
 20
-116.18896484374991
 30
0.0
 10
1.4720053083333333
 20
-116.18896484375
 30
0.0
 10
1.6563145909800934
 20
-116.18871051287657
 30
0.0
 10
1.745324063881008
 20
-116.26707290726226
 30
0.0
 10
1.7625326520833333
 20
-116.41764322916667
 30
0.0
  0
SPLINE
  5
290
330
17
100
AcDbEntity
  8
visible
100
AcDbSpline
 70
0
 71
2
 72
8
 73
5
 74
0
 40
0.0
 40
0.0
 40
0.0
 40
1.0
 40
1.0
 40
2.0
 40
2.0
 40
2.0
 10
1.7462566104166666
 20
-116.63492838541667
 30
0.0
 10
1.6746420270833333
 20
-116.60237630208331
 30
0.0
 10
1.4821778343750003
 20
-116.558837890625
 30
0.0
 10
1.2897136416666668
 20
-116.51529947916666
 30
0.0
 10
1.2441407250000003
 20
-116.47379557291667
 30
0.0
  0
SPLINE
  5
291
330
17
100
AcDbEntity
  8
visible
100
AcDbSpline
 70
0
 71
3
 72
20
 73
16
 74
0
 40
0.0
 40
0.0
 40
0.0
 40
0.0
 40
2.000000000000105
 40
2.000000000000105
 40
2.000000000000105
 40
3.000000000000208
 40
3.000000000000208
 40
3.000000000000208
 40
3.788944723618381
 40
3.788944723618381
 40
3.788944723618381
 40
5.36683417085481
 40
5.36683417085481
 40
5.36683417085481
 40
6.958209852682924
 40
6.958209852682924
 40
6.958209852682924
 40
6.958209852682924
 10
1.0000001
 20
-116.8798828125
 30
0.0
 10
1.003111111889861
 20
-117.03701426601526
 30
0.0
 10
1.0925108329018134
 20
-117.17576785204028
 30
0.0
 10
1.2372234072916668
 20
-117.236328125
 30
0.0
 10
1.3101943274305548
 20
-117.26779513888884
 30
0.0
 10
1.4006619923611112
 20
-117.28352864583334
 30
0.0
 10
1.5086264020833335
 20
-117.28352864583333
 30
0.0
 10
1.5938043534722215
 20
-117.28352864583331
 30
0.0
 10
1.6704373829861106
 20
-117.2679307725694
 30
0.0
 10
1.7385254906249978
 20
-117.23673502604169
 30
0.0
 10
1.8739811017615848
 20
-117.17709878411416
 30
0.0
 10
1.950427735391193
 20
-117.05046740512188
 30
0.0
 10
1.9497071312499998
 20
-116.92626953125001
 30
0.0
 10
1.9513347354166666
 20
-116.79714626736114
 30
0.0
 10
1.8835178951388885
 20
-116.70003255208331
 30
0.0
 10
1.7462566104166666
 20
-116.63492838541669
 30
0.0
  0
LINE
  5
292
330
17
100
AcDbEntity
  8
visible
100
AcDbLine
 10
3.174479266666667
 20
-116.884765625
 30
0.0
 11
3.0166016625000003
 21
-116.84488932291667
 31
0.0
  0
SPLINE
  5
293
330
17
100
AcDbEntity
  8
visible
100
AcDbSpline
 70
0
 71
3
 72
29
 73
25
 74
0
 40
0.0
 40
0.0
 40
0.0
 40
0.0
 40
1.9999999999999443
 40
1.9999999999999443
 40
1.9999999999999443
 40
2.8818181818180753
 40
2.8818181818180753
 40
2.8818181818180753
 40
3.763636363636204
 40
3.763636363636204
 40
3.763636363636204
 40
4.6454545454544025
 40
4.6454545454544025
 40
4.6454545454544025
 40
5.45410877332264
 40
5.45410877332264
 40
5.45410877332264
 40
6.262763001190877
 40
6.262763001190877
 40
6.262763001190877
 40
7.071417229059071
 40
7.071417229059071
 40
7.071417229059071
 40
8.634132994306466
 40
8.634132994306466
 40
8.634132994306466
 40
8.634132994306466
 10
3.1541342145833333
 20
-116.39729817708331
 30
0.0
 10
3.0918954334746442
 20
-116.17880939597465
 30
0.0
 10
2.9198777699975857
 20
-116.04802437138642
 30
0.0
 10
2.6829428083333333
 20
-116.0498046875
 30
0.0
 10
2.5776910722222226
 20
-116.04980468749999
 30
0.0
 10
2.4812555253472213
 20
-116.07381184895837
 30
0.0
 10
2.393636167708334
 20
-116.12182617187501
 30
0.0
 10
2.3060168100694427
 20
-116.16984049479159
 30
0.0
 10
2.23847123715278
 20
-116.24009874131946
 30
0.0
 10
2.190999448958336
 20
-116.33260091145833
 30
0.0
 10
2.1435276607638905
 20
-116.4251030815972
 30
0.0
 10
2.119791766666667
 20
-116.53347439236117
 30
0.0
 10
2.119791766666667
 20
-116.65771484375
 30
0.0
 10
2.119791766666667
 20
-116.77164713541671
 30
0.0
 10
2.1408149871527784
 20
-116.87825520833327
 30
0.0
 10
2.1828614281250003
 20
-116.9775390625
 30
0.0
 10
2.224907869097224
 20
-117.0768229166667
 30
0.0
 10
2.2862142927083338
 20
-117.15264214409723
 30
0.0
 10
2.366780698958337
 20
-117.20499674479167
 30
0.0
 10
2.4473471052083338
 20
-117.25735134548603
 30
0.0
 10
2.551920672916668
 20
-117.28352864583339
 30
0.0
 10
2.6805014020833324
 20
-117.28352864583331
 30
0.0
 10
2.9266933270008564
 20
-117.28454596932686
 30
0.0
 10
3.110579008415811
 20
-117.14307989872877
 30
0.0
 10
3.174479266666667
 20
-116.884765625
 30
0.0
  0
LINE
  5
294
330
17
100
AcDbEntity
  8
visible
100
AcDbLine
 10
2.998698016666667
 20
-116.43391927083333
 30
0.0
 11
3.1541342145833333
 21
-116.39729817708333
 31
0.0
  0
SPLINE
  5
295
330
17
100
AcDbEntity
  8
visible
100
AcDbSpline
 70
0
 71
3
 72
26
 73
22
 74
0
 40
0.0
 40
0.0
 40
0.0
 40
0.0
 40
1.9999999999999267
 40
1.9999999999999267
 40
1.9999999999999267
 40
3.644171779140921
 40
3.644171779140921
 40
3.644171779140921
 40
4.466257668711421
 40
4.466257668711421
 40
4.466257668711421
 40
5.103703946720703
 40
5.103703946720703
 40
5.103703946720703
 40
5.741150224729985
 40
5.741150224729985
 40
5.741150224729985
 40
6.378596502739269
 40
6.378596502739269
 40
6.378596502739269
 40
7.487526714187325
 40
7.487526714187325
 40
7.487526714187325
 40
7.487526714187325
 10
3.0166016625000003
 20
-116.84488932291667
 30
0.0
 10
2.9751487547513285
 20
-117.04537283926544
 30
0.0
 10
2.8423970181653466
 20
-117.14869183087339
 30
0.0
 10
2.6674805687499994
 20
-117.14843749999997
 30
0.0
 10
2.525599506942616
 20
-117.14831033456326
 30
0.0
 10
2.38252243784905
 20
-117.07410177481174
 30
0.0
 10
2.3269043968750003
 20
-116.922607421875
 30
0.0
 10
2.29733625451389
 20
-116.84692382812499
 30
0.0
 10
2.2825521833333333
 20
-116.75835503472224
 30
0.0
 10
2.2825521833333338
 20
-116.65690104166667
 30
0.0
 10
2.282552183333332
 20
-116.57823350694437
 30
0.0
 10
2.295030481944446
 20
-116.5018717447917
 30
0.0
 10
2.3199870791666672
 20
-116.42781575520833
 30
0.0
 10
2.3449436763888873
 20
-116.35375976562494
 30
0.0
 10
2.3882108204861128
 20
-116.29475911458333
 30
0.0
 10
2.4497885114583333
 20
-116.25081380208333
 30
0.0
 10
2.5113662024305534
 20
-116.20686848958323
 30
0.0
 10
2.587999231944446
 20
-116.18489583333334
 30
0.0
 10
2.6796875999999994
 20
-116.18489583333331
 30
0.0
 10
2.839531916164474
 20
-116.18608271074228
 30
0.0
 10
2.9430203671688506
 20
-116.25912128231323
 30
0.0
 10
2.9986980166666664
 20
-116.43391927083333
 30
0.0
  0
LINE
  5
296
330
17
100
AcDbEntity
  8
visible
100
AcDbLine
 10
3.237955829166667
 20
-117.26318359375
 30
0.0
 11
3.4055990583333333
 21
-117.26318359375
 31
0.0
  0
LINE
  5
297
330
17
100
AcDbEntity
  8
visible
100
AcDbLine
 10
3.6961264020833333
 20
-116.07014973958333
 30
0.0
 11
3.237955829166667
 21
-117.26318359375
 31
0.0
  0
LINE
  5
298
330
17
100
AcDbEntity
  8
visible
100
AcDbLine
 10
3.8662110375000003
 20
-116.07014973958333
 30
0.0
 11
3.6961264020833333
 21
-116.07014973958333
 31
0.0
  0
LINE
  5
299
330
17
100
AcDbEntity
  8
visible
100
AcDbLine
 10
4.3544922875
 20
-117.26318359375
 30
0.0
 11
3.8662110375000003
 21
-116.07014973958333
 31
0.0
  0
LINE
  5
29A
330
17
100
AcDbEntity
  8
visible
100
AcDbLine
 10
4.174642027083333
 20
-117.26318359375
 30
0.0
 11
4.3544922875
 21
-117.26318359375
 31
0.0
  0
LINE
  5
29B
330
17
100
AcDbEntity
  8
visible
100
AcDbLine
 10
4.035481870833333
 20
-116.90185546875
 30
0.0
 11
4.174642027083333
 21
-117.26318359375
 31
0.0
  0
LINE
  5
29C
330
17
100
AcDbEntity
  8
visible
100
AcDbLine
 10
3.5366211937500003
 20
-116.90185546875
 30
0.0
 11
4.035481870833333
 21
-116.90185546875
 31
0.0
  0
LINE
  5
29D
330
17
100
AcDbEntity
  8
visible
100
AcDbLine
 10
3.4055990583333333
 20
-117.26318359375
 30
0.0
 11
3.5366211937500003
 21
-116.90185546875
 31
0.0
  0
LINE
  5
29E
330
17
100
AcDbEntity
  8
visible
100
AcDbLine
 10
3.582194110416667
 20
-116.77327473958333
 30
0.0
 11
3.7132162458333333
 21
-116.42333984375
 31
0.0
  0
LINE
  5
29F
330
17
100
AcDbEntity
  8
visible
100
AcDbLine
 10
3.9866537458333333
 20
-116.77327473958333
 30
0.0
 11
3.582194110416667
 21
-116.77327473958333
 31
0.0
  0
LINE
  5
2A0
330
17
100
AcDbEntity
  8
visible
100
AcDbLine
 10
3.8621420270833333
 20
-116.44287109375
 30
0.0
 11
3.9866537458333333
 21
-116.77327473958333
 31
0.0
  0
SPLINE
  5
2A1
330
17
100
AcDbEntity
  8
visible
100
AcDbSpline
 70
0
 71
2
 72
6
 73
3
 74
0
 40
0.0
 40
0.0
 40
0.0
 40
1.0
 40
1.0
 40
1.0
 10
3.8621420270833333
 20
-116.44287109375
 30
0.0
 10
3.8051758812500003
 20
-116.29231770833333
 30
0.0
 10
3.777506610416667
 20
-116.19547526041667
 30
0.0
  0
SPLINE
  5
2A2
330
17
100
AcDbEntity
  8
visible
100
AcDbSpline
 70
0
 71
2
 72
6
 73
3
 74
0
 40
0.0
 40
0.0
 40
0.0
 40
1.0
 40
1.0
 40
1.0
 10
3.777506610416667
 20
-116.19547526041667
 30
0.0
 10
3.7547201520833333
 20
-116.31022135416667
 30
0.0
 10
3.7132162458333333
 20
-116.42333984375
 30
0.0
  0
LINE
  5
2A3
330
17
100
AcDbEntity
  8
visible
100
AcDbLine
 10
4.47412119375
 20
-117.26318359375
 30
0.0
 11
5.219563902083333
 21
-117.26318359375
 31
0.0
  0
LINE
  5
2A4
330
17
100
AcDbEntity
  8
visible
100
AcDbLine
 10
4.47412119375
 20
-116.07014973958333
 30
0.0
 11
4.47412119375
 21
-117.26318359375
 31
0.0
  0
LINE
  5
2A5
330
17
100
AcDbEntity
  8
visible
100
AcDbLine
 10
4.631998797916667
 20
-116.07014973958333
 30
0.0
 11
4.47412119375
 21
-116.07014973958333
 31
0.0
  0
LINE
  5
2A6
330
17
100
AcDbEntity
  8
visible
100
AcDbLine
 10
4.631998797916667
 20
-117.12239583333333
 30
0.0
 11
4.631998797916667
 21
-116.07014973958333
 31
0.0
  0
LINE
  5
2A7
330
17
100
AcDbEntity
  8
visible
100
AcDbLine
 10
5.219563902083333
 20
-117.12239583333333
 30
0.0
 11
4.631998797916667
 21
-117.12239583333333
 31
0.0
  0
LINE
  5
2A8
330
17
100
AcDbEntity
  8
visible
100
AcDbLine
 10
5.219563902083333
 20
-117.26318359375
 30
0.0
 11
5.219563902083333
 21
-117.12239583333333
 31
0.0
  0
LINE
  5
2A9
330
17
100
AcDbEntity
  8
visible
100
AcDbLine
 10
5.410807391666667
 20
-117.26318359375
 30
0.0
 11
6.301106870833334
 21
-117.26318359375
 31
0.0
  0
LINE
  5
2AA
330
17
100
AcDbEntity
  8
visible
100
AcDbLine
 10
5.410807391666667
 20
-116.07014973958333
 30
0.0
 11
5.410807391666667
 21
-117.26318359375
 31
0.0
  0
LINE
  5
2AB
330
17
100
AcDbEntity
  8
visible
100
AcDbLine
 10
6.2734376
 20
-116.07014973958333
 30
0.0
 11
5.410807391666667
 21
-116.07014973958333
 31
0.0
  0
LINE
  5
2AC
330
17
100
AcDbEntity
  8
visible
100
AcDbLine
 10
6.2734376
 20
-116.2109375
 30
0.0
 11
6.2734376
 21
-116.07014973958333
 31
0.0
  0
LINE
  5
2AD
330
17
100
AcDbEntity
  8
visible
100
AcDbLine
 10
5.568684995833334
 20
-116.2109375
 30
0.0
 11
6.2734376
 21
-116.2109375
 31
0.0
  0
LINE
  5
2AE
330
17
100
AcDbEntity
  8
visible
100
AcDbLine
 10
5.568684995833334
 20
-116.57633463541667
 30
0.0
 11
5.568684995833334
 21
-116.2109375
 31
0.0
  0
LINE
  5
2AF
330
17
100
AcDbEntity
  8
visible
100
AcDbLine
 10
6.228678485416667
 20
-116.57633463541667
 30
0.0
 11
5.568684995833334
 21
-116.57633463541667
 31
0.0
  0
LINE
  5
2B0
330
17
100
AcDbEntity
  8
visible
100
AcDbLine
 10
6.228678485416667
 20
-116.71630859375
 30
0.0
 11
6.228678485416667
 21
-116.57633463541667
 31
0.0
  0
LINE
  5
2B1
330
17
100
AcDbEntity
  8
visible
100
AcDbLine
 10
5.568684995833334
 20
-116.71630859375
 30
0.0
 11
6.228678485416667
 21
-116.71630859375
 31
0.0
  0
LINE
  5
2B2
330
17
100
AcDbEntity
  8
visible
100
AcDbLine
 10
5.568684995833334
 20
-117.12239583333333
 30
0.0
 11
5.568684995833334
 21
-116.71630859375
 31
0.0
  0
LINE
  5
2B3
330
17
100
AcDbEntity
  8
visible
100
AcDbLine
 10
6.301106870833334
 20
-117.12239583333333
 30
0.0
 11
5.568684995833334
 21
-117.12239583333333
 31
0.0
  0
LINE
  5
2B4
330
17
100
AcDbEntity
  8
visible
100
AcDbLine
 10
6.301106870833334
 20
-117.26318359375
 30
0.0
 11
6.301106870833334
 21
-117.12239583333333
 31
0.0
  0
LINE
  5
2B5
330
17
100
AcDbEntity
  8
visible
100
AcDbLine
 10
6.541178485416667
 20
-117.26318359375
 30
0.0
 11
6.7080079125
 21
-117.26318359375
 31
0.0
  0
LINE
  5
2B6
330
17
100
AcDbEntity
  8
visible
100
AcDbLine
 10
6.541178485416667
 20
-117.09635416666667
 30
0.0
 11
6.541178485416667
 21
-117.26318359375
 31
0.0
  0
LINE
  5
2B7
330
17
100
AcDbEntity
  8
visible
100
AcDbLine
 10
6.7080079125
 20
-117.09635416666667
 30
0.0
 11
6.541178485416667
 21
-117.09635416666667
 31
0.0
  0
LINE
  5
2B8
330
17
100
AcDbEntity
  8
visible
100
AcDbLine
 10
6.7080079125
 20
-117.26318359375
 30
0.0
 11
6.7080079125
 21
-117.09635416666667
 31
0.0
  0
LINE
  5
2B9
330
17
100
AcDbEntity
  8
visible
100
AcDbLine
 10
6.541178485416667
 20
-116.56575520833333
 30
0.0
 11
6.7080079125
 21
-116.56575520833333
 31
0.0
  0
LINE
  5
2BA
330
17
100
AcDbEntity
  8
visible
100
AcDbLine
 10
6.541178485416667
 20
-116.39892578125
 30
0.0
 11
6.541178485416667
 21
-116.56575520833333
 31
0.0
  0
LINE
  5
2BB
330
17
100
AcDbEntity
  8
visible
100
AcDbLine
 10
6.7080079125
 20
-116.39892578125
 30
0.0
 11
6.541178485416667
 21
-116.39892578125
 31
0.0
  0
LINE
  5
2BC
330
17
100
AcDbEntity
  8
visible
100
AcDbLine
 10
6.7080079125
 20
-116.56575520833333
 30
0.0
 11
6.7080079125
 21
-116.39892578125
 31
0.0
  0
LINE
  5
2BD
330
17
100
AcDbEntity
  8
visible
100
AcDbLine
 10
1.6591797875000003
 20
-128.67621527777777
 30
0.0
 11
1.6591797875000003
 21
-126.87934027777777
 31
0.0
  0
LINE
  5
2BE
330
17
100
AcDbEntity
  8
visible
100
AcDbLine
 10
1.4394532250000003
 20
-128.67621527777777
 30
0.0
 11
1.6591797875000003
 21
-128.67621527777777
 31
0.0
  0
LINE
  5
2BF
330
17
100
AcDbEntity
  8
visible
100
AcDbLine
 10
1.4394532250000003
 20
-127.27606879340277
 30
0.0
 11
1.4394532250000003
 21
-128.67621527777777
 31
0.0
  0
SPLINE
  5
2C0
330
17
100
AcDbEntity
  8
visible
100
AcDbSpline
 70
0
 71
2
 72
8
 73
5
 74
0
 40
0.0
 40
0.0
 40
0.0
 40
1.0
 40
1.0
 40
2.0
 40
2.0
 40
2.0
 10
1.0000001000000003
 20
-127.54096137152777
 30
0.0
 10
1.1025391625000003
 20
-127.50311957465277
 30
0.0
 10
1.2313233421875003
 20
-127.42743598090277
 30
0.0
 10
1.3601075218750003
 20
-127.35175238715277
 30
0.0
 10
1.4394532250000003
 20
-127.27606879340277
 30
0.0
  0
LINE
  5
2C1
330
17
100
AcDbEntity
  8
visible
100
AcDbLine
 10
1.0000001000000003
 20
-127.32855902777777
 30
0.0
 11
1.0000001000000003
 21
-127.54096137152777
 31
0.0
  0
SPLINE
  5
2C2
330
17
100
AcDbEntity
  8
visible
100
AcDbSpline
 70
0
 71
2
 72
8
 73
5
 74
0
 40
0.0
 40
0.0
 40
0.0
 40
1.0
 40
1.0
 40
2.0
 40
2.0
 40
2.0
 10
1.5175782250000003
 20
-126.87934027777777
 30
0.0
 10
1.4602051781250003
 20
-126.99530707465277
 30
0.0
 10
1.3222657250000003
 20
-127.11859809027777
 30
0.0
 10
1.1843262718750003
 20
-127.24188910590277
 30
0.0
 10
1.0000001000000003
 20
-127.32855902777777
 30
0.0
  0
LINE
  5
2C3
330
17
100
AcDbEntity
  8
visible
100
AcDbLine
 10
1.6591797875000003
 20
-126.87934027777777
 30
0.0
 11
1.5175782250000003
 21
-126.87934027777777
 31
0.0
  0
LINE
  5
2C4
330
17
100
AcDbEntity
  8
visible
100
AcDbLine
 10
3.7441407250000003
 20
-128.67621527777777
 30
0.0
 11
3.7441407250000003
 21
-126.87934027777777
 31
0.0
  0
LINE
  5
2C5
330
17
100
AcDbEntity
  8
visible
100
AcDbLine
 10
3.5244141625000003
 20
-128.67621527777777
 30
0.0
 11
3.7441407250000003
 21
-128.67621527777777
 31
0.0
  0
LINE
  5
2C6
330
17
100
AcDbEntity
  8
visible
100
AcDbLine
 10
3.5244141625000003
 20
-127.27606879340277
 30
0.0
 11
3.5244141625000003
 21
-128.67621527777777
 31
0.0
  0
SPLINE
  5
2C7
330
17
100
AcDbEntity
  8
visible
100
AcDbSpline
 70
0
 71
2
 72
8
 73
5
 74
0
 40
0.0
 40
0.0
 40
0.0
 40
1.0
 40
1.0
 40
2.0
 40
2.0
 40
2.0
 10
3.0849610375000003
 20
-127.54096137152777
 30
0.0
 10
3.1875001
 20
-127.50311957465277
 30
0.0
 10
3.3162842796875003
 20
-127.42743598090277
 30
0.0
 10
3.445068459375
 20
-127.35175238715277
 30
0.0
 10
3.5244141625000003
 20
-127.27606879340277
 30
0.0
  0
LINE
  5
2C8
330
17
100
AcDbEntity
  8
visible
100
AcDbLine
 10
3.0849610375000003
 20
-127.32855902777777
 30
0.0
 11
3.0849610375000003
 21
-127.54096137152777
 31
0.0
  0
SPLINE
  5
2C9
330
17
100
AcDbEntity
  8
visible
100
AcDbSpline
 70
0
 71
2
 72
8
 73
5
 74
0
 40
0.0
 40
0.0
 40
0.0
 40
1.0
 40
1.0
 40
2.0
 40
2.0
 40
2.0
 10
3.6025391625000003
 20
-126.87934027777777
 30
0.0
 10
3.545166115625
 20
-126.99530707465277
 30
0.0
 10
3.4072266625000003
 20
-127.11859809027777
 30
0.0
 10
3.269287209375
 20
-127.24188910590277
 30
0.0
 10
3.0849610375000003
 20
-127.32855902777777
 30
0.0
  0
LINE
  5
2CA
330
17
100
AcDbEntity
  8
visible
100
AcDbLine
 10
3.7441407250000003
 20
-126.87934027777777
 30
0.0
 11
3.6025391625000003
 21
-126.87934027777777
 31
0.0
  0
LINE
  5
2CB
330
17
100
AcDbEntity
  8
visible
100
AcDbLine
 10
2.3439942406250003
 20
-128.67621527777777
 30
0.0
 11
2.5942383812500003
 21
-128.67621527777777
 31
0.0
  0
LINE
  5
2CC
330
17
100
AcDbEntity
  8
visible
100
AcDbLine
 10
2.3439942406250003
 20
-128.42597113715277
 30
0.0
 11
2.3439942406250003
 21
-128.67621527777777
 31
0.0
  0
LINE
  5
2CD
330
17
100
AcDbEntity
  8
visible
100
AcDbLine
 10
2.5942383812500003
 20
-128.42597113715277
 30
0.0
 11
2.3439942406250003
 21
-128.42597113715277
 31
0.0
  0
LINE
  5
2CE
330
17
100
AcDbEntity
  8
visible
100
AcDbLine
 10
2.5942383812500003
 20
-128.67621527777777
 30
0.0
 11
2.5942383812500003
 21
-128.42597113715277
 31
0.0
  0
LINE
  5
2CF
330
17
100
AcDbEntity
  8
visible
100
AcDbLine
 10
2.3439942406250003
 20
-127.63007269965277
 30
0.0
 11
2.5942383812500003
 21
-127.63007269965277
 31
0.0
  0
LINE
  5
2D0
330
17
100
AcDbEntity
  8
visible
100
AcDbLine
 10
2.3439942406250003
 20
-127.37982855902777
 30
0.0
 11
2.3439942406250003
 21
-127.63007269965277
 31
0.0
  0
LINE
  5
2D1
330
17
100
AcDbEntity
  8
visible
100
AcDbLine
 10
2.5942383812500003
 20
-127.37982855902777
 30
0.0
 11
2.3439942406250003
 21
-127.37982855902777
 31
0.0
  0
LINE
  5
2D2
330
17
100
AcDbEntity
  8
visible
100
AcDbLine
 10
2.5942383812500003
 20
-127.63007269965277
 30
0.0
 11
2.5942383812500003
 21
-127.37982855902777
 31
0.0
  0
LINE
  5
2D3
330
17
100
AcDbEntity
  8
visible
100
AcDbLine
 10
68.11344411041668
 20
-77.91205512152777
 30
0.0
 11
67.66666676666668
 21
-77.95111762152777
 31
0.0
  0
SPLINE
  5
2D4
330
17
100
AcDbEntity
  8
visible
100
AcDbSpline
 70
0
 71
3
 72
26
 73
22
 74
0
 40
0.0
 40
0.0
 40
0.0
 40
0.0
 40
2.0
 40
2.0
 40
2.0
 40
2.9855072463768115
 40
2.9855072463768115
 40
2.9855072463768115
 40
3.9710144927536226
 40
3.9710144927536226
 40
3.9710144927536226
 40
4.956521739130434
 40
4.956521739130434
 40
4.956521739130434
 40
6.066327196761978
 40
6.066327196761978
 40
6.066327196761978
 40
7.1761326543935215
 40
7.1761326543935215
 40
7.1761326543935215
 40
8.285938112025065
 40
8.285938112025065
 40
8.285938112025065
 40
8.285938112025065
 10
69.63932301666668
 20
-77.62396918402777
 30
0.0
 10
69.94185415381367
 20
-77.73815580656778
 30
0.0
 10
70.05619292118632
 20
-77.90447657190441
 30
0.0
 10
70.05924489166668
 20
-78.12934027777777
 30
0.0
 10
70.05924489166668
 20
-78.24001736111113
 30
0.0
 10
70.02547210520834
 20
-78.34214952256943
 30
0.0
 10
69.95792653229168
 20
-78.43573676215277
 30
0.0
 10
69.89038095937508
 20
-78.52932400173619
 30
0.0
 10
69.7874349958333
 20
-78.60297309027769
 30
0.0
 10
69.64908864166668
 20
-78.65668402777777
 30
0.0
 10
69.51074228750001
 20
-78.71039496527779
 30
0.0
 10
69.35123707916668
 20
-78.73725043402773
 30
0.0
 10
69.17057301666668
 20
-78.73725043402777
 30
0.0
 10
68.9671224958333
 20
-78.73725043402773
 30
0.0
 10
68.78401702708338
 20
-78.70185004340283
 30
0.0
 10
68.62125661041667
 20
-78.63104926215274
 30
0.0
 10
68.45849619375001
 20
-78.56024848090273
 30
0.0
 10
68.33846038645837
 20
-78.46747504340281
 30
0.0
 10
68.26114918854168
 20
-78.35272894965277
 30
0.0
 10
68.183837990625
 20
-78.23798285590274
 30
0.0
 10
68.13460296458337
 20
-78.09109157986111
 30
0.0
 10
68.11344411041668
 20
-77.91205512152777
 30
0.0
  0
SPLINE
  5
2D5
330
17
100
AcDbEntity
  8
visible
100
AcDbSpline
 70
0
 71
2
 72
8
 73
5
 74
0
 40
0.0
 40
0.0
 40
0.0
 40
1.0
 40
1.0
 40
2.0
 40
2.0
 40
2.0
 10
68.31119801666668
 20
-77.22601996527777
 30
0.0
 10
68.50895192291668
 20
-77.33100043402777
 30
0.0
 10
69.00211598541668
 20
-77.44940863715277
 30
0.0
 10
69.49528004791668
 20
-77.56781684027777
 30
0.0
 10
69.63932301666668
 20
-77.62396918402777
 30
0.0
  0
SPLINE
  5
2D6
330
17
100
AcDbEntity
  8
visible
100
AcDbSpline
 70
0
 71
3
 72
26
 73
22
 74
0
 40
0.0
 40
0.0
 40
0.0
 40
0.0
 40
1.0
 40
1.0
 40
1.0
 40
2.0
 40
2.0
 40
2.0
 40
3.0
 40
3.0
 40
3.0
 40
3.9079754601226995
 40
3.9079754601226995
 40
3.9079754601226995
 40
4.815950920245399
 40
4.815950920245399
 40
4.815950920245399
 40
5.723926380368098
 40
5.723926380368098
 40
5.723926380368098
 40
7.376278118609408
 40
7.376278118609408
 40
7.376278118609408
 40
7.376278118609408
 10
70.40836598541668
 20
-76.53021918402777
 30
0.0
 10
70.4002279645833
 20
-76.32025824652773
 30
0.0
 10
70.34163421458335
 20
-76.13226996527779
 30
0.0
 10
70.23258473541668
 20
-75.96625434027777
 30
0.0
 10
70.12353525625002
 20
-75.80023871527777
 30
0.0
 10
69.96769215729167
 20
-75.67450629340276
 30
0.0
 10
69.76505543854168
 20
-75.58905707465277
 30
0.0
 10
69.5624187197917
 20
-75.50360785590277
 30
0.0
 10
69.32845062083335
 20
-75.46088324652776
 30
0.0
 10
69.06315114166668
 20
-75.46088324652777
 30
0.0
 10
68.822265725
 20
-75.46088324652776
 30
0.0
 10
68.60335296458338
 20
-75.50157335069449
 30
0.0
 10
68.40641286041668
 20
-75.58295355902777
 30
0.0
 10
68.20947275625
 20
-75.6643337673611
 30
0.0
 10
68.05973317291668
 20
-75.78355577256941
 30
0.0
 10
67.95719411041668
 20
-75.94061957465277
 30
0.0
 10
67.85465504791667
 20
-76.09768337673609
 30
0.0
 10
67.80338551666668
 20
-76.26654730902777
 30
0.0
 10
67.80338551666668
 20
-76.44721137152777
 30
0.0
 10
67.8038941784134
 20
-76.77420709708093
 30
0.0
 10
67.96889247991994
 20
-77.04876382305794
 30
0.0
 10
68.31119801666668
 20
-77.22601996527777
 30
0.0
  0
LINE
  5
2D7
330
17
100
AcDbEntity
  8
visible
100
AcDbLine
 10
69.95426442291668
 20
-76.56439887152777
 30
0.0
 11
70.40836598541668
 21
-76.53021918402777
 31
0.0
  0
SPLINE
  5
2D8
330
17
100
AcDbEntity
  8
visible
100
AcDbSpline
 70
0
 71
3
 72
17
 73
13
 74
0
 40
0.0
 40
0.0
 40
0.0
 40
0.0
 40
1.0
 40
1.0
 40
1.0
 40
2.151898734177215
 40
2.151898734177215
 40
2.151898734177215
 40
3.3037974683544302
 40
3.3037974683544302
 40
3.3037974683544302
 40
5.5159666283084
 40
5.5159666283084
 40
5.5159666283084
 40
5.5159666283084
 10
68.39908864166668
 20
-76.73285590277777
 30
0.0
 10
68.30631520416667
 20
-76.6498480902777
 30
0.0
 10
68.25992848541665
 20
-76.54405381944449
 30
0.0
 10
68.25992848541668
 20
-76.41547309027777
 30
0.0
 10
68.25992848541665
 20
-76.26736111111106
 30
0.0
 10
68.325439553125
 20
-76.1408148871528
 30
0.0
 10
68.45646168854168
 20
-76.03583441840277
 30
0.0
 10
68.58748382395828
 20
-75.93085394965274
 30
0.0
 10
68.79622405833338
 20
-75.8783637152778
 30
0.0
 10
69.08268239166668
 20
-75.87836371527777
 30
0.0
 10
69.63561023960706
 20
-75.87760072265772
 30
0.0
 10
69.90263865830967
 20
-76.11268790581452
 30
0.0
 10
69.95426442291668
 20
-76.56439887152777
 30
0.0
  0
SPLINE
  5
2D9
330
17
100
AcDbEntity
  8
visible
100
AcDbSpline
 70
0
 71
2
 72
8
 73
5
 74
0
 40
0.0
 40
0.0
 40
0.0
 40
1.0
 40
1.0
 40
2.0
 40
2.0
 40
2.0
 10
69.90543629791668
 20
-77.21625434027777
 30
0.0
 10
69.69059254791668
 20
-77.11859809027777
 30
0.0
 10
69.11319996979168
 20
-76.98798285590277
 30
0.0
 10
68.53580739166668
 20
-76.85736762152777
 30
0.0
 10
68.39908864166668
 20
-76.73285590277777
 30
0.0
  0
SPLINE
  5
2DA
330
17
100
AcDbEntity
  8
visible
100
AcDbSpline
 70
0
 71
3
 72
26
 73
22
 74
0
 40
0.0
 40
0.0
 40
0.0
 40
0.0
 40
1.0
 40
1.0
 40
1.0
 40
2.0
 40
2.0
 40
2.0
 40
3.0
 40
3.0
 40
3.0
 40
3.7889447236180906
 40
3.7889447236180906
 40
3.7889447236180906
 40
4.577889447236181
 40
4.577889447236181
 40
4.577889447236181
 40
5.366834170854272
 40
5.366834170854272
 40
5.366834170854272
 40
6.958209852682215
 40
6.958209852682215
 40
6.958209852682215
 40
6.958209852682215
 10
67.66666676666668
 20
-77.95111762152777
 30
0.0
 10
67.67317718333332
 20
-78.19037543402776
 30
0.0
 10
67.73868825104168
 20
-78.4048122829861
 30
0.0
 10
67.86319996979168
 20
-78.59442816840277
 30
0.0
 10
67.98771168854168
 20
-78.78404405381947
 30
0.0
 10
68.159423928125
 20
-78.92605251736107
 30
0.0
 10
68.37833668854168
 20
-79.02045355902777
 30
0.0
 10
68.59724944895835
 20
-79.11485460069444
 30
0.0
 10
68.86865244375001
 20
-79.16205512152777
 30
0.0
 10
69.19254567291668
 20
-79.16205512152777
 30
0.0
 10
69.44807952708332
 20
-79.16205512152776
 30
0.0
 10
69.677978615625
 20
-79.11526150173609
 30
0.0
 10
69.88224293854168
 20
-79.02167426215277
 30
0.0
 10
70.08650726145835
 20
-78.9280870225694
 30
0.0
 10
70.24316416249997
 20
-78.79706488715277
 30
0.0
 10
70.35221364166668
 20
-78.62860785590277
 30
0.0
 10
70.46126312083335
 20
-78.46015082465273
 30
0.0
 10
70.51578786041665
 20
-78.28070746527777
 30
0.0
 10
70.51578786041668
 20
-78.09027777777777
 30
0.0
 10
70.51426187517653
 20
-77.70718051793787
 30
0.0
 10
70.32362894982347
 20
-77.40729430845099
 30
0.0
 10
69.90543629791668
 20
-77.21625434027777
 30
0.0
  0
LINE
  5
2DB
330
17
100
AcDbEntity
  8
visible
100
AcDbLine
 10
71.92447926666668
 20
-79.10101996527777
 30
0.0
 11
72.45670582916668
 21
-79.10101996527777
 31
0.0
  0
LINE
  5
2DC
330
17
100
AcDbEntity
  8
visible
100
AcDbLine
 10
72.87174489166668
 20
-77.75336371527777
 30
0.0
 11
71.92447926666668
 21
-79.10101996527777
 31
0.0
  0
LINE
  5
2DD
330
17
100
AcDbEntity
  8
visible
100
AcDbLine
 10
71.99528004791668
 20
-76.50824652777777
 30
0.0
 11
72.87174489166668
 21
-77.75336371527777
 31
0.0
  0
LINE
  5
2DE
330
17
100
AcDbEntity
  8
visible
100
AcDbLine
 10
72.54459645416668
 20
-76.50824652777777
 30
0.0
 11
71.99528004791668
 21
-76.50824652777777
 31
0.0
  0
LINE
  5
2DF
330
17
100
AcDbEntity
  8
visible
100
AcDbLine
 10
72.94254567291668
 20
-77.11615668402777
 30
0.0
 11
72.54459645416668
 21
-76.50824652777777
 31
0.0
  0
SPLINE
  5
2E0
330
17
100
AcDbEntity
  8
visible
100
AcDbSpline
 70
0
 71
2
 72
6
 73
3
 74
0
 40
0.0
 40
0.0
 40
0.0
 40
1.0
 40
1.0
 40
1.0
 10
72.94254567291668
 20
-77.11615668402777
 30
0.0
 10
73.05485036041668
 20
-77.28949652777777
 30
0.0
 10
73.12320973541668
 20
-77.40668402777777
 30
0.0
  0
SPLINE
  5
2E1
330
17
100
AcDbEntity
  8
visible
100
AcDbSpline
 70
0
 71
2
 72
6
 73
3
 74
0
 40
0.0
 40
0.0
 40
0.0
 40
1.0
 40
1.0
 40
1.0
 10
73.12320973541668
 20
-77.40668402777777
 30
0.0
 10
73.23063161041668
 20
-77.24555121527777
 30
0.0
 10
73.32096364166668
 20
-77.12103949652777
 30
0.0
  0
LINE
  5
2E2
330
17
100
AcDbEntity
  8
visible
100
AcDbLine
 10
73.75797536041668
 20
-76.50824652777777
 30
0.0
 11
73.32096364166668
 21
-77.12103949652777
 31
0.0
  0
LINE
  5
2E3
330
17
100
AcDbEntity
  8
visible
100
AcDbLine
 10
74.28287770416668
 20
-76.50824652777777
 30
0.0
 11
73.75797536041668
 21
-76.50824652777777
 31
0.0
  0
LINE
  5
2E4
330
17
100
AcDbEntity
  8
visible
100
AcDbLine
 10
73.38688161041668
 20
-77.72894965277777
 30
0.0
 11
74.28287770416668
 21
-76.50824652777777
 31
0.0
  0
LINE
  5
2E5
330
17
100
AcDbEntity
  8
visible
100
AcDbLine
 10
74.35123707916668
 20
-79.10101996527777
 30
0.0
 11
73.38688161041668
 21
-77.72894965277777
 31
0.0
  0
LINE
  5
2E6
330
17
100
AcDbEntity
  8
visible
100
AcDbLine
 10
73.81168629791668
 20
-79.10101996527777
 30
0.0
 11
74.35123707916668
 21
-79.10101996527777
 31
0.0
  0
LINE
  5
2E7
330
17
100
AcDbEntity
  8
visible
100
AcDbLine
 10
73.27945973541668
 20
-78.29535590277777
 30
0.0
 11
73.81168629791668
 21
-79.10101996527777
 31
0.0
  0
LINE
  5
2E8
330
17
100
AcDbEntity
  8
visible
100
AcDbLine
 10
73.13785817291668
 20
-78.07807074652777
 30
0.0
 11
73.27945973541668
 21
-78.29535590277777
 31
0.0
  0
LINE
  5
2E9
330
17
100
AcDbEntity
  8
visible
100
AcDbLine
 10
72.45670582916668
 20
-79.10101996527777
 30
0.0
 11
73.13785817291668
 21
-78.07807074652777
 31
0.0
  0
LINE
  5
2EA
330
17
100
AcDbEntity
  8
visible
100
AcDbLine
 10
74.54654957916668
 20
-78.02680121527777
 30
0.0
 11
75.89664723541668
 21
-78.02680121527777
 31
0.0
  0
LINE
  5
2EB
330
17
100
AcDbEntity
  8
visible
100
AcDbLine
 10
74.54654957916668
 20
-77.58490668402777
 30
0.0
 11
74.54654957916668
 21
-78.02680121527777
 31
0.0
  0
LINE
  5
2EC
330
17
100
AcDbEntity
  8
visible
100
AcDbLine
 10
75.89664723541668
 20
-77.58490668402777
 30
0.0
 11
74.54654957916668
 21
-77.58490668402777
 31
0.0
  0
LINE
  5
2ED
330
17
100
AcDbEntity
  8
visible
100
AcDbLine
 10
75.89664723541668
 20
-78.02680121527777
 30
0.0
 11
75.89664723541668
 21
-77.58490668402777
 31
0.0
  0
LINE
  5
2EE
330
17
100
AcDbEntity
  8
visible
100
AcDbLine
 10
76.64127614166668
 20
-78.25873480902777
 30
0.0
 11
76.20670582916668
 21
-78.32709418402777
 31
0.0
  0
SPLINE
  5
2EF
330
17
100
AcDbEntity
  8
visible
100
AcDbSpline
 70
0
 71
3
 72
17
 73
13
 74
0
 40
0.0
 40
0.0
 40
0.0
 40
0.0
 40
1.0
 40
1.0
 40
1.0
 40
2.1147540983606556
 40
2.1147540983606556
 40
2.1147540983606556
 40
3.2295081967213113
 40
3.2295081967213113
 40
3.2295081967213113
 40
5.4410364886303535
 40
5.4410364886303535
 40
5.4410364886303535
 40
5.4410364886303535
 10
77.77897145416668
 20
-78.15131293402777
 30
0.0
 10
77.86523447499997
 20
-78.20827907986109
 30
0.0
 10
77.90836598541671
 20
-78.28640407986111
 30
0.0
 10
77.90836598541668
 20
-78.38568793402777
 30
0.0
 10
77.90836598541667
 20
-78.49636501736107
 30
0.0
 10
77.85953786041667
 20
-78.59280056423609
 30
0.0
 10
77.76188161041668
 20
-78.67499457465277
 30
0.0
 10
77.66422536041661
 20
-78.75718858506941
 30
0.0
 10
77.51448577708342
 20
-78.7982855902778
 30
0.0
 10
77.31266286041667
 20
-78.79828559027776
 30
0.0
 10
76.9120179045433
 20
-78.8000659063913
 30
0.0
 10
76.69035859754007
 20
-78.6052617845809
 30
0.0
 10
76.64127614166668
 20
-78.25873480902777
 30
0.0
  0
SPLINE
  5
2F0
330
17
100
AcDbEntity
  8
visible
100
AcDbSpline
 70
0
 71
2
 72
6
 73
3
 74
0
 40
0.0
 40
0.0
 40
0.0
 40
1.0
 40
1.0
 40
1.0
 10
77.77897145416668
 20
-78.15131293402777
 30
0.0
 10
77.68863942291668
 20
-78.09271918402777
 30
0.0
 10
77.32975270416668
 20
-78.00238715277777
 30
0.0
  0
SPLINE
  5
2F1
330
17
100
AcDbEntity
  8
visible
100
AcDbSpline
 70
0
 71
3
 72
17
 73
13
 74
0
 40
0.0
 40
0.0
 40
0.0
 40
0.0
 40
2.0
 40
2.0
 40
2.0
 40
3.098591549295775
 40
3.098591549295775
 40
3.098591549295775
 40
4.19718309859155
 40
4.19718309859155
 40
4.19718309859155
 40
5.295774647887325
 40
5.295774647887325
 40
5.295774647887325
 40
5.295774647887325
 10
76.57535817291668
 20
-76.63031684027777
 30
0.0
 10
76.39535548411021
 20
-76.7579818648775
 30
0.0
 10
76.27765903880643
 20
-76.96814660734468
 30
0.0
 10
76.27994801666668
 20
-77.19672309027777
 30
0.0
 10
76.27994801666674
 20
-77.32367621527783
 30
0.0
 10
76.31209319895832
 20
-77.43964301215276
 30
0.0
 10
76.37638356354168
 20
-77.54462348090277
 30
0.0
 10
76.44067392812508
 20
-77.64960394965281
 30
0.0
 10
76.53507496979167
 20
-77.73179796006943
 30
0.0
 10
76.65958668854168
 20
-77.79120551215277
 30
0.0
 10
76.78409840729167
 20
-77.8506130642361
 30
0.0
 10
77.00748707916668
 20
-77.92100694444443
 30
0.0
 10
77.32975270416668
 20
-78.00238715277777
 30
0.0
  0
SPLINE
  5
2F2
330
17
100
AcDbEntity
  8
visible
100
AcDbSpline
 70
0
 71
2
 72
14
 73
11
 74
0
 40
0.0
 40
0.0
 40
0.0
 40
1.0
 40
1.0
 40
2.0
 40
2.0
 40
3.0
 40
3.0
 40
3.6639999999999997
 40
3.6639999999999997
 40
4.327999999999999
 40
4.327999999999999
 40
4.327999999999999
 10
78.26236989166668
 20
-77.17719184027777
 30
0.0
 10
78.22086598541668
 20
-76.92572699652777
 30
0.0
 10
78.11100270416668
 20
-76.77558051215277
 30
0.0
 10
78.00113942291668
 20
-76.62543402777777
 30
0.0
 10
77.77042653229168
 20
-76.53754340277777
 30
0.0
 10
77.53971364166668
 20
-76.44965277777777
 30
0.0
 10
77.23453786041668
 20
-76.44965277777777
 30
0.0
 10
77.03190114166668
 20
-76.44965277777777
 30
0.0
 10
76.85489918854168
 20
-76.50214301215277
 30
0.0
 10
76.67789723541668
 20
-76.55463324652777
 30
0.0
 10
76.57535817291668
 20
-76.63031684027777
 30
0.0
  0
LINE
  5
2F3
330
17
100
AcDbEntity
  8
visible
100
AcDbLine
 10
77.83268239166668
 20
-77.23578559027777
 30
0.0
 11
78.26236989166668
 21
-77.17719184027777
 31
0.0
  0
SPLINE
  5
2F4
330
17
100
AcDbEntity
  8
visible
100
AcDbSpline
 70
0
 71
3
 72
17
 73
13
 74
0
 40
0.0
 40
0.0
 40
0.0
 40
0.0
 40
1.0
 40
1.0
 40
1.0
 40
2.571428571428571
 40
2.571428571428571
 40
2.571428571428571
 40
4.142857142857142
 40
4.142857142857142
 40
4.142857142857142
 40
6.8041474654377865
 40
6.8041474654377865
 40
6.8041474654377865
 40
6.8041474654377865
 10
76.75846364166668
 20
-77.29926215277777
 30
0.0
 10
76.72265634999998
 20
-77.25368923611109
 30
0.0
 10
76.70475270416665
 20
-77.2024197048611
 30
0.0
 10
76.70475270416668
 20
-77.14545355902777
 30
0.0
 10
76.70475270416665
 20
-77.05593532986107
 30
0.0
 10
76.74788421458334
 20
-76.9778103298611
 30
0.0
 10
76.83414723541668
 20
-76.91107855902777
 30
0.0
 10
76.92041025625001
 20
-76.84434678819441
 30
0.0
 10
77.06445322500002
 20
-76.81098090277777
 30
0.0
 10
77.26627614166668
 20
-76.81098090277777
 30
0.0
 10
77.60858167841336
 20
-76.80843759404412
 30
0.0
 10
77.79311122991996
 20
-76.97140181567806
 30
0.0
 10
77.83268239166668
 20
-77.23578559027777
 30
0.0
  0
SPLINE
  5
2F5
330
17
100
AcDbEntity
  8
visible
100
AcDbSpline
 70
0
 71
2
 72
6
 73
3
 74
0
 40
0.0
 40
0.0
 40
0.0
 40
1.0
 40
1.0
 40
1.0
 10
76.75846364166668
 20
-77.29926215277777
 30
0.0
 10
76.81217457916668
 20
-77.37006293402777
 30
0.0
 10
76.92692067291668
 20
-77.41644965277777
 30
0.0
  0
SPLINE
  5
2F6
330
17
100
AcDbEntity
  8
visible
100
AcDbSpline
 70
0
 71
2
 72
6
 73
3
 74
0
 40
0.0
 40
0.0
 40
0.0
 40
1.0
 40
1.0
 40
1.0
 10
76.92692067291668
 20
-77.41644965277777
 30
0.0
 10
76.99283864166668
 20
-77.44086371527777
 30
0.0
 10
77.31510426666668
 20
-77.52875434027777
 30
0.0
  0
SPLINE
  5
2F7
330
17
100
AcDbEntity
  8
visible
100
AcDbSpline
 70
0
 71
2
 72
20
 73
17
 74
0
 40
0.0
 40
0.0
 40
0.0
 40
1.0
 40
1.0
 40
2.0
 40
2.0
 40
2.603864734299517
 40
2.603864734299517
 40
3.207729468599034
 40
3.207729468599034
 40
3.8115942028985508
 40
3.8115942028985508
 40
4.428878153515835
 40
4.428878153515835
 40
5.046162104133119
 40
5.046162104133119
 40
5.663446054750403
 40
5.663446054750403
 40
5.663446054750403
 10
76.20670582916668
 20
-78.32709418402777
 30
0.0
 10
76.27994801666668
 20
-78.73969184027777
 30
0.0
 10
76.54484059479168
 20
-78.94965277777777
 30
0.0
 10
76.80973317291668
 20
-79.15961371527777
 30
0.0
 10
77.31510426666668
 20
-79.15961371527777
 30
0.0
 10
77.62028004791668
 20
-79.15961371527777
 30
0.0
 10
77.86197926666668
 20
-79.05341254340277
 30
0.0
 10
78.10367848541668
 20
-78.94721137152777
 30
0.0
 10
78.23185231354168
 20
-78.75311957465277
 30
0.0
 10
78.36002614166668
 20
-78.55902777777777
 30
0.0
 10
78.36002614166668
 20
-78.33930121527777
 30
0.0
 10
78.36002614166668
 20
-78.11469184027777
 30
0.0
 10
78.25504567291668
 20
-77.96332465277777
 30
0.0
 10
78.15006520416671
 20
-77.81195746527779
 30
0.0
 10
77.96573903229168
 20
-77.73261176215277
 30
0.0
 10
77.78141286041668
 20
-77.65326605902777
 30
0.0
 10
77.31510426666668
 20
-77.52875434027777
 30
0.0
  0
LINE
  5
2F8
330
17
100
AcDbEntity
  8
visible
100
AcDbLine
 10
78.88248707916668
 20
-80.09467230902777
 30
0.0
 11
79.32194020416668
 21
-80.09467230902777
 31
0.0
  0
LINE
  5
2F9
330
17
100
AcDbEntity
  8
visible
100
AcDbLine
 10
78.88248707916668
 20
-76.50824652777777
 30
0.0
 11
78.88248707916668
 21
-80.09467230902777
 31
0.0
  0
LINE
  5
2FA
330
17
100
AcDbEntity
  8
visible
100
AcDbLine
 10
79.28287770416668
 20
-76.50824652777777
 30
0.0
 11
78.88248707916668
 21
-76.50824652777777
 31
0.0
  0
LINE
  5
2FB
330
17
100
AcDbEntity
  8
visible
100
AcDbLine
 10
79.28287770416668
 20
-76.84516059027777
 30
0.0
 11
79.28287770416668
 21
-76.50824652777777
 31
0.0
  0
SPLINE
  5
2FC
330
17
100
AcDbEntity
  8
visible
100
AcDbSpline
 70
0
 71
2
 72
24
 73
21
 74
0
 40
0.0
 40
0.0
 40
0.0
 40
1.0
 40
1.0
 40
2.0
 40
2.0
 40
3.3666666666666667
 40
3.3666666666666667
 40
4.733333333333333
 40
4.733333333333333
 40
6.1000000000000005
 40
6.1000000000000005
 40
7.3744376278118615
 40
7.3744376278118615
 40
8.648875255623722
 40
8.648875255623722
 40
9.923312883435582
 40
9.923312883435582
 40
10.89788283411524
 40
10.89788283411524
 40
11.872452784794898
 40
11.872452784794898
 40
11.872452784794898
 10
79.32194020416668
 20
-78.83246527777777
 30
0.0
 10
79.43424489166668
 20
-78.97406684027777
 30
0.0
 10
79.60880543854168
 20
-79.06684027777777
 30
0.0
 10
79.78336598541668
 20
-79.15961371527777
 30
0.0
 10
80.00309254791668
 20
-79.15961371527777
 30
0.0
 10
80.30338551666668
 20
-79.15961371527777
 30
0.0
 10
80.57560231354168
 20
-78.98993598090277
 30
0.0
 10
80.84781911041667
 20
-78.82025824652777
 30
0.0
 10
80.99064137604168
 20
-78.50165473090277
 30
0.0
 10
81.13346364166668
 20
-78.18305121527777
 30
0.0
 10
81.13346364166668
 20
-77.78510199652777
 30
0.0
 10
81.13346364166668
 20
-77.41400824652777
 30
0.0
 10
81.00406911041668
 20
-77.10272894965277
 30
0.0
 10
80.87467457916668
 20
-76.79144965277777
 30
0.0
 10
80.62076832916668
 20
-76.62055121527777
 30
0.0
 10
80.36686207916668
 20
-76.44965277777777
 30
0.0
 10
80.03483082916668
 20
-76.44965277777777
 30
0.0
 10
79.78092457916668
 20
-76.44965277777777
 30
0.0
 10
79.60270192291668
 20
-76.54852973090277
 30
0.0
 10
79.42447926666668
 20
-76.64740668402777
 30
0.0
 10
79.28287770416668
 20
-76.84516059027777
 30
0.0
  0
LINE
  5
2FD
330
17
100
AcDbEntity
  8
visible
100
AcDbLine
 10
79.32194020416668
 20
-80.09467230902777
 30
0.0
 11
79.32194020416668
 21
-78.83246527777777
 31
0.0
  0
SPLINE
  5
2FE
330
17
100
AcDbEntity
  8
visible
100
AcDbSpline
 70
0
 71
2
 72
20
 73
17
 74
0
 40
0.0
 40
0.0
 40
0.0
 40
1.0
 40
1.0
 40
2.0
 40
2.0
 40
3.008695652173913
 40
3.008695652173913
 40
4.017391304347826
 40
4.017391304347826
 40
5.0757763975155274
 40
5.0757763975155274
 40
6.134161490683229
 40
6.134161490683229
 40
7.174906832298135
 40
7.174906832298135
 40
8.215652173913043
 40
8.215652173913043
 40
8.215652173913043
 10
79.28043629791668
 20
-77.81928168402777
 30
0.0
 10
79.28043629791668
 20
-77.31879340277777
 30
0.0
 10
79.49650075104168
 20
-77.05634223090277
 30
0.0
 10
79.71256520416668
 20
-76.79389105902777
 30
0.0
 10
79.99332692291668
 20
-76.79389105902777
 30
0.0
 10
80.27653004791668
 20
-76.79389105902777
 30
0.0
 10
80.48038746979168
 20
-77.04047309027777
 30
0.0
 10
80.68424489166668
 20
-77.28705512152777
 30
0.0
 10
80.68424489166668
 20
-77.78266059027777
 30
0.0
 10
80.68424489166668
 20
-78.30268012152777
 30
0.0
 10
80.47550465729168
 20
-78.55048285590277
 30
0.0
 10
80.26676442291668
 20
-78.79828559027777
 30
0.0
 10
79.97379567291668
 20
-78.79828559027777
 30
0.0
 10
79.68570973541668
 20
-78.79828559027777
 30
0.0
 10
79.48307301666668
 20
-78.55902777777777
 30
0.0
 10
79.28043629791668
 20
-78.31976996527777
 30
0.0
 10
79.28043629791668
 20
-77.81928168402777
 30
0.0
  0
SPLINE
  5
2FF
330
17
100
AcDbEntity
  8
visible
100
AcDbSpline
 70
0
 71
2
 72
22
 73
19
 74
0
 40
0.0
 40
0.0
 40
0.0
 40
1.0
 40
1.0
 40
1.911864406779661
 40
1.911864406779661
 40
2.823728813559322
 40
2.823728813559322
 40
3.39211066352512
 40
3.39211066352512
 40
3.9604925134909177
 40
3.9604925134909177
 40
4.5288743634567155
 40
4.5288743634567155
 40
5.230340744146212
 40
5.230340744146212
 40
5.931807124835709
 40
5.931807124835709
 40
6.5628065631728365
 40
6.5628065631728365
 40
6.5628065631728365
 10
81.90006520416668
 20
-76.73773871527777
 30
0.0
 10
81.49967457916668
 20
-77.08441840277777
 30
0.0
 10
81.49967457916668
 20
-77.80463324652777
 30
0.0
 10
81.49967457916668
 20
-78.46137152777777
 30
0.0
 10
81.83536793854168
 20
-78.81049262152777
 30
0.0
 10
82.17106129791668
 20
-79.15961371527777
 30
0.0
 10
82.71549489166668
 20
-79.15961371527777
 30
0.0
 10
83.05485036041668
 20
-79.15961371527777
 30
0.0
 10
83.34171559479168
 20
-79.00092230902777
 30
0.0
 10
83.62858082916668
 20
-78.84223090277777
 30
0.0
 10
83.77872731354168
 20
-78.55536566840277
 30
0.0
 10
83.92887379791668
 20
-78.26850043402777
 30
0.0
 10
83.92887379791668
 20
-77.76801215277777
 30
0.0
 10
83.92887379791667
 20
-77.15033637152774
 30
0.0
 10
83.58951832916668
 20
-76.79999457465277
 30
0.0
 10
83.25016286041668
 20
-76.44965277777777
 30
0.0
 10
82.71549489166668
 20
-76.44965277777777
 30
0.0
 10
82.23453786041668
 20
-76.44965277777777
 30
0.0
 10
81.90006520416668
 20
-76.73773871527777
 30
0.0
  0
SPLINE
  5
300
330
17
100
AcDbEntity
  8
visible
100
AcDbSpline
 70
0
 71
2
 72
20
 73
17
 74
0
 40
0.0
 40
0.0
 40
0.0
 40
1.0
 40
1.0
 40
2.0
 40
2.0
 40
2.985185185185185
 40
2.985185185185185
 40
3.9703703703703703
 40
3.9703703703703703
 40
5.015566835871404
 40
5.015566835871404
 40
6.060763301372438
 40
6.060763301372438
 40
7.113759740496614
 40
7.113759740496614
 40
8.16675617962079
 40
8.16675617962079
 40
8.16675617962079
 10
81.95133473541668
 20
-77.80463324652777
 30
0.0
 10
81.95133473541668
 20
-77.30658637152777
 30
0.0
 10
82.16861989166668
 20
-77.06000434027777
 30
0.0
 10
82.38590504791668
 20
-76.81342230902777
 30
0.0
 10
82.71549489166668
 20
-76.81342230902777
 30
0.0
 10
83.04020192291668
 20
-76.81342230902777
 30
0.0
 10
83.25870778229168
 20
-77.06122504340277
 30
0.0
 10
83.47721364166668
 20
-77.30902777777777
 30
0.0
 10
83.47721364166668
 20
-77.78998480902777
 30
0.0
 10
83.47721364166668
 20
-78.30023871527777
 30
0.0
 10
83.25992848541668
 20
-78.54926215277777
 30
0.0
 10
83.04264332916668
 20
-78.79828559027777
 30
0.0
 10
82.71549489166668
 20
-78.79828559027777
 30
0.0
 10
82.38590504791668
 20
-78.79828559027777
 30
0.0
 10
82.16861989166668
 20
-78.55048285590277
 30
0.0
 10
81.95133473541668
 20
-78.30268012152777
 30
0.0
 10
81.95133473541668
 20
-77.80463324652777
 30
0.0
  0
LINE
  5
301
330
17
100
AcDbEntity
  8
visible
100
AcDbLine
 10
84.44645192291668
 20
-79.10101996527777
 30
0.0
 11
84.88590504791668
 21
-79.10101996527777
 31
0.0
  0
LINE
  5
302
330
17
100
AcDbEntity
  8
visible
100
AcDbLine
 10
84.44645192291668
 20
-75.52191840277777
 30
0.0
 11
84.44645192291668
 21
-79.10101996527777
 31
0.0
  0
LINE
  5
303
330
17
100
AcDbEntity
  8
visible
100
AcDbLine
 10
84.88590504791668
 20
-75.52191840277777
 30
0.0
 11
84.44645192291668
 21
-75.52191840277777
 31
0.0
  0
LINE
  5
304
330
17
100
AcDbEntity
  8
visible
100
AcDbLine
 10
84.88590504791668
 20
-77.56293402777777
 30
0.0
 11
84.88590504791668
 21
-75.52191840277777
 31
0.0
  0
LINE
  5
305
330
17
100
AcDbEntity
  8
visible
100
AcDbLine
 10
85.92594411041668
 20
-76.50824652777777
 30
0.0
 11
84.88590504791668
 21
-77.56293402777777
 31
0.0
  0
LINE
  5
306
330
17
100
AcDbEntity
  8
visible
100
AcDbLine
 10
86.49479176666668
 20
-76.50824652777777
 30
0.0
 11
85.92594411041668
 21
-76.50824652777777
 31
0.0
  0
LINE
  5
307
330
17
100
AcDbEntity
  8
visible
100
AcDbLine
 10
85.50358082916668
 20
-77.47016059027777
 30
0.0
 11
86.49479176666668
 21
-76.50824652777777
 31
0.0
  0
LINE
  5
308
330
17
100
AcDbEntity
  8
visible
100
AcDbLine
 10
86.59488942291668
 20
-79.10101996527777
 30
0.0
 11
85.50358082916668
 21
-77.47016059027777
 31
0.0
  0
LINE
  5
309
330
17
100
AcDbEntity
  8
visible
100
AcDbLine
 10
86.05289723541668
 20
-79.10101996527777
 30
0.0
 11
86.59488942291668
 21
-79.10101996527777
 31
0.0
  0
LINE
  5
30A
330
17
100
AcDbEntity
  8
visible
100
AcDbLine
 10
85.19596364166668
 20
-77.77533637152777
 30
0.0
 11
86.05289723541668
 21
-79.10101996527777
 31
0.0
  0
LINE
  5
30B
330
17
100
AcDbEntity
  8
visible
100
AcDbLine
 10
84.88590504791668
 20
-78.07318793402777
 30
0.0
 11
85.19596364166668
 21
-77.77533637152777
 31
0.0
  0
LINE
  5
30C
330
17
100
AcDbEntity
  8
visible
100
AcDbLine
 10
84.88590504791668
 20
-79.10101996527777
 30
0.0
 11
84.88590504791668
 21
-78.07318793402777
 31
0.0
  0
LINE
  5
30D
330
17
100
AcDbEntity
  8
visible
100
AcDbLine
 10
89.17301442291668
 20
-78.32221137152777
 30
0.0
 11
88.71891286041668
 21
-78.26605902777777
 31
0.0
  0
SPLINE
  5
30E
330
17
100
AcDbEntity
  8
visible
100
AcDbSpline
 70
0
 71
2
 72
22
 73
19
 74
0
 40
0.0
 40
0.0
 40
0.0
 40
1.0
 40
1.0
 40
17.4375
 40
17.4375
 40
33.875
 40
33.875
 40
50.85269953051643
 40
50.85269953051643
 40
67.83039906103286
 40
67.83039906103286
 40
84.23795196552449
 40
84.23795196552449
 40
100.64550487001611
 40
100.64550487001611
 40
113.67296103881847
 40
113.67296103881847
 40
126.70041720762083
 40
126.70041720762083
 40
126.70041720762083
 10
89.18522145416668
 20
-77.91693793402777
 30
0.0
 10
89.18766286041667
 20
-77.83881293402777
 30
0.0
 10
89.18766286041668
 20
-77.79975043402777
 30
0.0
 10
89.18766286041667
 20
-77.15766059027777
 30
0.0
 10
88.85807301666668
 20
-76.80365668402777
 30
0.0
 10
88.52848317291667
 20
-76.44965277777777
 30
0.0
 10
88.00846364166668
 20
-76.44965277777777
 30
0.0
 10
87.47135426666667
 20
-76.44965277777777
 30
0.0
 10
87.13444020416668
 20
-76.81098090277777
 30
0.0
 10
86.79752614166667
 20
-77.17230902777777
 30
0.0
 10
86.79752614166668
 20
-77.82660590277777
 30
0.0
 10
86.79752614166668
 20
-78.4589301215278
 30
0.0
 10
87.13077809479168
 20
-78.80927191840277
 30
0.0
 10
87.46403004791668
 20
-79.15961371527777
 30
0.0
 10
88.03287770416668
 20
-79.15961371527777
 30
0.0
 10
88.48453786041667
 20
-79.15961371527777
 30
0.0
 10
88.77506520416668
 20
-78.93988715277777
 30
0.0
 10
89.06559254791667
 20
-78.72016059027777
 30
0.0
 10
89.17301442291668
 20
-78.32221137152777
 30
0.0
  0
LINE
  5
30F
330
17
100
AcDbEntity
  8
visible
100
AcDbLine
 10
87.25162770416668
 20
-77.91693793402777
 30
0.0
 11
89.18522145416668
 21
-77.91693793402777
 31
0.0
  0
SPLINE
  5
310
330
17
100
AcDbEntity
  8
visible
100
AcDbSpline
 70
0
 71
3
 72
14
 73
10
 74
0
 40
0.0
 40
0.0
 40
0.0
 40
0.0
 40
2.0
 40
2.0
 40
2.0
 40
3.3434343434343434
 40
3.3434343434343434
 40
3.3434343434343434
 40
4.686868686868687
 40
4.686868686868687
 40
4.686868686868687
 40
4.686868686868687
 10
88.71891286041668
 20
-78.26605902777777
 30
0.0
 10
88.58544931874998
 20
-78.63969608651134
 30
0.0
 10
88.35758473541668
 20
-78.79574228154416
 30
0.0
 10
88.03531911041668
 20
-78.79828559027777
 30
0.0
 10
87.81884775625008
 20
-78.79828559027784
 30
0.0
 10
87.63818369375
 20
-78.72260199652776
 30
0.0
 10
87.49332692291668
 20
-78.57123480902777
 30
0.0
 10
87.34847015208342
 20
-78.41986762152783
 30
0.0
 10
87.26790374583331
 20
-78.20176866319441
 30
0.0
 10
87.25162770416668
 20
-77.91693793402777
 30
0.0
  0
LINE
  5
311
330
17
100
AcDbEntity
  8
visible
100
AcDbLine
 10
88.72379567291668
 20
-77.55560980902777
 30
0.0
 11
87.27604176666668
 21
-77.55560980902777
 31
0.0
  0
SPLINE
  5
312
330
17
100
AcDbEntity
  8
visible
100
AcDbSpline
 70
0
 71
2
 72
6
 73
3
 74
0
 40
0.0
 40
0.0
 40
0.0
 40
1.0
 40
1.0
 40
1.0
 10
88.72379567291668
 20
-77.55560980902777
 30
0.0
 10
88.69449879791668
 20
-77.22846137152777
 30
0.0
 10
88.55778004791668
 20
-77.06488715277777
 30
0.0
  0
SPLINE
  5
313
330
17
100
AcDbEntity
  8
visible
100
AcDbSpline
 70
0
 71
2
 72
10
 73
7
 74
0
 40
0.0
 40
0.0
 40
0.0
 40
1.0
 40
1.0
 40
2.0
 40
2.0
 40
3.104838709677419
 40
3.104838709677419
 40
3.104838709677419
 10
87.27604176666668
 20
-77.55560980902777
 30
0.0
 10
87.29801442291667
 20
-77.21625434027777
 30
0.0
 10
87.50431325104168
 20
-77.01361762152777
 30
0.0
 10
87.71061207916667
 20
-76.81098090277777
 30
0.0
 10
88.01334645416668
 20
-76.81098090277777
 30
0.0
 10
88.34781911041667
 20
-76.81098090277777
 30
0.0
 10
88.55778004791668
 20
-77.06488715277777
 30
0.0
  0
LINE
  5
314
330
17
100
AcDbEntity
  8
visible
100
AcDbLine
 10
91.59244801666668
 20
-79.10101996527777
 30
0.0
 11
92.05143239166668
 21
-79.10101996527777
 31
0.0
  0
LINE
  5
315
330
17
100
AcDbEntity
  8
visible
100
AcDbLine
 10
90.79899098541668
 20
-76.50824652777777
 30
0.0
 11
91.59244801666668
 21
-79.10101996527777
 31
0.0
  0
LINE
  5
316
330
17
100
AcDbEntity
  8
visible
100
AcDbLine
 10
91.25309254791668
 20
-76.50824652777777
 30
0.0
 11
90.79899098541668
 21
-76.50824652777777
 31
0.0
  0
LINE
  5
317
330
17
100
AcDbEntity
  8
visible
100
AcDbLine
 10
91.66569020416668
 20
-78.00482855902777
 30
0.0
 11
91.25309254791668
 21
-76.50824652777777
 31
0.0
  0
LINE
  5
318
330
17
100
AcDbEntity
  8
visible
100
AcDbLine
 10
91.81949879791668
 20
-78.56146918402777
 30
0.0
 11
91.66569020416668
 21
-78.00482855902777
 31
0.0
  0
SPLINE
  5
319
330
17
100
AcDbEntity
  8
visible
100
AcDbSpline
 70
0
 71
2
 72
6
 73
3
 74
0
 40
0.0
 40
0.0
 40
0.0
 40
1.0
 40
1.0
 40
1.0
 10
91.81949879791668
 20
-78.56146918402777
 30
0.0
 10
91.82926442291668
 20
-78.51996527777777
 30
0.0
 10
91.95377614166668
 20
-78.02680121527777
 30
0.0
  0
LINE
  5
31A
330
17
100
AcDbEntity
  8
visible
100
AcDbLine
 10
92.36637379791668
 20
-76.50824652777777
 30
0.0
 11
91.95377614166668
 21
-78.02680121527777
 31
0.0
  0
LINE
  5
31B
330
17
100
AcDbEntity
  8
visible
100
AcDbLine
 10
92.81803395416668
 20
-76.50824652777777
 30
0.0
 11
92.36637379791668
 21
-76.50824652777777
 31
0.0
  0
LINE
  5
31C
330
17
100
AcDbEntity
  8
visible
100
AcDbLine
 10
93.20621754791668
 20
-78.01215277777777
 30
0.0
 11
92.81803395416668
 21
-76.50824652777777
 31
0.0
  0
LINE
  5
31D
330
17
100
AcDbEntity
  8
visible
100
AcDbLine
 10
93.33561207916668
 20
-78.50775824652777
 30
0.0
 11
93.20621754791668
 21
-78.01215277777777
 31
0.0
  0
LINE
  5
31E
330
17
100
AcDbEntity
  8
visible
100
AcDbLine
 10
93.48453786041668
 20
-78.00726996527777
 30
0.0
 11
93.33561207916668
 21
-78.50775824652777
 31
0.0
  0
LINE
  5
31F
330
17
100
AcDbEntity
  8
visible
100
AcDbLine
 10
93.92887379791668
 20
-76.50824652777777
 30
0.0
 11
93.48453786041668
 21
-78.00726996527777
 31
0.0
  0
LINE
  5
320
330
17
100
AcDbEntity
  8
visible
100
AcDbLine
 10
94.35611989166668
 20
-76.50824652777777
 30
0.0
 11
93.92887379791668
 21
-76.50824652777777
 31
0.0
  0
LINE
  5
321
330
17
100
AcDbEntity
  8
visible
100
AcDbLine
 10
93.54557301666668
 20
-79.10101996527777
 30
0.0
 11
94.35611989166668
 21
-76.50824652777777
 31
0.0
  0
LINE
  5
322
330
17
100
AcDbEntity
  8
visible
100
AcDbLine
 10
93.08903004791668
 20
-79.10101996527777
 30
0.0
 11
93.54557301666668
 21
-79.10101996527777
 31
0.0
  0
LINE
  5
323
330
17
100
AcDbEntity
  8
visible
100
AcDbLine
 10
92.67643239166668
 20
-77.54828559027777
 30
0.0
 11
93.08903004791668
 21
-79.10101996527777
 31
0.0
  0
LINE
  5
324
330
17
100
AcDbEntity
  8
visible
100
AcDbLine
 10
92.57633473541668
 20
-77.10639105902777
 30
0.0
 11
92.67643239166668
 21
-77.54828559027777
 31
0.0
  0
LINE
  5
325
330
17
100
AcDbEntity
  8
visible
100
AcDbLine
 10
92.05143239166668
 20
-79.10101996527777
 30
0.0
 11
92.57633473541668
 21
-77.10639105902777
 31
0.0
  0
LINE
  5
326
330
17
100
AcDbEntity
  8
visible
100
AcDbLine
 10
94.72477223541668
 20
-79.10101996527777
 30
0.0
 11
95.16422536041668
 21
-79.10101996527777
 31
0.0
  0
LINE
  5
327
330
17
100
AcDbEntity
  8
visible
100
AcDbLine
 10
94.72477223541668
 20
-75.52191840277777
 30
0.0
 11
94.72477223541668
 21
-79.10101996527777
 31
0.0
  0
LINE
  5
328
330
17
100
AcDbEntity
  8
visible
100
AcDbLine
 10
95.16422536041668
 20
-75.52191840277777
 30
0.0
 11
94.72477223541668
 21
-75.52191840277777
 31
0.0
  0
LINE
  5
329
330
17
100
AcDbEntity
  8
visible
100
AcDbLine
 10
95.16422536041668
 20
-76.80609809027777
 30
0.0
 11
95.16422536041668
 21
-75.52191840277777
 31
0.0
  0
SPLINE
  5
32A
330
17
100
AcDbEntity
  8
visible
100
AcDbSpline
 70
0
 71
2
 72
12
 73
9
 74
0
 40
0.0
 40
0.0
 40
0.0
 40
1.0
 40
1.0
 40
2.0
 40
2.0
 40
3.0
 40
3.0
 40
4.627118644067797
 40
4.627118644067797
 40
4.627118644067797
 10
96.83658864166668
 20
-77.45795355902777
 30
0.0
 10
96.83658864166667
 20
-77.07709418402777
 30
0.0
 10
96.74503590729168
 20
-76.87689887152777
 30
0.0
 10
96.65348317291667
 20
-76.67670355902777
 30
0.0
 10
96.44108082916668
 20
-76.56317816840277
 30
0.0
 10
96.22867848541667
 20
-76.44965277777777
 30
0.0
 10
95.94059254791668
 20
-76.44965277777777
 30
0.0
 10
95.47184254791667
 20
-76.44965277777777
 30
0.0
 10
95.16422536041668
 20
-76.80609809027777
 30
0.0
  0
LINE
  5
32B
330
17
100
AcDbEntity
  8
visible
100
AcDbLine
 10
96.83658864166668
 20
-79.10101996527777
 30
0.0
 11
96.83658864166668
 21
-77.45795355902777
 31
0.0
  0
LINE
  5
32C
330
17
100
AcDbEntity
  8
visible
100
AcDbLine
 10
96.39713551666668
 20
-79.10101996527777
 30
0.0
 11
96.83658864166668
 21
-79.10101996527777
 31
0.0
  0
LINE
  5
32D
330
17
100
AcDbEntity
  8
visible
100
AcDbLine
 10
96.39713551666668
 20
-77.45795355902777
 30
0.0
 11
96.39713551666668
 21
-79.10101996527777
 31
0.0
  0
SPLINE
  5
32E
330
17
100
AcDbEntity
  8
visible
100
AcDbSpline
 70
0
 71
2
 72
14
 73
11
 74
0
 40
0.0
 40
0.0
 40
0.0
 40
1.0
 40
1.0
 40
2.0
 40
2.0
 40
3.0
 40
3.0
 40
4.3375
 40
4.3375
 40
5.675000000000001
 40
5.675000000000001
 40
5.675000000000001
 10
95.16422536041668
 20
-77.68256293402777
 30
0.0
 10
95.16422536041667
 20
-77.37738715277777
 30
0.0
 10
95.23746754791668
 20
-77.20404730902777
 30
0.0
 10
95.31070973541667
 20
-77.03070746527777
 30
0.0
 10
95.48282887604168
 20
-76.92938910590277
 30
0.0
 10
95.65494801666667
 20
-76.82807074652777
 30
0.0
 10
95.85026051666668
 20
-76.82807074652777
 30
0.0
 10
96.11149098541667
 20
-76.82807074652777
 30
0.0
 10
96.25431325104168
 20
-76.97821723090277
 30
0.0
 10
96.39713551666667
 20
-77.12836371527777
 30
0.0
 10
96.39713551666668
 20
-77.45795355902777
 30
0.0
  0
LINE
  5
32F
330
17
100
AcDbEntity
  8
visible
100
AcDbLine
 10
95.16422536041668
 20
-79.10101996527777
 30
0.0
 11
95.16422536041668
 21
-77.68256293402777
 31
0.0
  0
LINE
  5
330
330
17
100
AcDbEntity
  8
visible
100
AcDbLine
 10
99.73453786041668
 20
-78.32221137152777
 30
0.0
 11
99.28043629791668
 21
-78.26605902777777
 31
0.0
  0
SPLINE
  5
331
330
17
100
AcDbEntity
  8
visible
100
AcDbSpline
 70
0
 71
2
 72
22
 73
19
 74
0
 40
0.0
 40
0.0
 40
0.0
 40
1.0
 40
1.0
 40
17.4375
 40
17.4375
 40
33.875
 40
33.875
 40
50.85269953051643
 40
50.85269953051643
 40
67.83039906103286
 40
67.83039906103286
 40
84.23795196552449
 40
84.23795196552449
 40
100.64550487001611
 40
100.64550487001611
 40
113.67296103881847
 40
113.67296103881847
 40
126.70041720762083
 40
126.70041720762083
 40
126.70041720762083
 10
99.74674489166668
 20
-77.91693793402777
 30
0.0
 10
99.74918629791667
 20
-77.83881293402777
 30
0.0
 10
99.74918629791668
 20
-77.79975043402777
 30
0.0
 10
99.74918629791667
 20
-77.15766059027777
 30
0.0
 10
99.41959645416668
 20
-76.80365668402777
 30
0.0
 10
99.09000661041667
 20
-76.44965277777777
 30
0.0
 10
98.56998707916668
 20
-76.44965277777777
 30
0.0
 10
98.03287770416667
 20
-76.44965277777777
 30
0.0
 10
97.69596364166668
 20
-76.81098090277777
 30
0.0
 10
97.35904957916667
 20
-77.17230902777777
 30
0.0
 10
97.35904957916668
 20
-77.82660590277777
 30
0.0
 10
97.3590495791667
 20
-78.4589301215278
 30
0.0
 10
97.69230153229168
 20
-78.80927191840277
 30
0.0
 10
98.0255534854167
 20
-79.15961371527777
 30
0.0
 10
98.59440114166668
 20
-79.15961371527777
 30
0.0
 10
99.04606129791667
 20
-79.15961371527777
 30
0.0
 10
99.33658864166668
 20
-78.93988715277777
 30
0.0
 10
99.62711598541667
 20
-78.72016059027777
 30
0.0
 10
99.73453786041668
 20
-78.32221137152777
 30
0.0
  0
LINE
  5
332
330
17
100
AcDbEntity
  8
visible
100
AcDbLine
 10
97.81315114166668
 20
-77.91693793402777
 30
0.0
 11
99.74674489166668
 21
-77.91693793402777
 31
0.0
  0
SPLINE
  5
333
330
17
100
AcDbEntity
  8
visible
100
AcDbSpline
 70
0
 71
3
 72
14
 73
10
 74
0
 40
0.0
 40
0.0
 40
0.0
 40
0.0
 40
2.0
 40
2.0
 40
2.0
 40
3.3434343434343434
 40
3.3434343434343434
 40
3.3434343434343434
 40
4.686868686868687
 40
4.686868686868687
 40
4.686868686868687
 40
4.686868686868687
 10
99.28043629791668
 20
-78.26605902777777
 30
0.0
 10
99.14697275624997
 20
-78.63969608651134
 30
0.0
 10
98.91910817291672
 20
-78.79574228154416
 30
0.0
 10
98.59684254791668
 20
-78.79828559027777
 30
0.0
 10
98.38037119375014
 20
-78.79828559027784
 30
0.0
 10
98.19970713124997
 20
-78.72260199652776
 30
0.0
 10
98.05485036041668
 20
-78.57123480902777
 30
0.0
 10
97.90999358958341
 20
-78.41986762152783
 30
0.0
 10
97.82942718333331
 20
-78.20176866319441
 30
0.0
 10
97.81315114166668
 20
-77.91693793402777
 30
0.0
  0
LINE
  5
334
330
17
100
AcDbEntity
  8
visible
100
AcDbLine
 10
99.28531911041668
 20
-77.55560980902777
 30
0.0
 11
97.83756520416668
 21
-77.55560980902777
 31
0.0
  0
SPLINE
  5
335
330
17
100
AcDbEntity
  8
visible
100
AcDbSpline
 70
0
 71
2
 72
6
 73
3
 74
0
 40
0.0
 40
0.0
 40
0.0
 40
1.0
 40
1.0
 40
1.0
 10
99.28531911041668
 20
-77.55560980902777
 30
0.0
 10
99.25602223541668
 20
-77.22846137152777
 30
0.0
 10
99.11930348541668
 20
-77.06488715277777
 30
0.0
  0
SPLINE
  5
336
330
17
100
AcDbEntity
  8
visible
100
AcDbSpline
 70
0
 71
2
 72
10
 73
7
 74
0
 40
0.0
 40
0.0
 40
0.0
 40
1.0
 40
1.0
 40
2.0
 40
2.0
 40
3.104838709677419
 40
3.104838709677419
 40
3.104838709677419
 10
97.83756520416668
 20
-77.55560980902777
 30
0.0
 10
97.85953786041667
 20
-77.21625434027777
 30
0.0
 10
98.06583668854168
 20
-77.01361762152777
 30
0.0
 10
98.27213551666667
 20
-76.81098090277777
 30
0.0
 10
98.57486989166668
 20
-76.81098090277777
 30
0.0
 10
98.90934254791667
 20
-76.81098090277777
 30
0.0
 10
99.11930348541668
 20
-77.06488715277777
 30
0.0
  0
LINE
  5
337
330
17
100
AcDbEntity
  8
visible
100
AcDbLine
 10
102.51529957916668
 20
-78.32221137152777
 30
0.0
 11
102.06119801666668
 21
-78.26605902777777
 31
0.0
  0
SPLINE
  5
338
330
17
100
AcDbEntity
  8
visible
100
AcDbSpline
 70
0
 71
2
 72
22
 73
19
 74
0
 40
0.0
 40
0.0
 40
0.0
 40
1.0
 40
1.0
 40
17.4375
 40
17.4375
 40
33.875
 40
33.875
 40
50.85269953051643
 40
50.85269953051643
 40
67.83039906103286
 40
67.83039906103286
 40
84.23795196552449
 40
84.23795196552449
 40
100.64550487001611
 40
100.64550487001611
 40
113.67296103881847
 40
113.67296103881847
 40
126.70041720762083
 40
126.70041720762083
 40
126.70041720762083
 10
102.52750661041668
 20
-77.91693793402777
 30
0.0
 10
102.52994801666667
 20
-77.83881293402777
 30
0.0
 10
102.52994801666668
 20
-77.79975043402777
 30
0.0
 10
102.52994801666667
 20
-77.15766059027777
 30
0.0
 10
102.20035817291668
 20
-76.80365668402777
 30
0.0
 10
101.87076832916667
 20
-76.44965277777777
 30
0.0
 10
101.35074879791668
 20
-76.44965277777777
 30
0.0
 10
100.81363942291667
 20
-76.44965277777777
 30
0.0
 10
100.47672536041668
 20
-76.81098090277777
 30
0.0
 10
100.13981129791667
 20
-77.17230902777777
 30
0.0
 10
100.13981129791668
 20
-77.82660590277777
 30
0.0
 10
100.13981129791668
 20
-78.4589301215278
 30
0.0
 10
100.47306325104168
 20
-78.80927191840277
 30
0.0
 10
100.80631520416668
 20
-79.15961371527777
 30
0.0
 10
101.37516286041668
 20
-79.15961371527777
 30
0.0
 10
101.82682301666667
 20
-79.15961371527777
 30
0.0
 10
102.11735036041668
 20
-78.93988715277777
 30
0.0
 10
102.40787770416667
 20
-78.72016059027777
 30
0.0
 10
102.51529957916668
 20
-78.32221137152777
 30
0.0
  0
LINE
  5
339
330
17
100
AcDbEntity
  8
visible
100
AcDbLine
 10
100.59391286041668
 20
-77.91693793402777
 30
0.0
 11
102.52750661041668
 21
-77.91693793402777
 31
0.0
  0
SPLINE
  5
33A
330
17
100
AcDbEntity
  8
visible
100
AcDbSpline
 70
0
 71
3
 72
14
 73
10
 74
0
 40
0.0
 40
0.0
 40
0.0
 40
0.0
 40
2.0
 40
2.0
 40
2.0
 40
3.3434343434343434
 40
3.3434343434343434
 40
3.3434343434343434
 40
4.686868686868687
 40
4.686868686868687
 40
4.686868686868687
 40
4.686868686868687
 10
102.06119801666668
 20
-78.26605902777777
 30
0.0
 10
101.927734475
 20
-78.63969608651134
 30
0.0
 10
101.6998698916667
 20
-78.79574228154416
 30
0.0
 10
101.37760426666668
 20
-78.79828559027777
 30
0.0
 10
101.16113291250012
 20
-78.79828559027784
 30
0.0
 10
100.98046884999998
 20
-78.72260199652776
 30
0.0
 10
100.83561207916668
 20
-78.57123480902777
 30
0.0
 10
100.6907553083334
 20
-78.41986762152783
 30
0.0
 10
100.61018890208332
 20
-78.20176866319441
 30
0.0
 10
100.59391286041668
 20
-77.91693793402777
 30
0.0
  0
LINE
  5
33B
330
17
100
AcDbEntity
  8
visible
100
AcDbLine
 10
102.06608082916668
 20
-77.55560980902777
 30
0.0
 11
100.61832692291668
 21
-77.55560980902777
 31
0.0
  0
SPLINE
  5
33C
330
17
100
AcDbEntity
  8
visible
100
AcDbSpline
 70
0
 71
2
 72
6
 73
3
 74
0
 40
0.0
 40
0.0
 40
0.0
 40
1.0
 40
1.0
 40
1.0
 10
102.06608082916668
 20
-77.55560980902777
 30
0.0
 10
102.03678395416668
 20
-77.22846137152777
 30
0.0
 10
101.90006520416668
 20
-77.06488715277777
 30
0.0
  0
SPLINE
  5
33D
330
17
100
AcDbEntity
  8
visible
100
AcDbSpline
 70
0
 71
2
 72
10
 73
7
 74
0
 40
0.0
 40
0.0
 40
0.0
 40
1.0
 40
1.0
 40
2.0
 40
2.0
 40
3.104838709677419
 40
3.104838709677419
 40
3.104838709677419
 10
100.61832692291668
 20
-77.55560980902777
 30
0.0
 10
100.64029957916667
 20
-77.21625434027777
 30
0.0
 10
100.84659840729168
 20
-77.01361762152777
 30
0.0
 10
101.05289723541667
 20
-76.81098090277777
 30
0.0
 10
101.35563161041668
 20
-76.81098090277777
 30
0.0
 10
101.69010426666667
 20
-76.81098090277777
 30
0.0
 10
101.90006520416668
 20
-77.06488715277777
 30
0.0
  0
LINE
  5
33E
330
17
100
AcDbEntity
  8
visible
100
AcDbLine
 10
103.05729176666668
 20
-79.10101996527777
 30
0.0
 11
103.49674489166668
 21
-79.10101996527777
 31
0.0
  0
LINE
  5
33F
330
17
100
AcDbEntity
  8
visible
100
AcDbLine
 10
103.05729176666668
 20
-75.52191840277777
 30
0.0
 11
103.05729176666668
 21
-79.10101996527777
 31
0.0
  0
LINE
  5
340
330
17
100
AcDbEntity
  8
visible
100
AcDbLine
 10
103.49674489166668
 20
-75.52191840277777
 30
0.0
 11
103.05729176666668
 21
-75.52191840277777
 31
0.0
  0
LINE
  5
341
330
17
100
AcDbEntity
  8
visible
100
AcDbLine
 10
103.49674489166668
 20
-79.10101996527777
 30
0.0
 11
103.49674489166668
 21
-75.52191840277777
 31
0.0
  0
LINE
  5
342
330
17
100
AcDbEntity
  8
visible
100
AcDbLine
 10
71.10904957916668
 20
-79.10101996527777
 30
0.0
 11
71.54850270416668
 21
-79.10101996527777
 31
0.0
  0
LINE
  5
343
330
17
100
AcDbEntity
  8
visible
100
AcDbLine
 10
71.10904957916668
 20
-76.50824652777777
 30
0.0
 11
71.10904957916668
 21
-79.10101996527777
 31
0.0
  0
LINE
  5
344
330
17
100
AcDbEntity
  8
visible
100
AcDbLine
 10
71.54850270416668
 20
-76.50824652777777
 30
0.0
 11
71.10904957916668
 21
-76.50824652777777
 31
0.0
  0
LINE
  5
345
330
17
100
AcDbEntity
  8
visible
100
AcDbLine
 10
71.54850270416668
 20
-79.10101996527777
 30
0.0
 11
71.54850270416668
 21
-76.50824652777777
 31
0.0
  0
LINE
  5
346
330
17
100
AcDbEntity
  8
visible
100
AcDbLine
 10
71.10904957916668
 20
-76.02728949652777
 30
0.0
 11
71.54850270416668
 21
-76.02728949652777
 31
0.0
  0
LINE
  5
347
330
17
100
AcDbEntity
  8
visible
100
AcDbLine
 10
71.10904957916668
 20
-75.52191840277777
 30
0.0
 11
71.10904957916668
 21
-76.02728949652777
 31
0.0
  0
LINE
  5
348
330
17
100
AcDbEntity
  8
visible
100
AcDbLine
 10
71.54850270416668
 20
-75.52191840277777
 30
0.0
 11
71.10904957916668
 21
-75.52191840277777
 31
0.0
  0
LINE
  5
349
330
17
100
AcDbEntity
  8
visible
100
AcDbLine
 10
71.54850270416668
 20
-76.02728949652777
 30
0.0
 11
71.54850270416668
 21
-75.52191840277777
 31
0.0
  0
LINE
  5
34A
330
17
100
AcDbEntity
  8
visible
100
AcDbLine
 10
68.84586588541667
 20
-101.790771484375
 30
0.0
 11
69.31949869791667
 21
-101.790771484375
 31
0.0
  0
LINE
  5
34B
330
17
100
AcDbEntity
  8
visible
100
AcDbLine
 10
68.84586588541667
 20
-98.634033203125
 30
0.0
 11
68.84586588541667
 21
-101.790771484375
 31
0.0
  0
LINE
  5
34C
330
17
100
AcDbEntity
  8
visible
100
AcDbLine
 10
67.66666666666667
 20
-98.634033203125
 30
0.0
 11
68.84586588541667
 21
-98.634033203125
 31
0.0
  0
LINE
  5
34D
330
17
100
AcDbEntity
  8
visible
100
AcDbLine
 10
67.66666666666667
 20
-98.211669921875
 30
0.0
 11
67.66666666666667
 21
-98.634033203125
 31
0.0
  0
LINE
  5
34E
330
17
100
AcDbEntity
  8
visible
100
AcDbLine
 10
70.50358072916667
 20
-98.211669921875
 30
0.0
 11
67.66666666666667
 21
-98.211669921875
 31
0.0
  0
LINE
  5
34F
330
17
100
AcDbEntity
  8
visible
100
AcDbLine
 10
70.50358072916667
 20
-98.634033203125
 30
0.0
 11
70.50358072916667
 21
-98.211669921875
 31
0.0
  0
LINE
  5
350
330
17
100
AcDbEntity
  8
visible
100
AcDbLine
 10
69.31949869791667
 20
-98.634033203125
 30
0.0
 11
70.50358072916667
 21
-98.634033203125
 31
0.0
  0
LINE
  5
351
330
17
100
AcDbEntity
  8
visible
100
AcDbLine
 10
69.31949869791667
 20
-101.790771484375
 30
0.0
 11
69.31949869791667
 21
-98.634033203125
 31
0.0
  0
LINE
  5
352
330
17
100
AcDbEntity
  8
visible
100
AcDbLine
 10
71.00406901041667
 20
-101.790771484375
 30
0.0
 11
71.47770182291667
 21
-101.790771484375
 31
0.0
  0
LINE
  5
353
330
17
100
AcDbEntity
  8
visible
100
AcDbLine
 10
71.00406901041667
 20
-98.211669921875
 30
0.0
 11
71.00406901041667
 21
-101.790771484375
 31
0.0
  0
LINE
  5
354
330
17
100
AcDbEntity
  8
visible
100
AcDbLine
 10
71.47770182291667
 20
-98.211669921875
 30
0.0
 11
71.00406901041667
 21
-98.211669921875
 31
0.0
  0
LINE
  5
355
330
17
100
AcDbEntity
  8
visible
100
AcDbLine
 10
71.47770182291667
 20
-99.681396484375
 30
0.0
 11
71.47770182291667
 21
-98.211669921875
 31
0.0
  0
LINE
  5
356
330
17
100
AcDbEntity
  8
visible
100
AcDbLine
 10
73.33805338541667
 20
-99.681396484375
 30
0.0
 11
71.47770182291667
 21
-99.681396484375
 31
0.0
  0
LINE
  5
357
330
17
100
AcDbEntity
  8
visible
100
AcDbLine
 10
73.33805338541667
 20
-98.211669921875
 30
0.0
 11
73.33805338541667
 21
-99.681396484375
 31
0.0
  0
LINE
  5
358
330
17
100
AcDbEntity
  8
visible
100
AcDbLine
 10
73.81168619791667
 20
-98.211669921875
 30
0.0
 11
73.33805338541667
 21
-98.211669921875
 31
0.0
  0
LINE
  5
359
330
17
100
AcDbEntity
  8
visible
100
AcDbLine
 10
73.81168619791667
 20
-101.790771484375
 30
0.0
 11
73.81168619791667
 21
-98.211669921875
 31
0.0
  0
LINE
  5
35A
330
17
100
AcDbEntity
  8
visible
100
AcDbLine
 10
73.33805338541667
 20
-101.790771484375
 30
0.0
 11
73.81168619791667
 21
-101.790771484375
 31
0.0
  0
LINE
  5
35B
330
17
100
AcDbEntity
  8
visible
100
AcDbLine
 10
73.33805338541667
 20
-100.103759765625
 30
0.0
 11
73.33805338541667
 21
-101.790771484375
 31
0.0
  0
LINE
  5
35C
330
17
100
AcDbEntity
  8
visible
100
AcDbLine
 10
71.47770182291667
 20
-100.103759765625
 30
0.0
 11
73.33805338541667
 21
-100.103759765625
 31
0.0
  0
LINE
  5
35D
330
17
100
AcDbEntity
  8
visible
100
AcDbLine
 10
71.47770182291667
 20
-101.790771484375
 30
0.0
 11
71.47770182291667
 21
-100.103759765625
 31
0.0
  0
LINE
  5
35E
330
17
100
AcDbEntity
  8
visible
100
AcDbLine
 10
74.68082682291667
 20
-101.790771484375
 30
0.0
 11
75.15445963541667
 21
-101.790771484375
 31
0.0
  0
LINE
  5
35F
330
17
100
AcDbEntity
  8
visible
100
AcDbLine
 10
74.68082682291667
 20
-98.211669921875
 30
0.0
 11
74.68082682291667
 21
-101.790771484375
 31
0.0
  0
LINE
  5
360
330
17
100
AcDbEntity
  8
visible
100
AcDbLine
 10
75.15445963541667
 20
-98.211669921875
 30
0.0
 11
74.68082682291667
 21
-98.211669921875
 31
0.0
  0
LINE
  5
361
330
17
100
AcDbEntity
  8
visible
100
AcDbLine
 10
75.15445963541667
 20
-101.790771484375
 30
0.0
 11
75.15445963541667
 21
-98.211669921875
 31
0.0
  0
LINE
  5
362
330
17
100
AcDbEntity
  8
visible
100
AcDbLine
 10
75.99674479166667
 20
-101.790771484375
 30
0.0
 11
76.47037760416667
 21
-101.790771484375
 31
0.0
  0
LINE
  5
363
330
17
100
AcDbEntity
  8
visible
100
AcDbLine
 10
75.99674479166667
 20
-98.211669921875
 30
0.0
 11
75.99674479166667
 21
-101.790771484375
 31
0.0
  0
LINE
  5
364
330
17
100
AcDbEntity
  8
visible
100
AcDbLine
 10
77.58365885416667
 20
-98.211669921875
 30
0.0
 11
75.99674479166667
 21
-98.211669921875
 31
0.0
  0
SPLINE
  5
365
330
17
100
AcDbEntity
  8
visible
100
AcDbSpline
 70
0
 71
2
 72
14
 73
11
 74
0
 40
0.0
 40
0.0
 40
0.0
 40
1.0
 40
1.0
 40
2.0
 40
2.0
 40
2.7756410256410255
 40
2.7756410256410255
 40
3.551282051282051
 40
3.551282051282051
 40
4.326923076923077
 40
4.326923076923077
 40
4.326923076923077
 10
77.84977213541667
 20
-100.162353515625
 30
0.0
 10
78.36490885416666
 20
-100.091552734375
 30
0.0
 10
78.61149088541667
 20
-99.830322265625
 30
0.0
 10
78.85807291666666
 20
-99.569091796875
 30
0.0
 10
78.85807291666667
 20
-99.188232421875
 30
0.0
 10
78.85807291666666
 20
-98.892822265625
 30
0.0
 10
78.70914713541667
 20
-98.648681640625
 30
0.0
 10
78.56022135416666
 20
-98.404541015625
 30
0.0
 10
78.31119791666667
 20
-98.30810546875
 30
0.0
 10
78.06217447916666
 20
-98.211669921875
 30
0.0
 10
77.58365885416667
 20
-98.211669921875
 30
0.0
  0
SPLINE
  5
366
330
17
100
AcDbEntity
  8
visible
100
AcDbSpline
 70
0
 71
2
 72
6
 73
3
 74
0
 40
0.0
 40
0.0
 40
0.0
 40
1.0
 40
1.0
 40
1.0
 10
77.84977213541667
 20
-100.162353515625
 30
0.0
 10
78.03776041666667
 20
-100.252685546875
 30
0.0
 10
78.13541666666667
 20
-100.340576171875
 30
0.0
  0
SPLINE
  5
367
330
17
100
AcDbEntity
  8
visible
100
AcDbSpline
 70
0
 71
2
 72
6
 73
3
 74
0
 40
0.0
 40
0.0
 40
0.0
 40
1.0
 40
1.0
 40
1.0
 10
78.13541666666667
 20
-100.340576171875
 30
0.0
 10
78.34293619791667
 20
-100.531005859375
 30
0.0
 10
78.52848307291667
 20
-100.816650390625
 30
0.0
  0
LINE
  5
368
330
17
100
AcDbEntity
  8
visible
100
AcDbLine
 10
79.15104166666667
 20
-101.790771484375
 30
0.0
 11
78.52848307291667
 21
-100.816650390625
 31
0.0
  0
LINE
  5
369
330
17
100
AcDbEntity
  8
visible
100
AcDbLine
 10
78.55533854166667
 20
-101.790771484375
 30
0.0
 11
79.15104166666667
 21
-101.790771484375
 31
0.0
  0
LINE
  5
36A
330
17
100
AcDbEntity
  8
visible
100
AcDbLine
 10
78.08170572916667
 20
-101.046142578125
 30
0.0
 11
78.55533854166667
 21
-101.790771484375
 31
0.0
  0
SPLINE
  5
36B
330
17
100
AcDbEntity
  8
visible
100
AcDbSpline
 70
0
 71
2
 72
10
 73
7
 74
0
 40
0.0
 40
0.0
 40
0.0
 40
1.0
 40
1.0
 40
2.0
 40
2.0
 40
3.0
 40
3.0
 40
3.0
 10
77.28336588541667
 20
-100.218505859375
 30
0.0
 10
77.39322916666666
 20
-100.245361328125
 30
0.0
 10
77.49943033854167
 20
-100.313720703125
 30
0.0
 10
77.60563151041666
 20
-100.382080078125
 30
0.0
 10
77.73990885416667
 20
-100.552978515625
 30
0.0
 10
77.87418619791666
 20
-100.723876953125
 30
0.0
 10
78.08170572916667
 20
-101.046142578125
 30
0.0
  0
SPLINE
  5
36C
330
17
100
AcDbEntity
  8
visible
100
AcDbSpline
 70
0
 71
2
 72
6
 73
3
 74
0
 40
0.0
 40
0.0
 40
0.0
 40
1.0
 40
1.0
 40
1.0
 10
77.28336588541667
 20
-100.218505859375
 30
0.0
 10
77.20279947916667
 20
-100.201416015625
 30
0.0
 10
77.01969401041667
 20
-100.201416015625
 30
0.0
  0
LINE
  5
36D
330
17
100
AcDbEntity
  8
visible
100
AcDbLine
 10
76.47037760416667
 20
-100.201416015625
 30
0.0
 11
77.01969401041667
 21
-100.201416015625
 31
0.0
  0
LINE
  5
36E
330
17
100
AcDbEntity
  8
visible
100
AcDbLine
 10
76.47037760416667
 20
-101.790771484375
 30
0.0
 11
76.47037760416667
 21
-100.201416015625
 31
0.0
  0
LINE
  5
36F
330
17
100
AcDbEntity
  8
visible
100
AcDbLine
 10
76.47037760416667
 20
-99.791259765625
 30
0.0
 11
76.47037760416667
 21
-98.607177734375
 31
0.0
  0
LINE
  5
370
330
17
100
AcDbEntity
  8
visible
100
AcDbLine
 10
77.48844401041667
 20
-99.791259765625
 30
0.0
 11
76.47037760416667
 21
-99.791259765625
 31
0.0
  0
SPLINE
  5
371
330
17
100
AcDbEntity
  8
visible
100
AcDbSpline
 70
0
 71
2
 72
14
 73
11
 74
0
 40
0.0
 40
0.0
 40
0.0
 40
1.0
 40
1.0
 40
2.0
 40
2.0
 40
2.6826923076923075
 40
2.6826923076923075
 40
3.365384615384615
 40
3.365384615384615
 40
4.0480769230769225
 40
4.0480769230769225
 40
4.0480769230769225
 10
77.60319010416667
 20
-98.607177734375
 30
0.0
 10
78.00113932291666
 20
-98.607177734375
 30
0.0
 10
78.18546549479167
 20
-98.770751953125
 30
0.0
 10
78.36979166666666
 20
-98.934326171875
 30
0.0
 10
78.36979166666667
 20
-99.188232421875
 30
0.0
 10
78.36979166666666
 20
-99.361572265625
 30
0.0
 10
78.27457682291667
 20
-99.50927734375
 30
0.0
 10
78.17936197916666
 20
-99.656982421875
 30
0.0
 10
77.99625651041667
 20
-99.72412109375
 30
0.0
 10
77.81315104166666
 20
-99.791259765625
 30
0.0
 10
77.48844401041667
 20
-99.791259765625
 30
0.0
  0
LINE
  5
372
330
17
100
AcDbEntity
  8
visible
100
AcDbLine
 10
76.47037760416667
 20
-98.607177734375
 30
0.0
 11
77.60319010416667
 21
-98.607177734375
 31
0.0
  0
LINE
  5
373
330
17
100
AcDbEntity
  8
visible
100
AcDbLine
 10
79.60026041666667
 20
-101.790771484375
 30
0.0
 11
80.89176432291667
 21
-101.790771484375
 31
0.0
  0
LINE
  5
374
330
17
100
AcDbEntity
  8
visible
100
AcDbLine
 10
79.60026041666667
 20
-98.211669921875
 30
0.0
 11
79.60026041666667
 21
-101.790771484375
 31
0.0
  0
LINE
  5
375
330
17
100
AcDbEntity
  8
visible
100
AcDbLine
 10
80.83317057291667
 20
-98.211669921875
 30
0.0
 11
79.60026041666667
 21
-98.211669921875
 31
0.0
  0
SPLINE
  5
376
330
17
100
AcDbEntity
  8
visible
100
AcDbSpline
 70
0
 71
2
 72
6
 73
3
 74
0
 40
0.0
 40
0.0
 40
0.0
 40
1.0
 40
1.0
 40
1.0
 10
80.83317057291667
 20
-98.211669921875
 30
0.0
 10
81.25065104166667
 20
-98.211669921875
 30
0.0
 10
81.47037760416667
 20
-98.262939453125
 30
0.0
  0
SPLINE
  5
377
330
17
100
AcDbEntity
  8
visible
100
AcDbSpline
 70
0
 71
2
 72
6
 73
3
 74
0
 40
0.0
 40
0.0
 40
0.0
 40
1.0
 40
1.0
 40
1.0
 10
81.47037760416667
 20
-98.262939453125
 30
0.0
 10
81.77799479166667
 20
-98.333740234375
 30
0.0
 10
81.99527994791667
 20
-98.519287109375
 30
0.0
  0
SPLINE
  5
378
330
17
100
AcDbEntity
  8
visible
100
AcDbSpline
 70
0
 71
3
 72
20
 73
16
 74
0
 40
0.0
 40
0.0
 40
0.0
 40
0.0
 40
2.0
 40
2.0
 40
2.0
 40
4.0
 40
4.0
 40
4.0
 40
5.0
 40
5.0
 40
5.0
 40
6.173652694610778
 40
6.173652694610778
 40
6.173652694610778
 40
7.347305389221557
 40
7.347305389221557
 40
7.347305389221557
 40
7.347305389221557
 10
80.89176432291667
 20
-101.790771484375
 30
0.0
 10
81.32430013020831
 20
-101.78955078124996
 30
0.0
 10
81.65836588541669
 20
-101.70939127604169
 30
0.0
 10
81.89396158854167
 20
-101.55029296875
 30
0.0
 10
82.12729371853801
 20
-101.39025355215978
 30
0.0
 10
82.339747297087
 20
-101.1264293905486
 30
0.0
 10
82.46402994791667
 20
-100.704345703125
 30
0.0
 10
82.52750651041669
 20
-100.49438476562497
 30
0.0
 10
82.55924479166664
 20
-100.25349934895837
 30
0.0
 10
82.55924479166667
 20
-99.981689453125
 30
0.0
 10
82.55924479166669
 20
-99.66267903645833
 30
0.0
 10
82.512451171875
 20
-99.37906901041666
 30
0.0
 10
82.41886393229169
 20
-99.13085937500003
 30
0.0
 10
82.32527669270827
 20
-98.8826497395832
 30
0.0
 10
82.18408203125004
 20
-98.6787923177084
 30
0.0
 10
81.99527994791667
 20
-98.519287109375
 30
0.0
  0
LINE
  5
379
330
17
100
AcDbEntity
  8
visible
100
AcDbLine
 10
80.07389322916667
 20
-101.368408203125
 30
0.0
 11
80.07389322916667
 21
-98.634033203125
 31
0.0
  0
LINE
  5
37A
330
17
100
AcDbEntity
  8
visible
100
AcDbLine
 10
80.83805338541667
 20
-101.368408203125
 30
0.0
 11
80.07389322916667
 21
-101.368408203125
 31
0.0
  0
SPLINE
  5
37B
330
17
100
AcDbEntity
  8
visible
100
AcDbSpline
 70
0
 71
3
 72
20
 73
16
 74
0
 40
0.0
 40
0.0
 40
0.0
 40
0.0
 40
1.0
 40
1.0
 40
1.0
 40
2.0
 40
2.0
 40
2.0
 40
3.443478260869565
 40
3.443478260869565
 40
3.443478260869565
 40
3.9560176433522365
 40
3.9560176433522365
 40
3.9560176433522365
 40
4.468557025834908
 40
4.468557025834908
 40
4.468557025834908
 40
4.468557025834908
 10
81.43863932291667
 20
-98.707275390625
 30
0.0
 10
81.61442057291663
 20
-98.77563476562497
 30
0.0
 10
81.76375325520834
 20
-98.91031901041667
 30
0.0
 10
81.88663736979167
 20
-99.111328125
 30
0.0
 10
82.009521484375
 20
-99.31233723958333
 30
0.0
 10
82.07096354166669
 20
-99.60001627604171
 30
0.0
 10
82.07096354166667
 20
-99.974365234375
 30
0.0
 10
82.07299818865364
 20
-100.51523847945512
 30
0.0
 10
81.93709295717976
 20
-100.89182532262825
 30
0.0
 10
81.71451822916667
 20
-101.116943359375
 30
0.0
 10
81.63476562500003
 20
-101.19669596354166
 30
0.0
 10
81.52775065104163
 20
-101.25854492187501
 30
0.0
 10
81.39347330729167
 20
-101.302490234375
 30
0.0
 10
81.25919596354166
 20
-101.34643554687496
 30
0.0
 10
81.07405598958336
 20
-101.36840820312503
 30
0.0
 10
80.83805338541667
 20
-101.368408203125
 30
0.0
  0
SPLINE
  5
37C
330
17
100
AcDbEntity
  8
visible
100
AcDbSpline
 70
0
 71
2
 72
6
 73
3
 74
0
 40
0.0
 40
0.0
 40
0.0
 40
1.0
 40
1.0
 40
1.0
 10
81.43863932291667
 20
-98.707275390625
 30
0.0
 10
81.24820963541667
 20
-98.634033203125
 30
0.0
 10
80.82584635416667
 20
-98.634033203125
 30
0.0
  0
LINE
  5
37D
330
17
100
AcDbEntity
  8
visible
100
AcDbLine
 10
80.07389322916667
 20
-98.634033203125
 30
0.0
 11
80.82584635416667
 21
-98.634033203125
 31
0.0
  0
LINE
  5
37E
330
17
100
AcDbEntity
  8
visible
100
AcDbLine
 10
82.98404947916667
 20
-100.716552734375
 30
0.0
 11
84.33414713541667
 21
-100.716552734375
 31
0.0
  0
LINE
  5
37F
330
17
100
AcDbEntity
  8
visible
100
AcDbLine
 10
82.98404947916667
 20
-100.274658203125
 30
0.0
 11
82.98404947916667
 21
-100.716552734375
 31
0.0
  0
LINE
  5
380
330
17
100
AcDbEntity
  8
visible
100
AcDbLine
 10
84.33414713541667
 20
-100.274658203125
 30
0.0
 11
82.98404947916667
 21
-100.274658203125
 31
0.0
  0
LINE
  5
381
330
17
100
AcDbEntity
  8
visible
100
AcDbLine
 10
84.33414713541667
 20
-100.716552734375
 30
0.0
 11
84.33414713541667
 21
-100.274658203125
 31
0.0
  0
LINE
  5
382
330
17
100
AcDbEntity
  8
visible
100
AcDbLine
 10
84.48307291666667
 20
-101.790771484375
 30
0.0
 11
84.98600260416667
 21
-101.790771484375
 31
0.0
  0
LINE
  5
383
330
17
100
AcDbEntity
  8
visible
100
AcDbLine
 10
85.85758463541667
 20
-98.211669921875
 30
0.0
 11
84.48307291666667
 21
-101.790771484375
 31
0.0
  0
LINE
  5
384
330
17
100
AcDbEntity
  8
visible
100
AcDbLine
 10
86.36783854166667
 20
-98.211669921875
 30
0.0
 11
85.85758463541667
 21
-98.211669921875
 31
0.0
  0
LINE
  5
385
330
17
100
AcDbEntity
  8
visible
100
AcDbLine
 10
87.83268229166667
 20
-101.790771484375
 30
0.0
 11
86.36783854166667
 21
-98.211669921875
 31
0.0
  0
LINE
  5
386
330
17
100
AcDbEntity
  8
visible
100
AcDbLine
 10
87.29313151041667
 20
-101.790771484375
 30
0.0
 11
87.83268229166667
 21
-101.790771484375
 31
0.0
  0
LINE
  5
387
330
17
100
AcDbEntity
  8
visible
100
AcDbLine
 10
86.87565104166667
 20
-100.706787109375
 30
0.0
 11
87.29313151041667
 21
-101.790771484375
 31
0.0
  0
LINE
  5
388
330
17
100
AcDbEntity
  8
visible
100
AcDbLine
 10
85.37906901041667
 20
-100.706787109375
 30
0.0
 11
86.87565104166667
 21
-100.706787109375
 31
0.0
  0
LINE
  5
389
330
17
100
AcDbEntity
  8
visible
100
AcDbLine
 10
84.98600260416667
 20
-101.790771484375
 30
0.0
 11
85.37906901041667
 21
-100.706787109375
 31
0.0
  0
LINE
  5
38A
330
17
100
AcDbEntity
  8
visible
100
AcDbLine
 10
85.51578776041667
 20
-100.321044921875
 30
0.0
 11
85.90885416666667
 21
-99.271240234375
 31
0.0
  0
LINE
  5
38B
330
17
100
AcDbEntity
  8
visible
100
AcDbLine
 10
86.72916666666667
 20
-100.321044921875
 30
0.0
 11
85.51578776041667
 21
-100.321044921875
 31
0.0
  0
LINE
  5
38C
330
17
100
AcDbEntity
  8
visible
100
AcDbLine
 10
86.35563151041667
 20
-99.329833984375
 30
0.0
 11
86.72916666666667
 21
-100.321044921875
 31
0.0
  0
SPLINE
  5
38D
330
17
100
AcDbEntity
  8
visible
100
AcDbSpline
 70
0
 71
2
 72
6
 73
3
 74
0
 40
0.0
 40
0.0
 40
0.0
 40
1.0
 40
1.0
 40
1.0
 10
86.35563151041667
 20
-99.329833984375
 30
0.0
 10
86.18473307291667
 20
-98.878173828125
 30
0.0
 10
86.10172526041667
 20
-98.587646484375
 30
0.0
  0
SPLINE
  5
38E
330
17
100
AcDbEntity
  8
visible
100
AcDbSpline
 70
0
 71
2
 72
6
 73
3
 74
0
 40
0.0
 40
0.0
 40
0.0
 40
1.0
 40
1.0
 40
1.0
 10
86.10172526041667
 20
-98.587646484375
 30
0.0
 10
86.03336588541667
 20
-98.931884765625
 30
0.0
 10
85.90885416666667
 20
-99.271240234375
 30
0.0
  0
LINE
  5
38F
330
17
100
AcDbEntity
  8
visible
100
AcDbLine
 10
88.20621744791667
 20
-101.790771484375
 30
0.0
 11
88.66031901041667
 21
-101.790771484375
 31
0.0
  0
LINE
  5
390
330
17
100
AcDbEntity
  8
visible
100
AcDbLine
 10
88.20621744791667
 20
-98.211669921875
 30
0.0
 11
88.20621744791667
 21
-101.790771484375
 31
0.0
  0
LINE
  5
391
330
17
100
AcDbEntity
  8
visible
100
AcDbLine
 10
88.69205729166667
 20
-98.211669921875
 30
0.0
 11
88.20621744791667
 21
-98.211669921875
 31
0.0
  0
LINE
  5
392
330
17
100
AcDbEntity
  8
visible
100
AcDbLine
 10
90.57194010416667
 20
-101.021728515625
 30
0.0
 11
88.69205729166667
 21
-98.211669921875
 31
0.0
  0
LINE
  5
393
330
17
100
AcDbEntity
  8
visible
100
AcDbLine
 10
90.57194010416667
 20
-98.211669921875
 30
0.0
 11
90.57194010416667
 21
-101.021728515625
 31
0.0
  0
LINE
  5
394
330
17
100
AcDbEntity
  8
visible
100
AcDbLine
 10
91.02604166666667
 20
-98.211669921875
 30
0.0
 11
90.57194010416667
 21
-98.211669921875
 31
0.0
  0
LINE
  5
395
330
17
100
AcDbEntity
  8
visible
100
AcDbLine
 10
91.02604166666667
 20
-101.790771484375
 30
0.0
 11
91.02604166666667
 21
-98.211669921875
 31
0.0
  0
LINE
  5
396
330
17
100
AcDbEntity
  8
visible
100
AcDbLine
 10
90.54020182291667
 20
-101.790771484375
 30
0.0
 11
91.02604166666667
 21
-101.790771484375
 31
0.0
  0
LINE
  5
397
330
17
100
AcDbEntity
  8
visible
100
AcDbLine
 10
88.66031901041667
 20
-98.978271484375
 30
0.0
 11
90.54020182291667
 21
-101.790771484375
 31
0.0
  0
LINE
  5
398
330
17
100
AcDbEntity
  8
visible
100
AcDbLine
 10
88.66031901041667
 20
-101.790771484375
 30
0.0
 11
88.66031901041667
 21
-98.978271484375
 31
0.0
  0
LINE
  5
399
330
17
100
AcDbEntity
  8
visible
100
AcDbLine
 10
93.49674479166667
 20
-100.386962890625
 30
0.0
 11
94.54899088541667
 21
-100.386962890625
 31
0.0
  0
LINE
  5
39A
330
17
100
AcDbEntity
  8
visible
100
AcDbLine
 10
93.49674479166667
 20
-99.967041015625
 30
0.0
 11
93.49674479166667
 21
-100.386962890625
 31
0.0
  0
LINE
  5
39B
330
17
100
AcDbEntity
  8
visible
100
AcDbLine
 10
95.01285807291667
 20
-99.964599609375
 30
0.0
 11
93.49674479166667
 21
-99.967041015625
 31
0.0
  0
LINE
  5
39C
330
17
100
AcDbEntity
  8
visible
100
AcDbLine
 10
95.01285807291667
 20
-101.292724609375
 30
0.0
 11
95.01285807291667
 21
-99.964599609375
 31
0.0
  0
SPLINE
  5
39D
330
17
100
AcDbEntity
  8
visible
100
AcDbSpline
 70
0
 71
2
 72
24
 73
21
 74
0
 40
0.0
 40
0.0
 40
0.0
 40
1.0
 40
1.0
 40
2.0
 40
2.0
 40
3.0
 40
3.0
 40
4.377358490566038
 40
4.377358490566038
 40
5.754716981132075
 40
5.754716981132075
 40
7.132075471698113
 40
7.132075471698113
 40
8.522306471521777
 40
8.522306471521777
 40
9.91253747134544
 40
9.91253747134544
 40
11.302768471169102
 40
11.302768471169102
 40
13.362369952389344
 40
13.362369952389344
 40
13.362369952389344
 10
94.95914713541667
 20
-99.212646484375
 30
0.0
 10
94.86637369791666
 20
-98.851318359375
 30
0.0
 10
94.68815104166667
 20
-98.626708984375
 30
0.0
 10
94.50992838541666
 20
-98.402099609375
 30
0.0
 10
94.19620768229167
 20
-98.2763671875
 30
0.0
 10
93.88248697916666
 20
-98.150634765625
 30
0.0
 10
93.49430338541667
 20
-98.150634765625
 30
0.0
 10
92.95963541666666
 20
-98.150634765625
 30
0.0
 10
92.54947916666667
 20
-98.370361328125
 30
0.0
 10
92.13932291666667
 20
-98.590087890625
 30
0.0
 10
91.92081705729167
 20
-99.04296875
 30
0.0
 10
91.70231119791666
 20
-99.495849609375
 30
0.0
 10
91.70231119791667
 20
-100.018310546875
 30
0.0
 10
91.70231119791666
 20
-100.545654296875
 30
0.0
 10
91.9220377604167
 20
-100.972900390625
 30
0.0
 10
92.14176432291666
 20
-101.400146484375
 30
0.0
 10
92.57267252604169
 20
-101.6259765625
 30
0.0
 10
93.00358072916666
 20
-101.851806640625
 30
0.0
 10
93.5309244791667
 20
-101.851806640625
 30
0.0
 10
94.31339518229166
 20
-101.8505859375
 30
0.0
 10
95.01285807291669
 20
-101.292724609375
 30
0.0
  0
LINE
  5
39E
330
17
100
AcDbEntity
  8
visible
100
AcDbLine
 10
94.53190104166667
 20
-99.329833984375
 30
0.0
 11
94.95914713541667
 21
-99.212646484375
 31
0.0
  0
SPLINE
  5
39F
330
17
100
AcDbEntity
  8
visible
100
AcDbSpline
 70
0
 71
2
 72
16
 73
13
 74
0
 40
0.0
 40
0.0
 40
0.0
 40
1.0
 40
1.0
 40
2.0
 40
2.0
 40
3.0
 40
3.0
 40
3.8345864661654137
 40
3.8345864661654137
 40
4.669172932330827
 40
4.669172932330827
 40
5.503759398496241
 40
5.503759398496241
 40
5.503759398496241
 10
92.32731119791667
 20
-99.268798828125
 30
0.0
 10
92.40787760416666
 20
-99.075927734375
 30
0.0
 10
92.55314127604167
 20
-98.914794921875
 30
0.0
 10
92.69840494791667
 20
-98.753662109375
 30
0.0
 10
92.93522135416666
 20
-98.65478515625
 30
0.0
 10
93.17203776041669
 20
-98.555908203125
 30
0.0
 10
93.49674479166664
 20
-98.555908203125
 30
0.0
 10
93.76774088541669
 20
-98.555908203125
 30
0.0
 10
93.98990885416667
 20
-98.64990234375
 30
0.0
 10
94.21207682291666
 20
-98.743896484375
 30
0.0
 10
94.33170572916667
 20
-98.900146484375
 30
0.0
 10
94.45133463541666
 20
-99.056396484375
 30
0.0
 10
94.53190104166667
 20
-99.329833984375
 30
0.0
  0
SPLINE
  5
3A0
330
17
100
AcDbEntity
  8
visible
100
AcDbSpline
 70
0
 71
2
 72
16
 73
13
 74
0
 40
0.0
 40
0.0
 40
0.0
 40
1.0
 40
1.0
 40
2.0
 40
2.0
 40
3.150793650793651
 40
3.150793650793651
 40
4.301587301587302
 40
4.301587301587302
 40
5.452380952380953
 40
5.452380952380953
 40
6.385932944606416
 40
6.385932944606416
 40
6.385932944606416
 10
94.54899088541667
 20
-101.053466796875
 30
0.0
 10
94.39762369791666
 20
-101.187744140625
 30
0.0
 10
94.10465494791667
 20
-101.30615234375
 30
0.0
 10
93.81168619791666
 20
-101.424560546875
 30
0.0
 10
93.50406901041667
 20
-101.424560546875
 30
0.0
 10
93.15006510416666
 20
-101.424560546875
 30
0.0
 10
92.83512369791667
 20
-101.268310546875
 30
0.0
 10
92.52018229166666
 20
-101.112060546875
 30
0.0
 10
92.35538736979167
 20
-100.789794921875
 30
0.0
 10
92.19059244791666
 20
-100.467529296875
 30
0.0
 10
92.19059244791667
 20
-99.989013671875
 30
0.0
 10
92.19059244791666
 20
-99.600830078125
 30
0.0
 10
92.32731119791667
 20
-99.268798828125
 30
0.0
  0
LINE
  5
3A1
330
17
100
AcDbEntity
  8
visible
100
AcDbLine
 10
94.54899088541667
 20
-100.386962890625
 30
0.0
 11
94.54899088541667
 21
-101.053466796875
 31
0.0
  0
LINE
  5
3A2
330
17
100
AcDbEntity
  8
visible
100
AcDbLine
 10
95.69156901041667
 20
-101.790771484375
 30
0.0
 11
97.92789713541667
 21
-101.790771484375
 31
0.0
  0
LINE
  5
3A3
330
17
100
AcDbEntity
  8
visible
100
AcDbLine
 10
95.69156901041667
 20
-98.211669921875
 30
0.0
 11
95.69156901041667
 21
-101.790771484375
 31
0.0
  0
LINE
  5
3A4
330
17
100
AcDbEntity
  8
visible
100
AcDbLine
 10
96.16520182291667
 20
-98.211669921875
 30
0.0
 11
95.69156901041667
 21
-98.211669921875
 31
0.0
  0
LINE
  5
3A5
330
17
100
AcDbEntity
  8
visible
100
AcDbLine
 10
96.16520182291667
 20
-101.368408203125
 30
0.0
 11
96.16520182291667
 21
-98.211669921875
 31
0.0
  0
LINE
  5
3A6
330
17
100
AcDbEntity
  8
visible
100
AcDbLine
 10
97.92789713541667
 20
-101.368408203125
 30
0.0
 11
96.16520182291667
 21
-101.368408203125
 31
0.0
  0
LINE
  5
3A7
330
17
100
AcDbEntity
  8
visible
100
AcDbLine
 10
97.92789713541667
 20
-101.790771484375
 30
0.0
 11
97.92789713541667
 21
-101.368408203125
 31
0.0
  0
LINE
  5
3A8
330
17
100
AcDbEntity
  8
visible
100
AcDbLine
 10
98.50162760416667
 20
-101.790771484375
 30
0.0
 11
101.17252604166667
 21
-101.790771484375
 31
0.0
  0
LINE
  5
3A9
330
17
100
AcDbEntity
  8
visible
100
AcDbLine
 10
98.50162760416667
 20
-98.211669921875
 30
0.0
 11
98.50162760416667
 21
-101.790771484375
 31
0.0
  0
LINE
  5
3AA
330
17
100
AcDbEntity
  8
visible
100
AcDbLine
 10
101.08951822916667
 20
-98.211669921875
 30
0.0
 11
98.50162760416667
 21
-98.211669921875
 31
0.0
  0
LINE
  5
3AB
330
17
100
AcDbEntity
  8
visible
100
AcDbLine
 10
101.08951822916667
 20
-98.634033203125
 30
0.0
 11
101.08951822916667
 21
-98.211669921875
 31
0.0
  0
LINE
  5
3AC
330
17
100
AcDbEntity
  8
visible
100
AcDbLine
 10
98.97526041666667
 20
-98.634033203125
 30
0.0
 11
101.08951822916667
 21
-98.634033203125
 31
0.0
  0
LINE
  5
3AD
330
17
100
AcDbEntity
  8
visible
100
AcDbLine
 10
98.97526041666667
 20
-99.730224609375
 30
0.0
 11
98.97526041666667
 21
-98.634033203125
 31
0.0
  0
LINE
  5
3AE
330
17
100
AcDbEntity
  8
visible
100
AcDbLine
 10
100.95524088541667
 20
-99.730224609375
 30
0.0
 11
98.97526041666667
 21
-99.730224609375
 31
0.0
  0
LINE
  5
3AF
330
17
100
AcDbEntity
  8
visible
100
AcDbLine
 10
100.95524088541667
 20
-100.150146484375
 30
0.0
 11
100.95524088541667
 21
-99.730224609375
 31
0.0
  0
LINE
  5
3B0
330
17
100
AcDbEntity
  8
visible
100
AcDbLine
 10
98.97526041666667
 20
-100.150146484375
 30
0.0
 11
100.95524088541667
 21
-100.150146484375
 31
0.0
  0
LINE
  5
3B1
330
17
100
AcDbEntity
  8
visible
100
AcDbLine
 10
98.97526041666667
 20
-101.368408203125
 30
0.0
 11
98.97526041666667
 21
-100.150146484375
 31
0.0
  0
LINE
  5
3B2
330
17
100
AcDbEntity
  8
visible
100
AcDbLine
 10
101.17252604166667
 20
-101.368408203125
 30
0.0
 11
98.97526041666667
 21
-101.368408203125
 31
0.0
  0
LINE
  5
3B3
330
17
100
AcDbEntity
  8
visible
100
AcDbLine
 10
101.17252604166667
 20
-101.790771484375
 30
0.0
 11
101.17252604166667
 21
-101.368408203125
 31
0.0
  0
LINE
  5
3B4
330
17
100
AcDbEntity
  8
visible
100
AcDbLine
 10
103.21598307291667
 20
-101.790771484375
 30
0.0
 11
103.68961588541667
 21
-101.790771484375
 31
0.0
  0
LINE
  5
3B5
330
17
100
AcDbEntity
  8
visible
100
AcDbLine
 10
103.21598307291667
 20
-98.211669921875
 30
0.0
 11
103.21598307291667
 21
-101.790771484375
 31
0.0
  0
LINE
  5
3B6
330
17
100
AcDbEntity
  8
visible
100
AcDbLine
 10
104.56608072916667
 20
-98.211669921875
 30
0.0
 11
103.21598307291667
 21
-98.211669921875
 31
0.0
  0
SPLINE
  5
3B7
330
17
100
AcDbEntity
  8
visible
100
AcDbSpline
 70
0
 71
2
 72
6
 73
3
 74
0
 40
0.0
 40
0.0
 40
0.0
 40
1.0
 40
1.0
 40
1.0
 10
104.56608072916667
 20
-98.211669921875
 30
0.0
 10
104.92252604166667
 20
-98.211669921875
 30
0.0
 10
105.11051432291667
 20
-98.245849609375
 30
0.0
  0
SPLINE
  5
3B8
330
17
100
AcDbEntity
  8
visible
100
AcDbSpline
 70
0
 71
3
 72
17
 73
13
 74
0
 40
0.0
 40
0.0
 40
0.0
 40
0.0
 40
1.0
 40
1.0
 40
1.0
 40
2.0
 40
2.0
 40
2.0
 40
2.5828877005347595
 40
2.5828877005347595
 40
2.5828877005347595
 40
3.7486631016042784
 40
3.7486631016042784
 40
3.7486631016042784
 40
3.7486631016042784
 10
104.60758463541667
 20
-100.335693359375
 30
0.0
 10
105.11376953124994
 20
-100.33569335937499
 30
0.0
 10
105.46370442708339
 20
-100.23030598958334
 30
0.0
 10
105.65738932291666
 20
-100.01953125
 30
0.0
 10
105.85107421875
 20
-99.80875651041666
 30
0.0
 10
105.94791666666671
 20
-99.55118815104166
 30
0.0
 10
105.94791666666664
 20
-99.246826171875
 30
0.0
 10
105.94791666666667
 20
-99.06941731770827
 30
0.0
 10
105.91170247395831
 20
-98.90665690104169
 30
0.0
 10
105.83927408854167
 20
-98.758544921875
 30
0.0
 10
105.69276416703144
 20
-98.46028631655474
 30
0.0
 10
105.46372997359357
 20
-98.3064780063619
 30
0.0
 10
105.11051432291666
 20
-98.24584960937499
 30
0.0
  0
LINE
  5
3B9
330
17
100
AcDbEntity
  8
visible
100
AcDbLine
 10
103.68961588541667
 20
-100.335693359375
 30
0.0
 11
104.60758463541667
 21
-100.335693359375
 31
0.0
  0
LINE
  5
3BA
330
17
100
AcDbEntity
  8
visible
100
AcDbLine
 10
103.68961588541667
 20
-101.790771484375
 30
0.0
 11
103.68961588541667
 21
-100.335693359375
 31
0.0
  0
LINE
  5
3BB
330
17
100
AcDbEntity
  8
visible
100
AcDbLine
 10
103.68961588541667
 20
-99.913330078125
 30
0.0
 11
103.68961588541667
 21
-98.634033203125
 31
0.0
  0
LINE
  5
3BC
330
17
100
AcDbEntity
  8
visible
100
AcDbLine
 10
104.61490885416667
 20
-99.913330078125
 30
0.0
 11
103.68961588541667
 21
-99.913330078125
 31
0.0
  0
SPLINE
  5
3BD
330
17
100
AcDbEntity
  8
visible
100
AcDbSpline
 70
0
 71
2
 72
12
 73
9
 74
0
 40
0.0
 40
0.0
 40
0.0
 40
1.0
 40
1.0
 40
2.0
 40
2.0
 40
3.3804347826086953
 40
3.3804347826086953
 40
4.760869565217391
 40
4.760869565217391
 40
4.760869565217391
 10
105.04703776041667
 20
-98.665771484375
 30
0.0
 10
105.23258463541666
 20
-98.717041015625
 30
0.0
 10
105.34611002604167
 20
-98.876953125
 30
0.0
 10
105.45963541666666
 20
-99.036865234375
 30
0.0
 10
105.45963541666667
 20
-99.261474609375
 30
0.0
 10
105.45963541666666
 20
-99.571533203125
 30
0.0
 10
105.26676432291667
 20
-99.742431640625
 30
0.0
 10
105.07389322916666
 20
-99.913330078125
 30
0.0
 10
104.61490885416667
 20
-99.913330078125
 30
0.0
  0
SPLINE
  5
3BE
330
17
100
AcDbEntity
  8
visible
100
AcDbSpline
 70
0
 71
2
 72
6
 73
3
 74
0
 40
0.0
 40
0.0
 40
0.0
 40
1.0
 40
1.0
 40
1.0
 10
105.04703776041667
 20
-98.665771484375
 30
0.0
 10
104.92740885416667
 20
-98.634033203125
 30
0.0
 10
104.60514322916667
 20
-98.634033203125
 30
0.0
  0
LINE
  5
3BF
330
17
100
AcDbEntity
  8
visible
100
AcDbLine
 10
103.68961588541667
 20
-98.634033203125
 30
0.0
 11
104.60514322916667
 21
-98.634033203125
 31
0.0
  0
LINE
  5
3C0
330
17
100
AcDbEntity
  8
visible
100
AcDbLine
 10
106.55826822916667
 20
-101.790771484375
 30
0.0
 11
107.03190104166667
 21
-101.790771484375
 31
0.0
  0
LINE
  5
3C1
330
17
100
AcDbEntity
  8
visible
100
AcDbLine
 10
106.55826822916667
 20
-98.211669921875
 30
0.0
 11
106.55826822916667
 21
-101.790771484375
 31
0.0
  0
LINE
  5
3C2
330
17
100
AcDbEntity
  8
visible
100
AcDbLine
 10
108.14518229166667
 20
-98.211669921875
 30
0.0
 11
106.55826822916667
 21
-98.211669921875
 31
0.0
  0
SPLINE
  5
3C3
330
17
100
AcDbEntity
  8
visible
100
AcDbSpline
 70
0
 71
2
 72
14
 73
11
 74
0
 40
0.0
 40
0.0
 40
0.0
 40
1.0
 40
1.0
 40
2.0
 40
2.0
 40
2.7756410256410255
 40
2.7756410256410255
 40
3.551282051282051
 40
3.551282051282051
 40
4.326923076923077
 40
4.326923076923077
 40
4.326923076923077
 10
108.41129557291667
 20
-100.162353515625
 30
0.0
 10
108.92643229166666
 20
-100.091552734375
 30
0.0
 10
109.17301432291667
 20
-99.830322265625
 30
0.0
 10
109.41959635416666
 20
-99.569091796875
 30
0.0
 10
109.41959635416667
 20
-99.188232421875
 30
0.0
 10
109.41959635416666
 20
-98.892822265625
 30
0.0
 10
109.27067057291667
 20
-98.648681640625
 30
0.0
 10
109.12174479166666
 20
-98.404541015625
 30
0.0
 10
108.87272135416667
 20
-98.30810546875
 30
0.0
 10
108.62369791666666
 20
-98.211669921875
 30
0.0
 10
108.14518229166667
 20
-98.211669921875
 30
0.0
  0
SPLINE
  5
3C4
330
17
100
AcDbEntity
  8
visible
100
AcDbSpline
 70
0
 71
2
 72
6
 73
3
 74
0
 40
0.0
 40
0.0
 40
0.0
 40
1.0
 40
1.0
 40
1.0
 10
108.41129557291667
 20
-100.162353515625
 30
0.0
 10
108.59928385416667
 20
-100.252685546875
 30
0.0
 10
108.69694010416667
 20
-100.340576171875
 30
0.0
  0
SPLINE
  5
3C5
330
17
100
AcDbEntity
  8
visible
100
AcDbSpline
 70
0
 71
2
 72
6
 73
3
 74
0
 40
0.0
 40
0.0
 40
0.0
 40
1.0
 40
1.0
 40
1.0
 10
108.69694010416667
 20
-100.340576171875
 30
0.0
 10
108.90445963541667
 20
-100.531005859375
 30
0.0
 10
109.09000651041667
 20
-100.816650390625
 30
0.0
  0
LINE
  5
3C6
330
17
100
AcDbEntity
  8
visible
100
AcDbLine
 10
109.71256510416667
 20
-101.790771484375
 30
0.0
 11
109.09000651041667
 21
-100.816650390625
 31
0.0
  0
LINE
  5
3C7
330
17
100
AcDbEntity
  8
visible
100
AcDbLine
 10
109.11686197916667
 20
-101.790771484375
 30
0.0
 11
109.71256510416667
 21
-101.790771484375
 31
0.0
  0
LINE
  5
3C8
330
17
100
AcDbEntity
  8
visible
100
AcDbLine
 10
108.64322916666667
 20
-101.046142578125
 30
0.0
 11
109.11686197916667
 21
-101.790771484375
 31
0.0
  0
SPLINE
  5
3C9
330
17
100
AcDbEntity
  8
visible
100
AcDbSpline
 70
0
 71
2
 72
10
 73
7
 74
0
 40
0.0
 40
0.0
 40
0.0
 40
1.0
 40
1.0
 40
2.0
 40
2.0
 40
3.0
 40
3.0
 40
3.0
 10
107.84488932291667
 20
-100.218505859375
 30
0.0
 10
107.95475260416666
 20
-100.245361328125
 30
0.0
 10
108.06095377604167
 20
-100.313720703125
 30
0.0
 10
108.16715494791666
 20
-100.382080078125
 30
0.0
 10
108.30143229166667
 20
-100.552978515625
 30
0.0
 10
108.43570963541666
 20
-100.723876953125
 30
0.0
 10
108.64322916666667
 20
-101.046142578125
 30
0.0
  0
SPLINE
  5
3CA
330
17
100
AcDbEntity
  8
visible
100
AcDbSpline
 70
0
 71
2
 72
6
 73
3
 74
0
 40
0.0
 40
0.0
 40
0.0
 40
1.0
 40
1.0
 40
1.0
 10
107.84488932291667
 20
-100.218505859375
 30
0.0
 10
107.76432291666667
 20
-100.201416015625
 30
0.0
 10
107.58121744791667
 20
-100.201416015625
 30
0.0
  0
LINE
  5
3CB
330
17
100
AcDbEntity
  8
visible
100
AcDbLine
 10
107.03190104166667
 20
-100.201416015625
 30
0.0
 11
107.58121744791667
 21
-100.201416015625
 31
0.0
  0
LINE
  5
3CC
330
17
100
AcDbEntity
  8
visible
100
AcDbLine
 10
107.03190104166667
 20
-101.790771484375
 30
0.0
 11
107.03190104166667
 21
-100.201416015625
 31
0.0
  0
LINE
  5
3CD
330
17
100
AcDbEntity
  8
visible
100
AcDbLine
 10
107.03190104166667
 20
-99.791259765625
 30
0.0
 11
107.03190104166667
 21
-98.607177734375
 31
0.0
  0
LINE
  5
3CE
330
17
100
AcDbEntity
  8
visible
100
AcDbLine
 10
108.04996744791667
 20
-99.791259765625
 30
0.0
 11
107.03190104166667
 21
-99.791259765625
 31
0.0
  0
SPLINE
  5
3CF
330
17
100
AcDbEntity
  8
visible
100
AcDbSpline
 70
0
 71
2
 72
14
 73
11
 74
0
 40
0.0
 40
0.0
 40
0.0
 40
1.0
 40
1.0
 40
2.0
 40
2.0
 40
2.6826923076923075
 40
2.6826923076923075
 40
3.365384615384615
 40
3.365384615384615
 40
4.0480769230769225
 40
4.0480769230769225
 40
4.0480769230769225
 10
108.16471354166667
 20
-98.607177734375
 30
0.0
 10
108.56266276041666
 20
-98.607177734375
 30
0.0
 10
108.74698893229167
 20
-98.770751953125
 30
0.0
 10
108.93131510416666
 20
-98.934326171875
 30
0.0
 10
108.93131510416667
 20
-99.188232421875
 30
0.0
 10
108.93131510416666
 20
-99.361572265625
 30
0.0
 10
108.83610026041667
 20
-99.50927734375
 30
0.0
 10
108.74088541666666
 20
-99.656982421875
 30
0.0
 10
108.55777994791667
 20
-99.72412109375
 30
0.0
 10
108.37467447916666
 20
-99.791259765625
 30
0.0
 10
108.04996744791667
 20
-99.791259765625
 30
0.0
  0
LINE
  5
3D0
330
17
100
AcDbEntity
  8
visible
100
AcDbLine
 10
107.03190104166667
 20
-98.607177734375
 30
0.0
 11
108.16471354166667
 21
-98.607177734375
 31
0.0
  0
SPLINE
  5
3D1
330
17
100
AcDbEntity
  8
visible
100
AcDbSpline
 70
0
 71
2
 72
26
 73
23
 74
0
 40
0.0
 40
0.0
 40
0.0
 40
1.0
 40
1.0
 40
2.0
 40
2.0
 40
3.0
 40
3.0
 40
3.9227053140096615
 40
3.9227053140096615
 40
4.845410628019323
 40
4.845410628019323
 40
5.7681159420289845
 40
5.7681159420289845
 40
6.678408180065421
 40
6.678408180065421
 40
7.588700418101858
 40
7.588700418101858
 40
8.498992656138295
 40
8.498992656138295
 40
9.889094103386057
 40
9.889094103386057
 40
11.279195550633819
 40
11.279195550633819
 40
11.279195550633819
 10
110.01774088541667
 20
-100.047607421875
 30
0.0
 10
110.01774088541666
 20
-100.518798828125
 30
0.0
 10
110.22281901041667
 20
-100.941162109375
 30
0.0
 10
110.42789713541666
 20
-101.363525390625
 30
0.0
 10
110.82584635416667
 20
-101.607666015625
 30
0.0
 10
111.22379557291666
 20
-101.851806640625
 30
0.0
 10
111.72916666666667
 20
-101.851806640625
 30
0.0
 10
112.19547526041666
 20
-101.851806640625
 30
0.0
 10
112.59830729166667
 20
-101.630859375
 30
0.0
 10
113.00113932291666
 20
-101.409912109375
 30
0.0
 10
113.22086588541667
 20
-100.980224609375
 30
0.0
 10
113.44059244791669
 20
-100.550537109375
 30
0.0
 10
113.44059244791664
 20
-100.006103515625
 30
0.0
 10
113.44059244791669
 20
-99.468994140625
 30
0.0
 10
113.23185221354167
 20
-99.04541015625
 30
0.0
 10
113.02311197916666
 20
-98.621826171875
 30
0.0
 10
112.62516276041667
 20
-98.385009765625
 30
0.0
 10
112.22721354166666
 20
-98.148193359375
 30
0.0
 10
111.73160807291667
 20
-98.148193359375
 30
0.0
 10
110.97477213541666
 20
-98.148193359375
 30
0.0
 10
110.49625651041667
 20
-98.65234375
 30
0.0
 10
110.01774088541666
 20
-99.156494140625
 30
0.0
 10
110.01774088541667
 20
-100.047607421875
 30
0.0
  0
SPLINE
  5
3D2
330
17
100
AcDbEntity
  8
visible
100
AcDbSpline
 70
0
 71
2
 72
22
 73
19
 74
0
 40
0.0
 40
0.0
 40
0.0
 40
1.0
 40
1.0
 40
2.0
 40
2.0
 40
2.703883495145631
 40
2.703883495145631
 40
3.407766990291262
 40
3.407766990291262
 40
4.111650485436893
 40
4.111650485436893
 40
5.224494223572165
 40
5.224494223572165
 40
6.337337961707437
 40
6.337337961707437
 40
7.4298557868174075
 40
7.4298557868174075
 40
8.522373611927378
 40
8.522373611927378
 40
8.522373611927378
 10
110.50602213541667
 20
-100.054931640625
 30
0.0
 10
110.50602213541666
 20
-99.246826171875
 30
0.0
 10
110.86857096354167
 20
-98.9013671875
 30
0.0
 10
111.23111979166666
 20
-98.555908203125
 30
0.0
 10
111.7340494791667
 20
-98.555908203125
 30
0.0
 10
112.08805338541666
 20
-98.555908203125
 30
0.0
 10
112.37247721354167
 20
-98.7353515625
 30
0.0
 10
112.65690104166666
 20
-98.914794921875
 30
0.0
 10
112.80460611979169
 20
-99.24072265625
 30
0.0
 10
112.95231119791666
 20
-99.566650390625
 30
0.0
 10
112.9523111979167
 20
-100.003662109375
 30
0.0
 10
112.95231119791666
 20
-100.694580078125
 30
0.0
 10
112.60685221354167
 20
-101.070556640625
 30
0.0
 10
112.26139322916666
 20
-101.446533203125
 30
0.0
 10
111.72672526041667
 20
-101.446533203125
 30
0.0
 10
111.20182291666666
 20
-101.446533203125
 30
0.0
 10
110.85392252604167
 20
-101.07421875
 30
0.0
 10
110.50602213541666
 20
-100.701904296875
 30
0.0
 10
110.50602213541667
 20
-100.054931640625
 30
0.0
  0
LINE
  5
3D3
330
17
100
AcDbEntity
  8
visible
100
AcDbLine
 10
114.23649088541667
 20
-100.716552734375
 30
0.0
 11
113.80924479166667
 21
-100.775146484375
 31
0.0
  0
SPLINE
  5
3D4
330
17
100
AcDbEntity
  8
visible
100
AcDbSpline
 70
0
 71
2
 72
14
 73
11
 74
0
 40
0.0
 40
0.0
 40
0.0
 40
1.0
 40
1.0
 40
2.0
 40
2.0
 40
3.0
 40
3.0
 40
4.356164383561644
 40
4.356164383561644
 40
5.712328767123289
 40
5.712328767123289
 40
5.712328767123289
 10
115.30338541666667
 20
-100.677490234375
 30
0.0
 10
115.30338541666666
 20
-100.985107421875
 30
0.0
 10
115.25455729166667
 20
-101.12548828125
 30
0.0
 10
115.20572916666667
 20
-101.265869140625
 30
0.0
 10
115.07633463541666
 20
-101.34765625
 30
0.0
 10
114.94694010416669
 20
-101.429443359375
 30
0.0
 10
114.76871744791664
 20
-101.429443359375
 30
0.0
 10
114.52701822916669
 20
-101.429443359375
 30
0.0
 10
114.39029947916667
 20
-101.278076171875
 30
0.0
 10
114.25358072916666
 20
-101.126708984375
 30
0.0
 10
114.23649088541667
 20
-100.716552734375
 30
0.0
  0
LINE
  5
3D5
330
17
100
AcDbEntity
  8
visible
100
AcDbLine
 10
115.30338541666667
 20
-98.211669921875
 30
0.0
 11
115.30338541666667
 21
-100.677490234375
 31
0.0
  0
LINE
  5
3D6
330
17
100
AcDbEntity
  8
visible
100
AcDbLine
 10
115.77701822916667
 20
-98.211669921875
 30
0.0
 11
115.30338541666667
 21
-98.211669921875
 31
0.0
  0
LINE
  5
3D7
330
17
100
AcDbEntity
  8
visible
100
AcDbLine
 10
115.77701822916667
 20
-100.650634765625
 30
0.0
 11
115.77701822916667
 21
-98.211669921875
 31
0.0
  0
SPLINE
  5
3D8
330
17
100
AcDbEntity
  8
visible
100
AcDbSpline
 70
0
 71
2
 72
14
 73
11
 74
0
 40
0.0
 40
0.0
 40
0.0
 40
1.0
 40
1.0
 40
2.0
 40
2.0
 40
2.6735751295336785
 40
2.6735751295336785
 40
3.347150259067357
 40
3.347150259067357
 40
4.0207253886010355
 40
4.0207253886010355
 40
4.0207253886010355
 10
113.80924479166667
 20
-100.775146484375
 30
0.0
 10
113.79947916666667
 20
-101.309814453125
 30
0.0
 10
114.04972330729166
 20
-101.580810546875
 30
0.0
 10
114.29996744791669
 20
-101.851806640625
 30
0.0
 10
114.77115885416664
 20
-101.851806640625
 30
0.0
 10
115.08854166666669
 20
-101.851806640625
 30
0.0
 10
115.32413736979167
 20
-101.722412109375
 30
0.0
 10
115.55973307291666
 20
-101.593017578125
 30
0.0
 10
115.66837565104167
 20
-101.346435546875
 30
0.0
 10
115.77701822916666
 20
-101.099853515625
 30
0.0
 10
115.77701822916667
 20
-100.650634765625
 30
0.0
  0
LINE
  5
3D9
330
17
100
AcDbEntity
  8
visible
100
AcDbLine
 10
116.56070963541667
 20
-101.790771484375
 30
0.0
 11
119.23160807291667
 21
-101.790771484375
 31
0.0
  0
LINE
  5
3DA
330
17
100
AcDbEntity
  8
visible
100
AcDbLine
 10
116.56070963541667
 20
-98.211669921875
 30
0.0
 11
116.56070963541667
 21
-101.790771484375
 31
0.0
  0
LINE
  5
3DB
330
17
100
AcDbEntity
  8
visible
100
AcDbLine
 10
119.14860026041667
 20
-98.211669921875
 30
0.0
 11
116.56070963541667
 21
-98.211669921875
 31
0.0
  0
LINE
  5
3DC
330
17
100
AcDbEntity
  8
visible
100
AcDbLine
 10
119.14860026041667
 20
-98.634033203125
 30
0.0
 11
119.14860026041667
 21
-98.211669921875
 31
0.0
  0
LINE
  5
3DD
330
17
100
AcDbEntity
  8
visible
100
AcDbLine
 10
117.03434244791667
 20
-98.634033203125
 30
0.0
 11
119.14860026041667
 21
-98.634033203125
 31
0.0
  0
LINE
  5
3DE
330
17
100
AcDbEntity
  8
visible
100
AcDbLine
 10
117.03434244791667
 20
-99.730224609375
 30
0.0
 11
117.03434244791667
 21
-98.634033203125
 31
0.0
  0
LINE
  5
3DF
330
17
100
AcDbEntity
  8
visible
100
AcDbLine
 10
119.01432291666667
 20
-99.730224609375
 30
0.0
 11
117.03434244791667
 21
-99.730224609375
 31
0.0
  0
LINE
  5
3E0
330
17
100
AcDbEntity
  8
visible
100
AcDbLine
 10
119.01432291666667
 20
-100.150146484375
 30
0.0
 11
119.01432291666667
 21
-99.730224609375
 31
0.0
  0
LINE
  5
3E1
330
17
100
AcDbEntity
  8
visible
100
AcDbLine
 10
117.03434244791667
 20
-100.150146484375
 30
0.0
 11
119.01432291666667
 21
-100.150146484375
 31
0.0
  0
LINE
  5
3E2
330
17
100
AcDbEntity
  8
visible
100
AcDbLine
 10
117.03434244791667
 20
-101.368408203125
 30
0.0
 11
117.03434244791667
 21
-100.150146484375
 31
0.0
  0
LINE
  5
3E3
330
17
100
AcDbEntity
  8
visible
100
AcDbLine
 10
119.23160807291667
 20
-101.368408203125
 30
0.0
 11
117.03434244791667
 21
-101.368408203125
 31
0.0
  0
LINE
  5
3E4
330
17
100
AcDbEntity
  8
visible
100
AcDbLine
 10
119.23160807291667
 20
-101.790771484375
 30
0.0
 11
119.23160807291667
 21
-101.368408203125
 31
0.0
  0
LINE
  5
3E5
330
17
100
AcDbEntity
  8
visible
100
AcDbLine
 10
122.91324869791667
 20
-100.655517578125
 30
0.0
 11
122.43961588541667
 21
-100.535888671875
 31
0.0
  0
SPLINE
  5
3E6
330
17
100
AcDbEntity
  8
visible
100
AcDbSpline
 70
0
 71
2
 72
24
 73
21
 74
0
 40
0.0
 40
0.0
 40
0.0
 40
1.0
 40
1.0
 40
2.0
 40
2.0
 40
2.881818181818182
 40
2.881818181818182
 40
3.7636363636363637
 40
3.7636363636363637
 40
4.6454545454545455
 40
4.6454545454545455
 40
5.454108773322747
 40
5.454108773322747
 40
6.262763001190948
 40
6.262763001190948
 40
7.07141722905915
 40
7.07141722905915
 40
7.852775111682854
 40
7.852775111682854
 40
8.634132994306558
 40
8.634132994306558
 40
8.634132994306558
 10
122.85221354166667
 20
-99.193115234375
 30
0.0
 10
122.70817057291667
 20
-98.697509765625
 30
0.0
 10
122.34195963541666
 20
-98.424072265625
 30
0.0
 10
121.97574869791669
 20
-98.150634765625
 30
0.0
 10
121.43863932291664
 20
-98.150634765625
 30
0.0
 10
120.96500651041669
 20
-98.150634765625
 30
0.0
 10
120.57071940104167
 20
-98.36669921875
 30
0.0
 10
120.17643229166667
 20
-98.582763671875
 30
0.0
 10
119.96280924479166
 20
-98.9990234375
 30
0.0
 10
119.74918619791669
 20
-99.415283203125
 30
0.0
 10
119.74918619791664
 20
-99.974365234375
 30
0.0
 10
119.74918619791669
 20
-100.487060546875
 30
0.0
 10
119.93839518229167
 20
-100.933837890625
 30
0.0
 10
120.12760416666666
 20
-101.380615234375
 30
0.0
 10
120.49015299479167
 20
-101.6162109375
 30
0.0
 10
120.85270182291667
 20
-101.851806640625
 30
0.0
 10
121.43131510416666
 20
-101.851806640625
 30
0.0
 10
121.9903971354167
 20
-101.851806640625
 30
0.0
 10
122.37736002604164
 20
-101.54541015625
 30
0.0
 10
122.76432291666669
 20
-101.239013671875
 30
0.0
 10
122.91324869791666
 20
-100.655517578125
 30
0.0
  0
LINE
  5
3E7
330
17
100
AcDbEntity
  8
visible
100
AcDbLine
 10
122.38590494791667
 20
-99.302978515625
 30
0.0
 11
122.85221354166667
 21
-99.193115234375
 31
0.0
  0
SPLINE
  5
3E8
330
17
100
AcDbEntity
  8
visible
100
AcDbSpline
 70
0
 71
2
 72
24
 73
21
 74
0
 40
0.0
 40
0.0
 40
0.0
 40
1.0
 40
1.0
 40
2.0
 40
2.0
 40
2.822085889570552
 40
2.822085889570552
 40
3.6441717791411037
 40
3.6441717791411037
 40
4.4662576687116555
 40
4.4662576687116555
 40
5.103703946720907
 40
5.103703946720907
 40
5.741150224730159
 40
5.741150224730159
 40
6.378596502739411
 40
6.378596502739411
 40
6.933061608463435
 40
6.933061608463435
 40
7.487526714187458
 40
7.487526714187458
 40
7.487526714187458
 10
122.43961588541667
 20
-100.535888671875
 30
0.0
 10
122.34195963541667
 20
-100.987548828125
 30
0.0
 10
122.06608072916666
 20
-101.217041015625
 30
0.0
 10
121.79020182291669
 20
-101.446533203125
 30
0.0
 10
121.39225260416664
 20
-101.446533203125
 30
0.0
 10
121.06510416666669
 20
-101.446533203125
 30
0.0
 10
120.78434244791667
 20
-101.278076171875
 30
0.0
 10
120.50358072916666
 20
-101.109619140625
 30
0.0
 10
120.37052408854169
 20
-100.76904296875
 30
0.0
 10
120.23746744791666
 20
-100.428466796875
 30
0.0
 10
120.2374674479167
 20
-99.971923828125
 30
0.0
 10
120.23746744791666
 20
-99.617919921875
 30
0.0
 10
120.34977213541667
 20
-99.28466796875
 30
0.0
 10
120.46207682291667
 20
-98.951416015625
 30
0.0
 10
120.73917643229166
 20
-98.753662109375
 30
0.0
 10
121.01627604166669
 20
-98.555908203125
 30
0.0
 10
121.42887369791664
 20
-98.555908203125
 30
0.0
 10
121.78776041666669
 20
-98.555908203125
 30
0.0
 10
122.02457682291667
 20
-98.734130859375
 30
0.0
 10
122.26139322916666
 20
-98.912353515625
 30
0.0
 10
122.38590494791667
 20
-99.302978515625
 30
0.0
  0
LINE
  5
3E9
330
17
100
AcDbEntity
  8
visible
100
AcDbLine
 10
124.40738932291667
 20
-101.790771484375
 30
0.0
 11
124.88102213541667
 21
-101.790771484375
 31
0.0
  0
LINE
  5
3EA
330
17
100
AcDbEntity
  8
visible
100
AcDbLine
 10
124.40738932291667
 20
-98.634033203125
 30
0.0
 11
124.40738932291667
 21
-101.790771484375
 31
0.0
  0
LINE
  5
3EB
330
17
100
AcDbEntity
  8
visible
100
AcDbLine
 10
123.22819010416667
 20
-98.634033203125
 30
0.0
 11
124.40738932291667
 21
-98.634033203125
 31
0.0
  0
LINE
  5
3EC
330
17
100
AcDbEntity
  8
visible
100
AcDbLine
 10
123.22819010416667
 20
-98.211669921875
 30
0.0
 11
123.22819010416667
 21
-98.634033203125
 31
0.0
  0
LINE
  5
3ED
330
17
100
AcDbEntity
  8
visible
100
AcDbLine
 10
126.06510416666667
 20
-98.211669921875
 30
0.0
 11
123.22819010416667
 21
-98.211669921875
 31
0.0
  0
LINE
  5
3EE
330
17
100
AcDbEntity
  8
visible
100
AcDbLine
 10
126.06510416666667
 20
-98.634033203125
 30
0.0
 11
126.06510416666667
 21
-98.211669921875
 31
0.0
  0
LINE
  5
3EF
330
17
100
AcDbEntity
  8
visible
100
AcDbLine
 10
124.88102213541667
 20
-98.634033203125
 30
0.0
 11
126.06510416666667
 21
-98.634033203125
 31
0.0
  0
LINE
  5
3F0
330
17
100
AcDbEntity
  8
visible
100
AcDbLine
 10
124.88102213541667
 20
-101.790771484375
 30
0.0
 11
124.88102213541667
 21
-98.634033203125
 31
0.0
  0
LINE
  5
3F1
330
17
100
AcDbEntity
  8
visible
100
AcDbLine
 10
126.63151041666667
 20
-101.790771484375
 30
0.0
 11
127.10514322916667
 21
-101.790771484375
 31
0.0
  0
LINE
  5
3F2
330
17
100
AcDbEntity
  8
visible
100
AcDbLine
 10
126.63151041666667
 20
-98.211669921875
 30
0.0
 11
126.63151041666667
 21
-101.790771484375
 31
0.0
  0
LINE
  5
3F3
330
17
100
AcDbEntity
  8
visible
100
AcDbLine
 10
127.10514322916667
 20
-98.211669921875
 30
0.0
 11
126.63151041666667
 21
-98.211669921875
 31
0.0
  0
LINE
  5
3F4
330
17
100
AcDbEntity
  8
visible
100
AcDbLine
 10
127.10514322916667
 20
-101.790771484375
 30
0.0
 11
127.10514322916667
 21
-98.211669921875
 31
0.0
  0
SPLINE
  5
3F5
330
17
100
AcDbEntity
  8
visible
100
AcDbSpline
 70
0
 71
2
 72
26
 73
23
 74
0
 40
0.0
 40
0.0
 40
0.0
 40
1.0
 40
1.0
 40
1.9999999999999867
 40
1.9999999999999867
 40
2.9999999999999734
 40
2.9999999999999734
 40
3.922705314009623
 40
3.922705314009623
 40
4.845410628019272
 40
4.845410628019272
 40
5.768115942028922
 40
5.768115942028922
 40
6.6784081800653485
 40
6.6784081800653485
 40
7.588700418101775
 40
7.588700418101775
 40
8.498992656138201
 40
8.498992656138201
 40
9.889094103385945
 40
9.889094103385945
 40
11.279195550633709
 40
11.279195550633709
 40
11.279195550633709
 10
127.79606119791667
 20
-100.047607421875
 30
0.0
 10
127.79606119791666
 20
-100.518798828125
 30
0.0
 10
128.00113932291669
 20
-100.941162109375
 30
0.0
 10
128.20621744791669
 20
-101.363525390625
 30
0.0
 10
128.60416666666669
 20
-101.607666015625
 30
0.0
 10
129.00211588541669
 20
-101.851806640625
 30
0.0
 10
129.50748697916669
 20
-101.851806640625
 30
0.0
 10
129.97379557291669
 20
-101.85180664062499
 30
0.0
 10
130.37662760416669
 20
-101.630859375
 30
0.0
 10
130.77945963541669
 20
-101.40991210937501
 30
0.0
 10
130.99918619791669
 20
-100.980224609375
 30
0.0
 10
131.2189127604167
 20
-100.55053710937504
 30
0.0
 10
131.21891276041669
 20
-100.006103515625
 30
0.0
 10
131.21891276041669
 20
-99.468994140625
 30
0.0
 10
131.01017252604169
 20
-99.04541015625
 30
0.0
 10
130.80143229166669
 20
-98.621826171875
 30
0.0
 10
130.40348307291669
 20
-98.385009765625
 30
0.0
 10
130.00553385416669
 20
-98.148193359375
 30
0.0
 10
129.50992838541669
 20
-98.148193359375
 30
0.0
 10
128.75309244791669
 20
-98.148193359375
 30
0.0
 10
128.27457682291669
 20
-98.65234375
 30
0.0
 10
127.79606119791666
 20
-99.15649414062503
 30
0.0
 10
127.79606119791667
 20
-100.047607421875
 30
0.0
  0
SPLINE
  5
3F6
330
17
100
AcDbEntity
  8
visible
100
AcDbSpline
 70
0
 71
2
 72
22
 73
19
 74
0
 40
0.0
 40
0.0
 40
0.0
 40
1.0
 40
1.0
 40
2.0
 40
2.0
 40
2.703883495145631
 40
2.703883495145631
 40
3.407766990291262
 40
3.407766990291262
 40
4.111650485436893
 40
4.111650485436893
 40
5.224494223572165
 40
5.224494223572165
 40
6.337337961707437
 40
6.337337961707437
 40
7.4298557868174075
 40
7.4298557868174075
 40
8.522373611927378
 40
8.522373611927378
 40
8.522373611927378
 10
128.28434244791669
 20
-100.054931640625
 30
0.0
 10
128.28434244791669
 20
-99.246826171875
 30
0.0
 10
128.64689127604169
 20
-98.9013671875
 30
0.0
 10
129.00944010416669
 20
-98.555908203125
 30
0.0
 10
129.51236979166669
 20
-98.555908203125
 30
0.0
 10
129.86637369791669
 20
-98.555908203125
 30
0.0
 10
130.15079752604169
 20
-98.7353515625
 30
0.0
 10
130.43522135416669
 20
-98.914794921875
 30
0.0
 10
130.58292643229169
 20
-99.24072265625
 30
0.0
 10
130.73063151041669
 20
-99.566650390625
 30
0.0
 10
130.73063151041669
 20
-100.003662109375
 30
0.0
 10
130.73063151041669
 20
-100.694580078125
 30
0.0
 10
130.38517252604169
 20
-101.070556640625
 30
0.0
 10
130.03971354166669
 20
-101.446533203125
 30
0.0
 10
129.50504557291669
 20
-101.446533203125
 30
0.0
 10
128.98014322916669
 20
-101.446533203125
 30
0.0
 10
128.63224283854169
 20
-101.07421875
 30
0.0
 10
128.28434244791669
 20
-100.701904296875
 30
0.0
 10
128.28434244791669
 20
-100.054931640625
 30
0.0
  0
LINE
  5
3F7
330
17
100
AcDbEntity
  8
visible
100
AcDbLine
 10
131.82438151041669
 20
-101.790771484375
 30
0.0
 11
132.27848307291669
 21
-101.790771484375
 31
0.0
  0
LINE
  5
3F8
330
17
100
AcDbEntity
  8
visible
100
AcDbLine
 10
131.82438151041669
 20
-98.211669921875
 30
0.0
 11
131.82438151041669
 21
-101.790771484375
 31
0.0
  0
LINE
  5
3F9
330
17
100
AcDbEntity
  8
visible
100
AcDbLine
 10
132.31022135416669
 20
-98.211669921875
 30
0.0
 11
131.82438151041669
 21
-98.211669921875
 31
0.0
  0
LINE
  5
3FA
330
17
100
AcDbEntity
  8
visible
100
AcDbLine
 10
134.19010416666669
 20
-101.021728515625
 30
0.0
 11
132.31022135416669
 21
-98.211669921875
 31
0.0
  0
LINE
  5
3FB
330
17
100
AcDbEntity
  8
visible
100
AcDbLine
 10
134.19010416666669
 20
-98.211669921875
 30
0.0
 11
134.19010416666669
 21
-101.021728515625
 31
0.0
  0
LINE
  5
3FC
330
17
100
AcDbEntity
  8
visible
100
AcDbLine
 10
134.64420572916669
 20
-98.211669921875
 30
0.0
 11
134.19010416666669
 21
-98.211669921875
 31
0.0
  0
LINE
  5
3FD
330
17
100
AcDbEntity
  8
visible
100
AcDbLine
 10
134.64420572916669
 20
-101.790771484375
 30
0.0
 11
134.64420572916669
 21
-98.211669921875
 31
0.0
  0
LINE
  5
3FE
330
17
100
AcDbEntity
  8
visible
100
AcDbLine
 10
134.15836588541669
 20
-101.790771484375
 30
0.0
 11
134.64420572916669
 21
-101.790771484375
 31
0.0
  0
LINE
  5
3FF
330
17
100
AcDbEntity
  8
visible
100
AcDbLine
 10
132.27848307291669
 20
-98.978271484375
 30
0.0
 11
134.15836588541669
 21
-101.790771484375
 31
0.0
  0
LINE
  5
400
330
17
100
AcDbEntity
  8
visible
100
AcDbLine
 10
132.27848307291669
 20
-101.790771484375
 30
0.0
 11
132.27848307291669
 21
-98.978271484375
 31
0.0
  0
LINE
  5
401
330
17
100
AcDbEntity
  8
visible
100
AcDbLine
 10
136.44352213541669
 20
-101.851806640625
 30
0.0
 11
136.79752604166669
 21
-101.851806640625
 31
0.0
  0
LINE
  5
402
330
17
100
AcDbEntity
  8
visible
100
AcDbLine
 10
137.48111979166669
 20
-98.150634765625
 30
0.0
 11
136.44352213541669
 21
-101.851806640625
 31
0.0
  0
LINE
  5
403
330
17
100
AcDbEntity
  8
visible
100
AcDbLine
 10
137.83268229166669
 20
-98.150634765625
 30
0.0
 11
137.48111979166669
 21
-98.150634765625
 31
0.0
  0
LINE
  5
404
330
17
100
AcDbEntity
  8
visible
100
AcDbLine
 10
136.79752604166669
 20
-101.851806640625
 30
0.0
 11
137.83268229166669
 21
-98.150634765625
 31
0.0
  0
LINE
  5
405
330
17
100
AcDbEntity
  8
visible
100
AcDbLine
 10
141.95621744791669
 20
-98.211669921875
 30
0.0
 11
141.95621744791669
 21
-100.277099609375
 31
0.0
  0
LINE
  5
406
330
17
100
AcDbEntity
  8
visible
100
AcDbLine
 10
142.42985026041669
 20
-98.211669921875
 30
0.0
 11
141.95621744791669
 21
-98.211669921875
 31
0.0
  0
LINE
  5
407
330
17
100
AcDbEntity
  8
visible
100
AcDbLine
 10
142.42985026041669
 20
-100.279541015625
 30
0.0
 11
142.42985026041669
 21
-98.211669921875
 31
0.0
  0
SPLINE
  5
408
330
17
100
AcDbEntity
  8
visible
100
AcDbSpline
 70
0
 71
3
 72
20
 73
16
 74
0
 40
0.0
 40
0.0
 40
0.0
 40
0.0
 40
1.0
 40
1.0
 40
1.0
 40
3.0
 40
3.0
 40
3.0
 40
4.029126213592233
 40
4.029126213592233
 40
4.029126213592233
 40
5.058252427184467
 40
5.058252427184467
 40
5.058252427184467
 40
6.0873786407767
 40
6.0873786407767
 40
6.0873786407767
 40
6.0873786407767
 10
139.61490885416669
 20
-100.279541015625
 30
0.0
 10
139.61490885416666
 20
-100.65877278645831
 30
0.0
 10
139.66048177083331
 20
-100.9578450520833
 30
0.0
 10
139.75162760416669
 20
-101.1767578125
 30
0.0
 10
139.93391927083337
 20
-101.61267585178308
 30
0.0
 10
140.36035156249994
 20
-101.85371412217523
 30
0.0
 10
141.03092447916669
 20
-101.851806640625
 30
0.0
 10
141.37597656249994
 20
-101.85180664062497
 30
0.0
 10
141.6547037760417
 20
-101.78548177083331
 30
0.0
 10
141.86710611979169
 20
-101.65283203125
 30
0.0
 10
142.07950846354154
 20
-101.52018229166663
 30
0.0
 10
142.22639973958343
 20
-101.34806315104166
 30
0.0
 10
142.30777994791669
 20
-101.136474609375
 30
0.0
 10
142.38916015624997
 20
-100.92488606770834
 30
0.0
 10
142.4298502604167
 20
-100.63924153645833
 30
0.0
 10
142.42985026041669
 20
-100.279541015625
 30
0.0
  0
LINE
  5
409
330
17
100
AcDbEntity
  8
visible
100
AcDbLine
 10
139.61490885416669
 20
-98.211669921875
 30
0.0
 11
139.61490885416669
 21
-100.279541015625
 31
0.0
  0
LINE
  5
40A
330
17
100
AcDbEntity
  8
visible
100
AcDbLine
 10
140.08854166666669
 20
-98.211669921875
 30
0.0
 11
139.61490885416669
 21
-98.211669921875
 31
0.0
  0
LINE
  5
40B
330
17
100
AcDbEntity
  8
visible
100
AcDbLine
 10
140.08854166666669
 20
-100.277099609375
 30
0.0
 11
140.08854166666669
 21
-98.211669921875
 31
0.0
  0
SPLINE
  5
40C
330
17
100
AcDbEntity
  8
visible
100
AcDbSpline
 70
0
 71
2
 72
14
 73
11
 74
0
 40
0.0
 40
0.0
 40
0.0
 40
1.0
 40
1.0
 40
2.0
 40
2.0
 40
2.5841121495327104
 40
2.5841121495327104
 40
3.168224299065421
 40
3.168224299065421
 40
3.752336448598131
 40
3.752336448598131
 40
3.752336448598131
 10
141.95621744791669
 20
-100.277099609375
 30
0.0
 10
141.95621744791669
 20
-100.950927734375
 30
0.0
 10
141.73404947916669
 20
-101.187744140625
 30
0.0
 10
141.51188151041669
 20
-101.424560546875
 30
0.0
 10
140.98942057291669
 20
-101.424560546875
 30
0.0
 10
140.68424479166669
 20
-101.424560546875
 30
0.0
 10
140.47306315104169
 20
-101.304931640625
 30
0.0
 10
140.26188151041666
 20
-101.185302734375
 30
0.0
 10
140.17521158854169
 20
-100.96435546875
 30
0.0
 10
140.08854166666669
 20
-100.743408203125
 30
0.0
 10
140.08854166666669
 20
-100.277099609375
 30
0.0
  0
LINE
  5
40D
330
17
100
AcDbEntity
  8
visible
100
AcDbLine
 10
143.21354166666669
 20
-101.790771484375
 30
0.0
 11
143.66764322916669
 21
-101.790771484375
 31
0.0
  0
LINE
  5
40E
330
17
100
AcDbEntity
  8
visible
100
AcDbLine
 10
143.21354166666669
 20
-98.211669921875
 30
0.0
 11
143.21354166666669
 21
-101.790771484375
 31
0.0
  0
LINE
  5
40F
330
17
100
AcDbEntity
  8
visible
100
AcDbLine
 10
143.69938151041669
 20
-98.211669921875
 30
0.0
 11
143.21354166666669
 21
-98.211669921875
 31
0.0
  0
LINE
  5
410
330
17
100
AcDbEntity
  8
visible
100
AcDbLine
 10
145.57926432291669
 20
-101.021728515625
 30
0.0
 11
143.69938151041669
 21
-98.211669921875
 31
0.0
  0
LINE
  5
411
330
17
100
AcDbEntity
  8
visible
100
AcDbLine
 10
145.57926432291669
 20
-98.211669921875
 30
0.0
 11
145.57926432291669
 21
-101.021728515625
 31
0.0
  0
LINE
  5
412
330
17
100
AcDbEntity
  8
visible
100
AcDbLine
 10
146.03336588541669
 20
-98.211669921875
 30
0.0
 11
145.57926432291669
 21
-98.211669921875
 31
0.0
  0
LINE
  5
413
330
17
100
AcDbEntity
  8
visible
100
AcDbLine
 10
146.03336588541669
 20
-101.790771484375
 30
0.0
 11
146.03336588541669
 21
-98.211669921875
 31
0.0
  0
LINE
  5
414
330
17
100
AcDbEntity
  8
visible
100
AcDbLine
 10
145.54752604166669
 20
-101.790771484375
 30
0.0
 11
146.03336588541669
 21
-101.790771484375
 31
0.0
  0
LINE
  5
415
330
17
100
AcDbEntity
  8
visible
100
AcDbLine
 10
143.66764322916669
 20
-98.978271484375
 30
0.0
 11
145.54752604166669
 21
-101.790771484375
 31
0.0
  0
LINE
  5
416
330
17
100
AcDbEntity
  8
visible
100
AcDbLine
 10
143.66764322916669
 20
-101.790771484375
 30
0.0
 11
143.66764322916669
 21
-98.978271484375
 31
0.0
  0
LINE
  5
417
330
17
100
AcDbEntity
  8
visible
100
AcDbLine
 10
146.90983072916669
 20
-101.790771484375
 30
0.0
 11
147.38346354166669
 21
-101.790771484375
 31
0.0
  0
LINE
  5
418
330
17
100
AcDbEntity
  8
visible
100
AcDbLine
 10
146.90983072916669
 20
-98.211669921875
 30
0.0
 11
146.90983072916669
 21
-101.790771484375
 31
0.0
  0
LINE
  5
419
330
17
100
AcDbEntity
  8
visible
100
AcDbLine
 10
147.38346354166669
 20
-98.211669921875
 30
0.0
 11
146.90983072916669
 21
-98.211669921875
 31
0.0
  0
LINE
  5
41A
330
17
100
AcDbEntity
  8
visible
100
AcDbLine
 10
147.38346354166669
 20
-101.790771484375
 30
0.0
 11
147.38346354166669
 21
-98.211669921875
 31
0.0
  0
LINE
  5
41B
330
17
100
AcDbEntity
  8
visible
100
AcDbLine
 10
149.12906901041669
 20
-101.790771484375
 30
0.0
 11
149.60270182291669
 21
-101.790771484375
 31
0.0
  0
LINE
  5
41C
330
17
100
AcDbEntity
  8
visible
100
AcDbLine
 10
149.12906901041669
 20
-98.634033203125
 30
0.0
 11
149.12906901041669
 21
-101.790771484375
 31
0.0
  0
LINE
  5
41D
330
17
100
AcDbEntity
  8
visible
100
AcDbLine
 10
147.94986979166669
 20
-98.634033203125
 30
0.0
 11
149.12906901041669
 21
-98.634033203125
 31
0.0
  0
LINE
  5
41E
330
17
100
AcDbEntity
  8
visible
100
AcDbLine
 10
147.94986979166669
 20
-98.211669921875
 30
0.0
 11
147.94986979166669
 21
-98.634033203125
 31
0.0
  0
LINE
  5
41F
330
17
100
AcDbEntity
  8
visible
100
AcDbLine
 10
150.78678385416669
 20
-98.211669921875
 30
0.0
 11
147.94986979166669
 21
-98.211669921875
 31
0.0
  0
LINE
  5
420
330
17
100
AcDbEntity
  8
visible
100
AcDbLine
 10
150.78678385416669
 20
-98.634033203125
 30
0.0
 11
150.78678385416669
 21
-98.211669921875
 31
0.0
  0
LINE
  5
421
330
17
100
AcDbEntity
  8
visible
100
AcDbLine
 10
149.60270182291669
 20
-98.634033203125
 30
0.0
 11
150.78678385416669
 21
-98.634033203125
 31
0.0
  0
LINE
  5
422
330
17
100
AcDbEntity
  8
visible
100
AcDbLine
 10
149.60270182291669
 20
-101.790771484375
 30
0.0
 11
149.60270182291669
 21
-98.634033203125
 31
0.0
  0
LINE
  5
423
330
17
100
AcDbEntity
  8
visible
100
AcDbLine
 10
151.55826822916669
 20
-100.601806640625
 30
0.0
 11
151.11149088541669
 21
-100.640869140625
 31
0.0
  0
SPLINE
  5
424
330
17
100
AcDbEntity
  8
visible
100
AcDbSpline
 70
0
 71
3
 72
26
 73
22
 74
0
 40
0.0
 40
0.0
 40
0.0
 40
0.0
 40
2.0
 40
2.0
 40
2.0
 40
2.9855072463768115
 40
2.9855072463768115
 40
2.9855072463768115
 40
3.9710144927536226
 40
3.9710144927536226
 40
3.9710144927536226
 40
4.956521739130434
 40
4.956521739130434
 40
4.956521739130434
 40
6.066327196761978
 40
6.066327196761978
 40
6.066327196761978
 40
7.1761326543935215
 40
7.1761326543935215
 40
7.1761326543935215
 40
8.285938112025065
 40
8.285938112025065
 40
8.285938112025065
 40
8.285938112025065
 10
153.08414713541669
 20
-100.313720703125
 30
0.0
 10
153.38667827256364
 20
-100.427907325665
 30
0.0
 10
153.50101703993636
 20
-100.59422809100163
 30
0.0
 10
153.50406901041669
 20
-100.819091796875
 30
0.0
 10
153.50406901041669
 20
-100.92976888020836
 30
0.0
 10
153.47029622395831
 20
-101.03190104166664
 30
0.0
 10
153.40275065104169
 20
-101.12548828125001
 30
0.0
 10
153.33520507812506
 20
-101.21907552083341
 30
0.0
 10
153.23225911458334
 20
-101.29272460937494
 30
0.0
 10
153.09391276041669
 20
-101.346435546875
 30
0.0
 10
152.95556640625009
 20
-101.40014648437504
 30
0.0
 10
152.79606119791666
 20
-101.42700195312494
 30
0.0
 10
152.61539713541669
 20
-101.427001953125
 30
0.0
 10
152.41194661458326
 20
-101.4270019531249
 30
0.0
 10
152.22884114583346
 20
-101.39160156250009
 30
0.0
 10
152.06608072916666
 20
-101.32080078124997
 30
0.0
 10
151.90332031249991
 20
-101.24999999999996
 30
0.0
 10
151.7832845052084
 20
-101.15722656250001
 30
0.0
 10
151.70597330729169
 20
-101.04248046875
 30
0.0
 10
151.62866210937494
 20
-100.92773437499997
 30
0.0
 10
151.57942708333337
 20
-100.78084309895831
 30
0.0
 10
151.55826822916669
 20
-100.601806640625
 30
0.0
  0
SPLINE
  5
425
330
17
100
AcDbEntity
  8
visible
100
AcDbSpline
 70
0
 71
2
 72
8
 73
5
 74
0
 40
0.0
 40
0.0
 40
0.0
 40
1.0
 40
1.0
 40
2.0
 40
2.0
 40
2.0
 10
151.75602213541669
 20
-99.915771484375
 30
0.0
 10
151.95377604166669
 20
-100.020751953125
 30
0.0
 10
152.44694010416669
 20
-100.13916015625
 30
0.0
 10
152.94010416666669
 20
-100.257568359375
 30
0.0
 10
153.08414713541669
 20
-100.313720703125
 30
0.0
  0
SPLINE
  5
426
330
17
100
AcDbEntity
  8
visible
100
AcDbSpline
 70
0
 71
3
 72
26
 73
22
 74
0
 40
0.0
 40
0.0
 40
0.0
 40
0.0
 40
1.0
 40
1.0
 40
1.0
 40
2.0
 40
2.0
 40
2.0
 40
3.0
 40
3.0
 40
3.0
 40
3.9079754601226995
 40
3.9079754601226995
 40
3.9079754601226995
 40
4.815950920245399
 40
4.815950920245399
 40
4.815950920245399
 40
5.723926380368098
 40
5.723926380368098
 40
5.723926380368098
 40
7.376278118609408
 40
7.376278118609408
 40
7.376278118609408
 40
7.376278118609408
 10
153.85319010416669
 20
-99.219970703125
 30
0.0
 10
153.8450520833333
 20
-99.01000976562494
 30
0.0
 10
153.78645833333334
 20
-98.82202148437504
 30
0.0
 10
153.67740885416669
 20
-98.656005859375
 30
0.0
 10
153.56835937500006
 20
-98.48999023437497
 30
0.0
 10
153.41251627604169
 20
-98.36425781250003
 30
0.0
 10
153.20987955729169
 20
-98.27880859375
 30
0.0
 10
153.0072428385417
 20
-98.19335937499999
 30
0.0
 10
152.77327473958331
 20
-98.15063476562501
 30
0.0
 10
152.50797526041669
 20
-98.150634765625
 30
0.0
 10
152.26708984375006
 20
-98.15063476562501
 30
0.0
 10
152.04817708333334
 20
-98.19132486979166
 30
0.0
 10
151.85123697916669
 20
-98.272705078125
 30
0.0
 10
151.65429687499997
 20
-98.35408528645831
 30
0.0
 10
151.50455729166674
 20
-98.47330729166664
 30
0.0
 10
151.40201822916669
 20
-98.63037109375
 30
0.0
 10
151.29947916666666
 20
-98.78743489583333
 30
0.0
 10
151.24820963541666
 20
-98.956298828125
 30
0.0
 10
151.24820963541669
 20
-99.136962890625
 30
0.0
 10
151.24871829716335
 20
-99.46395861617813
 30
0.0
 10
151.41371659867002
 20
-99.7385153421552
 30
0.0
 10
151.75602213541669
 20
-99.915771484375
 30
0.0
  0
LINE
  5
427
330
17
100
AcDbEntity
  8
visible
100
AcDbLine
 10
153.39908854166669
 20
-99.254150390625
 30
0.0
 11
153.85319010416669
 21
-99.219970703125
 31
0.0
  0
SPLINE
  5
428
330
17
100
AcDbEntity
  8
visible
100
AcDbSpline
 70
0
 71
3
 72
17
 73
13
 74
0
 40
0.0
 40
0.0
 40
0.0
 40
0.0
 40
1.0
 40
1.0
 40
1.0
 40
2.151898734177215
 40
2.151898734177215
 40
2.151898734177215
 40
3.3037974683544302
 40
3.3037974683544302
 40
3.3037974683544302
 40
5.5159666283084
 40
5.5159666283084
 40
5.5159666283084
 40
5.5159666283084
 10
151.84391276041669
 20
-99.422607421875
 30
0.0
 10
151.75113932291666
 20
-99.339599609375
 30
0.0
 10
151.70475260416669
 20
-99.23380533854164
 30
0.0
 10
151.70475260416669
 20
-99.105224609375
 30
0.0
 10
151.70475260416669
 20
-98.95711263020827
 30
0.0
 10
151.77026367187497
 20
-98.83056640625003
 30
0.0
 10
151.90128580729169
 20
-98.7255859375
 30
0.0
 10
152.0323079427083
 20
-98.62060546874996
 30
0.0
 10
152.24104817708334
 20
-98.56811523437503
 30
0.0
 10
152.52750651041669
 20
-98.568115234375
 30
0.0
 10
153.08043435835708
 20
-98.56735224175499
 30
0.0
 10
153.3474627770597
 20
-98.80243942491171
 30
0.0
 10
153.39908854166669
 20
-99.254150390625
 30
0.0
  0
SPLINE
  5
429
330
17
100
AcDbEntity
  8
visible
100
AcDbSpline
 70
0
 71
2
 72
8
 73
5
 74
0
 40
0.0
 40
0.0
 40
0.0
 40
1.0
 40
1.0
 40
2.0
 40
2.0
 40
2.0
 10
153.35026041666669
 20
-99.906005859375
 30
0.0
 10
153.13541666666669
 20
-99.808349609375
 30
0.0
 10
152.55802408854169
 20
-99.677734375
 30
0.0
 10
151.98063151041669
 20
-99.547119140625
 30
0.0
 10
151.84391276041669
 20
-99.422607421875
 30
0.0
  0
SPLINE
  5
42A
330
17
100
AcDbEntity
  8
visible
100
AcDbSpline
 70
0
 71
3
 72
26
 73
22
 74
0
 40
0.0
 40
0.0
 40
0.0
 40
0.0
 40
1.0
 40
1.0
 40
1.0
 40
2.0
 40
2.0
 40
2.0
 40
3.0
 40
3.0
 40
3.0
 40
3.7889447236180906
 40
3.7889447236180906
 40
3.7889447236180906
 40
4.577889447236181
 40
4.577889447236181
 40
4.577889447236181
 40
5.366834170854272
 40
5.366834170854272
 40
5.366834170854272
 40
6.958209852682215
 40
6.958209852682215
 40
6.958209852682215
 40
6.958209852682215
 10
151.11149088541669
 20
-100.640869140625
 30
0.0
 10
151.11800130208331
 20
-100.88012695312496
 30
0.0
 10
151.18351236979163
 20
-101.09456380208336
 30
0.0
 10
151.30802408854169
 20
-101.2841796875
 30
0.0
 10
151.43253580729174
 20
-101.47379557291667
 30
0.0
 10
151.604248046875
 20
-101.61580403645831
 30
0.0
 10
151.82316080729169
 20
-101.710205078125
 30
0.0
 10
152.04207356770837
 20
-101.80460611979167
 30
0.0
 10
152.3134765625
 20
-101.85180664062501
 30
0.0
 10
152.63736979166669
 20
-101.851806640625
 30
0.0
 10
152.8929036458332
 20
-101.85180664062499
 30
0.0
 10
153.1228027343751
 20
-101.80501302083334
 30
0.0
 10
153.32706705729169
 20
-101.71142578125
 30
0.0
 10
153.5313313802083
 20
-101.6178385416666
 30
0.0
 10
153.68798828125006
 20
-101.48681640625
 30
0.0
 10
153.79703776041669
 20
-101.318359375
 30
0.0
 10
153.90608723958331
 20
-101.14990234374993
 30
0.0
 10
153.96061197916669
 20
-100.970458984375
 30
0.0
 10
153.96061197916669
 20
-100.780029296875
 30
0.0
 10
153.95908599392644
 20
-100.39693203703509
 30
0.0
 10
153.7684530685736
 20
-100.09704582754821
 30
0.0
 10
153.3502604166667
 20
-99.90600585937501
 30
0.0
  0
LINE
  5
42B
330
17
100
AcDbEntity
  8
visible
100
AcDbLine
 10
157.32975260416669
 20
-101.790771484375
 30
0.0
 11
157.76920572916669
 21
-101.790771484375
 31
0.0
  0
LINE
  5
42C
330
17
100
AcDbEntity
  8
visible
100
AcDbLine
 10
157.32975260416669
 20
-99.197998046875
 30
0.0
 11
157.32975260416669
 21
-101.790771484375
 31
0.0
  0
LINE
  5
42D
330
17
100
AcDbEntity
  8
visible
100
AcDbLine
 10
157.72281901041669
 20
-99.197998046875
 30
0.0
 11
157.32975260416669
 21
-99.197998046875
 31
0.0
  0
LINE
  5
42E
330
17
100
AcDbEntity
  8
visible
100
AcDbLine
 10
157.72281901041669
 20
-99.561767578125
 30
0.0
 11
157.72281901041669
 21
-99.197998046875
 31
0.0
  0
SPLINE
  5
42F
330
17
100
AcDbEntity
  8
visible
100
AcDbSpline
 70
0
 71
3
 72
14
 73
10
 74
0
 40
0.0
 40
0.0
 40
0.0
 40
0.0
 40
2.0
 40
2.0
 40
2.0
 40
2.898305084745763
 40
2.898305084745763
 40
2.898305084745763
 40
3.796610169491526
 40
3.796610169491526
 40
3.796610169491526
 40
3.796610169491526
 10
159.24137369791669
 20
-99.593505859375
 30
0.0
 10
159.14097090133006
 20
-99.30959083477522
 30
0.0
 10
158.89255774450328
 20
-99.13686098814141
 30
0.0
 10
158.50895182291669
 20
-99.139404296875
 30
0.0
 10
158.33642578125009
 20
-99.139404296875
 30
0.0
 10
158.18261718749997
 20
-99.17805989583336
 30
0.0
 10
158.04752604166669
 20
-99.25537109375
 30
0.0
 10
157.91243489583343
 20
-99.33268229166669
 30
0.0
 10
157.80419921874997
 20
-99.434814453125
 30
0.0
 10
157.72281901041669
 20
-99.561767578125
 30
0.0
  0
SPLINE
  5
430
330
17
100
AcDbEntity
  8
visible
100
AcDbSpline
 70
0
 71
2
 72
10
 73
7
 74
0
 40
0.0
 40
0.0
 40
0.0
 40
1.0
 40
1.0
 40
2.0
 40
2.0
 40
3.2784810126582276
 40
3.2784810126582276
 40
3.2784810126582276
 10
160.84293619791669
 20
-100.010986328125
 30
0.0
 10
160.84293619791669
 20
-99.566650390625
 30
0.0
 10
160.63541666666669
 20
-99.35302734375
 30
0.0
 10
160.42789713541669
 20
-99.139404296875
 30
0.0
 10
160.04215494791669
 20
-99.139404296875
 30
0.0
 10
159.54899088541669
 20
-99.139404296875
 30
0.0
 10
159.24137369791669
 20
-99.593505859375
 30
0.0
  0
LINE
  5
431
330
17
100
AcDbEntity
  8
visible
100
AcDbLine
 10
160.84293619791669
 20
-101.790771484375
 30
0.0
 11
160.84293619791669
 21
-100.010986328125
 31
0.0
  0
LINE
  5
432
330
17
100
AcDbEntity
  8
visible
100
AcDbLine
 10
160.40592447916669
 20
-101.790771484375
 30
0.0
 11
160.84293619791669
 21
-101.790771484375
 31
0.0
  0
LINE
  5
433
330
17
100
AcDbEntity
  8
visible
100
AcDbLine
 10
160.40592447916669
 20
-100.157470703125
 30
0.0
 11
160.40592447916669
 21
-101.790771484375
 31
0.0
  0
SPLINE
  5
434
330
17
100
AcDbEntity
  8
visible
100
AcDbSpline
 70
0
 71
2
 72
14
 73
11
 74
0
 40
0.0
 40
0.0
 40
0.0
 40
1.0
 40
1.0
 40
2.0
 40
2.0
 40
2.553571428571429
 40
2.553571428571429
 40
3.1071428571428577
 40
3.1071428571428577
 40
3.6607142857142865
 40
3.6607142857142865
 40
3.6607142857142865
 10
159.30973307291669
 20
-100.284423828125
 30
0.0
 10
159.30973307291669
 20
-99.884033203125
 30
0.0
 10
159.49039713541669
 20
-99.7021484375
 30
0.0
 10
159.67106119791669
 20
-99.520263671875
 30
0.0
 10
159.94449869791669
 20
-99.520263671875
 30
0.0
 10
160.09586588541669
 20
-99.520263671875
 30
0.0
 10
160.20817057291669
 20
-99.591064453125
 30
0.0
 10
160.32047526041669
 20
-99.661865234375
 30
0.0
 10
160.36319986979169
 20
-99.77783203125
 30
0.0
 10
160.40592447916669
 20
-99.893798828125
 30
0.0
 10
160.40592447916669
 20
-100.157470703125
 30
0.0
  0
LINE
  5
435
330
17
100
AcDbEntity
  8
visible
100
AcDbLine
 10
159.30973307291669
 20
-101.790771484375
 30
0.0
 11
159.30973307291669
 21
-100.284423828125
 31
0.0
  0
LINE
  5
436
330
17
100
AcDbEntity
  8
visible
100
AcDbLine
 10
158.87027994791669
 20
-101.790771484375
 30
0.0
 11
159.30973307291669
 21
-101.790771484375
 31
0.0
  0
LINE
  5
437
330
17
100
AcDbEntity
  8
visible
100
AcDbLine
 10
158.87027994791669
 20
-100.106201171875
 30
0.0
 11
158.87027994791669
 21
-101.790771484375
 31
0.0
  0
SPLINE
  5
438
330
17
100
AcDbEntity
  8
visible
100
AcDbSpline
 70
0
 71
3
 72
17
 73
13
 74
0
 40
0.0
 40
0.0
 40
0.0
 40
0.0
 40
1.0
 40
1.0
 40
1.0
 40
2.0
 40
2.0
 40
2.0
 40
3.0
 40
3.0
 40
3.0
 40
5.631578947368421
 40
5.631578947368421
 40
5.631578947368421
 40
5.631578947368421
 10
157.76920572916669
 20
-100.445556640625
 30
0.0
 10
157.76920572916669
 20
-100.20955403645833
 30
0.0
 10
157.79280598958334
 20
-100.02888997395831
 30
0.0
 10
157.84000651041669
 20
-99.903564453125
 30
0.0
 10
157.88720703125
 20
-99.77823893229166
 30
0.0
 10
157.96329752604174
 20
-99.68302408854166
 30
0.0
 10
158.06827799479169
 20
-99.617919921875
 30
0.0
 10
158.17325846354163
 20
-99.55281575520831
 30
0.0
 10
158.28759765625003
 20
-99.52026367187503
 30
0.0
 10
158.41129557291669
 20
-99.520263671875
 30
0.0
 10
158.7398683767303
 20
-99.52026367187496
 30
0.0
 10
158.86722797743633
 20
-99.71557617187504
 30
0.0
 10
158.87027994791669
 20
-100.106201171875
 30
0.0
  0
LINE
  5
439
330
17
100
AcDbEntity
  8
visible
100
AcDbLine
 10
157.76920572916669
 20
-101.790771484375
 30
0.0
 11
157.76920572916669
 21
-100.445556640625
 31
0.0
  0
LINE
  5
43A
330
17
100
AcDbEntity
  8
visible
100
AcDbLine
 10
161.49479166666669
 20
-101.790771484375
 30
0.0
 11
161.93424479166669
 21
-101.790771484375
 31
0.0
  0
LINE
  5
43B
330
17
100
AcDbEntity
  8
visible
100
AcDbLine
 10
161.49479166666669
 20
-99.197998046875
 30
0.0
 11
161.49479166666669
 21
-101.790771484375
 31
0.0
  0
LINE
  5
43C
330
17
100
AcDbEntity
  8
visible
100
AcDbLine
 10
161.88785807291669
 20
-99.197998046875
 30
0.0
 11
161.49479166666669
 21
-99.197998046875
 31
0.0
  0
LINE
  5
43D
330
17
100
AcDbEntity
  8
visible
100
AcDbLine
 10
161.88785807291669
 20
-99.561767578125
 30
0.0
 11
161.88785807291669
 21
-99.197998046875
 31
0.0
  0
SPLINE
  5
43E
330
17
100
AcDbEntity
  8
visible
100
AcDbSpline
 70
0
 71
3
 72
14
 73
10
 74
0
 40
0.0
 40
0.0
 40
0.0
 40
0.0
 40
2.0
 40
2.0
 40
2.0
 40
2.898305084745763
 40
2.898305084745763
 40
2.898305084745763
 40
3.796610169491526
 40
3.796610169491526
 40
3.796610169491526
 40
3.796610169491526
 10
163.40641276041669
 20
-99.593505859375
 30
0.0
 10
163.30600996383
 20
-99.30959083477522
 30
0.0
 10
163.05759680700334
 20
-99.13686098814141
 30
0.0
 10
162.67399088541669
 20
-99.139404296875
 30
0.0
 10
162.50146484375006
 20
-99.139404296875
 30
0.0
 10
162.34765624999994
 20
-99.17805989583336
 30
0.0
 10
162.21256510416669
 20
-99.25537109375
 30
0.0
 10
162.07747395833346
 20
-99.33268229166669
 30
0.0
 10
161.96923828124994
 20
-99.434814453125
 30
0.0
 10
161.88785807291669
 20
-99.561767578125
 30
0.0
  0
SPLINE
  5
43F
330
17
100
AcDbEntity
  8
visible
100
AcDbSpline
 70
0
 71
2
 72
10
 73
7
 74
0
 40
0.0
 40
0.0
 40
0.0
 40
1.0
 40
1.0
 40
2.0
 40
2.0
 40
3.2784810126582276
 40
3.2784810126582276
 40
3.2784810126582276
 10
165.00797526041669
 20
-100.010986328125
 30
0.0
 10
165.00797526041669
 20
-99.566650390625
 30
0.0
 10
164.80045572916669
 20
-99.35302734375
 30
0.0
 10
164.59293619791669
 20
-99.139404296875
 30
0.0
 10
164.20719401041669
 20
-99.139404296875
 30
0.0
 10
163.71402994791669
 20
-99.139404296875
 30
0.0
 10
163.40641276041669
 20
-99.593505859375
 30
0.0
  0
LINE
  5
440
330
17
100
AcDbEntity
  8
visible
100
AcDbLine
 10
165.00797526041669
 20
-101.790771484375
 30
0.0
 11
165.00797526041669
 21
-100.010986328125
 31
0.0
  0
LINE
  5
441
330
17
100
AcDbEntity
  8
visible
100
AcDbLine
 10
164.57096354166669
 20
-101.790771484375
 30
0.0
 11
165.00797526041669
 21
-101.790771484375
 31
0.0
  0
LINE
  5
442
330
17
100
AcDbEntity
  8
visible
100
AcDbLine
 10
164.57096354166669
 20
-100.157470703125
 30
0.0
 11
164.57096354166669
 21
-101.790771484375
 31
0.0
  0
SPLINE
  5
443
330
17
100
AcDbEntity
  8
visible
100
AcDbSpline
 70
0
 71
2
 72
14
 73
11
 74
0
 40
0.0
 40
0.0
 40
0.0
 40
1.0
 40
1.0
 40
2.0
 40
2.0
 40
2.553571428571429
 40
2.553571428571429
 40
3.1071428571428577
 40
3.1071428571428577
 40
3.6607142857142865
 40
3.6607142857142865
 40
3.6607142857142865
 10
163.47477213541669
 20
-100.284423828125
 30
0.0
 10
163.47477213541669
 20
-99.884033203125
 30
0.0
 10
163.65543619791669
 20
-99.7021484375
 30
0.0
 10
163.83610026041669
 20
-99.520263671875
 30
0.0
 10
164.10953776041669
 20
-99.520263671875
 30
0.0
 10
164.26090494791669
 20
-99.520263671875
 30
0.0
 10
164.37320963541669
 20
-99.591064453125
 30
0.0
 10
164.48551432291669
 20
-99.661865234375
 30
0.0
 10
164.52823893229169
 20
-99.77783203125
 30
0.0
 10
164.57096354166669
 20
-99.893798828125
 30
0.0
 10
164.57096354166669
 20
-100.157470703125
 30
0.0
  0
LINE
  5
444
330
17
100
AcDbEntity
  8
visible
100
AcDbLine
 10
163.47477213541669
 20
-101.790771484375
 30
0.0
 11
163.47477213541669
 21
-100.284423828125
 31
0.0
  0
LINE
  5
445
330
17
100
AcDbEntity
  8
visible
100
AcDbLine
 10
163.03531901041669
 20
-101.790771484375
 30
0.0
 11
163.47477213541669
 21
-101.790771484375
 31
0.0
  0
LINE
  5
446
330
17
100
AcDbEntity
  8
visible
100
AcDbLine
 10
163.03531901041669
 20
-100.106201171875
 30
0.0
 11
163.03531901041669
 21
-101.790771484375
 31
0.0
  0
SPLINE
  5
447
330
17
100
AcDbEntity
  8
visible
100
AcDbSpline
 70
0
 71
3
 72
17
 73
13
 74
0
 40
0.0
 40
0.0
 40
0.0
 40
0.0
 40
1.0
 40
1.0
 40
1.0
 40
2.0
 40
2.0
 40
2.0
 40
3.0
 40
3.0
 40
3.0
 40
5.631578947368421
 40
5.631578947368421
 40
5.631578947368421
 40
5.631578947368421
 10
161.93424479166669
 20
-100.445556640625
 30
0.0
 10
161.93424479166666
 20
-100.20955403645833
 30
0.0
 10
161.95784505208331
 20
-100.02888997395831
 30
0.0
 10
162.00504557291669
 20
-99.903564453125
 30
0.0
 10
162.05224609374994
 20
-99.77823893229166
 30
0.0
 10
162.1283365885418
 20
-99.68302408854166
 30
0.0
 10
162.23331705729169
 20
-99.617919921875
 30
0.0
 10
162.33829752604163
 20
-99.55281575520831
 30
0.0
 10
162.45263671875006
 20
-99.52026367187503
 30
0.0
 10
162.57633463541669
 20
-99.520263671875
 30
0.0
 10
162.90490743923033
 20
-99.52026367187496
 30
0.0
 10
163.03226703993633
 20
-99.71557617187504
 30
0.0
 10
163.03531901041669
 20
-100.106201171875
 30
0.0
  0
LINE
  5
448
330
17
100
AcDbEntity
  8
visible
100
AcDbLine
 10
161.93424479166669
 20
-101.790771484375
 30
0.0
 11
161.93424479166669
 21
-100.445556640625
 31
0.0
  0
LINE
  5
449
330
17
100
AcDbEntity
  8
visible
100
AcDbLine
 10
154.67350260416669
 20
-99.698486328125
 30
0.0
 11
155.17399088541669
 21
-99.698486328125
 31
0.0
  0
LINE
  5
44A
330
17
100
AcDbEntity
  8
visible
100
AcDbLine
 10
154.67350260416669
 20
-99.197998046875
 30
0.0
 11
154.67350260416669
 21
-99.698486328125
 31
0.0
  0
LINE
  5
44B
330
17
100
AcDbEntity
  8
visible
100
AcDbLine
 10
155.17399088541669
 20
-99.197998046875
 30
0.0
 11
154.67350260416669
 21
-99.197998046875
 31
0.0
  0
LINE
  5
44C
330
17
100
AcDbEntity
  8
visible
100
AcDbLine
 10
155.17399088541669
 20
-99.698486328125
 30
0.0
 11
155.17399088541669
 21
-99.197998046875
 31
0.0
  0
LINE
  5
44D
330
17
100
AcDbEntity
  8
visible
100
AcDbLine
 10
154.67350260416669
 20
-101.790771484375
 30
0.0
 11
155.17399088541669
 21
-101.790771484375
 31
0.0
  0
LINE
  5
44E
330
17
100
AcDbEntity
  8
visible
100
AcDbLine
 10
154.67350260416669
 20
-101.290283203125
 30
0.0
 11
154.67350260416669
 21
-101.790771484375
 31
0.0
  0
LINE
  5
44F
330
17
100
AcDbEntity
  8
visible
100
AcDbLine
 10
155.17399088541669
 20
-101.290283203125
 30
0.0
 11
154.67350260416669
 21
-101.290283203125
 31
0.0
  0
LINE
  5
450
330
17
100
AcDbEntity
  8
visible
100
AcDbLine
 10
155.17399088541669
 20
-101.790771484375
 30
0.0
 11
155.17399088541669
 21
-101.290283203125
 31
0.0
  0
LINE
  5
451
330
17
100
AcDbEntity
  8
visible
100
AcDbLine
 10
67.66666676666668
 20
-117.26318359375
 30
0.0
 11
68.09716806875001
 21
-117.26318359375
 31
0.0
  0
LINE
  5
452
330
17
100
AcDbEntity
  8
visible
100
AcDbLine
 10
67.66666676666668
 20
-116.07014973958333
 30
0.0
 11
67.66666676666668
 21
-117.26318359375
 31
0.0
  0
LINE
  5
453
330
17
100
AcDbEntity
  8
visible
100
AcDbLine
 10
68.07763681875001
 20
-116.07014973958333
 30
0.0
 11
67.66666676666668
 21
-116.07014973958333
 31
0.0
  0
SPLINE
  5
454
330
17
100
AcDbEntity
  8
visible
100
AcDbSpline
 70
0
 71
2
 72
6
 73
3
 74
0
 40
0.0
 40
0.0
 40
0.0
 40
1.0
 40
1.0
 40
1.0
 10
68.07763681875001
 20
-116.07014973958333
 30
0.0
 10
68.21679697500001
 20
-116.07014973958333
 30
0.0
 10
68.29003916250001
 20
-116.08723958333333
 30
0.0
  0
SPLINE
  5
455
330
17
100
AcDbEntity
  8
visible
100
AcDbSpline
 70
0
 71
2
 72
6
 73
3
 74
0
 40
0.0
 40
0.0
 40
0.0
 40
1.0
 40
1.0
 40
1.0
 10
68.29003916250001
 20
-116.08723958333333
 30
0.0
 10
68.39257822500001
 20
-116.11083984375
 30
0.0
 10
68.46500661041668
 20
-116.17268880208333
 30
0.0
  0
SPLINE
  5
456
330
17
100
AcDbEntity
  8
visible
100
AcDbSpline
 70
0
 71
3
 72
20
 73
16
 74
0
 40
0.0
 40
0.0
 40
0.0
 40
0.0
 40
2.000000000000039
 40
2.000000000000039
 40
2.000000000000039
 40
4.000000000000636
 40
4.000000000000636
 40
4.000000000000636
 40
5.000000000000916
 40
5.000000000000916
 40
5.000000000000916
 40
6.173652694611947
 40
6.173652694611947
 40
6.173652694611947
 40
7.3473053892228615
 40
7.3473053892228615
 40
7.3473053892228615
 40
7.3473053892228615
 10
68.09716806875001
 20
-117.26318359375001
 30
0.0
 10
68.24134667118051
 20
-117.26277669270826
 30
0.0
 10
68.35270192291671
 20
-117.23605685763891
 30
0.0
 10
68.43123382395834
 20
-117.18302408854167
 30
0.0
 10
68.5090112006238
 20
-117.12967761634495
 30
0.0
 10
68.57982906014017
 20
-117.04173622914116
 30
0.0
 10
68.62125661041668
 20
-116.90104166666667
 30
0.0
 10
68.64241546458337
 20
-116.8310546875
 30
0.0
 10
68.65299489166668
 20
-116.75075954861109
 30
0.0
 10
68.6529948916667
 20
-116.66015625000004
 30
0.0
 10
68.65299489166662
 20
-116.55381944444431
 30
0.0
 10
68.63739701840278
 20
-116.45928276909731
 30
0.0
 10
68.60620127187501
 20
-116.37654622395833
 30
0.0
 10
68.57500552534718
 20
-116.2938096788194
 30
0.0
 10
68.52794063819448
 20
-116.22585720486113
 30
0.0
 10
68.46500661041668
 20
-116.17268880208333
 30
0.0
  0
LINE
  5
457
330
17
100
AcDbEntity
  8
visible
100
AcDbLine
 10
67.82454437083334
 20
-117.12239583333333
 30
0.0
 11
67.82454437083334
 21
-116.2109375
 31
0.0
  0
LINE
  5
458
330
17
100
AcDbEntity
  8
visible
100
AcDbLine
 10
68.07926442291668
 20
-117.12239583333333
 30
0.0
 11
67.82454437083334
 21
-117.12239583333333
 31
0.0
  0
SPLINE
  5
459
330
17
100
AcDbEntity
  8
visible
100
AcDbSpline
 70
0
 71
3
 72
17
 73
13
 74
0
 40
0.0
 40
0.0
 40
0.0
 40
0.0
 40
1.0
 40
1.0
 40
1.0
 40
1.99999999999996
 40
1.99999999999996
 40
1.99999999999996
 40
3.443478260869315
 40
3.443478260869315
 40
3.443478260869315
 40
4.4685570258343414
 40
4.4685570258343414
 40
4.4685570258343414
 40
4.4685570258343414
 10
68.27945973541668
 20
-116.2353515625
 30
0.0
 10
68.33805348541665
 20
-116.25813802083327
 30
0.0
 10
68.3878310461806
 20
-116.30303276909727
 30
0.0
 10
68.42879241770835
 20
-116.37003580729166
 30
0.0
 10
68.46975378923612
 20
-116.43703884548606
 30
0.0
 10
68.49023447500002
 20
-116.53293185763896
 30
0.0
 10
68.49023447500001
 20
-116.65771484374999
 30
0.0
 10
68.49091269066227
 20
-116.8380059254433
 30
0.0
 10
68.44561094683769
 20
-116.96353487316776
 30
0.0
 10
68.37141937083334
 20
-117.03857421875001
 30
0.0
 10
68.31579243627968
 20
-117.09131873673871
 30
0.0
 10
68.23905802413697
 20
-117.12281971812232
 30
0.0
 10
68.07926442291668
 20
-117.12239583333333
 30
0.0
  0
SPLINE
  5
45A
330
17
100
AcDbEntity
  8
visible
100
AcDbSpline
 70
0
 71
2
 72
6
 73
3
 74
0
 40
0.0
 40
0.0
 40
0.0
 40
1.0
 40
1.0
 40
1.0
 10
68.27945973541668
 20
-116.2353515625
 30
0.0
 10
68.21598317291668
 20
-116.2109375
 30
0.0
 10
68.07519541250001
 20
-116.2109375
 30
0.0
  0
LINE
  5
45B
330
17
100
AcDbEntity
  8
visible
100
AcDbLine
 10
67.82454437083334
 20
-116.2109375
 30
0.0
 11
68.07519541250001
 21
-116.2109375
 31
0.0
  0
LINE
  5
45C
330
17
100
AcDbEntity
  8
visible
100
AcDbLine
 10
68.87272145416668
 20
-117.26318359375
 30
0.0
 11
69.03059905833334
 21
-117.26318359375
 31
0.0
  0
LINE
  5
45D
330
17
100
AcDbEntity
  8
visible
100
AcDbLine
 10
68.87272145416668
 20
-116.07014973958333
 30
0.0
 11
68.87272145416668
 21
-117.26318359375
 31
0.0
  0
LINE
  5
45E
330
17
100
AcDbEntity
  8
visible
100
AcDbLine
 10
69.40169280833334
 20
-116.07014973958333
 30
0.0
 11
68.87272145416668
 21
-116.07014973958333
 31
0.0
  0
SPLINE
  5
45F
330
17
100
AcDbEntity
  8
visible
100
AcDbSpline
 70
0
 71
3
 72
17
 73
13
 74
0
 40
0.0
 40
0.0
 40
0.0
 40
0.0
 40
1.9999999999998324
 40
1.9999999999998324
 40
1.9999999999998324
 40
2.7756410256408026
 40
2.7756410256408026
 40
2.7756410256408026
 40
3.551282051281773
 40
3.551282051281773
 40
3.551282051281773
 40
4.326923076922744
 40
4.326923076922744
 40
4.326923076922744
 40
4.326923076922744
 10
69.49039723541668
 20
-116.72037760416666
 30
0.0
 10
69.72010988081446
 20
-116.69136912205357
 30
0.0
 10
69.82573450321328
 20
-116.56248287447423
 30
0.0
 10
69.82649749583335
 20
-116.39567057291666
 30
0.0
 10
69.82649749583325
 20
-116.33002387152769
 30
0.0
 10
69.80995018680564
 20
-116.27007378472229
 30
0.0
 10
69.77685556875
 20
-116.2158203125
 30
0.0
 10
69.74376095069447
 20
-116.16156684027777
 30
0.0
 10
69.69954437083335
 20
-116.12372504340277
 30
0.0
 10
69.64420582916664
 20
-116.10229492187497
 30
0.0
 10
69.58886728750002
 20
-116.08086480034717
 30
0.0
 10
69.50802961388887
 20
-116.07014973958336
 30
0.0
 10
69.40169280833334
 20
-116.07014973958333
 30
0.0
  0
SPLINE
  5
460
330
17
100
AcDbEntity
  8
visible
100
AcDbSpline
 70
0
 71
2
 72
6
 73
3
 74
0
 40
0.0
 40
0.0
 40
0.0
 40
1.0
 40
1.0
 40
1.0
 10
69.49039723541668
 20
-116.72037760416667
 30
0.0
 10
69.55305999583334
 20
-116.75048828125
 30
0.0
 10
69.58561207916668
 20
-116.77978515625
 30
0.0
  0
SPLINE
  5
461
330
17
100
AcDbEntity
  8
visible
100
AcDbSpline
 70
0
 71
2
 72
6
 73
3
 74
0
 40
0.0
 40
0.0
 40
0.0
 40
1.0
 40
1.0
 40
1.0
 10
69.58561207916668
 20
-116.77978515625
 30
0.0
 10
69.65478525625001
 20
-116.84326171875
 30
0.0
 10
69.71663421458334
 20
-116.9384765625
 30
0.0
  0
LINE
  5
462
330
17
100
AcDbEntity
  8
visible
100
AcDbLine
 10
69.92415374583334
 20
-117.26318359375
 30
0.0
 11
69.71663421458334
 21
-116.9384765625
 31
0.0
  0
LINE
  5
463
330
17
100
AcDbEntity
  8
visible
100
AcDbLine
 10
69.72558603750001
 20
-117.26318359375
 30
0.0
 11
69.92415374583334
 21
-117.26318359375
 31
0.0
  0
LINE
  5
464
330
17
100
AcDbEntity
  8
visible
100
AcDbLine
 10
69.56770843333334
 20
-117.01497395833333
 30
0.0
 11
69.72558603750001
 21
-117.26318359375
 31
0.0
  0
SPLINE
  5
465
330
17
100
AcDbEntity
  8
visible
100
AcDbSpline
 70
0
 71
3
 72
11
 73
7
 74
0
 40
0.0
 40
0.0
 40
0.0
 40
0.0
 40
2.000000000000183
 40
2.000000000000183
 40
2.000000000000183
 40
3.0000000000002447
 40
3.0000000000002447
 40
3.0000000000002447
 40
3.0000000000002447
 10
69.30159515208334
 20
-116.73909505208333
 30
0.0
 10
69.35152537753456
 20
-116.75315023991683
 30
0.0
 10
69.39299522177097
 20
-116.77251165244425
 30
0.0
 10
69.45377614166668
 20
-116.8505859375
 30
0.0
 10
69.4836155513889
 20
-116.88856336805551
 30
0.0
 10
69.52159298194448
 20
-116.943359375
 30
0.0
 10
69.56770843333334
 20
-117.01497395833333
 30
0.0
  0
SPLINE
  5
466
330
17
100
AcDbEntity
  8
visible
100
AcDbSpline
 70
0
 71
2
 72
6
 73
3
 74
0
 40
0.0
 40
0.0
 40
0.0
 40
1.0
 40
1.0
 40
1.0
 10
69.30159515208334
 20
-116.73909505208333
 30
0.0
 10
69.27473968333334
 20
-116.7333984375
 30
0.0
 10
69.21370452708334
 20
-116.7333984375
 30
0.0
  0
LINE
  5
467
330
17
100
AcDbEntity
  8
visible
100
AcDbLine
 10
69.03059905833334
 20
-116.7333984375
 30
0.0
 11
69.21370452708334
 21
-116.7333984375
 31
0.0
  0
LINE
  5
468
330
17
100
AcDbEntity
  8
visible
100
AcDbLine
 10
69.03059905833334
 20
-117.26318359375
 30
0.0
 11
69.03059905833334
 21
-116.7333984375
 31
0.0
  0
LINE
  5
469
330
17
100
AcDbEntity
  8
visible
100
AcDbLine
 10
69.03059905833334
 20
-116.5966796875
 30
0.0
 11
69.03059905833334
 21
-116.20198567708333
 31
0.0
  0
LINE
  5
46A
330
17
100
AcDbEntity
  8
visible
100
AcDbLine
 10
69.36995452708334
 20
-116.5966796875
 30
0.0
 11
69.03059905833334
 21
-116.5966796875
 31
0.0
  0
SPLINE
  5
46B
330
17
100
AcDbEntity
  8
visible
100
AcDbSpline
 70
0
 71
3
 72
14
 73
10
 74
0
 40
0.0
 40
0.0
 40
0.0
 40
0.0
 40
1.9999999999998852
 40
1.9999999999998852
 40
1.9999999999998852
 40
3.365384615384043
 40
3.365384615384043
 40
3.365384615384043
 40
4.048076923076173
 40
4.048076923076173
 40
4.048076923076173
 40
4.048076923076173
 10
69.40820322500001
 20
-116.20198567708334
 30
0.0
 10
69.58608686793785
 20
-116.19944236834965
 30
0.0
 10
69.66271975567327
 20
-116.28536665942812
 30
0.0
 10
69.66373707916667
 20
-116.39567057291666
 30
0.0
 10
69.66399141004011
 20
-116.47080302192215
 30
0.0
 10
69.6203512378766
 20
-116.5463682020362
 30
0.0
 10
69.53922536041668
 20
-116.57430013020834
 30
0.0
 10
69.49853525624998
 20
-116.58921983506936
 30
0.0
 10
69.44211164513892
 20
-116.59667968749999
 30
0.0
 10
69.36995452708334
 20
-116.5966796875
 30
0.0
  0
LINE
  5
46C
330
17
100
AcDbEntity
  8
visible
100
AcDbLine
 10
69.03059905833334
 20
-116.20198567708333
 30
0.0
 11
69.40820322500001
 21
-116.20198567708333
 31
0.0
  0
LINE
  5
46D
330
17
100
AcDbEntity
  8
visible
100
AcDbLine
 10
69.94287119375001
 20
-117.26318359375
 30
0.0
 11
70.11051442291668
 21
-117.26318359375
 31
0.0
  0
LINE
  5
46E
330
17
100
AcDbEntity
  8
visible
100
AcDbLine
 10
70.40104176666668
 20
-116.07014973958333
 30
0.0
 11
69.94287119375001
 21
-117.26318359375
 31
0.0
  0
LINE
  5
46F
330
17
100
AcDbEntity
  8
visible
100
AcDbLine
 10
70.57112640208334
 20
-116.07014973958333
 30
0.0
 11
70.40104176666668
 21
-116.07014973958333
 31
0.0
  0
LINE
  5
470
330
17
100
AcDbEntity
  8
visible
100
AcDbLine
 10
71.05940765208334
 20
-117.26318359375
 30
0.0
 11
70.57112640208334
 21
-116.07014973958333
 31
0.0
  0
LINE
  5
471
330
17
100
AcDbEntity
  8
visible
100
AcDbLine
 10
70.87955739166668
 20
-117.26318359375
 30
0.0
 11
71.05940765208334
 21
-117.26318359375
 31
0.0
  0
LINE
  5
472
330
17
100
AcDbEntity
  8
visible
100
AcDbLine
 10
70.74039723541668
 20
-116.90185546875
 30
0.0
 11
70.87955739166668
 21
-117.26318359375
 31
0.0
  0
LINE
  5
473
330
17
100
AcDbEntity
  8
visible
100
AcDbLine
 10
70.24153655833334
 20
-116.90185546875
 30
0.0
 11
70.74039723541668
 21
-116.90185546875
 31
0.0
  0
LINE
  5
474
330
17
100
AcDbEntity
  8
visible
100
AcDbLine
 10
70.11051442291668
 20
-117.26318359375
 30
0.0
 11
70.24153655833334
 21
-116.90185546875
 31
0.0
  0
LINE
  5
475
330
17
100
AcDbEntity
  8
visible
100
AcDbLine
 10
70.28710947500001
 20
-116.77327473958333
 30
0.0
 11
70.41813161041668
 21
-116.42333984375
 31
0.0
  0
LINE
  5
476
330
17
100
AcDbEntity
  8
visible
100
AcDbLine
 10
70.69156911041668
 20
-116.77327473958333
 30
0.0
 11
70.28710947500001
 21
-116.77327473958333
 31
0.0
  0
LINE
  5
477
330
17
100
AcDbEntity
  8
visible
100
AcDbLine
 10
70.56705739166668
 20
-116.44287109375
 30
0.0
 11
70.69156911041668
 21
-116.77327473958333
 31
0.0
  0
SPLINE
  5
478
330
17
100
AcDbEntity
  8
visible
100
AcDbSpline
 70
0
 71
2
 72
6
 73
3
 74
0
 40
0.0
 40
0.0
 40
0.0
 40
1.0
 40
1.0
 40
1.0
 10
70.56705739166668
 20
-116.44287109375
 30
0.0
 10
70.51009124583334
 20
-116.29231770833333
 30
0.0
 10
70.48242197500001
 20
-116.19547526041667
 30
0.0
  0
SPLINE
  5
479
330
17
100
AcDbEntity
  8
visible
100
AcDbSpline
 70
0
 71
2
 72
6
 73
3
 74
0
 40
0.0
 40
0.0
 40
0.0
 40
1.0
 40
1.0
 40
1.0
 10
70.48242197500001
 20
-116.19547526041667
 30
0.0
 10
70.45963551666668
 20
-116.31022135416667
 30
0.0
 10
70.41813161041668
 20
-116.42333984375
 30
0.0
  0
LINE
  5
47A
330
17
100
AcDbEntity
  8
visible
100
AcDbLine
 10
71.33203135000001
 20
-117.26318359375
 30
0.0
 11
71.49316416250001
 21
-117.26318359375
 31
0.0
  0
LINE
  5
47B
330
17
100
AcDbEntity
  8
visible
100
AcDbLine
 10
71.01546233958334
 20
-116.07014973958333
 30
0.0
 11
71.33203135000001
 21
-117.26318359375
 31
0.0
  0
LINE
  5
47C
330
17
100
AcDbEntity
  8
visible
100
AcDbLine
 10
71.17740895416668
 20
-116.07014973958333
 30
0.0
 11
71.01546233958334
 21
-116.07014973958333
 31
0.0
  0
LINE
  5
47D
330
17
100
AcDbEntity
  8
visible
100
AcDbLine
 10
71.35888681875001
 20
-116.85221354166667
 30
0.0
 11
71.17740895416668
 21
-116.07014973958333
 31
0.0
  0
SPLINE
  5
47E
330
17
100
AcDbEntity
  8
visible
100
AcDbSpline
 70
0
 71
2
 72
6
 73
3
 74
0
 40
0.0
 40
0.0
 40
0.0
 40
1.0
 40
1.0
 40
1.0
 10
71.35888681875001
 20
-116.85221354166667
 30
0.0
 10
71.38818369375001
 20
-116.97509765625
 30
0.0
 10
71.40934254791668
 20
-117.09635416666667
 30
0.0
  0
SPLINE
  5
47F
330
17
100
AcDbEntity
  8
visible
100
AcDbSpline
 70
0
 71
2
 72
6
 73
3
 74
0
 40
0.0
 40
0.0
 40
0.0
 40
1.0
 40
1.0
 40
1.0
 10
71.40934254791668
 20
-117.09635416666667
 30
0.0
 10
71.45491546458334
 20
-116.90511067708333
 30
0.0
 10
71.46305348541668
 20
-116.87581380208333
 30
0.0
  0
LINE
  5
480
330
17
100
AcDbEntity
  8
visible
100
AcDbLine
 10
71.69010426666668
 20
-116.07014973958333
 30
0.0
 11
71.46305348541668
 21
-116.87581380208333
 31
0.0
  0
LINE
  5
481
330
17
100
AcDbEntity
  8
visible
100
AcDbLine
 10
71.88053395416668
 20
-116.07014973958333
 30
0.0
 11
71.69010426666668
 21
-116.07014973958333
 31
0.0
  0
LINE
  5
482
330
17
100
AcDbEntity
  8
visible
100
AcDbLine
 10
72.05143239166668
 20
-116.67399088541667
 30
0.0
 11
71.88053395416668
 21
-116.07014973958333
 31
0.0
  0
SPLINE
  5
483
330
17
100
AcDbEntity
  8
visible
100
AcDbSpline
 70
0
 71
2
 72
6
 73
3
 74
0
 40
0.0
 40
0.0
 40
0.0
 40
1.0
 40
1.0
 40
1.0
 10
72.05143239166668
 20
-116.67399088541667
 30
0.0
 10
72.11572275625001
 20
-116.89860026041667
 30
0.0
 10
72.14420582916668
 20
-117.09635416666667
 30
0.0
  0
SPLINE
  5
484
330
17
100
AcDbEntity
  8
visible
100
AcDbSpline
 70
0
 71
2
 72
6
 73
3
 74
0
 40
0.0
 40
0.0
 40
0.0
 40
1.0
 40
1.0
 40
1.0
 10
72.14420582916668
 20
-117.09635416666667
 30
0.0
 10
72.16699228750001
 20
-116.98323567708333
 30
0.0
 10
72.20361338125001
 20
-116.83675130208333
 30
0.0
  0
LINE
  5
485
330
17
100
AcDbEntity
  8
visible
100
AcDbLine
 10
72.39078786041668
 20
-116.07014973958333
 30
0.0
 11
72.20361338125001
 21
-116.83675130208333
 31
0.0
  0
LINE
  5
486
330
17
100
AcDbEntity
  8
visible
100
AcDbLine
 10
72.54947926666668
 20
-116.07014973958333
 30
0.0
 11
72.39078786041668
 21
-116.07014973958333
 31
0.0
  0
LINE
  5
487
330
17
100
AcDbEntity
  8
visible
100
AcDbLine
 10
72.22233082916668
 20
-117.26318359375
 30
0.0
 11
72.54947926666668
 21
-116.07014973958333
 31
0.0
  0
LINE
  5
488
330
17
100
AcDbEntity
  8
visible
100
AcDbLine
 10
72.07014983958334
 20
-117.26318359375
 30
0.0
 11
72.22233082916668
 21
-117.26318359375
 31
0.0
  0
LINE
  5
489
330
17
100
AcDbEntity
  8
visible
100
AcDbLine
 10
71.81868499583334
 20
-116.35416666666667
 30
0.0
 11
72.07014983958334
 21
-117.26318359375
 31
0.0
  0
SPLINE
  5
48A
330
17
100
AcDbEntity
  8
visible
100
AcDbSpline
 70
0
 71
2
 72
6
 73
3
 74
0
 40
0.0
 40
0.0
 40
0.0
 40
1.0
 40
1.0
 40
1.0
 10
71.81868499583334
 20
-116.35416666666667
 30
0.0
 10
71.78694671458334
 20
-116.240234375
 30
0.0
 10
71.78125010000001
 20
-116.21419270833333
 30
0.0
  0
SPLINE
  5
48B
330
17
100
AcDbEntity
  8
visible
100
AcDbSpline
 70
0
 71
2
 72
6
 73
3
 74
0
 40
0.0
 40
0.0
 40
0.0
 40
1.0
 40
1.0
 40
1.0
 10
71.78125010000001
 20
-116.21419270833333
 30
0.0
 10
71.76253265208334
 20
-116.29638671875
 30
0.0
 10
71.74625661041668
 20
-116.35416666666667
 30
0.0
  0
LINE
  5
48C
330
17
100
AcDbEntity
  8
visible
100
AcDbLine
 10
71.49316416250001
 20
-117.26318359375
 30
0.0
 11
71.74625661041668
 21
-116.35416666666667
 31
0.0
  0
LINE
  5
48D
330
17
100
AcDbEntity
  8
visible
100
AcDbLine
 10
72.72363291250001
 20
-117.26318359375
 30
0.0
 11
72.88151051666667
 21
-117.26318359375
 31
0.0
  0
LINE
  5
48E
330
17
100
AcDbEntity
  8
visible
100
AcDbLine
 10
72.72363291250001
 20
-116.07014973958333
 30
0.0
 11
72.72363291250001
 21
-117.26318359375
 31
0.0
  0
LINE
  5
48F
330
17
100
AcDbEntity
  8
visible
100
AcDbLine
 10
72.88151051666667
 20
-116.07014973958333
 30
0.0
 11
72.72363291250001
 21
-116.07014973958333
 31
0.0
  0
LINE
  5
490
330
17
100
AcDbEntity
  8
visible
100
AcDbLine
 10
72.88151051666667
 20
-117.26318359375
 30
0.0
 11
72.88151051666667
 21
-116.07014973958333
 31
0.0
  0
LINE
  5
491
330
17
100
AcDbEntity
  8
visible
100
AcDbLine
 10
73.15820322500001
 20
-117.26318359375
 30
0.0
 11
73.30957041250001
 21
-117.26318359375
 31
0.0
  0
LINE
  5
492
330
17
100
AcDbEntity
  8
visible
100
AcDbLine
 10
73.15820322500001
 20
-116.07014973958333
 30
0.0
 11
73.15820322500001
 21
-117.26318359375
 31
0.0
  0
LINE
  5
493
330
17
100
AcDbEntity
  8
visible
100
AcDbLine
 10
73.32014983958334
 20
-116.07014973958333
 30
0.0
 11
73.15820322500001
 21
-116.07014973958333
 31
0.0
  0
LINE
  5
494
330
17
100
AcDbEntity
  8
visible
100
AcDbLine
 10
73.94677744375001
 20
-117.0068359375
 30
0.0
 11
73.32014983958334
 21
-116.07014973958333
 31
0.0
  0
LINE
  5
495
330
17
100
AcDbEntity
  8
visible
100
AcDbLine
 10
73.94677744375001
 20
-116.07014973958333
 30
0.0
 11
73.94677744375001
 21
-117.0068359375
 31
0.0
  0
LINE
  5
496
330
17
100
AcDbEntity
  8
visible
100
AcDbLine
 10
74.09814463125001
 20
-116.07014973958333
 30
0.0
 11
73.94677744375001
 21
-116.07014973958333
 31
0.0
  0
LINE
  5
497
330
17
100
AcDbEntity
  8
visible
100
AcDbLine
 10
74.09814463125001
 20
-117.26318359375
 30
0.0
 11
74.09814463125001
 21
-116.07014973958333
 31
0.0
  0
LINE
  5
498
330
17
100
AcDbEntity
  8
visible
100
AcDbLine
 10
73.93619801666668
 20
-117.26318359375
 30
0.0
 11
74.09814463125001
 21
-117.26318359375
 31
0.0
  0
LINE
  5
499
330
17
100
AcDbEntity
  8
visible
100
AcDbLine
 10
73.30957041250001
 20
-116.32568359375
 30
0.0
 11
73.93619801666668
 21
-117.26318359375
 31
0.0
  0
LINE
  5
49A
330
17
100
AcDbEntity
  8
visible
100
AcDbLine
 10
73.30957041250001
 20
-117.26318359375
 30
0.0
 11
73.30957041250001
 21
-116.32568359375
 31
0.0
  0
LINE
  5
49B
330
17
100
AcDbEntity
  8
visible
100
AcDbLine
 10
74.92171233958334
 20
-116.79524739583333
 30
0.0
 11
75.27246103750001
 21
-116.79524739583333
 31
0.0
  0
LINE
  5
49C
330
17
100
AcDbEntity
  8
visible
100
AcDbLine
 10
74.92171233958334
 20
-116.6552734375
 30
0.0
 11
74.92171233958334
 21
-116.79524739583333
 31
0.0
  0
LINE
  5
49D
330
17
100
AcDbEntity
  8
visible
100
AcDbLine
 10
75.42708343333334
 20
-116.65445963541667
 30
0.0
 11
74.92171233958334
 21
-116.6552734375
 31
0.0
  0
LINE
  5
49E
330
17
100
AcDbEntity
  8
visible
100
AcDbLine
 10
75.42708343333334
 20
-117.09716796875
 30
0.0
 11
75.42708343333334
 21
-116.65445963541667
 31
0.0
  0
SPLINE
  5
49F
330
17
100
AcDbEntity
  8
visible
100
AcDbSpline
 70
0
 71
3
 72
29
 73
25
 74
0
 40
0.0
 40
0.0
 40
0.0
 40
0.0
 40
1.0
 40
1.0
 40
1.0
 40
2.99999999999993
 40
2.99999999999993
 40
2.99999999999993
 40
5.7547169811318115
 40
5.7547169811318115
 40
5.7547169811318115
 40
7.132075471697909
 40
7.132075471697909
 40
7.132075471697909
 40
8.52230647152167
 40
8.52230647152167
 40
8.52230647152167
 40
9.91253747134554
 40
9.91253747134554
 40
9.91253747134554
 40
11.302768471169303
 40
11.302768471169303
 40
11.302768471169303
 40
13.362369952389654
 40
13.362369952389654
 40
13.362369952389654
 40
13.362369952389654
 10
75.40917978750001
 20
-116.40380859375
 30
0.0
 10
75.38856346805554
 20
-116.32351345486103
 30
0.0
 10
75.35845279097225
 20
-116.25840928819447
 30
0.0
 10
75.31884775625001
 20
-116.20849609375
 30
0.0
 10
75.24175711075023
 20
-116.1096022513967
 30
0.0
 10
75.09130515522202
 20
-116.04887214096436
 30
0.0
 10
74.9208985375
 20
-116.04980468749999
 30
0.0
 10
74.6855996955058
 20
-116.05027096076782
 30
0.0
 10
74.4911854437303
 20
-116.14550269374607
 30
0.0
 10
74.39640309479168
 20
-116.34724934895831
 30
0.0
 10
74.34784623715278
 20
-116.44788953993057
 30
0.0
 10
74.32356780833335
 20
-116.55626085069447
 30
0.0
 10
74.32356780833334
 20
-116.67236328124999
 30
0.0
 10
74.32356780833334
 20
-116.78955078125001
 30
0.0
 10
74.34798187083334
 20
-116.89561631944441
 30
0.0
 10
74.39680999583334
 20
-116.99055989583333
 30
0.0
 10
74.4456381208333
 20
-117.08550347222219
 30
0.0
 10
74.51793087256945
 20
-117.15806749131949
 30
0.0
 10
74.61368825104168
 20
-117.20825195312501
 30
0.0
 10
74.70944562951391
 20
-117.25843641493053
 30
0.0
 10
74.81591806875001
 20
-117.28352864583329
 30
0.0
 10
74.93310556875002
 20
-117.28352864583334
 30
0.0
 10
75.1069879472222
 20
-117.28325737847221
 30
0.0
 10
75.27164723541671
 20
-117.22113715277776
 30
0.0
 10
75.42708343333335
 20
-117.09716796875
 30
0.0
  0
LINE
  5
4A0
330
17
100
AcDbEntity
  8
visible
100
AcDbLine
 10
75.26676442291668
 20
-116.44287109375
 30
0.0
 11
75.40917978750001
 21
-116.40380859375
 31
0.0
  0
SPLINE
  5
4A1
330
17
100
AcDbEntity
  8
visible
100
AcDbSpline
 70
0
 71
3
 72
17
 73
13
 74
0
 40
0.0
 40
0.0
 40
0.0
 40
0.0
 40
1.0
 40
1.0
 40
1.0
 40
2.999999999999847
 40
2.999999999999847
 40
2.999999999999847
 40
4.669172932330298
 40
4.669172932330298
 40
4.669172932330298
 40
5.5037593984956805
 40
5.5037593984956805
 40
5.5037593984956805
 40
5.5037593984956805
 10
74.53190114166667
 20
-116.42252604166667
 30
0.0
 10
74.54980478749998
 20
-116.37966579861106
 30
0.0
 10
74.5748970184028
 20
-116.34033203124999
 30
0.0
 10
74.60717783437501
 20
-116.30452473958334
 30
0.0
 10
74.67161230088276
 20
-116.23418181061683
 30
0.0
 10
74.7775252689089
 20
-116.18362417896645
 30
0.0
 10
74.92171233958334
 20
-116.18489583333339
 30
0.0
 10
75.04028995484539
 20
-116.18379373288212
 30
0.0
 10
75.14872934237683
 20
-116.23129958309009
 30
0.0
 10
75.20003265208334
 20
-116.29964192708331
 30
0.0
 10
75.22661685347221
 20
-116.33436414930553
 30
0.0
 10
75.24886077708337
 20
-116.38210720486114
 30
0.0
 10
75.2667644229167
 20
-116.44287109375001
 30
0.0
  0
SPLINE
  5
4A2
330
17
100
AcDbEntity
  8
visible
100
AcDbSpline
 70
0
 71
2
 72
16
 73
13
 74
0
 40
0.0
 40
0.0
 40
0.0
 40
1.0
 40
1.0
 40
2.0000000000000506
 40
2.0000000000000506
 40
3.1507936507937133
 40
3.1507936507937133
 40
4.301587301587438
 40
4.301587301587438
 40
5.452380952381163
 40
5.452380952381163
 40
6.385932944606712
 40
6.385932944606712
 40
6.385932944606712
 10
75.27246103750002
 20
-117.01741536458334
 30
0.0
 10
75.22200530833334
 20
-117.06217447916664
 30
0.0
 10
75.12434905833334
 20
-117.10164388020834
 30
0.0
 10
75.02669280833334
 20
-117.14111328125
 30
0.0
 10
74.92415374583334
 20
-117.14111328125
 30
0.0
 10
74.80615244375
 20
-117.14111328125
 30
0.0
 10
74.70117197500004
 20
-117.08902994791667
 30
0.0
 10
74.59619150625
 20
-117.03694661458334
 30
0.0
 10
74.54125986562501
 20
-116.92952473958333
 30
0.0
 10
74.486328225
 20
-116.82210286458334
 30
0.0
 10
74.48632822500001
 20
-116.66259765625
 30
0.0
 10
74.48632822500001
 20
-116.533203125
 30
0.0
 10
74.53190114166668
 20
-116.42252604166667
 30
0.0
  0
LINE
  5
4A3
330
17
100
AcDbEntity
  8
visible
100
AcDbLine
 10
75.27246103750001
 20
-116.79524739583333
 30
0.0
 11
75.27246103750001
 21
-117.01741536458333
 31
0.0
  0
LINE
  5
4A4
330
17
100
AcDbEntity
  8
visible
100
AcDbLine
 10
76.12125661041667
 20
-117.26318359375
 30
0.0
 11
76.27262379791667
 21
-117.26318359375
 31
0.0
  0
LINE
  5
4A5
330
17
100
AcDbEntity
  8
visible
100
AcDbLine
 10
76.12125661041667
 20
-116.07014973958333
 30
0.0
 11
76.12125661041667
 21
-117.26318359375
 31
0.0
  0
LINE
  5
4A6
330
17
100
AcDbEntity
  8
visible
100
AcDbLine
 10
76.283203225
 20
-116.07014973958333
 30
0.0
 11
76.12125661041667
 21
-116.07014973958333
 31
0.0
  0
LINE
  5
4A7
330
17
100
AcDbEntity
  8
visible
100
AcDbLine
 10
76.90983082916667
 20
-117.0068359375
 30
0.0
 11
76.283203225
 21
-116.07014973958333
 31
0.0
  0
LINE
  5
4A8
330
17
100
AcDbEntity
  8
visible
100
AcDbLine
 10
76.90983082916667
 20
-116.07014973958333
 30
0.0
 11
76.90983082916667
 21
-117.0068359375
 31
0.0
  0
LINE
  5
4A9
330
17
100
AcDbEntity
  8
visible
100
AcDbLine
 10
77.06119801666667
 20
-116.07014973958333
 30
0.0
 11
76.90983082916667
 21
-116.07014973958333
 31
0.0
  0
LINE
  5
4AA
330
17
100
AcDbEntity
  8
visible
100
AcDbLine
 10
77.06119801666667
 20
-117.26318359375
 30
0.0
 11
77.06119801666667
 21
-116.07014973958333
 31
0.0
  0
LINE
  5
4AB
330
17
100
AcDbEntity
  8
visible
100
AcDbLine
 10
76.89925140208334
 20
-117.26318359375
 30
0.0
 11
77.06119801666667
 21
-117.26318359375
 31
0.0
  0
LINE
  5
4AC
330
17
100
AcDbEntity
  8
visible
100
AcDbLine
 10
76.27262379791667
 20
-116.32568359375
 30
0.0
 11
76.89925140208334
 21
-117.26318359375
 31
0.0
  0
LINE
  5
4AD
330
17
100
AcDbEntity
  8
visible
100
AcDbLine
 10
76.27262379791667
 20
-117.26318359375
 30
0.0
 11
76.27262379791667
 21
-116.32568359375
 31
0.0
  0
LINE
  5
4AE
330
17
100
AcDbEntity
  8
visible
100
AcDbLine
 10
78.1093751
 20
-116.07014973958333
 30
0.0
 11
78.1093751
 21
-116.75862630208333
 31
0.0
  0
LINE
  5
4AF
330
17
100
AcDbEntity
  8
visible
100
AcDbLine
 10
78.26725270416667
 20
-116.07014973958333
 30
0.0
 11
78.1093751
 21
-116.07014973958333
 31
0.0
  0
LINE
  5
4B0
330
17
100
AcDbEntity
  8
visible
100
AcDbLine
 10
78.26725270416667
 20
-116.75944010416667
 30
0.0
 11
78.26725270416667
 21
-116.07014973958333
 31
0.0
  0
SPLINE
  5
4B1
330
17
100
AcDbEntity
  8
visible
100
AcDbSpline
 70
0
 71
3
 72
17
 73
13
 74
0
 40
0.0
 40
0.0
 40
0.0
 40
0.0
 40
1.0
 40
1.0
 40
1.0
 40
2.9999999999997122
 40
2.9999999999997122
 40
2.9999999999997122
 40
5.058252427183779
 40
5.058252427183779
 40
5.058252427183779
 40
6.087378640776011
 40
6.087378640776011
 40
6.087378640776011
 40
6.087378640776011
 10
77.32893890208334
 20
-116.75944010416667
 30
0.0
 10
77.32893890208332
 20
-116.88585069444443
 30
0.0
 10
77.34412987430557
 20
-116.98554144965277
 30
0.0
 10
77.37451181875
 20
-117.05851236979166
 30
0.0
 10
77.43527570763888
 20
-117.20648871527773
 30
0.0
 10
77.57741980486111
 20
-117.281494140625
 30
0.0
 10
77.80094411041667
 20
-117.28352864583333
 30
0.0
 10
78.03106360959666
 20
-117.2863262854403
 30
0.0
 10
78.17222435081997
 20
-117.18334602358746
 30
0.0
 10
78.22656260000001
 20
-117.04508463541667
 30
0.0
 10
78.2536893361111
 20
-116.97455512152774
 30
0.0
 10
78.26725270416665
 20
-116.87934027777784
 30
0.0
 10
78.26725270416668
 20
-116.75944010416667
 30
0.0
  0
LINE
  5
4B2
330
17
100
AcDbEntity
  8
visible
100
AcDbLine
 10
77.32893890208334
 20
-116.07014973958333
 30
0.0
 11
77.32893890208334
 21
-116.75944010416667
 31
0.0
  0
LINE
  5
4B3
330
17
100
AcDbEntity
  8
visible
100
AcDbLine
 10
77.48681650625
 20
-116.07014973958333
 30
0.0
 11
77.32893890208334
 21
-116.07014973958333
 31
0.0
  0
LINE
  5
4B4
330
17
100
AcDbEntity
  8
visible
100
AcDbLine
 10
77.48681650625
 20
-116.75862630208333
 30
0.0
 11
77.48681650625
 21
-116.07014973958333
 31
0.0
  0
SPLINE
  5
4B5
330
17
100
AcDbEntity
  8
visible
100
AcDbSpline
 70
0
 71
3
 72
17
 73
13
 74
0
 40
0.0
 40
0.0
 40
0.0
 40
0.0
 40
1.0
 40
1.0
 40
1.0
 40
1.9999999999999043
 40
1.9999999999999043
 40
1.9999999999999043
 40
3.1682242990650025
 40
3.1682242990650025
 40
3.1682242990650025
 40
3.752336448597668
 40
3.752336448597668
 40
3.752336448597668
 40
3.752336448597668
 10
78.1093751
 20
-116.75862630208333
 30
0.0
 10
78.10937509999991
 20
-116.90836588541659
 30
0.0
 10
78.08468977013891
 20
-117.00954861111111
 30
0.0
 10
78.03531911041668
 20
-117.06217447916667
 30
0.0
 10
77.98594845069448
 20
-117.1148003472223
 30
0.0
 10
77.90321190555555
 20
-117.14111328124996
 30
0.0
 10
77.787109475
 20
-117.14111328125
 30
0.0
 10
77.65253550641677
 20
-117.14174910843336
 30
0.0
 10
77.55316673351376
 20
-117.0852745460805
 30
0.0
 10
77.51570648020834
 20
-116.98771158854167
 30
0.0
 10
77.49644649756944
 20
-116.93861219618054
 30
0.0
 10
77.48681650625004
 20
-116.8622504340278
 30
0.0
 10
77.48681650625
 20
-116.75862630208333
 30
0.0
  0
LINE
  5
4B6
330
17
100
AcDbEntity
  8
visible
100
AcDbLine
 10
78.52522796458334
 20
-117.26318359375
 30
0.0
 11
78.67740895416667
 21
-117.26318359375
 31
0.0
  0
LINE
  5
4B7
330
17
100
AcDbEntity
  8
visible
100
AcDbLine
 10
78.52522796458334
 20
-116.07014973958333
 30
0.0
 11
78.52522796458334
 21
-117.26318359375
 31
0.0
  0
LINE
  5
4B8
330
17
100
AcDbEntity
  8
visible
100
AcDbLine
 10
78.76285817291667
 20
-116.07014973958333
 30
0.0
 11
78.52522796458334
 21
-116.07014973958333
 31
0.0
  0
LINE
  5
4B9
330
17
100
AcDbEntity
  8
visible
100
AcDbLine
 10
79.04524749583334
 20
-116.91487630208333
 30
0.0
 11
78.76285817291667
 21
-116.07014973958333
 31
0.0
  0
SPLINE
  5
4BA
330
17
100
AcDbEntity
  8
visible
100
AcDbSpline
 70
0
 71
2
 72
6
 73
3
 74
0
 40
0.0
 40
0.0
 40
0.0
 40
1.0
 40
1.0
 40
1.0
 10
79.04524749583334
 20
-116.91487630208333
 30
0.0
 10
79.08430999583334
 20
-117.03287760416667
 30
0.0
 10
79.10221364166667
 20
-117.09147135416667
 30
0.0
  0
SPLINE
  5
4BB
330
17
100
AcDbEntity
  8
visible
100
AcDbSpline
 70
0
 71
2
 72
6
 73
3
 74
0
 40
0.0
 40
0.0
 40
0.0
 40
1.0
 40
1.0
 40
1.0
 10
79.10221364166667
 20
-117.09147135416667
 30
0.0
 10
79.12255869375
 20
-117.0263671875
 30
0.0
 10
79.16569020416667
 20
-116.90022786458333
 30
0.0
  0
LINE
  5
4BC
330
17
100
AcDbEntity
  8
visible
100
AcDbLine
 10
79.45133473541667
 20
-116.07014973958333
 30
0.0
 11
79.16569020416667
 21
-116.90022786458333
 31
0.0
  0
LINE
  5
4BD
330
17
100
AcDbEntity
  8
visible
100
AcDbLine
 10
79.66373707916667
 20
-116.07014973958333
 30
0.0
 11
79.45133473541667
 21
-116.07014973958333
 31
0.0
  0
LINE
  5
4BE
330
17
100
AcDbEntity
  8
visible
100
AcDbLine
 10
79.66373707916667
 20
-117.26318359375
 30
0.0
 11
79.66373707916667
 21
-116.07014973958333
 31
0.0
  0
LINE
  5
4BF
330
17
100
AcDbEntity
  8
visible
100
AcDbLine
 10
79.51155608958334
 20
-117.26318359375
 30
0.0
 11
79.66373707916667
 21
-117.26318359375
 31
0.0
  0
LINE
  5
4C0
330
17
100
AcDbEntity
  8
visible
100
AcDbLine
 10
79.51155608958334
 20
-116.2646484375
 30
0.0
 11
79.51155608958334
 21
-117.26318359375
 31
0.0
  0
LINE
  5
4C1
330
17
100
AcDbEntity
  8
visible
100
AcDbLine
 10
79.16487640208334
 20
-117.26318359375
 30
0.0
 11
79.51155608958334
 21
-116.2646484375
 31
0.0
  0
LINE
  5
4C2
330
17
100
AcDbEntity
  8
visible
100
AcDbLine
 10
79.0224610375
 20
-117.26318359375
 30
0.0
 11
79.16487640208334
 21
-117.26318359375
 31
0.0
  0
LINE
  5
4C3
330
17
100
AcDbEntity
  8
visible
100
AcDbLine
 10
78.67740895416667
 20
-116.24755859375
 30
0.0
 11
79.0224610375
 21
-117.26318359375
 31
0.0
  0
LINE
  5
4C4
330
17
100
AcDbEntity
  8
visible
100
AcDbLine
 10
78.67740895416667
 20
-117.26318359375
 30
0.0
 11
78.67740895416667
 21
-116.24755859375
 31
0.0
  0
LINE
  5
4C5
330
17
100
AcDbEntity
  8
visible
100
AcDbLine
 10
79.91194671458334
 20
-117.26318359375
 30
0.0
 11
80.36686207916667
 21
-117.26318359375
 31
0.0
  0
LINE
  5
4C6
330
17
100
AcDbEntity
  8
visible
100
AcDbLine
 10
79.91194671458334
 20
-116.07014973958333
 30
0.0
 11
79.91194671458334
 21
-117.26318359375
 31
0.0
  0
LINE
  5
4C7
330
17
100
AcDbEntity
  8
visible
100
AcDbLine
 10
80.35953786041667
 20
-116.07014973958333
 30
0.0
 11
79.91194671458334
 21
-116.07014973958333
 31
0.0
  0
SPLINE
  5
4C8
330
17
100
AcDbEntity
  8
visible
100
AcDbSpline
 70
0
 71
3
 72
14
 73
10
 74
0
 40
0.0
 40
0.0
 40
0.0
 40
0.0
 40
1.9999999999998475
 40
1.9999999999998475
 40
1.9999999999998475
 40
3.0744680851058095
 40
3.0744680851058095
 40
3.0744680851058095
 40
5.2234042553178455
 40
5.2234042553178455
 40
5.2234042553178455
 40
5.2234042553178455
 10
80.58821624583334
 20
-116.62841796875
 30
0.0
 10
80.70006317556883
 20
-116.5748597431969
 30
0.0
 10
80.75496089595892
 20
-116.47554173249755
 30
0.0
 10
80.75504567291667
 20
-116.37532552083333
 30
0.0
 10
80.75504567291661
 20
-116.32052951388883
 30
0.0
 10
80.73944779965281
 20
-116.2680392795139
 30
0.0
 10
80.70825205312501
 20
-116.21785481770834
 30
0.0
 10
80.64395307851917
 20
-116.11718917474491
 30
0.0
 10
80.54373700863353
 20
-116.07044645893558
 30
0.0
 10
80.35953786041667
 20
-116.07014973958334
 30
0.0
  0
SPLINE
  5
4C9
330
17
100
AcDbEntity
  8
visible
100
AcDbSpline
 70
0
 71
3
 72
20
 73
16
 74
0
 40
0.0
 40
0.0
 40
0.0
 40
0.0
 40
1.0
 40
1.0
 40
1.0
 40
2.9999999999993987
 40
2.9999999999993987
 40
2.9999999999993987
 40
3.9999999999990106
 40
3.9999999999990106
 40
3.9999999999990106
 40
5.242718446600216
 40
5.242718446600216
 40
5.242718446600216
 40
6.4854368932013875
 40
6.4854368932013875
 40
6.4854368932013875
 40
6.4854368932013875
 10
80.36686207916667
 20
-117.26318359375
 30
0.0
 10
80.44281694027774
 20
-117.26318359374996
 30
0.0
 10
80.5069716711806
 20
-117.25653754340279
 30
0.0
 10
80.55932627187501
 20
-117.24324544270833
 30
0.0
 10
80.66505279675725
 20
-117.21522003303703
 30
0.0
 10
80.7292073858816
 20
-117.1706306614074
 30
0.0
 10
80.77742523020834
 20
-117.07316080729166
 30
0.0
 10
80.80102549062504
 20
-117.02514648437507
 30
0.0
 10
80.81282562083334
 20
-116.97319878472217
 30
0.0
 10
80.81282562083334
 20
-116.91731770833334
 30
0.0
 10
80.81282562083328
 20
-116.84787326388883
 30
0.0
 10
80.79343000451394
 20
-116.78765190972227
 30
0.0
 10
80.754638771875
 20
-116.73665364583334
 30
0.0
 10
80.71584753923607
 20
-116.68565538194437
 30
0.0
 10
80.66037336388892
 20
-116.6495768229167
 30
0.0
 10
80.58821624583335
 20
-116.62841796875001
 30
0.0
  0
LINE
  5
4CA
330
17
100
AcDbEntity
  8
visible
100
AcDbLine
 10
80.06982431875001
 20
-116.57145182291667
 30
0.0
 11
80.06982431875001
 21
-116.2109375
 31
0.0
  0
LINE
  5
4CB
330
17
100
AcDbEntity
  8
visible
100
AcDbLine
 10
80.32779957916667
 20
-116.57145182291667
 30
0.0
 11
80.06982431875001
 21
-116.57145182291667
 31
0.0
  0
SPLINE
  5
4CC
330
17
100
AcDbEntity
  8
visible
100
AcDbSpline
 70
0
 71
2
 72
6
 73
3
 74
0
 40
0.0
 40
0.0
 40
0.0
 40
1.0
 40
1.0
 40
1.0
 10
80.32779957916667
 20
-116.57145182291667
 30
0.0
 10
80.43278004791667
 20
-116.57145182291667
 30
0.0
 10
80.47835296458334
 20
-116.5576171875
 30
0.0
  0
SPLINE
  5
4CD
330
17
100
AcDbEntity
  8
visible
100
AcDbSpline
 70
0
 71
3
 72
14
 73
10
 74
0
 40
0.0
 40
0.0
 40
0.0
 40
0.0
 40
1.0
 40
1.0
 40
1.0
 40
2.9999999999996656
 40
2.9999999999996656
 40
2.9999999999996656
 40
5.10958904109553
 40
5.10958904109553
 40
5.10958904109553
 40
5.10958904109553
 10
80.30826832916667
 20
-116.2109375
 30
0.0
 10
80.39398881527777
 20
-116.21093749999994
 30
0.0
 10
80.45448143680557
 20
-116.21649848090286
 30
0.0
 10
80.48974619374998
 20
-116.22762044270831
 30
0.0
 10
80.55985182284994
 20
-116.24838076955818
 30
0.0
 10
80.60003335978897
 20
-116.31631649606685
 30
0.0
 10
80.599609475
 20
-116.39404296874999
 30
0.0
 10
80.59933820763894
 20
-116.47840711805557
 30
0.0
 10
80.55891937083334
 20
-116.53293185763887
 30
0.0
 10
80.47835296458334
 20
-116.5576171875
 30
0.0
  0
LINE
  5
4CE
330
17
100
AcDbEntity
  8
visible
100
AcDbLine
 10
80.06982431875001
 20
-116.2109375
 30
0.0
 11
80.30826832916667
 21
-116.2109375
 31
0.0
  0
LINE
  5
4CF
330
17
100
AcDbEntity
  8
visible
100
AcDbLine
 10
80.06982431875001
 20
-117.12239583333333
 30
0.0
 11
80.06982431875001
 21
-116.71223958333333
 31
0.0
  0
LINE
  5
4D0
330
17
100
AcDbEntity
  8
visible
100
AcDbLine
 10
80.36686207916667
 20
-117.12239583333333
 30
0.0
 11
80.06982431875001
 21
-117.12239583333333
 31
0.0
  0
SPLINE
  5
4D1
330
17
100
AcDbEntity
  8
visible
100
AcDbSpline
 70
0
 71
2
 72
6
 73
3
 74
0
 40
0.0
 40
0.0
 40
0.0
 40
1.0
 40
1.0
 40
1.0
 10
80.36686207916667
 20
-117.12239583333333
 30
0.0
 10
80.44335947500001
 20
-117.12239583333333
 30
0.0
 10
80.47428395416667
 20
-117.11669921875
 30
0.0
  0
SPLINE
  5
4D2
330
17
100
AcDbEntity
  8
visible
100
AcDbSpline
 70
0
 71
3
 72
17
 73
13
 74
0
 40
0.0
 40
0.0
 40
0.0
 40
0.0
 40
1.0
 40
1.0
 40
1.0
 40
2.9999999999997717
 40
2.9999999999997717
 40
2.9999999999997717
 40
3.8536585365853258
 40
3.8536585365853258
 40
3.8536585365853258
 40
5.560975609756053
 40
5.560975609756053
 40
5.560975609756053
 40
5.560975609756053
 10
80.345703225
 20
-116.71223958333333
 30
0.0
 10
80.4216580861111
 20
-116.71223958333327
 30
0.0
 10
80.47984493506947
 20
-116.71888563368057
 30
0.0
 10
80.520263771875
 20
-116.73217773437499
 30
0.0
 10
80.60029606438714
 20
-116.75753266987597
 30
0.0
 10
80.65005678318228
 20
-116.82957127977676
 30
0.0
 10
80.64925140208335
 20
-116.91731770833334
 30
0.0
 10
80.64925140208328
 20
-116.95529513888884
 30
0.0
 10
80.64138464861111
 20
-116.98879665798614
 30
0.0
 10
80.6256511416667
 20
-117.017822265625
 30
0.0
 10
80.59367546603099
 20
-117.07667886200169
 30
0.0
 10
80.54749226869122
 20
-117.10287300431769
 30
0.0
 10
80.47428395416668
 20
-117.11669921875
 30
0.0
  0
LINE
  5
4D3
330
17
100
AcDbEntity
  8
visible
100
AcDbLine
 10
80.06982431875001
 20
-116.71223958333333
 30
0.0
 11
80.34570322500001
 21
-116.71223958333333
 31
0.0
  0
LINE
  5
4D4
330
17
100
AcDbEntity
  8
visible
100
AcDbLine
 10
81.03336598541667
 20
-117.26318359375
 30
0.0
 11
81.92366546458334
 21
-117.26318359375
 31
0.0
  0
LINE
  5
4D5
330
17
100
AcDbEntity
  8
visible
100
AcDbLine
 10
81.03336598541667
 20
-116.07014973958333
 30
0.0
 11
81.03336598541667
 21
-117.26318359375
 31
0.0
  0
LINE
  5
4D6
330
17
100
AcDbEntity
  8
visible
100
AcDbLine
 10
81.89599619375
 20
-116.07014973958333
 30
0.0
 11
81.03336598541667
 21
-116.07014973958333
 31
0.0
  0
LINE
  5
4D7
330
17
100
AcDbEntity
  8
visible
100
AcDbLine
 10
81.89599619375
 20
-116.2109375
 30
0.0
 11
81.89599619375
 21
-116.07014973958333
 31
0.0
  0
LINE
  5
4D8
330
17
100
AcDbEntity
  8
visible
100
AcDbLine
 10
81.19124358958334
 20
-116.2109375
 30
0.0
 11
81.89599619375
 21
-116.2109375
 31
0.0
  0
LINE
  5
4D9
330
17
100
AcDbEntity
  8
visible
100
AcDbLine
 10
81.19124358958334
 20
-116.57633463541667
 30
0.0
 11
81.19124358958334
 21
-116.2109375
 31
0.0
  0
LINE
  5
4DA
330
17
100
AcDbEntity
  8
visible
100
AcDbLine
 10
81.85123707916667
 20
-116.57633463541667
 30
0.0
 11
81.19124358958334
 21
-116.57633463541667
 31
0.0
  0
LINE
  5
4DB
330
17
100
AcDbEntity
  8
visible
100
AcDbLine
 10
81.85123707916667
 20
-116.71630859375
 30
0.0
 11
81.85123707916667
 21
-116.57633463541667
 31
0.0
  0
LINE
  5
4DC
330
17
100
AcDbEntity
  8
visible
100
AcDbLine
 10
81.19124358958334
 20
-116.71630859375
 30
0.0
 11
81.85123707916667
 21
-116.71630859375
 31
0.0
  0
LINE
  5
4DD
330
17
100
AcDbEntity
  8
visible
100
AcDbLine
 10
81.19124358958334
 20
-117.12239583333333
 30
0.0
 11
81.19124358958334
 21
-116.71630859375
 31
0.0
  0
LINE
  5
4DE
330
17
100
AcDbEntity
  8
visible
100
AcDbLine
 10
81.92366546458334
 20
-117.12239583333333
 30
0.0
 11
81.19124358958334
 21
-117.12239583333333
 31
0.0
  0
LINE
  5
4DF
330
17
100
AcDbEntity
  8
visible
100
AcDbLine
 10
81.92366546458334
 20
-117.26318359375
 30
0.0
 11
81.92366546458334
 21
-117.12239583333333
 31
0.0
  0
LINE
  5
4E0
330
17
100
AcDbEntity
  8
visible
100
AcDbLine
 10
82.14420582916668
 20
-117.26318359375
 30
0.0
 11
82.30208343333334
 21
-117.26318359375
 31
0.0
  0
LINE
  5
4E1
330
17
100
AcDbEntity
  8
visible
100
AcDbLine
 10
82.14420582916668
 20
-116.07014973958333
 30
0.0
 11
82.14420582916668
 21
-117.26318359375
 31
0.0
  0
LINE
  5
4E2
330
17
100
AcDbEntity
  8
visible
100
AcDbLine
 10
82.67317718333334
 20
-116.07014973958333
 30
0.0
 11
82.14420582916668
 21
-116.07014973958333
 31
0.0
  0
SPLINE
  5
4E3
330
17
100
AcDbEntity
  8
visible
100
AcDbSpline
 70
0
 71
3
 72
17
 73
13
 74
0
 40
0.0
 40
0.0
 40
0.0
 40
0.0
 40
1.9999999999998324
 40
1.9999999999998324
 40
1.9999999999998324
 40
2.7756410256408026
 40
2.7756410256408026
 40
2.7756410256408026
 40
3.551282051281773
 40
3.551282051281773
 40
3.551282051281773
 40
4.326923076922744
 40
4.326923076922744
 40
4.326923076922744
 40
4.326923076922744
 10
82.76188161041668
 20
-116.72037760416666
 30
0.0
 10
82.99159425581448
 20
-116.69136912205357
 30
0.0
 10
83.09721887821325
 20
-116.56248287447423
 30
0.0
 10
83.09798187083335
 20
-116.39567057291666
 30
0.0
 10
83.09798187083327
 20
-116.33002387152769
 30
0.0
 10
83.08143456180564
 20
-116.27007378472229
 30
0.0
 10
83.04833994375
 20
-116.2158203125
 30
0.0
 10
83.01524532569445
 20
-116.16156684027777
 30
0.0
 10
82.97102874583338
 20
-116.12372504340277
 30
0.0
 10
82.91569020416664
 20
-116.10229492187497
 30
0.0
 10
82.8603516625
 20
-116.08086480034717
 30
0.0
 10
82.7795139888889
 20
-116.07014973958336
 30
0.0
 10
82.67317718333334
 20
-116.07014973958333
 30
0.0
  0
SPLINE
  5
4E4
330
17
100
AcDbEntity
  8
visible
100
AcDbSpline
 70
0
 71
2
 72
6
 73
3
 74
0
 40
0.0
 40
0.0
 40
0.0
 40
1.0
 40
1.0
 40
1.0
 10
82.76188161041668
 20
-116.72037760416667
 30
0.0
 10
82.82454437083334
 20
-116.75048828125
 30
0.0
 10
82.85709645416668
 20
-116.77978515625
 30
0.0
  0
SPLINE
  5
4E5
330
17
100
AcDbEntity
  8
visible
100
AcDbSpline
 70
0
 71
2
 72
6
 73
3
 74
0
 40
0.0
 40
0.0
 40
0.0
 40
1.0
 40
1.0
 40
1.0
 10
82.85709645416668
 20
-116.77978515625
 30
0.0
 10
82.92626963125001
 20
-116.84326171875
 30
0.0
 10
82.98811858958334
 20
-116.9384765625
 30
0.0
  0
LINE
  5
4E6
330
17
100
AcDbEntity
  8
visible
100
AcDbLine
 10
83.19563812083334
 20
-117.26318359375
 30
0.0
 11
82.98811858958334
 21
-116.9384765625
 31
0.0
  0
LINE
  5
4E7
330
17
100
AcDbEntity
  8
visible
100
AcDbLine
 10
82.99707041250001
 20
-117.26318359375
 30
0.0
 11
83.19563812083334
 21
-117.26318359375
 31
0.0
  0
LINE
  5
4E8
330
17
100
AcDbEntity
  8
visible
100
AcDbLine
 10
82.83919280833334
 20
-117.01497395833333
 30
0.0
 11
82.99707041250001
 21
-117.26318359375
 31
0.0
  0
SPLINE
  5
4E9
330
17
100
AcDbEntity
  8
visible
100
AcDbSpline
 70
0
 71
3
 72
11
 73
7
 74
0
 40
0.0
 40
0.0
 40
0.0
 40
0.0
 40
2.000000000000183
 40
2.000000000000183
 40
2.000000000000183
 40
3.0000000000002447
 40
3.0000000000002447
 40
3.0000000000002447
 40
3.0000000000002447
 10
82.57307952708334
 20
-116.73909505208333
 30
0.0
 10
82.62300975253454
 20
-116.75315023991683
 30
0.0
 10
82.66447959677099
 20
-116.77251165244425
 30
0.0
 10
82.72526051666668
 20
-116.8505859375
 30
0.0
 10
82.75509992638888
 20
-116.88856336805551
 30
0.0
 10
82.79307735694448
 20
-116.943359375
 30
0.0
 10
82.83919280833334
 20
-117.01497395833333
 30
0.0
  0
SPLINE
  5
4EA
330
17
100
AcDbEntity
  8
visible
100
AcDbSpline
 70
0
 71
2
 72
6
 73
3
 74
0
 40
0.0
 40
0.0
 40
0.0
 40
1.0
 40
1.0
 40
1.0
 10
82.57307952708334
 20
-116.73909505208333
 30
0.0
 10
82.54622405833334
 20
-116.7333984375
 30
0.0
 10
82.48518890208334
 20
-116.7333984375
 30
0.0
  0
LINE
  5
4EB
330
17
100
AcDbEntity
  8
visible
100
AcDbLine
 10
82.30208343333334
 20
-116.7333984375
 30
0.0
 11
82.48518890208334
 21
-116.7333984375
 31
0.0
  0
LINE
  5
4EC
330
17
100
AcDbEntity
  8
visible
100
AcDbLine
 10
82.30208343333334
 20
-117.26318359375
 30
0.0
 11
82.30208343333334
 21
-116.7333984375
 31
0.0
  0
LINE
  5
4ED
330
17
100
AcDbEntity
  8
visible
100
AcDbLine
 10
82.30208343333334
 20
-116.5966796875
 30
0.0
 11
82.30208343333334
 21
-116.20198567708333
 31
0.0
  0
LINE
  5
4EE
330
17
100
AcDbEntity
  8
visible
100
AcDbLine
 10
82.64143890208334
 20
-116.5966796875
 30
0.0
 11
82.30208343333334
 21
-116.5966796875
 31
0.0
  0
SPLINE
  5
4EF
330
17
100
AcDbEntity
  8
visible
100
AcDbSpline
 70
0
 71
3
 72
14
 73
10
 74
0
 40
0.0
 40
0.0
 40
0.0
 40
0.0
 40
1.9999999999998852
 40
1.9999999999998852
 40
1.9999999999998852
 40
3.365384615384043
 40
3.365384615384043
 40
3.365384615384043
 40
4.048076923076173
 40
4.048076923076173
 40
4.048076923076173
 40
4.048076923076173
 10
82.67968760000001
 20
-116.20198567708334
 30
0.0
 10
82.85757124293787
 20
-116.19944236834965
 30
0.0
 10
82.93420413067325
 20
-116.28536665942812
 30
0.0
 10
82.93522145416667
 20
-116.39567057291666
 30
0.0
 10
82.93547578504013
 20
-116.47080302192215
 30
0.0
 10
82.89183561287659
 20
-116.5463682020362
 30
0.0
 10
82.81070973541668
 20
-116.57430013020834
 30
0.0
 10
82.77001963124994
 20
-116.58921983506936
 30
0.0
 10
82.71359602013895
 20
-116.59667968749999
 30
0.0
 10
82.64143890208334
 20
-116.5966796875
 30
0.0
  0
LINE
  5
4F0
330
17
100
AcDbEntity
  8
visible
100
AcDbLine
 10
82.30208343333334
 20
-116.20198567708333
 30
0.0
 11
82.67968760000001
 21
-116.20198567708333
 31
0.0
  0
LINE
  5
4F1
330
17
100
AcDbEntity
  8
visible
100
AcDbLine
 10
83.36735036041668
 20
-117.26318359375
 30
0.0
 11
83.53417978750001
 21
-117.26318359375
 31
0.0
  0
LINE
  5
4F2
330
17
100
AcDbEntity
  8
visible
100
AcDbLine
 10
83.36735036041668
 20
-117.09635416666667
 30
0.0
 11
83.36735036041668
 21
-117.26318359375
 31
0.0
  0
LINE
  5
4F3
330
17
100
AcDbEntity
  8
visible
100
AcDbLine
 10
83.53417978750001
 20
-117.09635416666667
 30
0.0
 11
83.36735036041668
 21
-117.09635416666667
 31
0.0
  0
LINE
  5
4F4
330
17
100
AcDbEntity
  8
visible
100
AcDbLine
 10
83.53417978750001
 20
-117.26318359375
 30
0.0
 11
83.53417978750001
 21
-117.09635416666667
 31
0.0
  0
LINE
  5
4F5
330
17
100
AcDbEntity
  8
visible
100
AcDbLine
 10
83.36735036041668
 20
-116.56575520833333
 30
0.0
 11
83.53417978750001
 21
-116.56575520833333
 31
0.0
  0
LINE
  5
4F6
330
17
100
AcDbEntity
  8
visible
100
AcDbLine
 10
83.36735036041668
 20
-116.39892578125
 30
0.0
 11
83.36735036041668
 21
-116.56575520833333
 31
0.0
  0
LINE
  5
4F7
330
17
100
AcDbEntity
  8
visible
100
AcDbLine
 10
83.53417978750001
 20
-116.39892578125
 30
0.0
 11
83.36735036041668
 21
-116.39892578125
 31
0.0
  0
LINE
  5
4F8
330
17
100
AcDbEntity
  8
visible
100
AcDbLine
 10
83.53417978750001
 20
-116.56575520833333
 30
0.0
 11
83.53417978750001
 21
-116.39892578125
 31
0.0
  0
LINE
  5
4F9
330
17
100
AcDbEntity
  8
visible
100
AcDbLine
 10
67.66666676666667
 20
-128.44000927309028
 30
0.0
 11
67.89493825104167
 21
-128.44000927309028
 31
0.0
  0
LINE
  5
4FA
330
17
100
AcDbEntity
  8
visible
100
AcDbLine
 10
67.66666676666667
 20
-126.65045849184028
 30
0.0
 11
67.66666676666667
 21
-128.44000927309028
 31
0.0
  0
LINE
  5
4FB
330
17
100
AcDbEntity
  8
visible
100
AcDbLine
 10
68.02311207916667
 20
-126.65045849184028
 30
0.0
 11
67.66666676666667
 21
-126.65045849184028
 31
0.0
  0
LINE
  5
4FC
330
17
100
AcDbEntity
  8
visible
100
AcDbLine
 10
68.44669606354167
 20
-127.91754833559028
 30
0.0
 11
68.02311207916667
 21
-126.65045849184028
 31
0.0
  0
SPLINE
  5
4FD
330
17
100
AcDbEntity
  8
visible
100
AcDbSpline
 70
0
 71
2
 72
6
 73
3
 74
0
 40
0.0
 40
0.0
 40
0.0
 40
1.0
 40
1.0
 40
1.0
 10
68.44669606354167
 20
-127.91754833559028
 30
0.0
 10
68.50528981354167
 20
-128.09455028871528
 30
0.0
 10
68.53214528229167
 20
-128.18244091371528
 30
0.0
  0
SPLINE
  5
4FE
330
17
100
AcDbEntity
  8
visible
100
AcDbSpline
 70
0
 71
2
 72
6
 73
3
 74
0
 40
0.0
 40
0.0
 40
0.0
 40
1.0
 40
1.0
 40
1.0
 10
68.53214528229167
 20
-128.18244091371528
 30
0.0
 10
68.56266286041667
 20
-128.08478466371528
 30
0.0
 10
68.62736012604167
 20
-127.89557567934028
 30
0.0
  0
LINE
  5
4FF
330
17
100
AcDbEntity
  8
visible
100
AcDbLine
 10
69.05582692291667
 20
-126.65045849184028
 30
0.0
 11
68.62736012604167
 21
-127.89557567934028
 31
0.0
  0
LINE
  5
500
330
17
100
AcDbEntity
  8
visible
100
AcDbLine
 10
69.37443043854167
 20
-126.65045849184028
 30
0.0
 11
69.05582692291667
 21
-126.65045849184028
 31
0.0
  0
LINE
  5
501
330
17
100
AcDbEntity
  8
visible
100
AcDbLine
 10
69.37443043854167
 20
-128.44000927309028
 30
0.0
 11
69.37443043854167
 21
-126.65045849184028
 31
0.0
  0
LINE
  5
502
330
17
100
AcDbEntity
  8
visible
100
AcDbLine
 10
69.14615895416667
 20
-128.44000927309028
 30
0.0
 11
69.37443043854167
 21
-128.44000927309028
 31
0.0
  0
LINE
  5
503
330
17
100
AcDbEntity
  8
visible
100
AcDbLine
 10
69.14615895416667
 20
-126.94220653871528
 30
0.0
 11
69.14615895416667
 21
-128.44000927309028
 31
0.0
  0
LINE
  5
504
330
17
100
AcDbEntity
  8
visible
100
AcDbLine
 10
68.62613942291667
 20
-128.44000927309028
 30
0.0
 11
69.14615895416667
 21
-126.94220653871528
 31
0.0
  0
LINE
  5
505
330
17
100
AcDbEntity
  8
visible
100
AcDbLine
 10
68.41251637604167
 20
-128.44000927309028
 30
0.0
 11
68.62613942291667
 21
-128.44000927309028
 31
0.0
  0
LINE
  5
506
330
17
100
AcDbEntity
  8
visible
100
AcDbLine
 10
67.89493825104167
 20
-126.91657177309028
 30
0.0
 11
68.41251637604167
 21
-128.44000927309028
 31
0.0
  0
LINE
  5
507
330
17
100
AcDbEntity
  8
visible
100
AcDbLine
 10
67.89493825104167
 20
-128.44000927309028
 30
0.0
 11
67.89493825104167
 21
-126.91657177309028
 31
0.0
  0
SPLINE
  5
508
330
17
100
AcDbEntity
  8
visible
100
AcDbSpline
 70
0
 71
2
 72
26
 73
23
 74
0
 40
0.0
 40
0.0
 40
0.0
 40
1.0
 40
1.0
 40
2.0
 40
2.0
 40
3.0
 40
3.0
 40
3.9227053140096615
 40
3.9227053140096615
 40
4.845410628019323
 40
4.845410628019323
 40
5.7681159420289845
 40
5.7681159420289845
 40
6.678408180065421
 40
6.678408180065421
 40
7.588700418101858
 40
7.588700418101858
 40
8.498992656138295
 40
8.498992656138295
 40
9.889094103386057
 40
9.889094103386057
 40
11.279195550633819
 40
11.279195550633819
 40
11.279195550633819
 10
69.68448903229167
 20
-127.56842724184028
 30
0.0
 10
69.68448903229168
 20
-127.8040229449653
 30
0.0
 10
69.78702809479167
 20
-128.01520458559028
 30
0.0
 10
69.88956715729168
 20
-128.2263862262153
 30
0.0
 10
70.08854176666667
 20
-128.34845653871528
 30
0.0
 10
70.28751637604168
 20
-128.4705268512153
 30
0.0
 10
70.54020192291667
 20
-128.47052685121528
 30
0.0
 10
70.77335621979168
 20
-128.4705268512153
 30
0.0
 10
70.97477223541667
 20
-128.36005321840278
 30
0.0
 10
71.17618825104168
 20
-128.2495795855903
 30
0.0
 10
71.28605153229165
 20
-128.03473583559028
 30
0.0
 10
71.39591481354168
 20
-127.8198920855903
 30
0.0
 10
71.39591481354164
 20
-127.54767528871528
 30
0.0
 10
71.39591481354168
 20
-127.2791206012153
 30
0.0
 10
71.29154469635417
 20
-127.06732860902778
 30
0.0
 10
71.18717457916668
 20
-126.8555366168403
 30
0.0
 10
70.98819996979167
 20
-126.73712841371528
 30
0.0
 10
70.78922536041668
 20
-126.6187202105903
 30
0.0
 10
70.54142262604167
 20
-126.61872021059028
 30
0.0
 10
70.16300465729168
 20
-126.6187202105903
 30
0.0
 10
69.92374684479167
 20
-126.87079540590278
 30
0.0
 10
69.68448903229168
 20
-127.1228706012153
 30
0.0
 10
69.68448903229167
 20
-127.56842724184028
 30
0.0
  0
SPLINE
  5
509
330
17
100
AcDbEntity
  8
visible
100
AcDbSpline
 70
0
 71
2
 72
22
 73
19
 74
0
 40
0.0
 40
0.0
 40
0.0
 40
1.0
 40
1.0
 40
2.0
 40
2.0
 40
2.703883495145631
 40
2.703883495145631
 40
3.407766990291262
 40
3.407766990291262
 40
4.111650485436893
 40
4.111650485436893
 40
5.224494223572165
 40
5.224494223572165
 40
6.337337961707437
 40
6.337337961707437
 40
7.4298557868174075
 40
7.4298557868174075
 40
8.522373611927378
 40
8.522373611927378
 40
8.522373611927378
 10
69.92862965729167
 20
-127.57208935121528
 30
0.0
 10
69.92862965729168
 20
-127.1680366168403
 30
0.0
 10
70.10990407135417
 20
-126.99530712465278
 30
0.0
 10
70.29117848541668
 20
-126.8225776324653
 30
0.0
 10
70.54264332916667
 20
-126.82257763246528
 30
0.0
 10
70.71964528229167
 20
-126.82257763246527
 30
0.0
 10
70.86185719635417
 20
-126.91229931215278
 30
0.0
 10
71.00406911041667
 20
-127.00202099184027
 30
0.0
 10
71.07792164947917
 20
-127.16498485902778
 30
0.0
 10
71.15177418854168
 20
-127.3279487262153
 30
0.0
 10
71.15177418854167
 20
-127.54645458559028
 30
0.0
 10
71.15177418854168
 20
-127.8919135699653
 30
0.0
 10
70.97904469635417
 20
-128.07990185121528
 30
0.0
 10
70.80631520416668
 20
-128.2678901324653
 30
0.0
 10
70.53898121979167
 20
-128.26789013246528
 30
0.0
 10
70.27653004791668
 20
-128.2678901324653
 30
0.0
 10
70.10257985260417
 20
-128.08173290590278
 30
0.0
 10
69.92862965729168
 20
-127.8955756793403
 30
0.0
 10
69.92862965729167
 20
-127.57208935121528
 30
0.0
  0
LINE
  5
50A
330
17
100
AcDbEntity
  8
visible
100
AcDbLine
 10
71.70475270416667
 20
-128.44000927309028
 30
0.0
 11
71.94156911041667
 21
-128.44000927309028
 31
0.0
  0
LINE
  5
50B
330
17
100
AcDbEntity
  8
visible
100
AcDbLine
 10
71.70475270416667
 20
-126.65045849184028
 30
0.0
 11
71.70475270416667
 21
-128.44000927309028
 31
0.0
  0
LINE
  5
50C
330
17
100
AcDbEntity
  8
visible
100
AcDbLine
 10
72.49820973541667
 20
-126.65045849184028
 30
0.0
 11
71.70475270416667
 21
-126.65045849184028
 31
0.0
  0
SPLINE
  5
50D
330
17
100
AcDbEntity
  8
visible
100
AcDbSpline
 70
0
 71
2
 72
14
 73
11
 74
0
 40
0.0
 40
0.0
 40
0.0
 40
1.0
 40
1.0
 40
2.0
 40
2.0
 40
2.7756410256410255
 40
2.7756410256410255
 40
3.551282051282051
 40
3.551282051282051
 40
4.326923076923077
 40
4.326923076923077
 40
4.326923076923077
 10
72.63126637604167
 20
-127.62580028871528
 30
0.0
 10
72.88883473541668
 20
-127.5903998980903
 30
0.0
 10
73.01212575104167
 20
-127.45978466371528
 30
0.0
 10
73.13541676666668
 20
-127.3291694293403
 30
0.0
 10
73.13541676666667
 20
-127.13873974184028
 30
0.0
 10
73.13541676666668
 20
-126.9910346637153
 30
0.0
 10
73.06095387604167
 20
-126.86896435121528
 30
0.0
 10
72.98649098541668
 20
-126.7468940387153
 30
0.0
 10
72.86197926666667
 20
-126.69867626527778
 30
0.0
 10
72.73746754791668
 20
-126.6504584918403
 30
0.0
 10
72.49820973541667
 20
-126.65045849184028
 30
0.0
  0
SPLINE
  5
50E
330
17
100
AcDbEntity
  8
visible
100
AcDbSpline
 70
0
 71
2
 72
6
 73
3
 74
0
 40
0.0
 40
0.0
 40
0.0
 40
1.0
 40
1.0
 40
1.0
 10
72.63126637604167
 20
-127.62580028871528
 30
0.0
 10
72.72526051666667
 20
-127.67096630434028
 30
0.0
 10
72.77408864166667
 20
-127.71491161684028
 30
0.0
  0
SPLINE
  5
50F
330
17
100
AcDbEntity
  8
visible
100
AcDbSpline
 70
0
 71
2
 72
6
 73
3
 74
0
 40
0.0
 40
0.0
 40
0.0
 40
1.0
 40
1.0
 40
1.0
 10
72.77408864166667
 20
-127.71491161684028
 30
0.0
 10
72.87784840729167
 20
-127.81012646059028
 30
0.0
 10
72.97062184479167
 20
-127.95294872621528
 30
0.0
  0
LINE
  5
510
330
17
100
AcDbEntity
  8
visible
100
AcDbLine
 10
73.28190114166667
 20
-128.44000927309028
 30
0.0
 11
72.97062184479167
 21
-127.95294872621528
 31
0.0
  0
LINE
  5
511
330
17
100
AcDbEntity
  8
visible
100
AcDbLine
 10
72.98404957916667
 20
-128.44000927309028
 30
0.0
 11
73.28190114166667
 21
-128.44000927309028
 31
0.0
  0
LINE
  5
512
330
17
100
AcDbEntity
  8
visible
100
AcDbLine
 10
72.74723317291667
 20
-128.06769481996528
 30
0.0
 11
72.98404957916667
 21
-128.44000927309028
 31
0.0
  0
SPLINE
  5
513
330
17
100
AcDbEntity
  8
visible
100
AcDbSpline
 70
0
 71
3
 72
11
 73
7
 74
0
 40
0.0
 40
0.0
 40
0.0
 40
0.0
 40
1.0
 40
1.0
 40
1.0
 40
3.0
 40
3.0
 40
3.0
 40
3.0
 10
72.34806325104167
 20
-127.65387646059028
 30
0.0
 10
72.38468434479164
 20
-127.66282828350693
 30
0.0
 10
72.42069508697918
 20
-127.67869742413194
 30
0.0
 10
72.45609547760417
 20
-127.70148388246528
 30
0.0
 10
72.5292488194327
 20
-127.74960010786555
 30
0.0
 10
72.60653425817148
 20
-127.85030776123169
 30
0.0
 10
72.74723317291667
 20
-128.06769481996528
 30
0.0
  0
SPLINE
  5
514
330
17
100
AcDbEntity
  8
visible
100
AcDbSpline
 70
0
 71
2
 72
6
 73
3
 74
0
 40
0.0
 40
0.0
 40
0.0
 40
1.0
 40
1.0
 40
1.0
 10
72.34806325104167
 20
-127.65387646059028
 30
0.0
 10
72.30778004791667
 20
-127.64533153871528
 30
0.0
 10
72.21622731354167
 20
-127.64533153871528
 30
0.0
  0
LINE
  5
515
330
17
100
AcDbEntity
  8
visible
100
AcDbLine
 10
71.94156911041667
 20
-127.64533153871528
 30
0.0
 11
72.21622731354167
 21
-127.64533153871528
 31
0.0
  0
LINE
  5
516
330
17
100
AcDbEntity
  8
visible
100
AcDbLine
 10
71.94156911041667
 20
-128.44000927309028
 30
0.0
 11
71.94156911041667
 21
-127.64533153871528
 31
0.0
  0
LINE
  5
517
330
17
100
AcDbEntity
  8
visible
100
AcDbLine
 10
71.94156911041667
 20
-127.44025341371528
 30
0.0
 11
71.94156911041667
 21
-126.84821239809028
 31
0.0
  0
LINE
  5
518
330
17
100
AcDbEntity
  8
visible
100
AcDbLine
 10
72.45060231354167
 20
-127.44025341371528
 30
0.0
 11
71.94156911041667
 21
-127.44025341371528
 31
0.0
  0
SPLINE
  5
519
330
17
100
AcDbEntity
  8
visible
100
AcDbSpline
 70
0
 71
3
 72
17
 73
13
 74
0
 40
0.0
 40
0.0
 40
0.0
 40
0.0
 40
1.0
 40
1.0
 40
1.0
 40
2.0
 40
2.0
 40
2.0
 40
2.6826923076923075
 40
2.6826923076923075
 40
2.6826923076923075
 40
4.0480769230769225
 40
4.0480769230769225
 40
4.0480769230769225
 40
4.0480769230769225
 10
72.50797536041667
 20
-126.84821239809028
 30
0.0
 10
72.64062509999998
 20
-126.84821239809027
 30
0.0
 10
72.73767099843752
 20
-126.87547476788194
 30
0.0
 10
72.79911305572917
 20
-126.92999950746528
 30
0.0
 10
72.86055511302085
 20
-126.98452424704864
 30
0.0
 10
72.89127614166665
 20
-127.0541043251736
 30
0.0
 10
72.89127614166667
 20
-127.13873974184028
 30
0.0
 10
72.89127614166665
 20
-127.19651968975693
 30
0.0
 10
72.87540700104167
 20
-127.25002717673614
 30
0.0
 10
72.84366871979167
 20
-127.29926220277778
 30
0.0
 10
72.77739451768468
 20
-127.39843166476285
 30
0.0
 10
72.66987130731529
 20
-127.43955400381353
 30
0.0
 10
72.45060231354167
 20
-127.4402534137153
 30
0.0
  0
LINE
  5
51A
330
17
100
AcDbEntity
  8
visible
100
AcDbLine
 10
71.94156911041667
 20
-126.84821239809028
 30
0.0
 11
72.50797536041667
 21
-126.84821239809028
 31
0.0
  0
LINE
  5
51B
330
17
100
AcDbEntity
  8
visible
100
AcDbLine
 10
73.91666676666667
 20
-128.44000927309028
 30
0.0
 11
74.15348317291667
 21
-128.44000927309028
 31
0.0
  0
LINE
  5
51C
330
17
100
AcDbEntity
  8
visible
100
AcDbLine
 10
73.91666676666667
 20
-126.86164013246528
 30
0.0
 11
73.91666676666667
 21
-128.44000927309028
 31
0.0
  0
LINE
  5
51D
330
17
100
AcDbEntity
  8
visible
100
AcDbLine
 10
73.32706715729167
 20
-126.86164013246528
 30
0.0
 11
73.91666676666667
 21
-126.86164013246528
 31
0.0
  0
LINE
  5
51E
330
17
100
AcDbEntity
  8
visible
100
AcDbLine
 10
73.32706715729167
 20
-126.65045849184028
 30
0.0
 11
73.32706715729167
 21
-126.86164013246528
 31
0.0
  0
LINE
  5
51F
330
17
100
AcDbEntity
  8
visible
100
AcDbLine
 10
74.74552418854167
 20
-126.65045849184028
 30
0.0
 11
73.32706715729167
 21
-126.65045849184028
 31
0.0
  0
LINE
  5
520
330
17
100
AcDbEntity
  8
visible
100
AcDbLine
 10
74.74552418854167
 20
-126.86164013246528
 30
0.0
 11
74.74552418854167
 21
-126.65045849184028
 31
0.0
  0
LINE
  5
521
330
17
100
AcDbEntity
  8
visible
100
AcDbLine
 10
74.15348317291667
 20
-126.86164013246528
 30
0.0
 11
74.74552418854167
 21
-126.86164013246528
 31
0.0
  0
LINE
  5
522
330
17
100
AcDbEntity
  8
visible
100
AcDbLine
 10
74.15348317291667
 20
-128.44000927309028
 30
0.0
 11
74.15348317291667
 21
-126.86164013246528
 31
0.0
  0
LINE
  5
523
330
17
100
AcDbEntity
  8
visible
100
AcDbLine
 10
74.99210621979167
 20
-128.44000927309028
 30
0.0
 11
75.22892262604167
 21
-128.44000927309028
 31
0.0
  0
LINE
  5
524
330
17
100
AcDbEntity
  8
visible
100
AcDbLine
 10
74.99210621979167
 20
-126.65045849184028
 30
0.0
 11
74.99210621979167
 21
-128.44000927309028
 31
0.0
  0
LINE
  5
525
330
17
100
AcDbEntity
  8
visible
100
AcDbLine
 10
75.78556325104167
 20
-126.65045849184028
 30
0.0
 11
74.99210621979167
 21
-126.65045849184028
 31
0.0
  0
SPLINE
  5
526
330
17
100
AcDbEntity
  8
visible
100
AcDbSpline
 70
0
 71
2
 72
14
 73
11
 74
0
 40
0.0
 40
0.0
 40
0.0
 40
1.0
 40
1.0
 40
2.0
 40
2.0
 40
2.7756410256410255
 40
2.7756410256410255
 40
3.551282051282051
 40
3.551282051282051
 40
4.326923076923077
 40
4.326923076923077
 40
4.326923076923077
 10
75.91861989166667
 20
-127.62580028871528
 30
0.0
 10
76.17618825104168
 20
-127.5903998980903
 30
0.0
 10
76.29947926666667
 20
-127.45978466371528
 30
0.0
 10
76.42277028229168
 20
-127.3291694293403
 30
0.0
 10
76.42277028229167
 20
-127.13873974184028
 30
0.0
 10
76.42277028229168
 20
-126.9910346637153
 30
0.0
 10
76.34830739166667
 20
-126.86896435121528
 30
0.0
 10
76.27384450104168
 20
-126.7468940387153
 30
0.0
 10
76.14933278229167
 20
-126.69867626527778
 30
0.0
 10
76.02482106354168
 20
-126.6504584918403
 30
0.0
 10
75.78556325104167
 20
-126.65045849184028
 30
0.0
  0
SPLINE
  5
527
330
17
100
AcDbEntity
  8
visible
100
AcDbSpline
 70
0
 71
2
 72
6
 73
3
 74
0
 40
0.0
 40
0.0
 40
0.0
 40
1.0
 40
1.0
 40
1.0
 10
75.91861989166667
 20
-127.62580028871528
 30
0.0
 10
76.01261403229167
 20
-127.67096630434028
 30
0.0
 10
76.06144215729167
 20
-127.71491161684028
 30
0.0
  0
SPLINE
  5
528
330
17
100
AcDbEntity
  8
visible
100
AcDbSpline
 70
0
 71
2
 72
6
 73
3
 74
0
 40
0.0
 40
0.0
 40
0.0
 40
1.0
 40
1.0
 40
1.0
 10
76.06144215729167
 20
-127.71491161684028
 30
0.0
 10
76.16520192291667
 20
-127.81012646059028
 30
0.0
 10
76.25797536041667
 20
-127.95294872621528
 30
0.0
  0
LINE
  5
529
330
17
100
AcDbEntity
  8
visible
100
AcDbLine
 10
76.56925465729167
 20
-128.44000927309028
 30
0.0
 11
76.25797536041667
 21
-127.95294872621528
 31
0.0
  0
LINE
  5
52A
330
17
100
AcDbEntity
  8
visible
100
AcDbLine
 10
76.27140309479167
 20
-128.44000927309028
 30
0.0
 11
76.56925465729167
 21
-128.44000927309028
 31
0.0
  0
LINE
  5
52B
330
17
100
AcDbEntity
  8
visible
100
AcDbLine
 10
76.03458668854167
 20
-128.06769481996528
 30
0.0
 11
76.27140309479167
 21
-128.44000927309028
 31
0.0
  0
SPLINE
  5
52C
330
17
100
AcDbEntity
  8
visible
100
AcDbSpline
 70
0
 71
3
 72
11
 73
7
 74
0
 40
0.0
 40
0.0
 40
0.0
 40
0.0
 40
1.0
 40
1.0
 40
1.0
 40
3.0
 40
3.0
 40
3.0
 40
3.0
 10
75.63541676666667
 20
-127.65387646059028
 30
0.0
 10
75.67203786041665
 20
-127.66282828350693
 30
0.0
 10
75.70804860260418
 20
-127.67869742413194
 30
0.0
 10
75.74344899322917
 20
-127.70148388246528
 30
0.0
 10
75.81660233505772
 20
-127.74960010786555
 30
0.0
 10
75.89388777379645
 20
-127.85030776123169
 30
0.0
 10
76.03458668854167
 20
-128.06769481996528
 30
0.0
  0
SPLINE
  5
52D
330
17
100
AcDbEntity
  8
visible
100
AcDbSpline
 70
0
 71
2
 72
6
 73
3
 74
0
 40
0.0
 40
0.0
 40
0.0
 40
1.0
 40
1.0
 40
1.0
 10
75.63541676666667
 20
-127.65387646059028
 30
0.0
 10
75.59513356354167
 20
-127.64533153871528
 30
0.0
 10
75.50358082916667
 20
-127.64533153871528
 30
0.0
  0
LINE
  5
52E
330
17
100
AcDbEntity
  8
visible
100
AcDbLine
 10
75.22892262604167
 20
-127.64533153871528
 30
0.0
 11
75.50358082916667
 21
-127.64533153871528
 31
0.0
  0
LINE
  5
52F
330
17
100
AcDbEntity
  8
visible
100
AcDbLine
 10
75.22892262604167
 20
-128.44000927309028
 30
0.0
 11
75.22892262604167
 21
-127.64533153871528
 31
0.0
  0
LINE
  5
530
330
17
100
AcDbEntity
  8
visible
100
AcDbLine
 10
75.22892262604167
 20
-127.44025341371528
 30
0.0
 11
75.22892262604167
 21
-126.84821239809028
 31
0.0
  0
LINE
  5
531
330
17
100
AcDbEntity
  8
visible
100
AcDbLine
 10
75.73795582916667
 20
-127.44025341371528
 30
0.0
 11
75.22892262604167
 21
-127.44025341371528
 31
0.0
  0
SPLINE
  5
532
330
17
100
AcDbEntity
  8
visible
100
AcDbSpline
 70
0
 71
3
 72
17
 73
13
 74
0
 40
0.0
 40
0.0
 40
0.0
 40
0.0
 40
1.0
 40
1.0
 40
1.0
 40
2.0
 40
2.0
 40
2.0
 40
2.6826923076923075
 40
2.6826923076923075
 40
2.6826923076923075
 40
4.0480769230769225
 40
4.0480769230769225
 40
4.0480769230769225
 40
4.0480769230769225
 10
75.79532887604167
 20
-126.84821239809028
 30
0.0
 10
75.92797861562497
 20
-126.84821239809027
 30
0.0
 10
76.02502451406252
 20
-126.87547476788194
 30
0.0
 10
76.08646657135415
 20
-126.92999950746528
 30
0.0
 10
76.14790862864584
 20
-126.98452424704864
 30
0.0
 10
76.1786296572917
 20
-127.0541043251736
 30
0.0
 10
76.17862965729164
 20
-127.13873974184028
 30
0.0
 10
76.17862965729168
 20
-127.19651968975693
 30
0.0
 10
76.16276051666665
 20
-127.25002717673614
 30
0.0
 10
76.13102223541667
 20
-127.29926220277778
 30
0.0
 10
76.06474803330968
 20
-127.39843166476285
 30
0.0
 10
75.95722482294029
 20
-127.43955400381353
 30
0.0
 10
75.73795582916667
 20
-127.4402534137153
 30
0.0
  0
LINE
  5
533
330
17
100
AcDbEntity
  8
visible
100
AcDbLine
 10
75.22892262604167
 20
-126.84821239809028
 30
0.0
 11
75.79532887604167
 21
-126.84821239809028
 31
0.0
  0
LINE
  5
534
330
17
100
AcDbEntity
  8
visible
100
AcDbLine
 10
76.59733082916667
 20
-128.44000927309028
 30
0.0
 11
76.84879567291667
 21
-128.44000927309028
 31
0.0
  0
LINE
  5
535
330
17
100
AcDbEntity
  8
visible
100
AcDbLine
 10
77.28458668854167
 20
-126.65045849184028
 30
0.0
 11
76.59733082916667
 21
-128.44000927309028
 31
0.0
  0
LINE
  5
536
330
17
100
AcDbEntity
  8
visible
100
AcDbLine
 10
77.53971364166667
 20
-126.65045849184028
 30
0.0
 11
77.28458668854167
 21
-126.65045849184028
 31
0.0
  0
LINE
  5
537
330
17
100
AcDbEntity
  8
visible
100
AcDbLine
 10
78.27213551666667
 20
-128.44000927309028
 30
0.0
 11
77.53971364166667
 21
-126.65045849184028
 31
0.0
  0
LINE
  5
538
330
17
100
AcDbEntity
  8
visible
100
AcDbLine
 10
78.00236012604167
 20
-128.44000927309028
 30
0.0
 11
78.27213551666667
 21
-128.44000927309028
 31
0.0
  0
LINE
  5
539
330
17
100
AcDbEntity
  8
visible
100
AcDbLine
 10
77.79361989166667
 20
-127.89801708559028
 30
0.0
 11
78.00236012604167
 21
-128.44000927309028
 31
0.0
  0
LINE
  5
53A
330
17
100
AcDbEntity
  8
visible
100
AcDbLine
 10
77.04532887604167
 20
-127.89801708559028
 30
0.0
 11
77.79361989166667
 21
-127.89801708559028
 31
0.0
  0
LINE
  5
53B
330
17
100
AcDbEntity
  8
visible
100
AcDbLine
 10
76.84879567291667
 20
-128.44000927309028
 30
0.0
 11
77.04532887604167
 21
-127.89801708559028
 31
0.0
  0
LINE
  5
53C
330
17
100
AcDbEntity
  8
visible
100
AcDbLine
 10
77.11368825104167
 20
-127.70514599184028
 30
0.0
 11
77.31022145416667
 21
-127.18024364809028
 31
0.0
  0
LINE
  5
53D
330
17
100
AcDbEntity
  8
visible
100
AcDbLine
 10
77.72037770416667
 20
-127.70514599184028
 30
0.0
 11
77.11368825104167
 21
-127.70514599184028
 31
0.0
  0
LINE
  5
53E
330
17
100
AcDbEntity
  8
visible
100
AcDbLine
 10
77.53361012604167
 20
-127.20954052309028
 30
0.0
 11
77.72037770416667
 21
-127.70514599184028
 31
0.0
  0
SPLINE
  5
53F
330
17
100
AcDbEntity
  8
visible
100
AcDbSpline
 70
0
 71
2
 72
6
 73
3
 74
0
 40
0.0
 40
0.0
 40
0.0
 40
1.0
 40
1.0
 40
1.0
 10
77.53361012604167
 20
-127.20954052309028
 30
0.0
 10
77.44816090729167
 20
-126.98371044496528
 30
0.0
 10
77.40665700104167
 20
-126.83844677309028
 30
0.0
  0
SPLINE
  5
540
330
17
100
AcDbEntity
  8
visible
100
AcDbSpline
 70
0
 71
2
 72
6
 73
3
 74
0
 40
0.0
 40
0.0
 40
0.0
 40
1.0
 40
1.0
 40
1.0
 10
77.40665700104167
 20
-126.83844677309028
 30
0.0
 10
77.37247731354167
 20
-127.01056591371528
 30
0.0
 10
77.31022145416667
 20
-127.18024364809028
 30
0.0
  0
LINE
  5
541
330
17
100
AcDbEntity
  8
visible
100
AcDbLine
 10
78.34781911041667
 20
-127.90289989809028
 30
0.0
 11
79.02286793854167
 21
-127.90289989809028
 31
0.0
  0
LINE
  5
542
330
17
100
AcDbEntity
  8
visible
100
AcDbLine
 10
78.34781911041667
 20
-127.68195263246528
 30
0.0
 11
78.34781911041667
 21
-127.90289989809028
 31
0.0
  0
LINE
  5
543
330
17
100
AcDbEntity
  8
visible
100
AcDbLine
 10
79.02286793854167
 20
-127.68195263246528
 30
0.0
 11
78.34781911041667
 21
-127.68195263246528
 31
0.0
  0
LINE
  5
544
330
17
100
AcDbEntity
  8
visible
100
AcDbLine
 10
79.02286793854167
 20
-127.90289989809028
 30
0.0
 11
79.02286793854167
 21
-127.68195263246528
 31
0.0
  0
LINE
  5
545
330
17
100
AcDbEntity
  8
visible
100
AcDbLine
 10
79.43668629791667
 20
-127.84552685121528
 30
0.0
 11
79.21329762604167
 21
-127.86505810121528
 31
0.0
  0
SPLINE
  5
546
330
17
100
AcDbEntity
  8
visible
100
AcDbSpline
 70
0
 71
3
 72
20
 73
16
 74
0
 40
0.0
 40
0.0
 40
0.0
 40
0.0
 40
2.0
 40
2.0
 40
2.0
 40
3.9710144927536226
 40
3.9710144927536226
 40
3.9710144927536226
 40
4.956521739130434
 40
4.956521739130434
 40
4.956521739130434
 40
6.066327196761978
 40
6.066327196761978
 40
6.066327196761978
 40
8.285938112025065
 40
8.285938112025065
 40
8.285938112025065
 40
8.285938112025065
 10
80.19962575104165
 20
-127.7014838824653
 30
0.0
 10
80.35089131961517
 20
-127.75857719373522
 30
0.0
 10
80.40806070330149
 20
-127.84173757640363
 30
0.0
 10
80.40958668854164
 20
-127.95416942934028
 30
0.0
 10
80.40933235766833
 20
-128.06306619656002
 30
0.0
 10
80.34310924858165
 20
-128.16591068295378
 30
0.0
 10
80.20450856354165
 20
-128.21784130434028
 30
0.0
 10
80.1353353864584
 20
-128.2446967730903
 30
0.0
 10
80.05558278229164
 20
-128.25812450746523
 30
0.0
 10
79.96525075104167
 20
-128.25812450746528
 30
0.0
 10
79.86352549062497
 20
-128.2581245074652
 30
0.0
 10
79.77197275625004
 20
-128.24042431215287
 30
0.0
 10
79.69059254791667
 20
-128.20502392152775
 30
0.0
 10
79.52554315338976
 20
-128.13263357231924
 30
0.0
 10
79.46013412994355
 20
-128.02615287750714
 30
0.0
 10
79.43668629791667
 20
-127.84552685121527
 30
0.0
  0
SPLINE
  5
547
330
17
100
AcDbEntity
  8
visible
100
AcDbSpline
 70
0
 71
2
 72
8
 73
5
 74
0
 40
0.0
 40
0.0
 40
0.0
 40
1.0
 40
1.0
 40
2.0
 40
2.0
 40
2.0
 10
79.53556325104167
 20
-127.50250927309028
 30
0.0
 10
79.63444020416668
 20
-127.5549995074653
 30
0.0
 10
79.88102223541667
 20
-127.61420360902778
 30
0.0
 10
80.12760426666668
 20
-127.6734077105903
 30
0.0
 10
80.19962575104167
 20
-127.70148388246528
 30
0.0
  0
SPLINE
  5
548
330
17
100
AcDbEntity
  8
visible
100
AcDbSpline
 70
0
 71
3
 72
23
 73
19
 74
0
 40
0.0
 40
0.0
 40
0.0
 40
0.0
 40
2.0
 40
2.0
 40
2.0
 40
3.0
 40
3.0
 40
3.0
 40
3.9079754601226995
 40
3.9079754601226995
 40
3.9079754601226995
 40
4.815950920245399
 40
4.815950920245399
 40
4.815950920245399
 40
5.723926380368098
 40
5.723926380368098
 40
5.723926380368098
 40
7.376278118609408
 40
7.376278118609408
 40
7.376278118609408
 40
7.376278118609408
 10
80.58414723541667
 20
-127.15460888246528
 30
0.0
 10
80.57658145904836
 20
-126.94750916729055
 30
0.0
 10
80.46455643626412
 20
-126.76661582420249
 30
0.0
 10
80.26249196197917
 20
-126.68402782777778
 30
0.0
 10
80.16117360260418
 20
-126.64130321840275
 30
0.0
 10
80.044189553125
 20
-126.61994091371531
 30
0.0
 10
79.91153981354167
 20
-126.61994091371528
 30
0.0
 10
79.79109710520831
 20
-126.61994091371527
 30
0.0
 10
79.68164072500001
 20
-126.64028596579861
 30
0.0
 10
79.58317067291667
 20
-126.68097606996528
 30
0.0
 10
79.4847006208333
 20
-126.72166617413198
 30
0.0
 10
79.40983082916668
 20
-126.78127717673608
 30
0.0
 10
79.35856129791667
 20
-126.85980907777778
 30
0.0
 10
79.30729176666668
 20
-126.93834097881943
 30
0.0
 10
79.28165700104167
 20
-127.02277294496531
 30
0.0
 10
79.28165700104167
 20
-127.11310497621528
 30
0.0
 10
79.28191133191507
 20
-127.27660283899183
 30
0.0
 10
79.36441048266828
 20
-127.41388120198036
 30
0.0
 10
79.53556325104167
 20
-127.50250927309028
 30
0.0
  0
LINE
  5
549
330
17
100
AcDbEntity
  8
visible
100
AcDbLine
 10
80.35709645416667
 20
-127.17169872621528
 30
0.0
 11
80.58414723541667
 21
-127.15460888246528
 31
0.0
  0
SPLINE
  5
54A
330
17
100
AcDbEntity
  8
visible
100
AcDbSpline
 70
0
 71
3
 72
17
 73
13
 74
0
 40
0.0
 40
0.0
 40
0.0
 40
0.0
 40
1.0
 40
1.0
 40
1.0
 40
2.151898734177215
 40
2.151898734177215
 40
2.151898734177215
 40
3.3037974683544302
 40
3.3037974683544302
 40
3.3037974683544302
 40
5.5159666283084
 40
5.5159666283084
 40
5.5159666283084
 40
5.5159666283084
 10
79.57950856354167
 20
-127.25592724184028
 30
0.0
 10
79.53312184479161
 20
-127.21442333559023
 30
0.0
 10
79.5099284854167
 20
-127.1615262001736
 30
0.0
 10
79.50992848541667
 20
-127.09723583559028
 30
0.0
 10
79.50992848541665
 20
-127.02317984600687
 30
0.0
 10
79.54268401927084
 20
-126.9599067340278
 30
0.0
 10
79.60819508697917
 20
-126.90741649965278
 30
0.0
 10
79.67370615468745
 20
-126.8549262652777
 30
0.0
 10
79.77807627187501
 20
-126.82868114809025
 30
0.0
 10
79.92130543854167
 20
-126.82868114809028
 30
0.0
 10
80.19776936251188
 20
-126.82829965178033
 30
0.0
 10
80.33128357186315
 20
-126.94584324335862
 30
0.0
 10
80.35709645416667
 20
-127.17169872621528
 30
0.0
  0
SPLINE
  5
54B
330
17
100
AcDbEntity
  8
visible
100
AcDbSpline
 70
0
 71
2
 72
8
 73
5
 74
0
 40
0.0
 40
0.0
 40
0.0
 40
1.0
 40
1.0
 40
2.0
 40
2.0
 40
2.0
 10
80.33268239166667
 20
-127.49762646059028
 30
0.0
 10
80.22526051666668
 20
-127.4487983355903
 30
0.0
 10
79.93656422760417
 20
-127.38349071840278
 30
0.0
 10
79.64786793854168
 20
-127.3181831012153
 30
0.0
 10
79.57950856354167
 20
-127.25592724184028
 30
0.0
  0
SPLINE
  5
54C
330
17
100
AcDbEntity
  8
visible
100
AcDbSpline
 70
0
 71
3
 72
26
 73
22
 74
0
 40
0.0
 40
0.0
 40
0.0
 40
0.0
 40
1.0
 40
1.0
 40
1.0
 40
2.0
 40
2.0
 40
2.0
 40
3.0
 40
3.0
 40
3.0
 40
3.7889447236180906
 40
3.7889447236180906
 40
3.7889447236180906
 40
4.577889447236181
 40
4.577889447236181
 40
4.577889447236181
 40
5.366834170854272
 40
5.366834170854272
 40
5.366834170854272
 40
6.958209852682215
 40
6.958209852682215
 40
6.958209852682215
 40
6.958209852682215
 10
79.21329762604167
 20
-127.86505810121528
 30
0.0
 10
79.21655283437498
 20
-127.98468700746521
 30
0.0
 10
79.24930836822917
 20
-128.0919054319445
 30
0.0
 10
79.31156422760417
 20
-128.18671337465278
 30
0.0
 10
79.37382008697917
 20
-128.28152131736113
 30
0.0
 10
79.45967620677085
 20
-128.35252554913194
 30
0.0
 10
79.56913258697917
 20
-128.39972606996528
 30
0.0
 10
79.67858896718751
 20
-128.44692659079863
 30
0.0
 10
79.81429046458332
 20
-128.47052685121528
 30
0.0
 10
79.9762370791667
 20
-128.47052685121528
 30
0.0
 10
80.10400400624998
 20
-128.4705268512152
 30
0.0
 10
80.21895355052084
 20
-128.4471300413195
 30
0.0
 10
80.32108571197917
 20
-128.40033642152778
 30
0.0
 10
80.42321787343747
 20
-128.35354280173607
 30
0.0
 10
80.50154632395837
 20
-128.2880317340278
 30
0.0
 10
80.55607106354167
 20
-128.20380321840278
 30
0.0
 10
80.610595803125
 20
-128.11957470277775
 30
0.0
 10
80.63785817291665
 20
-128.02985302309028
 30
0.0
 10
80.63785817291667
 20
-127.93463817934028
 30
0.0
 10
80.63709518029657
 20
-127.74308954942033
 30
0.0
 10
80.54177871762008
 20
-127.59314644467686
 30
0.0
 10
80.33268239166668
 20
-127.4976264605903
 30
0.0
  0
LINE
  5
54D
330
17
100
AcDbEntity
  8
visible
100
AcDbLine
 10
80.96134450104167
 20
-128.44000927309028
 30
0.0
 11
81.19816090729167
 21
-128.44000927309028
 31
0.0
  0
LINE
  5
54E
330
17
100
AcDbEntity
  8
visible
100
AcDbLine
 10
80.96134450104167
 20
-126.65045849184028
 30
0.0
 11
80.96134450104167
 21
-128.44000927309028
 31
0.0
  0
LINE
  5
54F
330
17
100
AcDbEntity
  8
visible
100
AcDbLine
 10
81.63639332916667
 20
-126.65045849184028
 30
0.0
 11
80.96134450104167
 21
-126.65045849184028
 31
0.0
  0
SPLINE
  5
550
330
17
100
AcDbEntity
  8
visible
100
AcDbSpline
 70
0
 71
2
 72
6
 73
3
 74
0
 40
0.0
 40
0.0
 40
0.0
 40
1.0
 40
1.0
 40
1.0
 10
81.63639332916667
 20
-126.65045849184028
 30
0.0
 10
81.81461598541667
 20
-126.65045849184028
 30
0.0
 10
81.90861012604167
 20
-126.66754833559028
 30
0.0
  0
SPLINE
  5
551
330
17
100
AcDbEntity
  8
visible
100
AcDbSpline
 70
0
 71
3
 72
17
 73
13
 74
0
 40
0.0
 40
0.0
 40
0.0
 40
0.0
 40
1.0
 40
1.0
 40
1.0
 40
2.0
 40
2.0
 40
2.0
 40
2.5828877005347595
 40
2.5828877005347595
 40
2.5828877005347595
 40
3.7486631016042784
 40
3.7486631016042784
 40
3.7486631016042784
 40
3.7486631016042784
 10
81.65714528229167
 20
-127.71247021059028
 30
0.0
 10
81.91023773020828
 20
-127.71247021059017
 30
0.0
 10
82.08520517812501
 20
-127.6597765256945
 30
0.0
 10
82.18204762604167
 20
-127.55438915590278
 30
0.0
 10
82.27889007395831
 20
-127.44900178611104
 30
0.0
 10
82.3273112979167
 20
-127.32021760642367
 30
0.0
 10
82.32731129791667
 20
-127.16803661684028
 30
0.0
 10
82.3273112979166
 20
-127.07933218975693
 30
0.0
 10
82.30920420156254
 20
-126.99795198142358
 30
0.0
 10
82.27299000885417
 20
-126.92389599184028
 30
0.0
 10
82.19973504809906
 20
-126.77476668918015
 30
0.0
 10
82.0852179513801
 20
-126.69786253408375
 30
0.0
 10
81.90861012604165
 20
-126.66754833559028
 30
0.0
  0
LINE
  5
552
330
17
100
AcDbEntity
  8
visible
100
AcDbLine
 10
81.19816090729167
 20
-127.71247021059028
 30
0.0
 11
81.65714528229167
 21
-127.71247021059028
 31
0.0
  0
LINE
  5
553
330
17
100
AcDbEntity
  8
visible
100
AcDbLine
 10
81.19816090729167
 20
-128.44000927309028
 30
0.0
 11
81.19816090729167
 21
-127.71247021059028
 31
0.0
  0
LINE
  5
554
330
17
100
AcDbEntity
  8
visible
100
AcDbLine
 10
81.19816090729167
 20
-127.50128856996528
 30
0.0
 11
81.19816090729167
 21
-126.86164013246528
 31
0.0
  0
LINE
  5
555
330
17
100
AcDbEntity
  8
visible
100
AcDbLine
 10
81.66080739166667
 20
-127.50128856996528
 30
0.0
 11
81.19816090729167
 21
-127.50128856996528
 31
0.0
  0
SPLINE
  5
556
330
17
100
AcDbEntity
  8
visible
100
AcDbSpline
 70
0
 71
3
 72
14
 73
10
 74
0
 40
0.0
 40
0.0
 40
0.0
 40
0.0
 40
2.0
 40
2.0
 40
2.0
 40
3.3804347826086953
 40
3.3804347826086953
 40
3.3804347826086953
 40
4.760869565217391
 40
4.760869565217391
 40
4.760869565217391
 40
4.760869565217391
 10
81.87687184479167
 20
-126.87750927309028
 30
0.0
 10
81.99840794903471
 20
-126.90939998272994
 30
0.0
 10
82.08533248534023
 20
-127.02791023011724
 30
0.0
 10
82.08317067291667
 20
-127.17536083559028
 30
0.0
 10
82.08317067291662
 20
-127.27871370017353
 30
0.0
 10
82.05102549062501
 20
-127.35887320538201
 30
0.0
 10
81.98673512604167
 20
-127.41583935121528
 30
0.0
 10
81.92244476145827
 20
-127.47280549704854
 30
0.0
 10
81.8138021833334
 20
-127.50128856996533
 30
0.0
 10
81.66080739166667
 20
-127.50128856996528
 30
0.0
  0
SPLINE
  5
557
330
17
100
AcDbEntity
  8
visible
100
AcDbSpline
 70
0
 71
2
 72
6
 73
3
 74
0
 40
0.0
 40
0.0
 40
0.0
 40
1.0
 40
1.0
 40
1.0
 10
81.87687184479167
 20
-126.87750927309028
 30
0.0
 10
81.81705739166667
 20
-126.86164013246528
 30
0.0
 10
81.65592457916667
 20
-126.86164013246528
 30
0.0
  0
LINE
  5
558
330
17
100
AcDbEntity
  8
visible
100
AcDbLine
 10
81.19816090729167
 20
-126.86164013246528
 30
0.0
 11
81.65592457916667
 21
-126.86164013246528
 31
0.0
  0
SPLINE
  5
559
330
17
100
AcDbEntity
  8
visible
100
AcDbSpline
 70
0
 71
2
 72
26
 73
23
 74
0
 40
0.0
 40
0.0
 40
0.0
 40
1.0
 40
1.0
 40
2.0
 40
2.0
 40
3.0
 40
3.0
 40
3.9227053140096615
 40
3.9227053140096615
 40
4.845410628019323
 40
4.845410628019323
 40
5.7681159420289845
 40
5.7681159420289845
 40
6.678408180065421
 40
6.678408180065421
 40
7.588700418101858
 40
7.588700418101858
 40
8.498992656138295
 40
8.498992656138295
 40
9.889094103386057
 40
9.889094103386057
 40
11.279195550633819
 40
11.279195550633819
 40
11.279195550633819
 10
82.55680348541667
 20
-127.56842724184028
 30
0.0
 10
82.55680348541668
 20
-127.8040229449653
 30
0.0
 10
82.65934254791667
 20
-128.01520458559028
 30
0.0
 10
82.76188161041668
 20
-128.2263862262153
 30
0.0
 10
82.96085621979167
 20
-128.34845653871528
 30
0.0
 10
83.15983082916668
 20
-128.4705268512153
 30
0.0
 10
83.41251637604167
 20
-128.47052685121528
 30
0.0
 10
83.64567067291668
 20
-128.4705268512153
 30
0.0
 10
83.84708668854167
 20
-128.36005321840278
 30
0.0
 10
84.04850270416668
 20
-128.2495795855903
 30
0.0
 10
84.15836598541665
 20
-128.03473583559028
 30
0.0
 10
84.26822926666668
 20
-127.8198920855903
 30
0.0
 10
84.26822926666664
 20
-127.54767528871528
 30
0.0
 10
84.26822926666668
 20
-127.2791206012153
 30
0.0
 10
84.16385914947917
 20
-127.06732860902778
 30
0.0
 10
84.05948903229168
 20
-126.8555366168403
 30
0.0
 10
83.86051442291667
 20
-126.73712841371528
 30
0.0
 10
83.66153981354168
 20
-126.6187202105903
 30
0.0
 10
83.41373707916667
 20
-126.61872021059028
 30
0.0
 10
83.03531911041668
 20
-126.6187202105903
 30
0.0
 10
82.79606129791667
 20
-126.87079540590278
 30
0.0
 10
82.55680348541668
 20
-127.1228706012153
 30
0.0
 10
82.55680348541667
 20
-127.56842724184028
 30
0.0
  0
SPLINE
  5
55A
330
17
100
AcDbEntity
  8
visible
100
AcDbSpline
 70
0
 71
2
 72
22
 73
19
 74
0
 40
0.0
 40
0.0
 40
0.0
 40
1.0
 40
1.0
 40
2.0
 40
2.0
 40
2.703883495145631
 40
2.703883495145631
 40
3.407766990291262
 40
3.407766990291262
 40
4.111650485436893
 40
4.111650485436893
 40
5.224494223572165
 40
5.224494223572165
 40
6.337337961707437
 40
6.337337961707437
 40
7.4298557868174075
 40
7.4298557868174075
 40
8.522373611927378
 40
8.522373611927378
 40
8.522373611927378
 10
82.80094411041667
 20
-127.57208935121528
 30
0.0
 10
82.80094411041668
 20
-127.1680366168403
 30
0.0
 10
82.98221852447917
 20
-126.99530712465278
 30
0.0
 10
83.16349293854168
 20
-126.8225776324653
 30
0.0
 10
83.41495778229167
 20
-126.82257763246528
 30
0.0
 10
83.59195973541668
 20
-126.82257763246527
 30
0.0
 10
83.73417164947917
 20
-126.91229931215278
 30
0.0
 10
83.87638356354168
 20
-127.00202099184027
 30
0.0
 10
83.95023610260417
 20
-127.16498485902778
 30
0.0
 10
84.02408864166668
 20
-127.3279487262153
 30
0.0
 10
84.02408864166667
 20
-127.54645458559028
 30
0.0
 10
84.02408864166668
 20
-127.8919135699653
 30
0.0
 10
83.85135914947917
 20
-128.07990185121528
 30
0.0
 10
83.67862965729168
 20
-128.2678901324653
 30
0.0
 10
83.41129567291667
 20
-128.26789013246528
 30
0.0
 10
83.14884450104168
 20
-128.2678901324653
 30
0.0
 10
82.97489430572917
 20
-128.08173290590278
 30
0.0
 10
82.80094411041668
 20
-127.8955756793403
 30
0.0
 10
82.80094411041667
 20
-127.57208935121528
 30
0.0
  0
LINE
  5
55B
330
17
100
AcDbEntity
  8
visible
100
AcDbLine
 10
84.56363942291667
 20
-128.44000927309028
 30
0.0
 11
84.80045582916667
 21
-128.44000927309028
 31
0.0
  0
LINE
  5
55C
330
17
100
AcDbEntity
  8
visible
100
AcDbLine
 10
84.56363942291667
 20
-126.65045849184028
 30
0.0
 11
84.56363942291667
 21
-128.44000927309028
 31
0.0
  0
LINE
  5
55D
330
17
100
AcDbEntity
  8
visible
100
AcDbLine
 10
84.80045582916667
 20
-126.65045849184028
 30
0.0
 11
84.56363942291667
 21
-126.65045849184028
 31
0.0
  0
LINE
  5
55E
330
17
100
AcDbEntity
  8
visible
100
AcDbLine
 10
84.80045582916667
 20
-127.53790966371528
 30
0.0
 11
84.80045582916667
 21
-126.65045849184028
 31
0.0
  0
LINE
  5
55F
330
17
100
AcDbEntity
  8
visible
100
AcDbLine
 10
85.68912770416667
 20
-126.65045849184028
 30
0.0
 11
84.80045582916667
 21
-127.53790966371528
 31
0.0
  0
LINE
  5
560
330
17
100
AcDbEntity
  8
visible
100
AcDbLine
 10
86.01017262604167
 20
-126.65045849184028
 30
0.0
 11
85.68912770416667
 21
-126.65045849184028
 31
0.0
  0
LINE
  5
561
330
17
100
AcDbEntity
  8
visible
100
AcDbLine
 10
85.25944020416667
 20
-127.37555614809028
 30
0.0
 11
86.01017262604167
 21
-126.65045849184028
 31
0.0
  0
LINE
  5
562
330
17
100
AcDbEntity
  8
visible
100
AcDbLine
 10
86.04313161041667
 20
-128.44000927309028
 30
0.0
 11
85.25944020416667
 21
-127.37555614809028
 31
0.0
  0
LINE
  5
563
330
17
100
AcDbEntity
  8
visible
100
AcDbLine
 10
85.73063161041667
 20
-128.44000927309028
 30
0.0
 11
86.04313161041667
 21
-128.44000927309028
 31
0.0
  0
LINE
  5
564
330
17
100
AcDbEntity
  8
visible
100
AcDbLine
 10
85.09342457916667
 20
-127.53424755434028
 30
0.0
 11
85.73063161041667
 21
-128.44000927309028
 31
0.0
  0
LINE
  5
565
330
17
100
AcDbEntity
  8
visible
100
AcDbLine
 10
84.80045582916667
 20
-127.81989208559028
 30
0.0
 11
85.09342457916667
 21
-127.53424755434028
 31
0.0
  0
LINE
  5
566
330
17
100
AcDbEntity
  8
visible
100
AcDbLine
 10
84.80045582916667
 20
-128.44000927309028
 30
0.0
 11
84.80045582916667
 21
-127.81989208559028
 31
0.0
  0
LINE
  5
567
330
17
100
AcDbEntity
  8
visible
100
AcDbLine
 10
86.24576832916667
 20
-128.44000927309028
 30
0.0
 11
87.58121754791667
 21
-128.44000927309028
 31
0.0
  0
LINE
  5
568
330
17
100
AcDbEntity
  8
visible
100
AcDbLine
 10
86.24576832916667
 20
-126.65045849184028
 30
0.0
 11
86.24576832916667
 21
-128.44000927309028
 31
0.0
  0
LINE
  5
569
330
17
100
AcDbEntity
  8
visible
100
AcDbLine
 10
87.53971364166667
 20
-126.65045849184028
 30
0.0
 11
86.24576832916667
 21
-126.65045849184028
 31
0.0
  0
LINE
  5
56A
330
17
100
AcDbEntity
  8
visible
100
AcDbLine
 10
87.53971364166667
 20
-126.86164013246528
 30
0.0
 11
87.53971364166667
 21
-126.65045849184028
 31
0.0
  0
LINE
  5
56B
330
17
100
AcDbEntity
  8
visible
100
AcDbLine
 10
86.48258473541667
 20
-126.86164013246528
 30
0.0
 11
87.53971364166667
 21
-126.86164013246528
 31
0.0
  0
LINE
  5
56C
330
17
100
AcDbEntity
  8
visible
100
AcDbLine
 10
86.48258473541667
 20
-127.40973583559028
 30
0.0
 11
86.48258473541667
 21
-126.86164013246528
 31
0.0
  0
LINE
  5
56D
330
17
100
AcDbEntity
  8
visible
100
AcDbLine
 10
87.47257496979167
 20
-127.40973583559028
 30
0.0
 11
86.48258473541667
 21
-127.40973583559028
 31
0.0
  0
LINE
  5
56E
330
17
100
AcDbEntity
  8
visible
100
AcDbLine
 10
87.47257496979167
 20
-127.61969677309028
 30
0.0
 11
87.47257496979167
 21
-127.40973583559028
 31
0.0
  0
LINE
  5
56F
330
17
100
AcDbEntity
  8
visible
100
AcDbLine
 10
86.48258473541667
 20
-127.61969677309028
 30
0.0
 11
87.47257496979167
 21
-127.61969677309028
 31
0.0
  0
LINE
  5
570
330
17
100
AcDbEntity
  8
visible
100
AcDbLine
 10
86.48258473541667
 20
-128.22882763246528
 30
0.0
 11
86.48258473541667
 21
-127.61969677309028
 31
0.0
  0
LINE
  5
571
330
17
100
AcDbEntity
  8
visible
100
AcDbLine
 10
87.58121754791667
 20
-128.22882763246528
 30
0.0
 11
86.48258473541667
 21
-128.22882763246528
 31
0.0
  0
LINE
  5
572
330
17
100
AcDbEntity
  8
visible
100
AcDbLine
 10
87.58121754791667
 20
-128.44000927309028
 30
0.0
 11
87.58121754791667
 21
-128.22882763246528
 31
0.0
  0
LINE
  5
573
330
17
100
AcDbEntity
  8
visible
100
AcDbLine
 10
87.90836598541667
 20
-128.44000927309028
 30
0.0
 11
88.55411793854167
 21
-128.44000927309028
 31
0.0
  0
LINE
  5
574
330
17
100
AcDbEntity
  8
visible
100
AcDbLine
 10
87.90836598541667
 20
-126.65045849184028
 30
0.0
 11
87.90836598541667
 21
-128.44000927309028
 31
0.0
  0
LINE
  5
575
330
17
100
AcDbEntity
  8
visible
100
AcDbLine
 10
88.52482106354167
 20
-126.65045849184028
 30
0.0
 11
87.90836598541667
 21
-126.65045849184028
 31
0.0
  0
SPLINE
  5
576
330
17
100
AcDbEntity
  8
visible
100
AcDbSpline
 70
0
 71
2
 72
6
 73
3
 74
0
 40
0.0
 40
0.0
 40
0.0
 40
1.0
 40
1.0
 40
1.0
 10
88.52482106354167
 20
-126.65045849184028
 30
0.0
 10
88.73356129791667
 20
-126.65045849184028
 30
0.0
 10
88.84342457916667
 20
-126.67609325746528
 30
0.0
  0
SPLINE
  5
577
330
17
100
AcDbEntity
  8
visible
100
AcDbSpline
 70
0
 71
2
 72
6
 73
3
 74
0
 40
0.0
 40
0.0
 40
0.0
 40
1.0
 40
1.0
 40
1.0
 10
88.84342457916667
 20
-126.67609325746528
 30
0.0
 10
88.99723317291667
 20
-126.71149364809028
 30
0.0
 10
89.10587575104167
 20
-126.80426708559028
 30
0.0
  0
SPLINE
  5
578
330
17
100
AcDbEntity
  8
visible
100
AcDbSpline
 70
0
 71
3
 72
20
 73
16
 74
0
 40
0.0
 40
0.0
 40
0.0
 40
0.0
 40
2.0
 40
2.0
 40
2.0
 40
4.0
 40
4.0
 40
4.0
 40
5.0
 40
5.0
 40
5.0
 40
6.173652694610778
 40
6.173652694610778
 40
6.173652694610778
 40
7.347305389221557
 40
7.347305389221557
 40
7.347305389221557
 40
7.347305389221557
 10
88.55411793854167
 20
-128.44000927309028
 30
0.0
 10
88.7703858421875
 20
-128.43939892152773
 30
0.0
 10
88.93741871979162
 20
-128.39931916892365
 30
0.0
 10
89.05521657135417
 20
-128.31977001527778
 30
0.0
 10
89.17188263635235
 20
-128.23975030698267
 30
0.0
 10
89.27810942562681
 20
-128.10783822617708
 30
0.0
 10
89.34025075104167
 20
-127.89679638246528
 30
0.0
 10
89.37198903229164
 20
-127.79181591371524
 30
0.0
 10
89.38785817291664
 20
-127.67137320538197
 30
0.0
 10
89.38785817291667
 20
-127.53546825746528
 30
0.0
 10
89.38785817291667
 20
-127.37596304913194
 30
0.0
 10
89.36446136302085
 20
-127.2341580361111
 30
0.0
 10
89.31766774322918
 20
-127.11005321840281
 30
0.0
 10
89.2708741234374
 20
-126.98594840069431
 30
0.0
 10
89.2002767927084
 20
-126.88401968975701
 30
0.0
 10
89.10587575104167
 20
-126.80426708559028
 30
0.0
  0
LINE
  5
579
330
17
100
AcDbEntity
  8
visible
100
AcDbLine
 10
88.14518239166667
 20
-128.22882763246528
 30
0.0
 11
88.14518239166667
 21
-126.86164013246528
 31
0.0
  0
LINE
  5
57A
330
17
100
AcDbEntity
  8
visible
100
AcDbLine
 10
88.52726246979167
 20
-128.22882763246528
 30
0.0
 11
88.14518239166667
 21
-128.22882763246528
 31
0.0
  0
SPLINE
  5
57B
330
17
100
AcDbEntity
  8
visible
100
AcDbSpline
 70
0
 71
3
 72
20
 73
16
 74
0
 40
0.0
 40
0.0
 40
0.0
 40
0.0
 40
1.0
 40
1.0
 40
1.0
 40
2.0
 40
2.0
 40
2.0
 40
3.443478260869565
 40
3.443478260869565
 40
3.443478260869565
 40
3.9560176433522365
 40
3.9560176433522365
 40
3.9560176433522365
 40
4.468557025834908
 40
4.468557025834908
 40
4.468557025834908
 40
4.468557025834908
 10
88.82755543854167
 20
-126.89826122621528
 30
0.0
 10
88.91544606354161
 20
-126.9324409137152
 30
0.0
 10
88.9901124046875
 20
-126.99978303611117
 30
0.0
 10
89.05155446197917
 20
-127.10028759340278
 30
0.0
 10
89.11299651927085
 20
-127.20079215069441
 30
0.0
 10
89.14371754791667
 20
-127.34463166892367
 30
0.0
 10
89.14371754791667
 20
-127.53180614809028
 30
0.0
 10
89.14473487141018
 20
-127.80224277063044
 30
0.0
 10
89.07678225567318
 20
-127.99053619221688
 30
0.0
 10
88.96549489166667
 20
-128.10309521059028
 30
0.0
 10
88.92561858958334
 20
-128.14297151267365
 30
0.0
 10
88.87211110260414
 20
-128.1738959918402
 30
0.0
 10
88.80497243072917
 20
-128.19586864809028
 30
0.0
 10
88.7378337588541
 20
-128.21784130434023
 30
0.0
 10
88.64526377187504
 20
-128.22882763246528
 30
0.0
 10
88.52726246979167
 20
-128.22882763246528
 30
0.0
  0
SPLINE
  5
57C
330
17
100
AcDbEntity
  8
visible
100
AcDbSpline
 70
0
 71
2
 72
6
 73
3
 74
0
 40
0.0
 40
0.0
 40
0.0
 40
1.0
 40
1.0
 40
1.0
 10
88.82755543854167
 20
-126.89826122621528
 30
0.0
 10
88.73234059479167
 20
-126.86164013246528
 30
0.0
 10
88.52115895416667
 20
-126.86164013246528
 30
0.0
  0
LINE
  5
57D
330
17
100
AcDbEntity
  8
visible
100
AcDbLine
 10
88.14518239166667
 20
-126.86164013246528
 30
0.0
 11
88.52115895416667
 21
-126.86164013246528
 31
0.0
  0
LINE
  5
57E
330
17
100
AcDbEntity
  8
visible
100
AcDbLine
 10
89.48307301666667
 20
-128.93683544496528
 30
0.0
 11
90.93937184479167
 21
-128.93683544496528
 31
0.0
  0
LINE
  5
57F
330
17
100
AcDbEntity
  8
visible
100
AcDbLine
 10
89.48307301666667
 20
-128.77814403871528
 30
0.0
 11
89.48307301666667
 21
-128.93683544496528
 31
0.0
  0
LINE
  5
580
330
17
100
AcDbEntity
  8
visible
100
AcDbLine
 10
90.93937184479167
 20
-128.77814403871528
 30
0.0
 11
89.48307301666667
 21
-128.77814403871528
 31
0.0
  0
LINE
  5
581
330
17
100
AcDbEntity
  8
visible
100
AcDbLine
 10
90.93937184479167
 20
-128.93683544496528
 30
0.0
 11
90.93937184479167
 21
-128.77814403871528
 31
0.0
  0
LINE
  5
582
330
17
100
AcDbEntity
  8
visible
100
AcDbLine
 10
91.41666676666667
 20
-128.44000927309028
 30
0.0
 11
91.65836598541667
 21
-128.44000927309028
 31
0.0
  0
LINE
  5
583
330
17
100
AcDbEntity
  8
visible
100
AcDbLine
 10
90.94181325104167
 20
-126.65045849184028
 30
0.0
 11
91.41666676666667
 21
-128.44000927309028
 31
0.0
  0
LINE
  5
584
330
17
100
AcDbEntity
  8
visible
100
AcDbLine
 10
91.18473317291667
 20
-126.65045849184028
 30
0.0
 11
90.94181325104167
 21
-126.65045849184028
 31
0.0
  0
LINE
  5
585
330
17
100
AcDbEntity
  8
visible
100
AcDbLine
 10
91.45694996979167
 20
-127.82355419496528
 30
0.0
 11
91.18473317291667
 21
-126.65045849184028
 31
0.0
  0
SPLINE
  5
586
330
17
100
AcDbEntity
  8
visible
100
AcDbSpline
 70
0
 71
2
 72
6
 73
3
 74
0
 40
0.0
 40
0.0
 40
0.0
 40
1.0
 40
1.0
 40
1.0
 10
91.45694996979167
 20
-127.82355419496528
 30
0.0
 10
91.50089528229167
 20
-128.00788036684028
 30
0.0
 10
91.53263356354167
 20
-128.18976513246528
 30
0.0
  0
SPLINE
  5
587
330
17
100
AcDbEntity
  8
visible
100
AcDbSpline
 70
0
 71
2
 72
6
 73
3
 74
0
 40
0.0
 40
0.0
 40
0.0
 40
1.0
 40
1.0
 40
1.0
 10
91.53263356354167
 20
-128.18976513246528
 30
0.0
 10
91.60099293854167
 20
-127.90289989809028
 30
0.0
 10
91.61319996979167
 20
-127.85895458559028
 30
0.0
  0
LINE
  5
588
330
17
100
AcDbEntity
  8
visible
100
AcDbLine
 10
91.95377614166667
 20
-126.65045849184028
 30
0.0
 11
91.61319996979167
 21
-127.85895458559028
 31
0.0
  0
LINE
  5
589
330
17
100
AcDbEntity
  8
visible
100
AcDbLine
 10
92.23942067291667
 20
-126.65045849184028
 30
0.0
 11
91.95377614166667
 21
-126.65045849184028
 31
0.0
  0
LINE
  5
58A
330
17
100
AcDbEntity
  8
visible
100
AcDbLine
 10
92.49576832916667
 20
-127.55622021059028
 30
0.0
 11
92.23942067291667
 21
-126.65045849184028
 31
0.0
  0
SPLINE
  5
58B
330
17
100
AcDbEntity
  8
visible
100
AcDbSpline
 70
0
 71
2
 72
6
 73
3
 74
0
 40
0.0
 40
0.0
 40
0.0
 40
1.0
 40
1.0
 40
1.0
 10
92.49576832916667
 20
-127.55622021059028
 30
0.0
 10
92.59220387604167
 20
-127.89313427309028
 30
0.0
 10
92.63492848541667
 20
-128.18976513246528
 30
0.0
  0
SPLINE
  5
58C
330
17
100
AcDbEntity
  8
visible
100
AcDbSpline
 70
0
 71
2
 72
6
 73
3
 74
0
 40
0.0
 40
0.0
 40
0.0
 40
1.0
 40
1.0
 40
1.0
 10
92.63492848541667
 20
-128.18976513246528
 30
0.0
 10
92.66910817291667
 20
-128.02008739809028
 30
0.0
 10
92.72403981354167
 20
-127.80036083559028
 30
0.0
  0
LINE
  5
58D
330
17
100
AcDbEntity
  8
visible
100
AcDbLine
 10
93.00480153229167
 20
-126.65045849184028
 30
0.0
 11
92.72403981354167
 21
-127.80036083559028
 31
0.0
  0
LINE
  5
58E
330
17
100
AcDbEntity
  8
visible
100
AcDbLine
 10
93.24283864166667
 20
-126.65045849184028
 30
0.0
 11
93.00480153229167
 21
-126.65045849184028
 31
0.0
  0
LINE
  5
58F
330
17
100
AcDbEntity
  8
visible
100
AcDbLine
 10
92.75211598541667
 20
-128.44000927309028
 30
0.0
 11
93.24283864166667
 21
-126.65045849184028
 31
0.0
  0
LINE
  5
590
330
17
100
AcDbEntity
  8
visible
100
AcDbLine
 10
92.52384450104167
 20
-128.44000927309028
 30
0.0
 11
92.75211598541667
 21
-128.44000927309028
 31
0.0
  0
LINE
  5
591
330
17
100
AcDbEntity
  8
visible
100
AcDbLine
 10
92.14664723541667
 20
-127.07648388246528
 30
0.0
 11
92.52384450104167
 21
-128.44000927309028
 31
0.0
  0
SPLINE
  5
592
330
17
100
AcDbEntity
  8
visible
100
AcDbSpline
 70
0
 71
2
 72
6
 73
3
 74
0
 40
0.0
 40
0.0
 40
0.0
 40
1.0
 40
1.0
 40
1.0
 10
92.14664723541667
 20
-127.07648388246528
 30
0.0
 10
92.09903981354167
 20
-126.90558544496528
 30
0.0
 10
92.09049489166667
 20
-126.86652294496528
 30
0.0
  0
SPLINE
  5
593
330
17
100
AcDbEntity
  8
visible
100
AcDbSpline
 70
0
 71
2
 72
6
 73
3
 74
0
 40
0.0
 40
0.0
 40
0.0
 40
1.0
 40
1.0
 40
1.0
 10
92.09049489166667
 20
-126.86652294496528
 30
0.0
 10
92.06241871979167
 20
-126.98981396059028
 30
0.0
 10
92.03800465729167
 20
-127.07648388246528
 30
0.0
  0
LINE
  5
594
330
17
100
AcDbEntity
  8
visible
100
AcDbLine
 10
91.65836598541667
 20
-128.44000927309028
 30
0.0
 11
92.03800465729167
 21
-127.07648388246528
 31
0.0
  0
LINE
  5
595
330
17
100
AcDbEntity
  8
visible
100
AcDbLine
 10
93.47111012604167
 20
-128.44000927309028
 30
0.0
 11
93.70792653229167
 21
-128.44000927309028
 31
0.0
  0
LINE
  5
596
330
17
100
AcDbEntity
  8
visible
100
AcDbLine
 10
93.47111012604167
 20
-126.65045849184028
 30
0.0
 11
93.47111012604167
 21
-128.44000927309028
 31
0.0
  0
LINE
  5
597
330
17
100
AcDbEntity
  8
visible
100
AcDbLine
 10
93.70792653229167
 20
-126.65045849184028
 30
0.0
 11
93.47111012604167
 21
-126.65045849184028
 31
0.0
  0
LINE
  5
598
330
17
100
AcDbEntity
  8
visible
100
AcDbLine
 10
93.70792653229167
 20
-127.38532177309028
 30
0.0
 11
93.70792653229167
 21
-126.65045849184028
 31
0.0
  0
LINE
  5
599
330
17
100
AcDbEntity
  8
visible
100
AcDbLine
 10
94.63810231354167
 20
-127.38532177309028
 30
0.0
 11
93.70792653229167
 21
-127.38532177309028
 31
0.0
  0
LINE
  5
59A
330
17
100
AcDbEntity
  8
visible
100
AcDbLine
 10
94.63810231354167
 20
-126.65045849184028
 30
0.0
 11
94.63810231354167
 21
-127.38532177309028
 31
0.0
  0
LINE
  5
59B
330
17
100
AcDbEntity
  8
visible
100
AcDbLine
 10
94.87491871979167
 20
-126.65045849184028
 30
0.0
 11
94.63810231354167
 21
-126.65045849184028
 31
0.0
  0
LINE
  5
59C
330
17
100
AcDbEntity
  8
visible
100
AcDbLine
 10
94.87491871979167
 20
-128.44000927309028
 30
0.0
 11
94.87491871979167
 21
-126.65045849184028
 31
0.0
  0
LINE
  5
59D
330
17
100
AcDbEntity
  8
visible
100
AcDbLine
 10
94.63810231354167
 20
-128.44000927309028
 30
0.0
 11
94.87491871979167
 21
-128.44000927309028
 31
0.0
  0
LINE
  5
59E
330
17
100
AcDbEntity
  8
visible
100
AcDbLine
 10
94.63810231354167
 20
-127.59650341371528
 30
0.0
 11
94.63810231354167
 21
-128.44000927309028
 31
0.0
  0
LINE
  5
59F
330
17
100
AcDbEntity
  8
visible
100
AcDbLine
 10
93.70792653229167
 20
-127.59650341371528
 30
0.0
 11
94.63810231354167
 21
-127.59650341371528
 31
0.0
  0
LINE
  5
5A0
330
17
100
AcDbEntity
  8
visible
100
AcDbLine
 10
93.70792653229167
 20
-128.44000927309028
 30
0.0
 11
93.70792653229167
 21
-127.59650341371528
 31
0.0
  0
LINE
  5
5A1
330
17
100
AcDbEntity
  8
visible
100
AcDbLine
 10
95.27408864166667
 20
-128.44000927309028
 30
0.0
 11
96.60953786041667
 21
-128.44000927309028
 31
0.0
  0
LINE
  5
5A2
330
17
100
AcDbEntity
  8
visible
100
AcDbLine
 10
95.27408864166667
 20
-126.65045849184028
 30
0.0
 11
95.27408864166667
 21
-128.44000927309028
 31
0.0
  0
LINE
  5
5A3
330
17
100
AcDbEntity
  8
visible
100
AcDbLine
 10
96.56803395416667
 20
-126.65045849184028
 30
0.0
 11
95.27408864166667
 21
-126.65045849184028
 31
0.0
  0
LINE
  5
5A4
330
17
100
AcDbEntity
  8
visible
100
AcDbLine
 10
96.56803395416667
 20
-126.86164013246528
 30
0.0
 11
96.56803395416667
 21
-126.65045849184028
 31
0.0
  0
LINE
  5
5A5
330
17
100
AcDbEntity
  8
visible
100
AcDbLine
 10
95.51090504791667
 20
-126.86164013246528
 30
0.0
 11
96.56803395416667
 21
-126.86164013246528
 31
0.0
  0
LINE
  5
5A6
330
17
100
AcDbEntity
  8
visible
100
AcDbLine
 10
95.51090504791667
 20
-127.40973583559028
 30
0.0
 11
95.51090504791667
 21
-126.86164013246528
 31
0.0
  0
LINE
  5
5A7
330
17
100
AcDbEntity
  8
visible
100
AcDbLine
 10
96.50089528229167
 20
-127.40973583559028
 30
0.0
 11
95.51090504791667
 21
-127.40973583559028
 31
0.0
  0
LINE
  5
5A8
330
17
100
AcDbEntity
  8
visible
100
AcDbLine
 10
96.50089528229167
 20
-127.61969677309028
 30
0.0
 11
96.50089528229167
 21
-127.40973583559028
 31
0.0
  0
LINE
  5
5A9
330
17
100
AcDbEntity
  8
visible
100
AcDbLine
 10
95.51090504791667
 20
-127.61969677309028
 30
0.0
 11
96.50089528229167
 21
-127.61969677309028
 31
0.0
  0
LINE
  5
5AA
330
17
100
AcDbEntity
  8
visible
100
AcDbLine
 10
95.51090504791667
 20
-128.22882763246528
 30
0.0
 11
95.51090504791667
 21
-127.61969677309028
 31
0.0
  0
LINE
  5
5AB
330
17
100
AcDbEntity
  8
visible
100
AcDbLine
 10
96.60953786041667
 20
-128.22882763246528
 30
0.0
 11
95.51090504791667
 21
-128.22882763246528
 31
0.0
  0
LINE
  5
5AC
330
17
100
AcDbEntity
  8
visible
100
AcDbLine
 10
96.60953786041667
 20
-128.44000927309028
 30
0.0
 11
96.60953786041667
 21
-128.22882763246528
 31
0.0
  0
LINE
  5
5AD
330
17
100
AcDbEntity
  8
visible
100
AcDbLine
 10
96.94156911041667
 20
-128.44000927309028
 30
0.0
 11
98.27701832916667
 21
-128.44000927309028
 31
0.0
  0
LINE
  5
5AE
330
17
100
AcDbEntity
  8
visible
100
AcDbLine
 10
96.94156911041667
 20
-126.65045849184028
 30
0.0
 11
96.94156911041667
 21
-128.44000927309028
 31
0.0
  0
LINE
  5
5AF
330
17
100
AcDbEntity
  8
visible
100
AcDbLine
 10
98.23551442291667
 20
-126.65045849184028
 30
0.0
 11
96.94156911041667
 21
-126.65045849184028
 31
0.0
  0
LINE
  5
5B0
330
17
100
AcDbEntity
  8
visible
100
AcDbLine
 10
98.23551442291667
 20
-126.86164013246528
 30
0.0
 11
98.23551442291667
 21
-126.65045849184028
 31
0.0
  0
LINE
  5
5B1
330
17
100
AcDbEntity
  8
visible
100
AcDbLine
 10
97.17838551666667
 20
-126.86164013246528
 30
0.0
 11
98.23551442291667
 21
-126.86164013246528
 31
0.0
  0
LINE
  5
5B2
330
17
100
AcDbEntity
  8
visible
100
AcDbLine
 10
97.17838551666667
 20
-127.40973583559028
 30
0.0
 11
97.17838551666667
 21
-126.86164013246528
 31
0.0
  0
LINE
  5
5B3
330
17
100
AcDbEntity
  8
visible
100
AcDbLine
 10
98.16837575104167
 20
-127.40973583559028
 30
0.0
 11
97.17838551666667
 21
-127.40973583559028
 31
0.0
  0
LINE
  5
5B4
330
17
100
AcDbEntity
  8
visible
100
AcDbLine
 10
98.16837575104167
 20
-127.61969677309028
 30
0.0
 11
98.16837575104167
 21
-127.40973583559028
 31
0.0
  0
LINE
  5
5B5
330
17
100
AcDbEntity
  8
visible
100
AcDbLine
 10
97.17838551666667
 20
-127.61969677309028
 30
0.0
 11
98.16837575104167
 21
-127.61969677309028
 31
0.0
  0
LINE
  5
5B6
330
17
100
AcDbEntity
  8
visible
100
AcDbLine
 10
97.17838551666667
 20
-128.22882763246528
 30
0.0
 11
97.17838551666667
 21
-127.61969677309028
 31
0.0
  0
LINE
  5
5B7
330
17
100
AcDbEntity
  8
visible
100
AcDbLine
 10
98.27701832916667
 20
-128.22882763246528
 30
0.0
 11
97.17838551666667
 21
-128.22882763246528
 31
0.0
  0
LINE
  5
5B8
330
17
100
AcDbEntity
  8
visible
100
AcDbLine
 10
98.27701832916667
 20
-128.44000927309028
 30
0.0
 11
98.27701832916667
 21
-128.22882763246528
 31
0.0
  0
LINE
  5
5B9
330
17
100
AcDbEntity
  8
visible
100
AcDbLine
 10
98.59440114166667
 20
-128.44000927309028
 30
0.0
 11
99.71256520416667
 21
-128.44000927309028
 31
0.0
  0
LINE
  5
5BA
330
17
100
AcDbEntity
  8
visible
100
AcDbLine
 10
98.59440114166667
 20
-126.65045849184028
 30
0.0
 11
98.59440114166667
 21
-128.44000927309028
 31
0.0
  0
LINE
  5
5BB
330
17
100
AcDbEntity
  8
visible
100
AcDbLine
 10
98.83121754791667
 20
-126.65045849184028
 30
0.0
 11
98.59440114166667
 21
-126.65045849184028
 31
0.0
  0
LINE
  5
5BC
330
17
100
AcDbEntity
  8
visible
100
AcDbLine
 10
98.83121754791667
 20
-128.22882763246528
 30
0.0
 11
98.83121754791667
 21
-126.65045849184028
 31
0.0
  0
LINE
  5
5BD
330
17
100
AcDbEntity
  8
visible
100
AcDbLine
 10
99.71256520416667
 20
-128.22882763246528
 30
0.0
 11
98.83121754791667
 21
-128.22882763246528
 31
0.0
  0
LINE
  5
5BE
330
17
100
AcDbEntity
  8
visible
100
AcDbLine
 10
99.71256520416667
 20
-128.44000927309028
 30
0.0
 11
99.71256520416667
 21
-128.22882763246528
 31
0.0
  0
LINE
  5
5BF
330
17
100
AcDbEntity
  8
visible
100
AcDbLine
 10
134.48225921458334
 20
-116.86686197916667
 30
0.0
 11
134.33333343333334
 21
-116.8798828125
 31
0.0
  0
SPLINE
  5
5C0
330
17
100
AcDbEntity
  8
visible
100
AcDbSpline
 70
0
 71
3
 72
20
 73
16
 74
0
 40
0.0
 40
0.0
 40
0.0
 40
0.0
 40
1.9999999999997886
 40
1.9999999999997886
 40
1.9999999999997886
 40
3.971014492752967
 40
3.971014492752967
 40
3.971014492752967
 40
4.95652173912981
 40
4.95652173912981
 40
4.95652173912981
 40
6.066327196761287
 40
6.066327196761287
 40
6.066327196761287
 40
8.285938112024494
 40
8.285938112024494
 40
8.285938112024494
 40
8.285938112024494
 10
134.99088551666665
 20
-116.77083333333333
 30
0.0
 10
135.09172922904895
 20
-116.80889554084663
 30
0.0
 10
135.12984215150658
 20
-116.86433579595888
 30
0.0
 10
135.13085947500002
 20
-116.93929036458333
 30
0.0
 10
135.13068992108455
 20
-117.0118882093966
 30
0.0
 10
135.08654118169332
 20
-117.08045120032565
 30
0.0
 10
134.99414072500002
 20
-117.11507161458333
 30
0.0
 10
134.9480252736112
 20
-117.13297526041677
 30
0.0
 10
134.89485687083334
 20
-117.14192708333326
 30
0.0
 10
134.83463551666668
 20
-117.14192708333333
 30
0.0
 10
134.766818676389
 20
-117.1419270833334
 30
0.0
 10
134.70578352013882
 20
-117.13012695312496
 30
0.0
 10
134.6515300479167
 20
-117.10652669270833
 30
0.0
 10
134.54149711823186
 20
-117.05826645990261
 30
0.0
 10
134.4978911026014
 20
-116.98727933002786
 30
0.0
 10
134.48225921458337
 20
-116.86686197916667
 30
0.0
  0
SPLINE
  5
5C1
330
17
100
AcDbEntity
  8
visible
100
AcDbSpline
 70
0
 71
2
 72
8
 73
5
 74
0
 40
0.0
 40
0.0
 40
0.0
 40
1.0
 40
1.0
 40
2.0
 40
2.0
 40
2.0
 10
134.54817718333334
 20
-116.63818359375
 30
0.0
 10
134.61409515208328
 20
-116.67317708333331
 30
0.0
 10
134.77848317291668
 20
-116.712646484375
 30
0.0
 10
134.94287119375002
 20
-116.75211588541669
 30
0.0
 10
134.99088551666668
 20
-116.77083333333333
 30
0.0
  0
SPLINE
  5
5C2
330
17
100
AcDbEntity
  8
visible
100
AcDbSpline
 70
0
 71
3
 72
20
 73
16
 74
0
 40
0.0
 40
0.0
 40
0.0
 40
0.0
 40
2.0
 40
2.0
 40
2.0
 40
3.0
 40
3.0
 40
3.0
 40
3.9079754601229
 40
3.9079754601229
 40
3.9079754601229
 40
5.723926380368161
 40
5.723926380368161
 40
5.723926380368161
 40
7.376278118609154
 40
7.376278118609154
 40
7.376278118609154
 40
7.376278118609154
 10
135.2472331729167
 20
-116.40625
 30
0.0
 10
135.2421893220044
 20
-116.26818352321679
 30
0.0
 10
135.1675059734817
 20
-116.14758796115815
 30
0.0
 10
135.03279632395834
 20
-116.092529296875
 30
0.0
 10
134.96525075104174
 20
-116.06404622395831
 30
0.0
 10
134.88726138472222
 20
-116.0498046875
 30
0.0
 10
134.79882822500002
 20
-116.0498046875
 30
0.0
 10
134.71853308611114
 20
-116.04980468749996
 30
0.0
 10
134.64556216597217
 20
-116.06336805555559
 30
0.0
 10
134.57991546458334
 20
-116.09049479166669
 30
0.0
 10
134.44904594659454
 20
-116.14203540123967
 30
0.0
 10
134.37848246521102
 20
-116.26085088348252
 30
0.0
 10
134.37890635000008
 20
-116.37858072916671
 30
0.0
 10
134.37836381527782
 20
-116.49007161458334
 30
0.0
 10
134.43478742638885
 20
-116.57660590277777
 30
0.0
 10
134.54817718333334
 20
-116.63818359375
 30
0.0
  0
LINE
  5
5C3
330
17
100
AcDbEntity
  8
visible
100
AcDbLine
 10
135.09586598541668
 20
-116.41764322916667
 30
0.0
 11
135.24723317291668
 21
-116.40625
 31
0.0
  0
SPLINE
  5
5C4
330
17
100
AcDbEntity
  8
visible
100
AcDbSpline
 70
0
 71
3
 72
17
 73
13
 74
0
 40
0.0
 40
0.0
 40
0.0
 40
0.0
 40
1.0
 40
1.0
 40
1.0
 40
2.1518987341769718
 40
2.1518987341769718
 40
2.1518987341769718
 40
3.3037974683539435
 40
3.3037974683539435
 40
3.3037974683539435
 40
5.515966628307903
 40
5.515966628307903
 40
5.515966628307903
 40
5.515966628307903
 10
134.57747405833334
 20
-116.47379557291667
 30
0.0
 10
134.54654957916665
 20
-116.44612630208329
 30
0.0
 10
134.53108733958334
 20
-116.41086154513891
 30
0.0
 10
134.53108733958334
 20
-116.36800130208331
 30
0.0
 10
134.53108733958337
 20
-116.3186306423612
 30
0.0
 10
134.5529243621527
 20
-116.27644856770826
 30
0.0
 10
134.59659840729168
 20
-116.241455078125
 30
0.0
 10
134.64027245243065
 20
-116.20646158854179
 30
0.0
 10
134.70985253055554
 20
-116.1889648437499
 30
0.0
 10
134.80533864166668
 20
-116.18896484375
 30
0.0
 10
134.9896479243135
 20
-116.18871051287658
 30
0.0
 10
135.07865739721436
 20
-116.2670729072623
 30
0.0
 10
135.09586598541668
 20
-116.41764322916667
 30
0.0
  0
SPLINE
  5
5C5
330
17
100
AcDbEntity
  8
visible
100
AcDbSpline
 70
0
 71
2
 72
8
 73
5
 74
0
 40
0.0
 40
0.0
 40
0.0
 40
1.0
 40
1.0
 40
1.9999999999998594
 40
1.9999999999998594
 40
1.9999999999998594
 10
135.07958994375002
 20
-116.63492838541667
 30
0.0
 10
135.00797536041668
 20
-116.60237630208334
 30
0.0
 10
134.81551116770834
 20
-116.55883789062499
 30
0.0
 10
134.62304697500002
 20
-116.51529947916669
 30
0.0
 10
134.57747405833334
 20
-116.47379557291667
 30
0.0
  0
SPLINE
  5
5C6
330
17
100
AcDbEntity
  8
visible
100
AcDbSpline
 70
0
 71
3
 72
20
 73
16
 74
0
 40
0.0
 40
0.0
 40
0.0
 40
0.0
 40
2.000000000000105
 40
2.000000000000105
 40
2.000000000000105
 40
2.9999999999999907
 40
2.9999999999999907
 40
2.9999999999999907
 40
3.7889447236180036
 40
3.7889447236180036
 40
3.7889447236180036
 40
5.3668341708543545
 40
5.3668341708543545
 40
5.3668341708543545
 40
6.958209852682411
 40
6.958209852682411
 40
6.958209852682411
 40
6.958209852682411
 10
134.33333343333334
 20
-116.8798828125
 30
0.0
 10
134.33644444522312
 20
-117.03701426601525
 30
0.0
 10
134.42584416623524
 20
-117.17576785204031
 30
0.0
 10
134.570556740625
 20
-117.23632812499999
 30
0.0
 10
134.64352766076388
 20
-117.2677951388888
 30
0.0
 10
134.73399532569448
 20
-117.28352864583337
 30
0.0
 10
134.84195973541662
 20
-117.28352864583329
 30
0.0
 10
134.92713768680568
 20
-117.28352864583344
 30
0.0
 10
135.00377071631934
 20
-117.26793077256939
 30
0.0
 10
135.07185882395834
 20
-117.23673502604169
 30
0.0
 10
135.20731443509487
 20
-117.17709878411424
 30
0.0
 10
135.28376106872452
 20
-117.0504674051219
 30
0.0
 10
135.28304046458334
 20
-116.92626953125
 30
0.0
 10
135.2846680687501
 20
-116.79714626736121
 30
0.0
 10
135.21685122847222
 20
-116.7000325520832
 30
0.0
 10
135.07958994375002
 20
-116.63492838541669
 30
0.0
  0
LINE
  5
5C7
330
17
100
AcDbEntity
  8
visible
100
AcDbLine
 10
135.50358082916668
 20
-117.26318359375
 30
0.0
 11
135.66145843333337
 21
-117.26318359375
 31
0.0
  0
LINE
  5
5C8
330
17
100
AcDbEntity
  8
visible
100
AcDbLine
 10
135.50358082916668
 20
-116.07014973958333
 30
0.0
 11
135.50358082916668
 21
-117.26318359375
 31
0.0
  0
LINE
  5
5C9
330
17
100
AcDbEntity
  8
visible
100
AcDbLine
 10
135.66145843333337
 20
-116.07014973958333
 30
0.0
 11
135.50358082916668
 21
-116.07014973958333
 31
0.0
  0
LINE
  5
5CA
330
17
100
AcDbEntity
  8
visible
100
AcDbLine
 10
135.66145843333337
 20
-116.56005859375
 30
0.0
 11
135.66145843333337
 21
-116.07014973958333
 31
0.0
  0
LINE
  5
5CB
330
17
100
AcDbEntity
  8
visible
100
AcDbLine
 10
136.28157562083337
 20
-116.56005859375
 30
0.0
 11
135.66145843333337
 21
-116.56005859375
 31
0.0
  0
LINE
  5
5CC
330
17
100
AcDbEntity
  8
visible
100
AcDbLine
 10
136.28157562083337
 20
-116.07014973958333
 30
0.0
 11
136.28157562083337
 21
-116.56005859375
 31
0.0
  0
LINE
  5
5CD
330
17
100
AcDbEntity
  8
visible
100
AcDbLine
 10
136.43945322500002
 20
-116.07014973958333
 30
0.0
 11
136.28157562083337
 21
-116.07014973958333
 31
0.0
  0
LINE
  5
5CE
330
17
100
AcDbEntity
  8
visible
100
AcDbLine
 10
136.43945322500002
 20
-117.26318359375
 30
0.0
 11
136.43945322500002
 21
-116.07014973958333
 31
0.0
  0
LINE
  5
5CF
330
17
100
AcDbEntity
  8
visible
100
AcDbLine
 10
136.28157562083337
 20
-117.26318359375
 30
0.0
 11
136.43945322500002
 21
-117.26318359375
 31
0.0
  0
LINE
  5
5D0
330
17
100
AcDbEntity
  8
visible
100
AcDbLine
 10
136.28157562083337
 20
-116.70084635416667
 30
0.0
 11
136.28157562083337
 21
-117.26318359375
 31
0.0
  0
LINE
  5
5D1
330
17
100
AcDbEntity
  8
visible
100
AcDbLine
 10
135.66145843333337
 20
-116.70084635416667
 30
0.0
 11
136.28157562083337
 21
-116.70084635416667
 31
0.0
  0
LINE
  5
5D2
330
17
100
AcDbEntity
  8
visible
100
AcDbLine
 10
135.66145843333337
 20
-117.26318359375
 30
0.0
 11
135.66145843333337
 21
-116.70084635416667
 31
0.0
  0
LINE
  5
5D3
330
17
100
AcDbEntity
  8
visible
100
AcDbLine
 10
136.70556650625002
 20
-117.26318359375
 30
0.0
 11
137.59586598541668
 21
-117.26318359375
 31
0.0
  0
LINE
  5
5D4
330
17
100
AcDbEntity
  8
visible
100
AcDbLine
 10
136.70556650625002
 20
-116.07014973958333
 30
0.0
 11
136.70556650625002
 21
-117.26318359375
 31
0.0
  0
LINE
  5
5D5
330
17
100
AcDbEntity
  8
visible
100
AcDbLine
 10
137.56819671458337
 20
-116.07014973958333
 30
0.0
 11
136.70556650625002
 21
-116.07014973958333
 31
0.0
  0
LINE
  5
5D6
330
17
100
AcDbEntity
  8
visible
100
AcDbLine
 10
137.56819671458337
 20
-116.2109375
 30
0.0
 11
137.56819671458337
 21
-116.07014973958333
 31
0.0
  0
LINE
  5
5D7
330
17
100
AcDbEntity
  8
visible
100
AcDbLine
 10
136.86344411041668
 20
-116.2109375
 30
0.0
 11
137.56819671458337
 21
-116.2109375
 31
0.0
  0
LINE
  5
5D8
330
17
100
AcDbEntity
  8
visible
100
AcDbLine
 10
136.86344411041668
 20
-116.57633463541667
 30
0.0
 11
136.86344411041668
 21
-116.2109375
 31
0.0
  0
LINE
  5
5D9
330
17
100
AcDbEntity
  8
visible
100
AcDbLine
 10
137.52343760000002
 20
-116.57633463541667
 30
0.0
 11
136.86344411041668
 21
-116.57633463541667
 31
0.0
  0
LINE
  5
5DA
330
17
100
AcDbEntity
  8
visible
100
AcDbLine
 10
137.52343760000002
 20
-116.71630859375
 30
0.0
 11
137.52343760000002
 21
-116.57633463541667
 31
0.0
  0
LINE
  5
5DB
330
17
100
AcDbEntity
  8
visible
100
AcDbLine
 10
136.86344411041668
 20
-116.71630859375
 30
0.0
 11
137.52343760000002
 21
-116.71630859375
 31
0.0
  0
LINE
  5
5DC
330
17
100
AcDbEntity
  8
visible
100
AcDbLine
 10
136.86344411041668
 20
-117.12239583333333
 30
0.0
 11
136.86344411041668
 21
-116.71630859375
 31
0.0
  0
LINE
  5
5DD
330
17
100
AcDbEntity
  8
visible
100
AcDbLine
 10
137.59586598541668
 20
-117.12239583333333
 30
0.0
 11
136.86344411041668
 21
-117.12239583333333
 31
0.0
  0
LINE
  5
5DE
330
17
100
AcDbEntity
  8
visible
100
AcDbLine
 10
137.59586598541668
 20
-117.26318359375
 30
0.0
 11
137.59586598541668
 21
-117.12239583333333
 31
0.0
  0
LINE
  5
5DF
330
17
100
AcDbEntity
  8
visible
100
AcDbLine
 10
137.81722015208334
 20
-117.26318359375
 30
0.0
 11
138.70751963125
 21
-117.26318359375
 31
0.0
  0
LINE
  5
5E0
330
17
100
AcDbEntity
  8
visible
100
AcDbLine
 10
137.81722015208334
 20
-116.07014973958333
 30
0.0
 11
137.81722015208334
 21
-117.26318359375
 31
0.0
  0
LINE
  5
5E1
330
17
100
AcDbEntity
  8
visible
100
AcDbLine
 10
138.67985036041668
 20
-116.07014973958333
 30
0.0
 11
137.81722015208334
 21
-116.07014973958333
 31
0.0
  0
LINE
  5
5E2
330
17
100
AcDbEntity
  8
visible
100
AcDbLine
 10
138.67985036041668
 20
-116.2109375
 30
0.0
 11
138.67985036041668
 21
-116.07014973958333
 31
0.0
  0
LINE
  5
5E3
330
17
100
AcDbEntity
  8
visible
100
AcDbLine
 10
137.97509775625
 20
-116.2109375
 30
0.0
 11
138.67985036041668
 21
-116.2109375
 31
0.0
  0
LINE
  5
5E4
330
17
100
AcDbEntity
  8
visible
100
AcDbLine
 10
137.97509775625
 20
-116.57633463541667
 30
0.0
 11
137.97509775625
 21
-116.2109375
 31
0.0
  0
LINE
  5
5E5
330
17
100
AcDbEntity
  8
visible
100
AcDbLine
 10
138.63509124583334
 20
-116.57633463541667
 30
0.0
 11
137.97509775625
 21
-116.57633463541667
 31
0.0
  0
LINE
  5
5E6
330
17
100
AcDbEntity
  8
visible
100
AcDbLine
 10
138.63509124583334
 20
-116.71630859375
 30
0.0
 11
138.63509124583334
 21
-116.57633463541667
 31
0.0
  0
LINE
  5
5E7
330
17
100
AcDbEntity
  8
visible
100
AcDbLine
 10
137.97509775625
 20
-116.71630859375
 30
0.0
 11
138.63509124583334
 21
-116.71630859375
 31
0.0
  0
LINE
  5
5E8
330
17
100
AcDbEntity
  8
visible
100
AcDbLine
 10
137.97509775625
 20
-117.12239583333333
 30
0.0
 11
137.97509775625
 21
-116.71630859375
 31
0.0
  0
LINE
  5
5E9
330
17
100
AcDbEntity
  8
visible
100
AcDbLine
 10
138.70751963125
 20
-117.12239583333333
 30
0.0
 11
137.97509775625
 21
-117.12239583333333
 31
0.0
  0
LINE
  5
5EA
330
17
100
AcDbEntity
  8
visible
100
AcDbLine
 10
138.70751963125
 20
-117.26318359375
 30
0.0
 11
138.70751963125
 21
-117.12239583333333
 31
0.0
  0
LINE
  5
5EB
330
17
100
AcDbEntity
  8
visible
100
AcDbLine
 10
139.22916676666668
 20
-117.26318359375
 30
0.0
 11
139.38704437083334
 21
-117.26318359375
 31
0.0
  0
LINE
  5
5EC
330
17
100
AcDbEntity
  8
visible
100
AcDbLine
 10
139.22916676666668
 20
-116.2109375
 30
0.0
 11
139.22916676666668
 21
-117.26318359375
 31
0.0
  0
LINE
  5
5ED
330
17
100
AcDbEntity
  8
visible
100
AcDbLine
 10
138.83610036041668
 20
-116.2109375
 30
0.0
 11
139.22916676666668
 21
-116.2109375
 31
0.0
  0
LINE
  5
5EE
330
17
100
AcDbEntity
  8
visible
100
AcDbLine
 10
138.83610036041668
 20
-116.07014973958333
 30
0.0
 11
138.83610036041668
 21
-116.2109375
 31
0.0
  0
LINE
  5
5EF
330
17
100
AcDbEntity
  8
visible
100
AcDbLine
 10
139.78173838125002
 20
-116.07014973958333
 30
0.0
 11
138.83610036041668
 21
-116.07014973958333
 31
0.0
  0
LINE
  5
5F0
330
17
100
AcDbEntity
  8
visible
100
AcDbLine
 10
139.78173838125002
 20
-116.2109375
 30
0.0
 11
139.78173838125002
 21
-116.07014973958333
 31
0.0
  0
LINE
  5
5F1
330
17
100
AcDbEntity
  8
visible
100
AcDbLine
 10
139.38704437083334
 20
-116.2109375
 30
0.0
 11
139.78173838125002
 21
-116.2109375
 31
0.0
  0
LINE
  5
5F2
330
17
100
AcDbEntity
  8
visible
100
AcDbLine
 10
139.38704437083334
 20
-117.26318359375
 30
0.0
 11
139.38704437083334
 21
-116.2109375
 31
0.0
  0
LINE
  5
5F3
330
17
100
AcDbEntity
  8
visible
100
AcDbLine
 10
139.78092457916668
 20
-117.26318359375
 30
0.0
 11
139.94775400625002
 21
-117.26318359375
 31
0.0
  0
LINE
  5
5F4
330
17
100
AcDbEntity
  8
visible
100
AcDbLine
 10
139.78092457916668
 20
-117.09635416666667
 30
0.0
 11
139.78092457916668
 21
-117.26318359375
 31
0.0
  0
LINE
  5
5F5
330
17
100
AcDbEntity
  8
visible
100
AcDbLine
 10
139.94775400625002
 20
-117.09635416666667
 30
0.0
 11
139.78092457916668
 21
-117.09635416666667
 31
0.0
  0
LINE
  5
5F6
330
17
100
AcDbEntity
  8
visible
100
AcDbLine
 10
139.94775400625002
 20
-117.26318359375
 30
0.0
 11
139.94775400625002
 21
-117.09635416666667
 31
0.0
  0
LINE
  5
5F7
330
17
100
AcDbEntity
  8
visible
100
AcDbLine
 10
139.78092457916668
 20
-116.56575520833333
 30
0.0
 11
139.94775400625002
 21
-116.56575520833333
 31
0.0
  0
LINE
  5
5F8
330
17
100
AcDbEntity
  8
visible
100
AcDbLine
 10
139.78092457916668
 20
-116.39892578125
 30
0.0
 11
139.78092457916668
 21
-116.56575520833333
 31
0.0
  0
LINE
  5
5F9
330
17
100
AcDbEntity
  8
visible
100
AcDbLine
 10
139.94775400625002
 20
-116.39892578125
 30
0.0
 11
139.78092457916668
 21
-116.39892578125
 31
0.0
  0
LINE
  5
5FA
330
17
100
AcDbEntity
  8
visible
100
AcDbLine
 10
139.94775400625002
 20
-116.56575520833333
 30
0.0
 11
139.94775400625002
 21
-116.39892578125
 31
0.0
  0
LINE
  5
5FB
330
17
100
AcDbEntity
  8
visible
100
AcDbLine
 10
134.99251312083334
 20
-128.67621527777777
 30
0.0
 11
134.99251312083334
 21
-126.87934027777777
 31
0.0
  0
LINE
  5
5FC
330
17
100
AcDbEntity
  8
visible
100
AcDbLine
 10
134.77278655833334
 20
-128.67621527777777
 30
0.0
 11
134.99251312083334
 21
-128.67621527777777
 31
0.0
  0
LINE
  5
5FD
330
17
100
AcDbEntity
  8
visible
100
AcDbLine
 10
134.77278655833334
 20
-127.27606879340277
 30
0.0
 11
134.77278655833334
 21
-128.67621527777777
 31
0.0
  0
SPLINE
  5
5FE
330
17
100
AcDbEntity
  8
visible
100
AcDbSpline
 70
0
 71
2
 72
8
 73
5
 74
0
 40
0.0
 40
0.0
 40
0.0
 40
1.0
 40
1.0
 40
2.0
 40
2.0
 40
2.0
 10
134.33333343333334
 20
-127.54096137152777
 30
0.0
 10
134.43587249583334
 20
-127.50311957465277
 30
0.0
 10
134.56465667552084
 20
-127.42743598090277
 30
0.0
 10
134.69344085520834
 20
-127.35175238715277
 30
0.0
 10
134.77278655833334
 20
-127.27606879340277
 30
0.0
  0
LINE
  5
5FF
330
17
100
AcDbEntity
  8
visible
100
AcDbLine
 10
134.33333343333334
 20
-127.32855902777777
 30
0.0
 11
134.33333343333334
 21
-127.54096137152777
 31
0.0
  0
SPLINE
  5
600
330
17
100
AcDbEntity
  8
visible
100
AcDbSpline
 70
0
 71
2
 72
8
 73
5
 74
0
 40
0.0
 40
0.0
 40
0.0
 40
1.0
 40
1.0
 40
2.0
 40
2.0
 40
2.0
 10
134.85091155833334
 20
-126.87934027777777
 30
0.0
 10
134.79353851145834
 20
-126.99530707465277
 30
0.0
 10
134.65559905833334
 20
-127.11859809027777
 30
0.0
 10
134.51765960520834
 20
-127.24188910590277
 30
0.0
 10
134.33333343333334
 20
-127.32855902777777
 30
0.0
  0
LINE
  5
601
330
17
100
AcDbEntity
  8
visible
100
AcDbLine
 10
134.99251312083334
 20
-126.87934027777777
 30
0.0
 11
134.85091155833334
 21
-126.87934027777777
 31
0.0
  0
CIRCLE
  5
602
330
17
100
AcDbEntity
  8
visible
100
AcDbCircle
 10
-104.0
 20
75.0
 30
0.0
 40
41.999999889473685
  0
ARC
  5
603
330
17
100
AcDbEntity
  8
visible
100
AcDbCircle
 10
-104.0
 20
75.0
 30
0.0
 40
35.368420959556786
100
AcDbArc
 50
184.48079878598244
 51
235.51920121401747
  0
LINE
  5
604
330
17
100
AcDbEntity
  8
visible
100
AcDbLine
 10
-114.70166448109491
 20
72.23684211253463
 30
0.0
 11
-139.26031990299225
 21
72.23684211253463
 31
0.0
  0
LINE
  5
605
330
17
100
AcDbEntity
  8
visible
100
AcDbLine
 10
-111.74379716575984
 20
67.11366564032681
 30
0.0
 11
-124.0231248767085
 21
45.84524616217535
 31
0.0
  0
ARC
  5
606
330
17
100
AcDbEntity
  8
visible
100
AcDbCircle
 10
-104.0
 20
75.0
 30
0.0
 40
11.052631549861495
100
AcDbArc
 50
194.4775121859316
 51
225.52248781406922
  0
ARC
  5
607
330
17
100
AcDbEntity
  8
visible
100
AcDbCircle
 10
-104.0
 20
75.0
 30
0.0
 40
35.368420959556786
100
AcDbArc
 50
244.48079878598335
 51
295.5192012140166
  0
ARC
  5
608
330
17
100
AcDbEntity
  8
visible
100
AcDbCircle
 10
-104.0
 20
75.0
 30
0.0
 40
35.368420959556786
100
AcDbArc
 50
304.4807987859824
 51
355.5192012140198
  0
LINE
  5
609
330
17
100
AcDbEntity
  8
visible
100
AcDbLine
 10
-93.2983355189051
 20
72.23684211253463
 30
0.0
 11
-68.73968009700752
 21
72.23684211253463
 31
0.0
  0
ARC
  5
60A
330
17
100
AcDbEntity
  8
visible
100
AcDbCircle
 10
-104.0
 20
75.0
 30
0.0
 40
11.052631549861495
100
AcDbArc
 50
314.47751218593066
 51
345.5224878140682
  0
ARC
  5
60B
330
17
100
AcDbEntity
  8
visible
100
AcDbCircle
 10
-104.0
 20
75.0
 30
0.0
 40
11.052631549861495
100
AcDbArc
 50
254.47751218593032
 51
285.5224878140696
  0
LINE
  5
60C
330
17
100
AcDbEntity
  8
visible
100
AcDbLine
 10
-106.95786731533515
 20
64.35050775286142
 30
0.0
 11
-119.23719502628373
 21
43.082088274710046
 31
0.0
  0
ARC
  5
60D
330
17
100
AcDbEntity
  8
visible
100
AcDbCircle
 10
-104.0
 20
75.0
 30
0.0
 40
35.368420959556786
100
AcDbArc
 50
124.48079878598243
 51
175.51920121401892
  0
LINE
  5
60E
330
17
100
AcDbEntity
  8
visible
100
AcDbLine
 10
-111.74379716575984
 20
82.88633435967319
 30
0.0
 11
-124.02312487670848
 21
104.15475383782467
 31
0.0
  0
LINE
  5
60F
330
17
100
AcDbEntity
  8
visible
100
AcDbLine
 10
-114.70166448109498
 20
77.76315788746537
 30
0.0
 11
-139.2603199029924
 21
77.76315788746538
 31
0.0
  0
ARC
  5
610
330
17
100
AcDbEntity
  8
visible
100
AcDbCircle
 10
-104.0
 20
75.0
 30
0.0
 40
11.052631549861495
100
AcDbArc
 50
134.47751218593072
 51
165.52248781406914
  0
CIRCLE
  5
611
330
17
100
AcDbEntity
  8
visible
100
AcDbCircle
 10
-104.0
 20
75.0
 30
0.0
 40
4.421052619944598
  0
LINE
  5
612
330
17
100
AcDbEntity
  8
visible
100
AcDbLine
 10
-101.04213268466484
 20
85.6494922471386
 30
0.0
 11
-88.76280497371626
 21
106.91791172528997
 31
0.0
  0
ARC
  5
613
330
17
100
AcDbEntity
  8
visible
100
AcDbCircle
 10
-104.0
 20
75.0
 30
0.0
 40
11.052631549861495
100
AcDbArc
 50
74.47751218593038
 51
105.52248781406962
  0
ARC
  5
614
330
17
100
AcDbEntity
  8
visible
100
AcDbCircle
 10
-104.0
 20
75.0
 30
0.0
 40
35.368420959556786
100
AcDbArc
 50
64.48079878598335
 51
115.51920121401666
  0
LINE
  5
615
330
17
100
AcDbEntity
  8
visible
100
AcDbLine
 10
-106.95786731533514
 20
85.64949224713858
 30
0.0
 11
-119.23719502628371
 21
106.91791172528997
 31
0.0
  0
ARC
  5
616
330
17
100
AcDbEntity
  8
visible
100
AcDbCircle
 10
-104.0
 20
75.0
 30
0.0
 40
11.052631549861495
100
AcDbArc
 50
14.477512185931825
 51
45.52248781406928
  0
LINE
  5
617
330
17
100
AcDbEntity
  8
visible
100
AcDbLine
 10
-93.2983355189051
 20
77.76315788746537
 30
0.0
 11
-68.73968009700752
 21
77.76315788746537
 31
0.0
  0
LINE
  5
618
330
17
100
AcDbEntity
  8
visible
100
AcDbLine
 10
-96.25620283424014
 20
82.88633435967319
 30
0.0
 11
-83.9768751232915
 21
104.15475383782466
 31
0.0
  0
ARC
  5
619
330
17
100
AcDbEntity
  8
visible
100
AcDbCircle
 10
-104.0
 20
75.0
 30
0.0
 40
35.368420959556786
100
AcDbArc
 50
4.480798785980152
 51
55.519201214017556
  0
LINE
  5
61A
330
17
100
AcDbEntity
  8
visible
100
AcDbLine
 10
-101.04213268466484
 20
64.3505077528614
 30
0.0
 11
-88.76280497371626
 21
43.08208827471003
 31
0.0
  0
LINE
  5
61B
330
17
100
AcDbEntity
  8
visible
100
AcDbLine
 10
-96.25620283424014
 20
67.11366564032681
 30
0.0
 11
-83.9768751232915
 21
45.845246162175336
 31
0.0
  0
SPLINE
  5
61C
330
17
100
AcDbEntity
  8
visible
100
AcDbSpline
 70
0
 71
1
 72
17
 73
15
 74
0
 40
0.0
 40
0.0
 40
0.07142857142857142
 40
0.14285714285714285
 40
0.21428571428571427
 40
0.2857142857142857
 40
0.35714285714285715
 40
0.42857142857142855
 40
0.5
 40
0.5714285714285714
 40
0.6428571428571429
 40
0.7142857142857143
 40
0.7857142857142857
 40
0.8571428571428571
 40
0.9285714285714286
 40
1.0
 40
1.0
 10
-145.9999998894737
 20
-22.868421042451523
 30
0.0
 10
-144.94697220388144
 20
-22.868421042451523
 30
0.0
 10
-141.84069235232084
 20
-22.868421042451523
 30
0.0
 10
-136.83692217724433
 20
-22.868421042451523
 30
0.0
 10
-130.1865716091548
 20
-22.868421042451523
 30
0.0
 10
-122.2231169949819
 20
-22.868421042451523
 30
0.0
 10
-113.34587920157081
 20
-22.868421042451523
 30
0.0
 10
-104.00000000000003
 20
-22.868421042451523
 30
0.0
 10
-94.65412079842925
 20
-22.868421042451523
 30
0.0
 10
-85.77688300501816
 20
-22.868421042451523
 30
0.0
 10
-77.81342839084525
 20
-22.868421042451523
 30
0.0
 10
-71.16307782275574
 20
-22.868421042451523
 30
0.0
 10
-66.1593076476792
 20
-22.868421042451523
 30
0.0
 10
-63.05302779611863
 20
-22.868421042451523
 30
0.0
 10
-62.000000110526344
 20
-22.868421042451523
 30
0.0
  0
LINE
  5
61D
330
17
100
AcDbEntity
  8
visible
100
AcDbLine
 10
-62.000000110526344
 20
-22.868421042451523
 30
0.0
 11
-62.000000110526344
 21
-15.131578957548475
 31
0.0
  0
SPLINE
  5
61E
330
17
100
AcDbEntity
  8
visible
100
AcDbSpline
 70
0
 71
1
 72
17
 73
15
 74
0
 40
0.0
 40
0.0
 40
0.07142857142857142
 40
0.14285714285714285
 40
0.21428571428571427
 40
0.2857142857142857
 40
0.35714285714285715
 40
0.42857142857142855
 40
0.5
 40
0.5714285714285714
 40
0.6428571428571429
 40
0.7142857142857143
 40
0.7857142857142857
 40
0.8571428571428571
 40
0.9285714285714286
 40
1.0
 40
1.0
 10
-145.9999998894737
 20
-15.131578957548475
 30
0.0
 10
-144.94697220388144
 20
-15.131578957548475
 30
0.0
 10
-141.84069235232084
 20
-15.131578957548475
 30
0.0
 10
-136.83692217724433
 20
-15.131578957548475
 30
0.0
 10
-130.1865716091548
 20
-15.131578957548475
 30
0.0
 10
-122.2231169949819
 20
-15.131578957548475
 30
0.0
 10
-113.34587920157081
 20
-15.131578957548475
 30
0.0
 10
-104.00000000000003
 20
-15.131578957548475
 30
0.0
 10
-94.65412079842925
 20
-15.131578957548475
 30
0.0
 10
-85.77688300501816
 20
-15.131578957548475
 30
0.0
 10
-77.81342839084525
 20
-15.131578957548475
 30
0.0
 10
-71.16307782275574
 20
-15.131578957548475
 30
0.0
 10
-66.1593076476792
 20
-15.131578957548475
 30
0.0
 10
-63.05302779611863
 20
-15.131578957548475
 30
0.0
 10
-62.000000110526344
 20
-15.131578957548475
 30
0.0
  0
LINE
  5
61F
330
17
100
AcDbEntity
  8
visible
100
AcDbLine
 10
-145.9999998894737
 20
-15.131578957548475
 30
0.0
 11
-145.9999998894737
 21
-22.868421042451523
 31
0.0
  0
SPLINE
  5
620
330
17
100
AcDbEntity
  8
visible
100
AcDbSpline
 70
0
 71
1
 72
17
 73
15
 74
0
 40
0.0
 40
0.0
 40
0.1121997376282069
 40
0.2243994752564138
 40
0.3365992128846207
 40
0.4487989505128276
 40
0.5609986881410345
 40
0.6731984257692414
 40
0.7853981633974483
 40
0.8975979010256552
 40
1.009797638653862
 40
1.121997376282069
 40
1.2341971139102759
 40
1.3463968515384828
 40
1.4585965891666897
 40
1.5707963267948966
 40
1.5707963267948966
 10
35.0
 20
-22.868421042451523
 30
0.0
 10
39.70250798396391
 20
-22.868421042451523
 30
0.0
 10
44.34587920157078
 20
-22.868421042451523
 30
0.0
 10
48.87172056561249
 20
-22.868421042451523
 30
0.0
 10
53.22311699498187
 20
-22.868421042451523
 30
0.0
 10
57.34534715484059
 20
-22.868421042451523
 30
0.0
 10
61.186571609154775
 20
-22.868421042451523
 30
0.0
 10
64.69848473168108
 20
-22.868421042451523
 30
0.0
 10
67.8369221772443
 20
-22.868421042451523
 30
0.0
 10
70.56241627400263
 20
-22.868421042451523
 30
0.0
 10
72.84069235232083
 20
-22.868421042451523
 30
0.0
 10
74.6430997686275
 20
-22.868421042451523
 30
0.0
 10
75.9469722038814
 20
-22.868421042451523
 30
0.0
 10
76.73591270568484
 20
-22.868421042451523
 30
0.0
 10
76.99999988947368
 20
-22.868421042451523
 30
0.0
  0
SPLINE
  5
621
330
17
100
AcDbEntity
  8
visible
100
AcDbSpline
 70
0
 71
1
 72
17
 73
15
 74
0
 40
0.0
 40
0.0
 40
0.07142857142857142
 40
0.14285714285714285
 40
0.21428571428571427
 40
0.2857142857142857
 40
0.35714285714285715
 40
0.42857142857142855
 40
0.5
 40
0.5714285714285714
 40
0.6428571428571429
 40
0.7142857142857143
 40
0.7857142857142857
 40
0.8571428571428571
 40
0.9285714285714286
 40
1.0
 40
1.0
 10
-6.999999889473685
 20
-22.868421042451523
 30
0.0
 10
-6.735912705684839
 20
-22.868421042451523
 30
0.0
 10
-5.946972203881401
 20
-22.868421042451523
 30
0.0
 10
-4.6430997686274935
 20
-22.868421042451523
 30
0.0
 10
-2.8406923523208434
 20
-22.868421042451523
 30
0.0
 10
-0.5624162740026293
 20
-22.868421042451523
 30
0.0
 10
2.163077822755696
 20
-22.868421042451523
 30
0.0
 10
5.301515268318905
 20
-22.868421042451523
 30
0.0
 10
8.813428390845214
 20
-22.868421042451523
 30
0.0
 10
12.654652845159404
 20
-22.868421042451523
 30
0.0
 10
16.77688300501812
 20
-22.868421042451523
 30
0.0
 10
21.1282794343875
 20
-22.868421042451523
 30
0.0
 10
25.654120798429204
 20
-22.868421042451523
 30
0.0
 10
30.29749201603608
 20
-22.868421042451523
 30
0.0
 10
34.999999999999986
 20
-22.868421042451523
 30
0.0
  0
SPLINE
  5
622
330
17
100
AcDbEntity
  8
visible
100
AcDbSpline
 70
0
 71
1
 72
17
 73
15
 74
0
 40
0.0
 40
0.0
 40
0.1121997376282069
 40
0.2243994752564138
 40
0.3365992128846207
 40
0.4487989505128276
 40
0.5609986881410345
 40
0.6731984257692414
 40
0.7853981633974483
 40
0.8975979010256552
 40
1.009797638653862
 40
1.121997376282069
 40
1.2341971139102759
 40
1.3463968515384828
 40
1.4585965891666897
 40
1.5707963267948966
 40
1.5707963267948966
 10
35.0
 20
-15.131578957548475
 30
0.0
 10
39.70250798396391
 20
-15.131578957548475
 30
0.0
 10
44.34587920157078
 20
-15.131578957548475
 30
0.0
 10
48.87172056561249
 20
-15.131578957548475
 30
0.0
 10
53.22311699498187
 20
-15.131578957548475
 30
0.0
 10
57.34534715484059
 20
-15.131578957548475
 30
0.0
 10
61.186571609154775
 20
-15.131578957548475
 30
0.0
 10
64.69848473168108
 20
-15.131578957548475
 30
0.0
 10
67.8369221772443
 20
-15.131578957548475
 30
0.0
 10
70.56241627400263
 20
-15.131578957548475
 30
0.0
 10
72.84069235232083
 20
-15.131578957548475
 30
0.0
 10
74.6430997686275
 20
-15.131578957548475
 30
0.0
 10
75.9469722038814
 20
-15.131578957548475
 30
0.0
 10
76.73591270568484
 20
-15.131578957548475
 30
0.0
 10
76.99999988947368
 20
-15.131578957548475
 30
0.0
  0
SPLINE
  5
623
330
17
100
AcDbEntity
  8
visible
100
AcDbSpline
 70
0
 71
1
 72
17
 73
15
 74
0
 40
0.0
 40
0.0
 40
0.07142857142857142
 40
0.14285714285714285
 40
0.21428571428571427
 40
0.2857142857142857
 40
0.35714285714285715
 40
0.42857142857142855
 40
0.5
 40
0.5714285714285714
 40
0.6428571428571429
 40
0.7142857142857143
 40
0.7857142857142857
 40
0.8571428571428571
 40
0.9285714285714286
 40
1.0
 40
1.0
 10
-6.999999889473685
 20
-15.131578957548475
 30
0.0
 10
-6.735912705684839
 20
-15.131578957548475
 30
0.0
 10
-5.946972203881401
 20
-15.131578957548475
 30
0.0
 10
-4.6430997686274935
 20
-15.131578957548475
 30
0.0
 10
-2.8406923523208434
 20
-15.131578957548475
 30
0.0
 10
-0.5624162740026293
 20
-15.131578957548475
 30
0.0
 10
2.163077822755696
 20
-15.131578957548475
 30
0.0
 10
5.301515268318905
 20
-15.131578957548475
 30
0.0
 10
8.813428390845214
 20
-15.131578957548475
 30
0.0
 10
12.654652845159404
 20
-15.131578957548475
 30
0.0
 10
16.77688300501812
 20
-15.131578957548475
 30
0.0
 10
21.1282794343875
 20
-15.131578957548475
 30
0.0
 10
25.654120798429204
 20
-15.131578957548475
 30
0.0
 10
30.29749201603608
 20
-15.131578957548475
 30
0.0
 10
34.999999999999986
 20
-15.131578957548475
 30
0.0
  0
LINE
  5
624
330
17
100
AcDbEntity
  8
visible
100
AcDbLine
 10
-6.999999889473685
 20
-15.131578957548475
 30
0.0
 11
-6.999999889473685
 21
-22.868421042451523
 31
0.0
  0
LINE
  5
625
330
17
100
AcDbEntity
  8
visible
100
AcDbLine
 10
76.99999988947368
 20
-15.131578957548475
 30
0.0
 11
76.99999988947368
 21
-22.868421042451523
 31
0.0
  0
ELLIPSE
  5
626
330
17
100
AcDbEntity
  8
visible
100
AcDbEllipse
 10
106.99999999999999
 20
70.88741537804664
 30
0.0
 11
51.300000000000004
 21
0.0
 31
0.0
 40
0.492365963917331
 41
5.497787143782138
 42
6.283185307179586
  0
ELLIPSE
  5
627
330
17
100
AcDbEntity
  8
visible
100
AcDbEllipse
 10
106.99999999999999
 20
70.88741537804664
 30
0.0
 11
51.300000000000004
 21
0.0
 31
0.0
 40
0.492365963917331
 41
3.141592653589793
 42
5.497787143782138
  0
ELLIPSE
  5
628
330
17
100
AcDbEntity
  8
visible
100
AcDbEllipse
 10
106.99999999999999
 20
70.88741537804664
 30
0.0
 11
43.2
 21
0.0
 31
0.0
 40
0.492365963917331
 41
2.434399182127103
 42
2.9347809171968167
  0
LINE
  5
629
330
17
100
AcDbEntity
  8
visible
100
AcDbLine
 10
87.3048688886783
 20
78.23457923674884
 30
0.0
 11
74.15986643302284
 21
84.70673104152333
 31
0.0
  0
LINE
  5
62A
330
17
100
AcDbEntity
  8
visible
100
AcDbLine
 10
95.24758987097
 20
67.61657613224195
 30
0.0
 11
74.82029487564274
 21
64.9216222558906
 31
0.0
  0
ELLIPSE
  5
62B
330
17
100
AcDbEntity
  8
visible
100
AcDbEllipse
 10
106.99999999999999
 20
70.88741537804664
 30
0.0
 11
13.5
 21
0.0
 31
0.0
 40
0.4923659639173311
 41
3.656072296531028
 42
3.8437523780735914
  0
LINE
  5
62C
330
17
100
AcDbEntity
  8
visible
100
AcDbLine
 10
106.87689341537425
 20
64.24075123831605
 30
0.0
 11
103.43434631837292
 21
57.91495117014988
 31
0.0
  0
ELLIPSE
  5
62D
330
17
100
AcDbEntity
  8
visible
100
AcDbEllipse
 10
106.99999999999999
 20
70.88741537804664
 30
0.0
 11
13.5
 21
0.0
 31
0.0
 40
0.4923659639173311
 41
4.703269847727632
 42
5.245106888640026
  0
LINE
  5
62E
330
17
100
AcDbEntity
  8
visible
100
AcDbLine
 10
113.85633277139493
 20
65.16154212871886
 30
0.0
 11
124.85784221235537
 21
59.74477332827477
 31
0.0
  0
ELLIPSE
  5
62F
330
17
100
AcDbEntity
  8
visible
100
AcDbEllipse
 10
106.99999999999999
 20
70.88741537804664
 30
0.0
 11
43.2
 21
0.0
 31
0.0
 40
0.492365963917331
 41
1.4881640423869031
 42
1.996954864080514
  0
LINE
  5
630
330
17
100
AcDbEntity
  8
visible
100
AcDbLine
 10
117.30656247046193
 20
83.40563100919658
 30
0.0
 11
121.40680853569228
 21
90.9399758149729
 31
0.0
  0
ELLIPSE
  5
631
330
17
100
AcDbEntity
  8
visible
100
AcDbEllipse
 10
106.99999999999999
 20
70.88741537804664
 30
0.0
 11
43.2
 21
0.0
 31
0.0
 40
0.492365963917331
 41
0.7304105119912747
 42
1.2307922470609731
  0
LINE
  5
632
330
17
100
AcDbEntity
  8
visible
100
AcDbLine
 10
126.69513111132169
 20
71.76542076325117
 30
0.0
 11
149.27943253156536
 21
74.74494647485889
 31
0.0
  0
ELLIPSE
  5
633
330
17
100
AcDbEntity
  8
visible
100
AcDbEllipse
 10
106.99999999999999
 20
79.11258462195336
 30
0.0
 11
51.300000000000004
 21
0.0
 31
0.0
 40
0.492365963917331
 41
5.497787143782138
 42
6.283185307179586
  0
ELLIPSE
  5
634
330
17
100
AcDbEntity
  8
visible
100
AcDbEllipse
 10
106.99999999999999
 20
79.11258462195336
 30
0.0
 11
51.300000000000004
 21
0.0
 31
0.0
 40
0.492365963917331
 41
0.0
 42
3.141592653589793
  0
ELLIPSE
  5
635
330
17
100
AcDbEntity
  8
visible
100
AcDbEllipse
 10
106.99999999999999
 20
79.11258462195336
 30
0.0
 11
51.300000000000004
 21
0.0
 31
0.0
 40
0.492365963917331
 41
3.141592653589793
 42
5.497787143782138
  0
ELLIPSE
  5
636
330
17
100
AcDbEntity
  8
visible
100
AcDbEllipse
 10
106.99999999999999
 20
79.11258462195336
 30
0.0
 11
43.2
 21
0.0
 31
0.0
 40
0.492365963917331
 41
2.434399182127103
 42
3.141592653589793
  0
ELLIPSE
  5
637
330
17
100
AcDbEntity
  8
visible
100
AcDbEllipse
 10
106.99999999999999
 20
79.11258462195336
 30
0.0
 11
43.2
 21
0.0
 31
0.0
 40
0.492365963917331
 41
3.141592653589793
 42
3.3251873494541826
  0
LINE
  5
638
330
17
100
AcDbEntity
  8
visible
100
AcDbLine
 10
74.15986643302283
 20
92.93190028543006
 30
0.0
 11
74.15986643302283
 21
84.70673104152333
 31
0.0
  0
LINE
  5
639
330
17
100
AcDbEntity
  8
visible
100
AcDbLine
 10
95.37069645559585
 20
82.48840951587923
 30
0.0
 11
74.15986643302284
 21
92.93190028543005
 31
0.0
  0
LINE
  5
63A
330
17
100
AcDbEntity
  8
visible
100
AcDbLine
 10
93.50056131652804
 20
79.05197112974955
 30
0.0
 11
64.52602867033974
 21
75.22938820390567
 31
0.0
  0
ELLIPSE
  5
63B
330
17
100
AcDbEntity
  8
visible
100
AcDbEllipse
 10
106.99999999999999
 20
79.11258462195336
 30
0.0
 11
13.5
 21
0.0
 31
0.0
 40
0.4923659639173311
 41
2.608874745334453
 42
3.141592653589793
  0
ELLIPSE
  5
63C
330
17
100
AcDbEntity
  8
visible
100
AcDbEllipse
 10
106.99999999999999
 20
79.11258462195336
 30
0.0
 11
13.5
 21
0.0
 31
0.0
 40
0.4923659639173311
 41
3.141592653589793
 42
3.150711786246849
  0
ELLIPSE
  5
63D
330
17
100
AcDbEntity
  8
visible
100
AcDbEllipse
 10
106.99999999999999
 20
79.11258462195336
 30
0.0
 11
43.2
 21
0.0
 31
0.0
 40
0.492365963917331
 41
3.481596733323717
 42
4.372384900650766
  0
ELLIPSE
  5
63E
330
17
100
AcDbEntity
  8
visible
100
AcDbEllipse
 10
106.99999999999999
 20
79.11258462195336
 30
0.0
 11
43.2
 21
0.0
 31
0.0
 40
0.492365963917331
 41
4.528794284520298
 42
5.419582451847419
  0
LINE
  5
63F
330
17
100
AcDbEntity
  8
visible
100
AcDbLine
 10
113.85633277139493
 20
73.3867113726256
 30
0.0
 11
135.06716279396812
 21
62.94322060307467
 31
0.0
  0
LINE
  5
640
330
17
100
AcDbEntity
  8
visible
100
AcDbLine
 10
113.85633277139507
 20
73.38671137262551
 30
0.0
 11
113.85633277139507
 21
65.16154212871879
 31
0.0
  0
ELLIPSE
  5
641
330
17
100
AcDbEntity
  8
visible
100
AcDbEllipse
 10
106.99999999999999
 20
79.11258462195336
 30
0.0
 11
13.5
 21
0.0
 31
0.0
 40
0.4923659639173311
 41
4.703269847727632
 42
5.245106888640026
  0
LINE
  5
642
330
17
100
AcDbEntity
  8
visible
100
AcDbLine
 10
106.87689341537423
 20
72.46592048222274
 30
0.0
 11
106.87689341537423
 21
64.24075123831601
 31
0.0
  0
ELLIPSE
  5
643
330
17
100
AcDbEntity
  8
visible
100
AcDbEllipse
 10
106.99999999999999
 20
79.11258462195336
 30
0.0
 11
13.5
 21
0.0
 31
0.0
 40
0.4923659639173311
 41
3.656072296531028
 42
4.197909337443454
  0
LINE
  5
644
330
17
100
AcDbEntity
  8
visible
100
AcDbLine
 10
95.24758987096995
 20
75.84174537614867
 30
0.0
 11
95.24758987096995
 21
67.61657613224195
 31
0.0
  0
LINE
  5
645
330
17
100
AcDbEntity
  8
visible
100
AcDbLine
 10
95.24758987097
 20
75.84174537614868
 30
0.0
 11
66.27305722478184
 21
72.01916245030482
 31
0.0
  0
ELLIPSE
  5
646
330
17
100
AcDbEntity
  8
visible
100
AcDbEllipse
 10
106.99999999999999
 20
79.11258462195336
 30
0.0
 11
43.2
 21
0.0
 31
0.0
 40
0.492365963917331
 41
1.3872016309305053
 42
2.2779897982576105
  0
LINE
  5
647
330
17
100
AcDbEntity
  8
visible
100
AcDbLine
 10
107.12310658462573
 20
85.75924876168395
 30
0.0
 11
114.88680920824109
 21
100.02532245707862
 31
0.0
  0
LINE
  5
648
330
17
100
AcDbEntity
  8
visible
100
AcDbLine
 10
100.14366722860498
 20
84.83845787128118
 30
0.0
 11
78.93283720603193
 21
95.28194864083201
 31
0.0
  0
ELLIPSE
  5
649
330
17
100
AcDbEntity
  8
visible
100
AcDbEllipse
 10
106.99999999999999
 20
79.11258462195336
 30
0.0
 11
13.5
 21
0.0
 31
0.0
 40
0.4923659639173311
 41
1.5616771941378396
 42
2.10351423505025
  0
ELLIPSE
  5
64A
330
17
100
AcDbEntity
  8
visible
100
AcDbEllipse
 10
106.99999999999999
 20
79.11258462195336
 30
0.0
 11
5.4
 21
0.0
 31
0.0
 40
0.492365963917331
 41
5.497787143782138
 42
6.283185307179586
  0
ELLIPSE
  5
64B
330
17
100
AcDbEntity
  8
visible
100
AcDbEllipse
 10
106.99999999999999
 20
79.11258462195336
 30
0.0
 11
5.4
 21
0.0
 31
0.0
 40
0.492365963917331
 41
0.0
 42
3.141592653589793
  0
ELLIPSE
  5
64C
330
17
100
AcDbEntity
  8
visible
100
AcDbEllipse
 10
106.99999999999999
 20
79.11258462195336
 30
0.0
 11
5.4
 21
0.0
 31
0.0
 40
0.492365963917331
 41
3.141592653589793
 42
5.497787143782138
  0
LINE
  5
64D
330
17
100
AcDbEntity
  8
visible
100
AcDbLine
 10
118.75241012903
 20
82.38342386775805
 30
0.0
 11
147.72694277521813
 21
86.20600679360192
 31
0.0
  0
ELLIPSE
  5
64E
330
17
100
AcDbEntity
  8
visible
100
AcDbEllipse
 10
106.99999999999999
 20
79.11258462195336
 30
0.0
 11
13.5
 21
0.0
 31
0.0
 40
0.4923659639173311
 41
0.5144796429412359
 42
1.0563166838536606
  0
LINE
  5
64F
330
17
100
AcDbEntity
  8
visible
100
AcDbLine
 10
121.40680853569232
 20
99.16514505887969
 30
0.0
 11
121.40680853569232
 21
90.93997581497297
 31
0.0
  0
ELLIPSE
  5
650
330
17
100
AcDbEntity
  8
visible
100
AcDbEllipse
 10
106.99999999999999
 20
79.11258462195336
 30
0.0
 11
43.2
 21
0.0
 31
0.0
 40
0.492365963917331
 41
0.34000407973392366
 42
1.2307922470609731
  0
LINE
  5
651
330
17
100
AcDbEntity
  8
visible
100
AcDbLine
 10
113.64310591207696
 20
84.89907136348502
 30
0.0
 11
121.40680853569228
 21
99.16514505887963
 31
0.0
  0
ELLIPSE
  5
652
330
17
100
AcDbEntity
  8
visible
100
AcDbEllipse
 10
106.99999999999999
 20
79.11258462195336
 30
0.0
 11
13.5
 21
0.0
 31
0.0
 40
0.4923659639173311
 41
5.75046739892425
 42
6.283185307179586
  0
ELLIPSE
  5
653
330
17
100
AcDbEntity
  8
visible
100
AcDbEllipse
 10
106.99999999999999
 20
79.11258462195336
 30
0.0
 11
13.5
 21
0.0
 31
0.0
 40
0.4923659639173311
 41
0.0
 42
0.009119132657056883
  0
LINE
  5
654
330
17
100
AcDbEntity
  8
visible
100
AcDbLine
 10
118.62930354440412
 20
75.73675972802751
 30
0.0
 11
139.84013356697733
 21
65.29326895847659
 31
0.0
  0
LINE
  5
655
330
17
100
AcDbEntity
  8
visible
100
AcDbLine
 10
149.4739713296603
 20
82.99578104000108
 30
0.0
 11
149.4739713296603
 21
75.22938820390567
 31
0.0
  0
LINE
  5
656
330
17
100
AcDbEntity
  8
visible
100
AcDbLine
 10
120.49943868347196
 20
79.17319811415719
 30
0.0
 11
149.47397132966026
 21
82.99578104000108
 31
0.0
  0
ELLIPSE
  5
657
330
17
100
AcDbEntity
  8
visible
100
AcDbEllipse
 10
106.99999999999999
 20
79.11258462195336
 30
0.0
 11
43.2
 21
0.0
 31
0.0
 40
0.492365963917331
 41
5.575991835716856
 42
6.283185307179586
  0
ELLIPSE
  5
658
330
17
100
AcDbEntity
  8
visible
100
AcDbEllipse
 10
106.99999999999999
 20
79.11258462195336
 30
0.0
 11
43.2
 21
0.0
 31
0.0
 40
0.492365963917331
 41
0.0
 42
0.18359469586439103
  0
LINE
  5
659
330
17
100
AcDbEntity
  8
visible
100
AcDbLine
 10
100.35689408792302
 20
73.32609788042171
 30
0.0
 11
92.59319146430771
 21
59.0600241850271
 31
0.0
  0
LINE
  5
65A
330
17
100
AcDbEntity
  8
visible
100
AcDbLine
 10
106.87689341537425
 20
72.46592048222278
 30
0.0
 11
99.1131907917589
 21
58.19984678682811
 31
0.0
  0
LINE
  5
65B
330
17
100
AcDbEntity
  8
visible
100
AcDbLine
 10
55.69999999999999
 20
79.11258462195336
 30
0.0
 11
55.69999999999999
 21
70.88741537804664
 31
0.0
  0
LINE
  5
65C
330
17
100
AcDbEntity
  8
visible
100
AcDbLine
 10
158.3
 20
79.11258462195336
 30
0.0
 11
158.3
 21
70.88741537804664
 31
0.0
  0
LINE
  5
65D
330
17
100
AcDbEntity
  8
visible
100
AcDbLine
 10
93.49999999999999
 20
79.11258462195336
 30
0.0
 11
93.49999999999999
 21
79.05189707578629
 31
0.0
  0
LINE
  5
65E
330
17
100
AcDbEntity
  8
visible
100
AcDbLine
 10
120.5
 20
79.11258462195336
 30
0.0
 11
120.5
 21
74.81569246447131
 31
0.0
  0
LINE
  5
65F
330
17
100
AcDbEntity
  8
visible
100
AcDbLine
 10
-96.5789473800554
 20
-99.86842104245153
 30
0.0
 11
-59.000000110526315
 21
-99.86842104245153
 31
0.0
  0
LINE
  5
660
330
17
100
AcDbEntity
  8
visible
100
AcDbLine
 10
-96.5789473800554
 20
-92.13157895754847
 30
0.0
 11
-96.5789473800554
 21
-99.86842104245153
 31
0.0
  0
LINE
  5
661
330
17
100
AcDbEntity
  8
visible
100
AcDbLine
 10
-59.000000110526315
 20
-92.13157895754847
 30
0.0
 11
-96.5789473800554
 21
-92.13157895754847
 31
0.0
  0
LINE
  5
662
330
17
100
AcDbEntity
  8
visible
100
AcDbLine
 10
-59.000000110526315
 20
-99.86842104245153
 30
0.0
 11
-59.000000110526315
 21
-92.13157895754847
 31
0.0
  0
LINE
  5
663
330
17
100
AcDbEntity
  8
visible
100
AcDbLine
 10
-142.99999988947368
 20
-92.13157895754847
 30
0.0
 11
-142.99999988947368
 21
-99.86842104245153
 31
0.0
  0
LINE
  5
664
330
17
100
AcDbEntity
  8
visible
100
AcDbLine
 10
-105.4210526199446
 20
-92.13157895754847
 30
0.0
 11
-142.99999988947368
 21
-92.13157895754847
 31
0.0
  0
LINE
  5
665
330
17
100
AcDbEntity
  8
visible
100
AcDbLine
 10
-105.4210526199446
 20
-99.86842104245153
 30
0.0
 11
-105.4210526199446
 21
-92.13157895754847
 31
0.0
  0
LINE
  5
666
330
17
100
AcDbEntity
  8
visible
100
AcDbLine
 10
-142.99999988947368
 20
-99.86842104245153
 30
0.0
 11
-105.4210526199446
 21
-99.86842104245153
 31
0.0
  0
SPLINE
  5
667
330
17
100
AcDbEntity
  8
hidden
100
AcDbSpline
 70
0
 71
1
 72
17
 73
15
 74
0
 40
0.0
 40
0.0
 40
0.2243994752564138
 40
0.4487989505128276
 40
0.6731984257692414
 40
0.8975979010256552
 40
1.121997376282069
 40
1.3463968515384828
 40
1.5707963267948966
 40
1.7951958020513104
 40
2.019595277307724
 40
2.243994752564138
 40
2.4683942278205517
 40
2.6927937030769655
 40
2.9171931783333793
 40
3.141592653589793
 40
3.141592653589793
 10
-62.000000110526344
 20
-22.868421042451523
 30
0.0
 10
-63.05302779611863
 20
-22.868421042451523
 30
0.0
 10
-66.15930764767919
 20
-22.868421042451523
 30
0.0
 10
-71.16307782275572
 20
-22.868421042451523
 30
0.0
 10
-77.81342839084525
 20
-22.868421042451523
 30
0.0
 10
-85.77688300501815
 20
-22.868421042451523
 30
0.0
 10
-94.65412079842923
 20
-22.868421042451523
 30
0.0
 10
-104.00000000000003
 20
-22.868421042451523
 30
0.0
 10
-113.34587920157081
 20
-22.868421042451523
 30
0.0
 10
-122.2231169949819
 20
-22.868421042451523
 30
0.0
 10
-130.18657160915478
 20
-22.868421042451523
 30
0.0
 10
-136.83692217724433
 20
-22.868421042451523
 30
0.0
 10
-141.84069235232084
 20
-22.868421042451523
 30
0.0
 10
-144.94697220388142
 20
-22.868421042451523
 30
0.0
 10
-145.9999998894737
 20
-22.868421042451523
 30
0.0
  0
SPLINE
  5
668
330
17
100
AcDbEntity
  8
hidden
100
AcDbSpline
 70
0
 71
1
 72
17
 73
15
 74
0
 40
0.0
 40
0.0
 40
0.07142857142857147
 40
0.14285714285714293
 40
0.21428571428571438
 40
0.28571428571428586
 40
0.3571428571428573
 40
0.42857142857142877
 40
0.5000000000000002
 40
0.5714285714285717
 40
0.6428571428571431
 40
0.7142857142857146
 40
0.7857142857142861
 40
0.8571428571428575
 40
0.928571428571429
 40
1.0
 40
1.0
 10
-139.2603199029923
 20
-22.868421042451523
 30
0.0
 10
-139.01327364910836
 20
-22.868421042451523
 30
0.0
 10
-138.6245244094818
 20
-22.868421042451523
 30
0.0
 10
-138.09564549966478
 20
-22.868421042451523
 30
0.0
 10
-137.42877735706296
 20
-22.868421042451523
 30
0.0
 10
-136.62661887832488
 20
-22.868421042451523
 30
0.0
 10
-135.69241649657795
 20
-22.868421042451523
 30
0.0
 10
-134.6299510427182
 20
-22.868421042451523
 30
0.0
 10
-133.4435224439266
 20
-22.868421042451523
 30
0.0
 10
-132.13793232133992
 20
-22.868421042451523
 30
0.0
 10
-130.7184645573046
 20
-22.868421042451523
 30
0.0
 10
-129.190863910861
 20
-22.868421042451523
 30
0.0
 10
-127.56131276800343
 20
-22.868421042451523
 30
0.0
 10
-125.83640612081058
 20
-22.868421042451523
 30
0.0
 10
-124.02312487670869
 20
-22.868421042451523
 30
0.0
  0
LINE
  5
669
330
17
100
AcDbEntity
  8
hidden
100
AcDbLine
 10
-114.70166448109494
 20
-22.868421042451523
 30
0.0
 11
-139.26031990299228
 21
-22.868421042451523
 31
0.0
  0
SPLINE
  5
66A
330
17
100
AcDbEntity
  8
hidden
100
AcDbSpline
 70
0
 71
1
 72
17
 73
15
 74
0
 40
0.0
 40
0.0
 40
0.07142857142857131
 40
0.14285714285714263
 40
0.21428571428571394
 40
0.28571428571428525
 40
0.35714285714285654
 40
0.4285714285714279
 40
0.49999999999999917
 40
0.5714285714285705
 40
0.6428571428571418
 40
0.7142857142857131
 40
0.7857142857142845
 40
0.8571428571428558
 40
0.928571428571427
 40
1.0
 40
1.0
 10
-114.70166448109501
 20
-22.868421042451523
 30
0.0
 10
-114.58673567268197
 20
-22.868421042451523
 30
0.0
 10
-114.45595102740441
 20
-22.868421042451523
 30
0.0
 10
-114.30950642244903
 20
-22.868421042451523
 30
0.0
 10
-114.1476211890467
 20
-22.868421042451523
 30
0.0
 10
-113.97053778397833
 20
-22.868421042451523
 30
0.0
 10
-113.77852142644545
 20
-22.868421042451523
 30
0.0
 10
-113.57185970084942
 20
-22.868421042451523
 30
0.0
 10
-113.35086212607388
 20
-22.868421042451523
 30
0.0
 10
-113.11585969191603
 20
-22.868421042451523
 30
0.0
 10
-112.86720436336054
 20
-22.868421042451523
 30
0.0
 10
-112.60526855343888
 20
-22.868421042451523
 30
0.0
 10
-112.33044456546334
 20
-22.868421042451523
 30
0.0
 10
-112.04314400547139
 20
-22.868421042451523
 30
0.0
 10
-111.74379716576003
 20
-22.868421042451523
 30
0.0
  0
LINE
  5
66B
330
17
100
AcDbEntity
  8
hidden
100
AcDbLine
 10
-111.74379716575987
 20
-22.868421042451523
 30
0.0
 11
-124.02312487670852
 21
-22.868421042451523
 31
0.0
  0
SPLINE
  5
66C
330
17
100
AcDbEntity
  8
hidden
100
AcDbSpline
 70
0
 71
1
 72
17
 73
15
 74
0
 40
0.0
 40
0.0
 40
0.07142857142857142
 40
0.14285714285714285
 40
0.21428571428571427
 40
0.2857142857142857
 40
0.35714285714285715
 40
0.42857142857142855
 40
0.5
 40
0.5714285714285714
 40
0.6428571428571429
 40
0.7142857142857143
 40
0.7857142857142857
 40
0.8571428571428571
 40
0.9285714285714286
 40
1.0
 40
1.0
 10
-119.23719502628317
 20
-22.868421042451523
 30
0.0
 10
-117.17686752829736
 20
-22.868421042451523
 30
0.0
 10
-115.06321164147805
 20
-22.868421042451523
 30
0.0
 10
-112.90478158880352
 20
-22.868421042451523
 30
0.0
 10
-110.71031279975817
 20
-22.868421042451523
 30
0.0
 10
-108.48868655698482
 20
-22.868421042451523
 30
0.0
 10
-106.2488940526513
 20
-22.868421042451523
 30
0.0
 10
-104.00000000000003
 20
-22.868421042451523
 30
0.0
 10
-101.75110594734878
 20
-22.868421042451523
 30
0.0
 10
-99.51131344301524
 20
-22.868421042451523
 30
0.0
 10
-97.28968720024189
 20
-22.868421042451523
 30
0.0
 10
-95.09521841119654
 20
-22.868421042451523
 30
0.0
 10
-92.93678835852201
 20
-22.868421042451523
 30
0.0
 10
-90.82313247170269
 20
-22.868421042451523
 30
0.0
 10
-88.7628049737169
 20
-22.868421042451523
 30
0.0
  0
LINE
  5
66D
330
17
100
AcDbEntity
  8
hidden
100
AcDbLine
 10
-106.95786731533518
 20
-22.868421042451523
 30
0.0
 11
-119.23719502628376
 21
-22.868421042451523
 31
0.0
  0
SPLINE
  5
66E
330
17
100
AcDbEntity
  8
hidden
100
AcDbSpline
 70
0
 71
3
 72
8
 73
4
 74
0
 40
0.0
 40
0.0
 40
0.0
 40
0.0
 40
1.0
 40
1.0
 40
1.0
 40
1.0
 10
-106.95786731533512
 20
-22.868421042451523
 30
0.0
 10
-105.03363812322198
 20
-22.868421042451523
 30
0.0
 10
-102.96636187677807
 20
-22.868421042451523
 30
0.0
 10
-101.04213268466494
 20
-22.868421042451523
 30
0.0
  0
LINE
  5
66F
330
17
100
AcDbEntity
  8
hidden
100
AcDbLine
 10
-101.04213268466486
 20
-22.868421042451523
 30
0.0
 11
-88.76280497371629
 21
-22.868421042451523
 31
0.0
  0
SPLINE
  5
670
330
17
100
AcDbEntity
  8
hidden
100
AcDbSpline
 70
0
 71
1
 72
17
 73
15
 74
0
 40
0.0
 40
0.0
 40
0.07142857142857165
 40
0.1428571428571433
 40
0.21428571428571494
 40
0.2857142857142866
 40
0.3571428571428582
 40
0.4285714285714299
 40
0.5000000000000014
 40
0.5714285714285732
 40
0.6428571428571448
 40
0.7142857142857164
 40
0.785714285714288
 40
0.8571428571428598
 40
0.9285714285714314
 40
1.0
 40
1.0
 10
-83.97687512329142
 20
-22.868421042451523
 30
0.0
 10
-82.16359387918942
 20
-22.868421042451523
 30
0.0
 10
-80.43868723199648
 20
-22.868421042451523
 30
0.0
 10
-78.80913608913886
 20
-22.868421042451523
 30
0.0
 10
-77.2815354426952
 20
-22.868421042451523
 30
0.0
 10
-75.86206767865983
 20
-22.868421042451523
 30
0.0
 10
-74.55647755607309
 20
-22.868421042451523
 30
0.0
 10
-73.37004895728148
 20
-22.868421042451523
 30
0.0
 10
-72.30758350342172
 20
-22.868421042451523
 30
0.0
 10
-71.37338112167483
 20
-22.868421042451523
 30
0.0
 10
-70.57122264293675
 20
-22.868421042451523
 30
0.0
 10
-69.90435450033497
 20
-22.868421042451523
 30
0.0
 10
-69.37547559051796
 20
-22.868421042451523
 30
0.0
 10
-68.9867263508915
 20
-22.868421042451523
 30
0.0
 10
-68.73968009700764
 20
-22.868421042451523
 30
0.0
  0
LINE
  5
671
330
17
100
AcDbEntity
  8
hidden
100
AcDbLine
 10
-96.25620283424017
 20
-22.868421042451523
 30
0.0
 11
-83.97687512329153
 21
-22.868421042451523
 31
0.0
  0
SPLINE
  5
672
330
17
100
AcDbEntity
  8
hidden
100
AcDbSpline
 70
0
 71
1
 72
17
 73
15
 74
0
 40
0.0
 40
0.0
 40
0.07142857142857073
 40
0.14285714285714146
 40
0.21428571428571216
 40
0.2857142857142829
 40
0.35714285714285365
 40
0.42857142857142433
 40
0.49999999999999506
 40
0.5714285714285658
 40
0.6428571428571366
 40
0.7142857142857073
 40
0.785714285714278
 40
0.8571428571428487
 40
0.9285714285714194
 40
1.0
 40
1.0
 10
-96.25620283424004
 20
-22.868421042451523
 30
0.0
 10
-95.95685599452868
 20
-22.868421042451523
 30
0.0
 10
-95.66955543453673
 20
-22.868421042451523
 30
0.0
 10
-95.39473144656121
 20
-22.868421042451523
 30
0.0
 10
-95.13279563663953
 20
-22.868421042451523
 30
0.0
 10
-94.88414030808404
 20
-22.868421042451523
 30
0.0
 10
-94.6491378739262
 20
-22.868421042451523
 30
0.0
 10
-94.42814029915067
 20
-22.868421042451523
 30
0.0
 10
-94.22147857355463
 20
-22.868421042451523
 30
0.0
 10
-94.02946221602176
 20
-22.868421042451523
 30
0.0
 10
-93.85237881095338
 20
-22.868421042451523
 30
0.0
 10
-93.69049357755104
 20
-22.868421042451523
 30
0.0
 10
-93.54404897259566
 20
-22.868421042451523
 30
0.0
 10
-93.4132643273181
 20
-22.868421042451523
 30
0.0
 10
-93.29833551890505
 20
-22.868421042451523
 30
0.0
  0
LINE
  5
673
330
17
100
AcDbEntity
  8
hidden
100
AcDbLine
 10
-93.29833551890513
 20
-22.868421042451523
 30
0.0
 11
-68.73968009700755
 21
-22.868421042451523
 31
0.0
  0
SPLINE
  5
674
330
17
100
AcDbEntity
  8
hidden
100
AcDbSpline
 70
0
 71
1
 72
17
 73
15
 74
0
 40
0.0
 40
0.0
 40
0.0714285714285714
 40
0.1428571428571428
 40
0.2142857142857142
 40
0.2857142857142856
 40
0.357142857142857
 40
0.4285714285714284
 40
0.4999999999999998
 40
0.5714285714285712
 40
0.6428571428571426
 40
0.714285714285714
 40
0.7857142857142854
 40
0.8571428571428568
 40
0.9285714285714282
 40
1.0
 40
1.0
 10
-124.02312487670864
 20
-22.868421042451523
 30
0.0
 10
-125.8364061208106
 20
-22.868421042451523
 30
0.0
 10
-127.56131276800349
 20
-22.868421042451523
 30
0.0
 10
-129.19086391086108
 20
-22.868421042451523
 30
0.0
 10
-130.7184645573047
 20
-22.868421042451523
 30
0.0
 10
-132.1379323213401
 20
-22.868421042451523
 30
0.0
 10
-133.4435224439268
 20
-22.868421042451523
 30
0.0
 10
-134.6299510427184
 20
-22.868421042451523
 30
0.0
 10
-135.69241649657815
 20
-22.868421042451523
 30
0.0
 10
-136.62661887832508
 20
-22.868421042451523
 30
0.0
 10
-137.42877735706315
 20
-22.868421042451523
 30
0.0
 10
-138.09564549966495
 20
-22.868421042451523
 30
0.0
 10
-138.62452440948198
 20
-22.868421042451523
 30
0.0
 10
-139.01327364910844
 20
-22.868421042451523
 30
0.0
 10
-139.26031990299236
 20
-22.868421042451523
 30
0.0
  0
LINE
  5
675
330
17
100
AcDbEntity
  8
hidden
100
AcDbLine
 10
-111.74379716575987
 20
-22.868421042451523
 30
0.0
 11
-124.02312487670851
 21
-22.868421042451523
 31
0.0
  0
SPLINE
  5
676
330
17
100
AcDbEntity
  8
hidden
100
AcDbSpline
 70
0
 71
1
 72
17
 73
15
 74
0
 40
0.0
 40
0.0
 40
0.07142857142857108
 40
0.14285714285714216
 40
0.21428571428571322
 40
0.2857142857142843
 40
0.3571428571428554
 40
0.42857142857142644
 40
0.49999999999999756
 40
0.5714285714285686
 40
0.6428571428571397
 40
0.7142857142857107
 40
0.7857142857142818
 40
0.8571428571428529
 40
0.928571428571424
 40
1.0
 40
1.0
 10
-111.74379716576001
 20
-22.868421042451523
 30
0.0
 10
-112.04314400547138
 20
-22.868421042451523
 30
0.0
 10
-112.33044456546334
 20
-22.868421042451523
 30
0.0
 10
-112.60526855343888
 20
-22.868421042451523
 30
0.0
 10
-112.86720436336056
 20
-22.868421042451523
 30
0.0
 10
-113.11585969191606
 20
-22.868421042451523
 30
0.0
 10
-113.3508621260739
 20
-22.868421042451523
 30
0.0
 10
-113.57185970084943
 20
-22.868421042451523
 30
0.0
 10
-113.77852142644548
 20
-22.868421042451523
 30
0.0
 10
-113.97053778397836
 20
-22.868421042451523
 30
0.0
 10
-114.14762118904673
 20
-22.868421042451523
 30
0.0
 10
-114.30950642244906
 20
-22.868421042451523
 30
0.0
 10
-114.45595102740444
 20
-22.868421042451523
 30
0.0
 10
-114.586735672682
 20
-22.868421042451523
 30
0.0
 10
-114.70166448109504
 20
-22.868421042451523
 30
0.0
  0
LINE
  5
677
330
17
100
AcDbEntity
  8
hidden
100
AcDbLine
 10
-114.70166448109501
 20
-22.868421042451523
 30
0.0
 11
-139.26031990299242
 21
-22.868421042451523
 31
0.0
  0
SPLINE
  5
678
330
17
100
AcDbEntity
  8
hidden
100
AcDbSpline
 70
0
 71
1
 72
17
 73
15
 74
0
 40
0.0
 40
0.0
 40
0.2243994752564138
 40
0.4487989505128276
 40
0.6731984257692414
 40
0.8975979010256552
 40
1.121997376282069
 40
1.3463968515384828
 40
1.5707963267948966
 40
1.7951958020513104
 40
2.019595277307724
 40
2.243994752564138
 40
2.4683942278205517
 40
2.6927937030769655
 40
2.9171931783333793
 40
3.141592653589793
 40
3.141592653589793
 10
-99.57894738005542
 20
-22.868421042451523
 30
0.0
 10
-99.68979239959145
 20
-22.868421042451523
 30
0.0
 10
-100.01676922607152
 20
-22.868421042451523
 30
0.0
 10
-100.54348187607957
 20
-22.868421042451523
 30
0.0
 10
-101.24351877798372
 20
-22.868421042451523
 30
0.0
 10
-102.08177715842298
 20
-22.868421042451523
 30
0.0
 10
-103.01622324193994
 20
-22.868421042451523
 30
0.0
 10
-104.00000000000003
 20
-22.868421042451523
 30
0.0
 10
-104.9837767580601
 20
-22.868421042451523
 30
0.0
 10
-105.91822284157706
 20
-22.868421042451523
 30
0.0
 10
-106.75648122201632
 20
-22.868421042451523
 30
0.0
 10
-107.45651812392047
 20
-22.868421042451523
 30
0.0
 10
-107.98323077392853
 20
-22.868421042451523
 30
0.0
 10
-108.31020760040859
 20
-22.868421042451523
 30
0.0
 10
-108.42105261994462
 20
-22.868421042451523
 30
0.0
  0
SPLINE
  5
679
330
17
100
AcDbEntity
  8
hidden
100
AcDbSpline
 70
0
 71
1
 72
17
 73
15
 74
0
 40
0.0
 40
0.0
 40
0.07142857142857142
 40
0.14285714285714285
 40
0.21428571428571427
 40
0.2857142857142857
 40
0.35714285714285715
 40
0.42857142857142855
 40
0.5
 40
0.5714285714285714
 40
0.6428571428571429
 40
0.7142857142857143
 40
0.7857142857142857
 40
0.8571428571428571
 40
0.9285714285714286
 40
1.0
 40
1.0
 10
-108.42105261994462
 20
-22.868421042451523
 30
0.0
 10
-108.31020760040859
 20
-22.868421042451523
 30
0.0
 10
-107.98323077392854
 20
-22.868421042451523
 30
0.0
 10
-107.45651812392047
 20
-22.868421042451523
 30
0.0
 10
-106.75648122201632
 20
-22.868421042451523
 30
0.0
 10
-105.91822284157706
 20
-22.868421042451523
 30
0.0
 10
-104.9837767580601
 20
-22.868421042451523
 30
0.0
 10
-104.00000000000003
 20
-22.868421042451523
 30
0.0
 10
-103.01622324193994
 20
-22.868421042451523
 30
0.0
 10
-102.08177715842298
 20
-22.868421042451523
 30
0.0
 10
-101.24351877798374
 20
-22.868421042451523
 30
0.0
 10
-100.54348187607957
 20
-22.868421042451523
 30
0.0
 10
-100.01676922607152
 20
-22.868421042451523
 30
0.0
 10
-99.68979239959145
 20
-22.868421042451523
 30
0.0
 10
-99.57894738005542
 20
-22.868421042451523
 30
0.0
  0
LINE
  5
67A
330
17
100
AcDbEntity
  8
hidden
100
AcDbLine
 10
-101.04213268466486
 20
-22.868421042451523
 30
0.0
 11
-88.7628049737163
 21
-22.868421042451523
 31
0.0
  0
SPLINE
  5
67B
330
17
100
AcDbEntity
  8
hidden
100
AcDbSpline
 70
0
 71
3
 72
8
 73
4
 74
0
 40
0.0
 40
0.0
 40
0.0
 40
0.0
 40
1.0
 40
1.0
 40
1.0
 40
1.0
 10
-101.04213268466494
 20
-22.868421042451523
 30
0.0
 10
-102.96636187677807
 20
-22.868421042451523
 30
0.0
 10
-105.03363812322198
 20
-22.868421042451523
 30
0.0
 10
-106.95786731533511
 20
-22.868421042451523
 30
0.0
  0
LINE
  5
67C
330
17
100
AcDbEntity
  8
hidden
100
AcDbLine
 10
-106.95786731533516
 20
-22.868421042451523
 30
0.0
 11
-119.23719502628376
 21
-22.868421042451523
 31
0.0
  0
SPLINE
  5
67D
330
17
100
AcDbEntity
  8
hidden
100
AcDbSpline
 70
0
 71
1
 72
17
 73
15
 74
0
 40
0.0
 40
0.0
 40
0.07142857142857137
 40
0.14285714285714274
 40
0.21428571428571414
 40
0.2857142857142855
 40
0.3571428571428569
 40
0.42857142857142827
 40
0.4999999999999996
 40
0.571428571428571
 40
0.6428571428571423
 40
0.7142857142857137
 40
0.7857142857142851
 40
0.8571428571428565
 40
0.9285714285714278
 40
1.0
 40
1.0
 10
-88.76280497371687
 20
-22.868421042451523
 30
0.0
 10
-90.82313247170268
 20
-22.868421042451523
 30
0.0
 10
-92.936788358522
 20
-22.868421042451523
 30
0.0
 10
-95.09521841119653
 20
-22.868421042451523
 30
0.0
 10
-97.28968720024187
 20
-22.868421042451523
 30
0.0
 10
-99.51131344301523
 20
-22.868421042451523
 30
0.0
 10
-101.75110594734875
 20
-22.868421042451523
 30
0.0
 10
-104.00000000000001
 20
-22.868421042451523
 30
0.0
 10
-106.24889405265127
 20
-22.868421042451523
 30
0.0
 10
-108.4886865569848
 20
-22.868421042451523
 30
0.0
 10
-110.71031279975816
 20
-22.868421042451523
 30
0.0
 10
-112.9047815888035
 20
-22.868421042451523
 30
0.0
 10
-115.06321164147803
 20
-22.868421042451523
 30
0.0
 10
-117.17686752829735
 20
-22.868421042451523
 30
0.0
 10
-119.23719502628317
 20
-22.868421042451523
 30
0.0
  0
SPLINE
  5
67E
330
17
100
AcDbEntity
  8
hidden
100
AcDbSpline
 70
0
 71
1
 72
17
 73
15
 74
0
 40
0.0
 40
0.0
 40
0.07142857142857138
 40
0.14285714285714277
 40
0.21428571428571416
 40
0.28571428571428553
 40
0.35714285714285693
 40
0.4285714285714283
 40
0.49999999999999967
 40
0.5714285714285712
 40
0.6428571428571427
 40
0.7142857142857142
 40
0.7857142857142856
 40
0.8571428571428571
 40
0.9285714285714287
 40
1.0
 40
1.0
 10
-93.29833551890505
 20
-22.868421042451523
 30
0.0
 10
-93.41326432731809
 20
-22.868421042451523
 30
0.0
 10
-93.54404897259565
 20
-22.868421042451523
 30
0.0
 10
-93.69049357755102
 20
-22.868421042451523
 30
0.0
 10
-93.85237881095335
 20
-22.868421042451523
 30
0.0
 10
-94.02946221602174
 20
-22.868421042451523
 30
0.0
 10
-94.2214785735546
 20
-22.868421042451523
 30
0.0
 10
-94.42814029915064
 20
-22.868421042451523
 30
0.0
 10
-94.64913787392618
 20
-22.868421042451523
 30
0.0
 10
-94.88414030808403
 20
-22.868421042451523
 30
0.0
 10
-95.13279563663951
 20
-22.868421042451523
 30
0.0
 10
-95.3947314465612
 20
-22.868421042451523
 30
0.0
 10
-95.66955543453673
 20
-22.868421042451523
 30
0.0
 10
-95.95685599452867
 20
-22.868421042451523
 30
0.0
 10
-96.25620283424003
 20
-22.868421042451523
 30
0.0
  0
LINE
  5
67F
330
17
100
AcDbEntity
  8
hidden
100
AcDbLine
 10
-96.25620283424017
 20
-22.868421042451523
 30
0.0
 11
-83.97687512329153
 21
-22.868421042451523
 31
0.0
  0
SPLINE
  5
680
330
17
100
AcDbEntity
  8
hidden
100
AcDbSpline
 70
0
 71
1
 72
17
 73
15
 74
0
 40
0.0
 40
0.0
 40
0.07142857142857142
 40
0.14285714285714282
 40
0.21428571428571425
 40
0.2857142857142857
 40
0.35714285714285715
 40
0.42857142857142855
 40
0.49999999999999994
 40
0.5714285714285714
 40
0.6428571428571428
 40
0.7142857142857141
 40
0.7857142857142855
 40
0.8571428571428569
 40
0.9285714285714283
 40
1.0
 40
1.0
 10
-68.73968009700765
 20
-22.868421042451523
 30
0.0
 10
-68.98672635089152
 20
-22.868421042451523
 30
0.0
 10
-69.37547559051798
 20
-22.868421042451523
 30
0.0
 10
-69.90435450033499
 20
-22.868421042451523
 30
0.0
 10
-70.57122264293676
 20
-22.868421042451523
 30
0.0
 10
-71.37338112167484
 20
-22.868421042451523
 30
0.0
 10
-72.30758350342174
 20
-22.868421042451523
 30
0.0
 10
-73.3700489572815
 20
-22.868421042451523
 30
0.0
 10
-74.5564775560731
 20
-22.868421042451523
 30
0.0
 10
-75.86206767865983
 20
-22.868421042451523
 30
0.0
 10
-77.2815354426952
 20
-22.868421042451523
 30
0.0
 10
-78.80913608913886
 20
-22.868421042451523
 30
0.0
 10
-80.43868723199648
 20
-22.868421042451523
 30
0.0
 10
-82.1635938791894
 20
-22.868421042451523
 30
0.0
 10
-83.9768751232914
 20
-22.868421042451523
 30
0.0
  0
LINE
  5
681
330
17
100
AcDbEntity
  8
hidden
100
AcDbLine
 10
-93.29833551890513
 20
-22.868421042451523
 30
0.0
 11
-68.73968009700755
 21
-22.868421042451523
 31
0.0
  0
SPLINE
  5
682
330
17
100
AcDbEntity
  8
hidden
100
AcDbSpline
 70
0
 71
1
 72
17
 73
15
 74
0
 40
0.0
 40
0.0
 40
0.2243994752564138
 40
0.4487989505128276
 40
0.6731984257692414
 40
0.8975979010256552
 40
1.121997376282069
 40
1.3463968515384828
 40
1.5707963267948966
 40
1.7951958020513104
 40
2.019595277307724
 40
2.243994752564138
 40
2.4683942278205517
 40
2.6927937030769655
 40
2.9171931783333793
 40
3.141592653589793
 40
3.141592653589793
 10
-62.000000110526344
 20
-15.131578957548475
 30
0.0
 10
-63.05302779611863
 20
-15.131578957548475
 30
0.0
 10
-66.15930764767919
 20
-15.131578957548475
 30
0.0
 10
-71.16307782275572
 20
-15.131578957548475
 30
0.0
 10
-77.81342839084525
 20
-15.131578957548475
 30
0.0
 10
-85.77688300501815
 20
-15.131578957548475
 30
0.0
 10
-94.65412079842923
 20
-15.131578957548475
 30
0.0
 10
-104.00000000000003
 20
-15.131578957548475
 30
0.0
 10
-113.34587920157081
 20
-15.131578957548475
 30
0.0
 10
-122.2231169949819
 20
-15.131578957548475
 30
0.0
 10
-130.18657160915478
 20
-15.131578957548475
 30
0.0
 10
-136.83692217724433
 20
-15.131578957548475
 30
0.0
 10
-141.84069235232084
 20
-15.131578957548475
 30
0.0
 10
-144.94697220388142
 20
-15.131578957548475
 30
0.0
 10
-145.9999998894737
 20
-15.131578957548475
 30
0.0
  0
LINE
  5
683
330
17
100
AcDbEntity
  8
hidden
100
AcDbLine
 10
-124.02312487670854
 20
-15.131578957548475
 30
0.0
 11
-124.02312487670854
 21
-22.868421042451523
 31
0.0
  0
SPLINE
  5
684
330
17
100
AcDbEntity
  8
hidden
100
AcDbSpline
 70
0
 71
1
 72
17
 73
15
 74
0
 40
0.0
 40
0.0
 40
0.07142857142857147
 40
0.14285714285714293
 40
0.21428571428571438
 40
0.28571428571428586
 40
0.3571428571428573
 40
0.42857142857142877
 40
0.5000000000000002
 40
0.5714285714285717
 40
0.6428571428571431
 40
0.7142857142857146
 40
0.7857142857142861
 40
0.8571428571428575
 40
0.928571428571429
 40
1.0
 40
1.0
 10
-139.2603199029923
 20
-15.131578957548475
 30
0.0
 10
-139.01327364910836
 20
-15.131578957548475
 30
0.0
 10
-138.6245244094818
 20
-15.131578957548475
 30
0.0
 10
-138.09564549966478
 20
-15.131578957548475
 30
0.0
 10
-137.42877735706296
 20
-15.131578957548475
 30
0.0
 10
-136.62661887832488
 20
-15.131578957548475
 30
0.0
 10
-135.69241649657795
 20
-15.131578957548475
 30
0.0
 10
-134.6299510427182
 20
-15.131578957548475
 30
0.0
 10
-133.4435224439266
 20
-15.131578957548475
 30
0.0
 10
-132.13793232133992
 20
-15.131578957548475
 30
0.0
 10
-130.7184645573046
 20
-15.131578957548475
 30
0.0
 10
-129.190863910861
 20
-15.131578957548475
 30
0.0
 10
-127.56131276800343
 20
-15.131578957548475
 30
0.0
 10
-125.83640612081058
 20
-15.131578957548475
 30
0.0
 10
-124.02312487670869
 20
-15.131578957548475
 30
0.0
  0
LINE
  5
685
330
17
100
AcDbEntity
  8
hidden
100
AcDbLine
 10
-139.2603199029923
 20
-15.131578957548475
 30
0.0
 11
-139.2603199029923
 21
-22.868421042451523
 31
0.0
  0
LINE
  5
686
330
17
100
AcDbEntity
  8
hidden
100
AcDbLine
 10
-114.70166448109494
 20
-15.131578957548475
 30
0.0
 11
-139.26031990299228
 21
-15.131578957548475
 31
0.0
  0
LINE
  5
687
330
17
100
AcDbEntity
  8
hidden
100
AcDbLine
 10
-114.70166448109508
 20
-15.131578957548475
 30
0.0
 11
-114.70166448109508
 21
-22.868421042451523
 31
0.0
  0
LINE
  5
688
330
17
100
AcDbEntity
  8
hidden
100
AcDbLine
 10
-111.74379716575987
 20
-15.131578957548475
 30
0.0
 11
-124.02312487670852
 21
-15.131578957548475
 31
0.0
  0
LINE
  5
689
330
17
100
AcDbEntity
  8
hidden
100
AcDbLine
 10
-111.74379716575991
 20
-15.131578957548475
 30
0.0
 11
-111.74379716575991
 21
-22.868421042451523
 31
0.0
  0
SPLINE
  5
68A
330
17
100
AcDbEntity
  8
hidden
100
AcDbSpline
 70
0
 71
1
 72
17
 73
15
 74
0
 40
0.0
 40
0.0
 40
0.07142857142857131
 40
0.14285714285714263
 40
0.21428571428571394
 40
0.28571428571428525
 40
0.35714285714285654
 40
0.4285714285714279
 40
0.49999999999999917
 40
0.5714285714285705
 40
0.6428571428571418
 40
0.7142857142857131
 40
0.7857142857142845
 40
0.8571428571428558
 40
0.928571428571427
 40
1.0
 40
1.0
 10
-114.70166448109501
 20
-15.131578957548475
 30
0.0
 10
-114.58673567268197
 20
-15.131578957548475
 30
0.0
 10
-114.45595102740441
 20
-15.131578957548475
 30
0.0
 10
-114.30950642244903
 20
-15.131578957548475
 30
0.0
 10
-114.1476211890467
 20
-15.131578957548475
 30
0.0
 10
-113.97053778397833
 20
-15.131578957548475
 30
0.0
 10
-113.77852142644545
 20
-15.131578957548475
 30
0.0
 10
-113.57185970084942
 20
-15.131578957548475
 30
0.0
 10
-113.35086212607388
 20
-15.131578957548475
 30
0.0
 10
-113.11585969191603
 20
-15.131578957548475
 30
0.0
 10
-112.86720436336054
 20
-15.131578957548475
 30
0.0
 10
-112.60526855343888
 20
-15.131578957548475
 30
0.0
 10
-112.33044456546334
 20
-15.131578957548475
 30
0.0
 10
-112.04314400547139
 20
-15.131578957548475
 30
0.0
 10
-111.74379716576003
 20
-15.131578957548475
 30
0.0
  0
LINE
  5
68B
330
17
100
AcDbEntity
  8
hidden
100
AcDbLine
 10
-88.76280497371624
 20
-15.131578957548475
 30
0.0
 11
-88.76280497371624
 21
-22.868421042451523
 31
0.0
  0
SPLINE
  5
68C
330
17
100
AcDbEntity
  8
hidden
100
AcDbSpline
 70
0
 71
1
 72
17
 73
15
 74
0
 40
0.0
 40
0.0
 40
0.07142857142857142
 40
0.14285714285714285
 40
0.21428571428571427
 40
0.2857142857142857
 40
0.35714285714285715
 40
0.42857142857142855
 40
0.5
 40
0.5714285714285714
 40
0.6428571428571429
 40
0.7142857142857143
 40
0.7857142857142857
 40
0.8571428571428571
 40
0.9285714285714286
 40
1.0
 40
1.0
 10
-119.23719502628317
 20
-15.131578957548475
 30
0.0
 10
-117.17686752829736
 20
-15.131578957548475
 30
0.0
 10
-115.06321164147805
 20
-15.131578957548475
 30
0.0
 10
-112.90478158880352
 20
-15.131578957548475
 30
0.0
 10
-110.71031279975817
 20
-15.131578957548475
 30
0.0
 10
-108.48868655698482
 20
-15.131578957548475
 30
0.0
 10
-106.2488940526513
 20
-15.131578957548475
 30
0.0
 10
-104.00000000000003
 20
-15.131578957548475
 30
0.0
 10
-101.75110594734878
 20
-15.131578957548475
 30
0.0
 10
-99.51131344301524
 20
-15.131578957548475
 30
0.0
 10
-97.28968720024189
 20
-15.131578957548475
 30
0.0
 10
-95.09521841119654
 20
-15.131578957548475
 30
0.0
 10
-92.93678835852201
 20
-15.131578957548475
 30
0.0
 10
-90.82313247170269
 20
-15.131578957548475
 30
0.0
 10
-88.7628049737169
 20
-15.131578957548475
 30
0.0
  0
LINE
  5
68D
330
17
100
AcDbEntity
  8
hidden
100
AcDbLine
 10
-119.23719502628383
 20
-15.131578957548475
 30
0.0
 11
-119.23719502628383
 21
-22.868421042451523
 31
0.0
  0
LINE
  5
68E
330
17
100
AcDbEntity
  8
hidden
100
AcDbLine
 10
-68.73968009700775
 20
-15.131578957548475
 30
0.0
 11
-68.73968009700775
 21
-22.868421042451523
 31
0.0
  0
SPLINE
  5
68F
330
17
100
AcDbEntity
  8
hidden
100
AcDbSpline
 70
0
 71
1
 72
17
 73
15
 74
0
 40
0.0
 40
0.0
 40
0.07142857142857165
 40
0.1428571428571433
 40
0.21428571428571494
 40
0.2857142857142866
 40
0.3571428571428582
 40
0.4285714285714299
 40
0.5000000000000014
 40
0.5714285714285732
 40
0.6428571428571448
 40
0.7142857142857164
 40
0.785714285714288
 40
0.8571428571428598
 40
0.9285714285714314
 40
1.0
 40
1.0
 10
-83.97687512329142
 20
-15.131578957548475
 30
0.0
 10
-82.16359387918942
 20
-15.131578957548475
 30
0.0
 10
-80.43868723199648
 20
-15.131578957548475
 30
0.0
 10
-78.80913608913886
 20
-15.131578957548475
 30
0.0
 10
-77.2815354426952
 20
-15.131578957548475
 30
0.0
 10
-75.86206767865983
 20
-15.131578957548475
 30
0.0
 10
-74.55647755607309
 20
-15.131578957548475
 30
0.0
 10
-73.37004895728148
 20
-15.131578957548475
 30
0.0
 10
-72.30758350342172
 20
-15.131578957548475
 30
0.0
 10
-71.37338112167483
 20
-15.131578957548475
 30
0.0
 10
-70.57122264293675
 20
-15.131578957548475
 30
0.0
 10
-69.90435450033497
 20
-15.131578957548475
 30
0.0
 10
-69.37547559051796
 20
-15.131578957548475
 30
0.0
 10
-68.9867263508915
 20
-15.131578957548475
 30
0.0
 10
-68.73968009700764
 20
-15.131578957548475
 30
0.0
  0
LINE
  5
690
330
17
100
AcDbEntity
  8
hidden
100
AcDbLine
 10
-83.97687512329152
 20
-15.131578957548475
 30
0.0
 11
-83.97687512329152
 21
-22.868421042451523
 31
0.0
  0
LINE
  5
691
330
17
100
AcDbEntity
  8
hidden
100
AcDbLine
 10
-93.29833551890513
 20
-15.131578957548475
 30
0.0
 11
-68.73968009700755
 21
-15.131578957548475
 31
0.0
  0
LINE
  5
692
330
17
100
AcDbEntity
  8
hidden
100
AcDbLine
 10
-93.29833551890496
 20
-15.131578957548475
 30
0.0
 11
-93.29833551890496
 21
-22.868421042451523
 31
0.0
  0
SPLINE
  5
693
330
17
100
AcDbEntity
  8
hidden
100
AcDbSpline
 70
0
 71
1
 72
17
 73
15
 74
0
 40
0.0
 40
0.0
 40
0.07142857142857073
 40
0.14285714285714146
 40
0.21428571428571216
 40
0.2857142857142829
 40
0.35714285714285365
 40
0.42857142857142433
 40
0.49999999999999506
 40
0.5714285714285658
 40
0.6428571428571366
 40
0.7142857142857073
 40
0.785714285714278
 40
0.8571428571428487
 40
0.9285714285714194
 40
1.0
 40
1.0
 10
-96.25620283424004
 20
-15.131578957548475
 30
0.0
 10
-95.95685599452868
 20
-15.131578957548475
 30
0.0
 10
-95.66955543453673
 20
-15.131578957548475
 30
0.0
 10
-95.39473144656121
 20
-15.131578957548475
 30
0.0
 10
-95.13279563663953
 20
-15.131578957548475
 30
0.0
 10
-94.88414030808404
 20
-15.131578957548475
 30
0.0
 10
-94.6491378739262
 20
-15.131578957548475
 30
0.0
 10
-94.42814029915067
 20
-15.131578957548475
 30
0.0
 10
-94.22147857355463
 20
-15.131578957548475
 30
0.0
 10
-94.02946221602176
 20
-15.131578957548475
 30
0.0
 10
-93.85237881095338
 20
-15.131578957548475
 30
0.0
 10
-93.69049357755104
 20
-15.131578957548475
 30
0.0
 10
-93.54404897259566
 20
-15.131578957548475
 30
0.0
 10
-93.4132643273181
 20
-15.131578957548475
 30
0.0
 10
-93.29833551890505
 20
-15.131578957548475
 30
0.0
  0
LINE
  5
694
330
17
100
AcDbEntity
  8
hidden
100
AcDbLine
 10
-96.25620283424014
 20
-15.131578957548475
 30
0.0
 11
-96.25620283424014
 21
-22.868421042451523
 31
0.0
  0
LINE
  5
695
330
17
100
AcDbEntity
  8
hidden
100
AcDbLine
 10
-101.04213268466485
 20
-15.131578957548475
 30
0.0
 11
-101.04213268466485
 21
-22.868421042451523
 31
0.0
  0
SPLINE
  5
696
330
17
100
AcDbEntity
  8
hidden
100
AcDbSpline
 70
0
 71
3
 72
8
 73
4
 74
0
 40
0.0
 40
0.0
 40
0.0
 40
0.0
 40
1.0
 40
1.0
 40
1.0
 40
1.0
 10
-106.95786731533512
 20
-15.131578957548475
 30
0.0
 10
-105.03363812322198
 20
-15.131578957548477
 30
0.0
 10
-102.96636187677807
 20
-15.131578957548474
 30
0.0
 10
-101.04213268466494
 20
-15.131578957548475
 30
0.0
  0
LINE
  5
697
330
17
100
AcDbEntity
  8
hidden
100
AcDbLine
 10
-106.9578673153352
 20
-15.131578957548475
 30
0.0
 11
-106.9578673153352
 21
-22.868421042451523
 31
0.0
  0
LINE
  5
698
330
17
100
AcDbEntity
  8
hidden
100
AcDbLine
 10
-106.95786731533518
 20
-15.131578957548475
 30
0.0
 11
-119.23719502628376
 21
-15.131578957548475
 31
0.0
  0
LINE
  5
699
330
17
100
AcDbEntity
  8
hidden
100
AcDbLine
 10
-139.2603199029923
 20
-15.131578957548475
 30
0.0
 11
-139.2603199029923
 21
-22.868421042451523
 31
0.0
  0
SPLINE
  5
69A
330
17
100
AcDbEntity
  8
hidden
100
AcDbSpline
 70
0
 71
1
 72
17
 73
15
 74
0
 40
0.0
 40
0.0
 40
0.0714285714285714
 40
0.1428571428571428
 40
0.2142857142857142
 40
0.2857142857142856
 40
0.357142857142857
 40
0.4285714285714284
 40
0.4999999999999998
 40
0.5714285714285712
 40
0.6428571428571426
 40
0.714285714285714
 40
0.7857142857142854
 40
0.8571428571428568
 40
0.9285714285714282
 40
1.0
 40
1.0
 10
-124.02312487670864
 20
-15.131578957548475
 30
0.0
 10
-125.8364061208106
 20
-15.131578957548475
 30
0.0
 10
-127.56131276800349
 20
-15.131578957548475
 30
0.0
 10
-129.19086391086108
 20
-15.131578957548475
 30
0.0
 10
-130.7184645573047
 20
-15.131578957548475
 30
0.0
 10
-132.1379323213401
 20
-15.131578957548475
 30
0.0
 10
-133.4435224439268
 20
-15.131578957548475
 30
0.0
 10
-134.6299510427184
 20
-15.131578957548475
 30
0.0
 10
-135.69241649657815
 20
-15.131578957548475
 30
0.0
 10
-136.62661887832508
 20
-15.131578957548475
 30
0.0
 10
-137.42877735706315
 20
-15.131578957548475
 30
0.0
 10
-138.09564549966495
 20
-15.131578957548475
 30
0.0
 10
-138.62452440948198
 20
-15.131578957548475
 30
0.0
 10
-139.01327364910844
 20
-15.131578957548475
 30
0.0
 10
-139.26031990299236
 20
-15.131578957548475
 30
0.0
  0
LINE
  5
69B
330
17
100
AcDbEntity
  8
hidden
100
AcDbLine
 10
-124.02312487670852
 20
-15.131578957548475
 30
0.0
 11
-124.02312487670852
 21
-22.868421042451523
 31
0.0
  0
LINE
  5
69C
330
17
100
AcDbEntity
  8
hidden
100
AcDbLine
 10
-111.74379716575987
 20
-15.131578957548475
 30
0.0
 11
-124.02312487670851
 21
-15.131578957548475
 31
0.0
  0
LINE
  5
69D
330
17
100
AcDbEntity
  8
hidden
100
AcDbLine
 10
-111.74379716575991
 20
-15.131578957548475
 30
0.0
 11
-111.74379716575991
 21
-22.868421042451523
 31
0.0
  0
LINE
  5
69E
330
17
100
AcDbEntity
  8
hidden
100
AcDbLine
 10
-114.70166448109501
 20
-15.131578957548475
 30
0.0
 11
-139.26031990299242
 21
-15.131578957548475
 31
0.0
  0
LINE
  5
69F
330
17
100
AcDbEntity
  8
hidden
100
AcDbLine
 10
-114.70166448109508
 20
-15.131578957548475
 30
0.0
 11
-114.70166448109508
 21
-22.868421042451523
 31
0.0
  0
SPLINE
  5
6A0
330
17
100
AcDbEntity
  8
hidden
100
AcDbSpline
 70
0
 71
1
 72
17
 73
15
 74
0
 40
0.0
 40
0.0
 40
0.07142857142857108
 40
0.14285714285714216
 40
0.21428571428571322
 40
0.2857142857142843
 40
0.3571428571428554
 40
0.42857142857142644
 40
0.49999999999999756
 40
0.5714285714285686
 40
0.6428571428571397
 40
0.7142857142857107
 40
0.7857142857142818
 40
0.8571428571428529
 40
0.928571428571424
 40
1.0
 40
1.0
 10
-111.74379716576001
 20
-15.131578957548475
 30
0.0
 10
-112.04314400547138
 20
-15.131578957548475
 30
0.0
 10
-112.33044456546334
 20
-15.131578957548475
 30
0.0
 10
-112.60526855343888
 20
-15.131578957548475
 30
0.0
 10
-112.86720436336056
 20
-15.131578957548475
 30
0.0
 10
-113.11585969191606
 20
-15.131578957548475
 30
0.0
 10
-113.3508621260739
 20
-15.131578957548475
 30
0.0
 10
-113.57185970084943
 20
-15.131578957548475
 30
0.0
 10
-113.77852142644548
 20
-15.131578957548475
 30
0.0
 10
-113.97053778397836
 20
-15.131578957548475
 30
0.0
 10
-114.14762118904673
 20
-15.131578957548475
 30
0.0
 10
-114.30950642244906
 20
-15.131578957548475
 30
0.0
 10
-114.45595102740444
 20
-15.131578957548475
 30
0.0
 10
-114.586735672682
 20
-15.131578957548475
 30
0.0
 10
-114.70166448109504
 20
-15.131578957548475
 30
0.0
  0
LINE
  5
6A1
330
17
100
AcDbEntity
  8
hidden
100
AcDbLine
 10
-99.57894738005542
 20
-22.868421042451523
 30
0.0
 11
-99.57894738005542
 21
-15.131578957548475
 31
0.0
  0
SPLINE
  5
6A2
330
17
100
AcDbEntity
  8
hidden
100
AcDbSpline
 70
0
 71
1
 72
17
 73
15
 74
0
 40
0.0
 40
0.0
 40
0.2243994752564138
 40
0.4487989505128276
 40
0.6731984257692414
 40
0.8975979010256552
 40
1.121997376282069
 40
1.3463968515384828
 40
1.5707963267948966
 40
1.7951958020513104
 40
2.019595277307724
 40
2.243994752564138
 40
2.4683942278205517
 40
2.6927937030769655
 40
2.9171931783333793
 40
3.141592653589793
 40
3.141592653589793
 10
-99.57894738005542
 20
-15.131578957548475
 30
0.0
 10
-99.68979239959145
 20
-15.131578957548475
 30
0.0
 10
-100.01676922607152
 20
-15.131578957548475
 30
0.0
 10
-100.54348187607957
 20
-15.131578957548475
 30
0.0
 10
-101.24351877798372
 20
-15.131578957548475
 30
0.0
 10
-102.08177715842298
 20
-15.131578957548475
 30
0.0
 10
-103.01622324193994
 20
-15.131578957548475
 30
0.0
 10
-104.00000000000003
 20
-15.131578957548475
 30
0.0
 10
-104.9837767580601
 20
-15.131578957548475
 30
0.0
 10
-105.91822284157706
 20
-15.131578957548475
 30
0.0
 10
-106.75648122201632
 20
-15.131578957548475
 30
0.0
 10
-107.45651812392047
 20
-15.131578957548475
 30
0.0
 10
-107.98323077392853
 20
-15.131578957548475
 30
0.0
 10
-108.31020760040859
 20
-15.131578957548475
 30
0.0
 10
-108.42105261994462
 20
-15.131578957548475
 30
0.0
  0
SPLINE
  5
6A3
330
17
100
AcDbEntity
  8
hidden
100
AcDbSpline
 70
0
 71
1
 72
17
 73
15
 74
0
 40
0.0
 40
0.0
 40
0.07142857142857142
 40
0.14285714285714285
 40
0.21428571428571427
 40
0.2857142857142857
 40
0.35714285714285715
 40
0.42857142857142855
 40
0.5
 40
0.5714285714285714
 40
0.6428571428571429
 40
0.7142857142857143
 40
0.7857142857142857
 40
0.8571428571428571
 40
0.9285714285714286
 40
1.0
 40
1.0
 10
-108.42105261994462
 20
-15.131578957548475
 30
0.0
 10
-108.31020760040859
 20
-15.131578957548475
 30
0.0
 10
-107.98323077392854
 20
-15.131578957548475
 30
0.0
 10
-107.45651812392047
 20
-15.131578957548475
 30
0.0
 10
-106.75648122201632
 20
-15.131578957548475
 30
0.0
 10
-105.91822284157706
 20
-15.131578957548475
 30
0.0
 10
-104.9837767580601
 20
-15.131578957548475
 30
0.0
 10
-104.00000000000003
 20
-15.131578957548475
 30
0.0
 10
-103.01622324193994
 20
-15.131578957548475
 30
0.0
 10
-102.08177715842298
 20
-15.131578957548475
 30
0.0
 10
-101.24351877798374
 20
-15.131578957548475
 30
0.0
 10
-100.54348187607957
 20
-15.131578957548475
 30
0.0
 10
-100.01676922607152
 20
-15.131578957548475
 30
0.0
 10
-99.68979239959145
 20
-15.131578957548475
 30
0.0
 10
-99.57894738005542
 20
-15.131578957548475
 30
0.0
  0
LINE
  5
6A4
330
17
100
AcDbEntity
  8
hidden
100
AcDbLine
 10
-88.76280497371624
 20
-15.131578957548475
 30
0.0
 11
-88.76280497371624
 21
-22.868421042451523
 31
0.0
  0
LINE
  5
6A5
330
17
100
AcDbEntity
  8
hidden
100
AcDbLine
 10
-101.04213268466486
 20
-15.131578957548475
 30
0.0
 11
-88.7628049737163
 21
-15.131578957548475
 31
0.0
  0
LINE
  5
6A6
330
17
100
AcDbEntity
  8
hidden
100
AcDbLine
 10
-101.04213268466485
 20
-15.131578957548475
 30
0.0
 11
-101.04213268466485
 21
-22.868421042451523
 31
0.0
  0
LINE
  5
6A7
330
17
100
AcDbEntity
  8
hidden
100
AcDbLine
 10
-106.95786731533519
 20
-15.131578957548475
 30
0.0
 11
-106.95786731533519
 21
-22.868421042451523
 31
0.0
  0
SPLINE
  5
6A8
330
17
100
AcDbEntity
  8
hidden
100
AcDbSpline
 70
0
 71
3
 72
8
 73
4
 74
0
 40
0.0
 40
0.0
 40
0.0
 40
0.0
 40
1.0
 40
1.0
 40
1.0
 40
1.0
 10
-101.04213268466494
 20
-15.131578957548475
 30
0.0
 10
-102.96636187677807
 20
-15.131578957548477
 30
0.0
 10
-105.03363812322198
 20
-15.131578957548475
 30
0.0
 10
-106.95786731533511
 20
-15.131578957548475
 30
0.0
  0
LINE
  5
6A9
330
17
100
AcDbEntity
  8
hidden
100
AcDbLine
 10
-119.2371950262838
 20
-15.131578957548475
 30
0.0
 11
-119.2371950262838
 21
-22.868421042451523
 31
0.0
  0
SPLINE
  5
6AA
330
17
100
AcDbEntity
  8
hidden
100
AcDbSpline
 70
0
 71
1
 72
17
 73
15
 74
0
 40
0.0
 40
0.0
 40
0.07142857142857137
 40
0.14285714285714274
 40
0.21428571428571414
 40
0.2857142857142855
 40
0.3571428571428569
 40
0.42857142857142827
 40
0.4999999999999996
 40
0.571428571428571
 40
0.6428571428571423
 40
0.7142857142857137
 40
0.7857142857142851
 40
0.8571428571428565
 40
0.9285714285714278
 40
1.0
 40
1.0
 10
-88.76280497371687
 20
-15.131578957548475
 30
0.0
 10
-90.82313247170268
 20
-15.131578957548475
 30
0.0
 10
-92.936788358522
 20
-15.131578957548475
 30
0.0
 10
-95.09521841119653
 20
-15.131578957548475
 30
0.0
 10
-97.28968720024187
 20
-15.131578957548475
 30
0.0
 10
-99.51131344301523
 20
-15.131578957548475
 30
0.0
 10
-101.75110594734875
 20
-15.131578957548475
 30
0.0
 10
-104.00000000000001
 20
-15.131578957548475
 30
0.0
 10
-106.24889405265127
 20
-15.131578957548475
 30
0.0
 10
-108.4886865569848
 20
-15.131578957548475
 30
0.0
 10
-110.71031279975816
 20
-15.131578957548475
 30
0.0
 10
-112.9047815888035
 20
-15.131578957548475
 30
0.0
 10
-115.06321164147803
 20
-15.131578957548475
 30
0.0
 10
-117.17686752829735
 20
-15.131578957548475
 30
0.0
 10
-119.23719502628317
 20
-15.131578957548475
 30
0.0
  0
LINE
  5
6AB
330
17
100
AcDbEntity
  8
hidden
100
AcDbLine
 10
-106.95786731533516
 20
-15.131578957548475
 30
0.0
 11
-119.23719502628376
 21
-15.131578957548475
 31
0.0
  0
LINE
  5
6AC
330
17
100
AcDbEntity
  8
hidden
100
AcDbLine
 10
-96.25620283424014
 20
-15.131578957548475
 30
0.0
 11
-96.25620283424014
 21
-22.868421042451523
 31
0.0
  0
SPLINE
  5
6AD
330
17
100
AcDbEntity
  8
hidden
100
AcDbSpline
 70
0
 71
1
 72
17
 73
15
 74
0
 40
0.0
 40
0.0
 40
0.07142857142857138
 40
0.14285714285714277
 40
0.21428571428571416
 40
0.28571428571428553
 40
0.35714285714285693
 40
0.4285714285714283
 40
0.49999999999999967
 40
0.5714285714285712
 40
0.6428571428571427
 40
0.7142857142857142
 40
0.7857142857142856
 40
0.8571428571428571
 40
0.9285714285714287
 40
1.0
 40
1.0
 10
-93.29833551890505
 20
-15.131578957548475
 30
0.0
 10
-93.41326432731809
 20
-15.131578957548475
 30
0.0
 10
-93.54404897259565
 20
-15.131578957548475
 30
0.0
 10
-93.69049357755102
 20
-15.131578957548475
 30
0.0
 10
-93.85237881095335
 20
-15.131578957548475
 30
0.0
 10
-94.02946221602174
 20
-15.131578957548475
 30
0.0
 10
-94.2214785735546
 20
-15.131578957548475
 30
0.0
 10
-94.42814029915064
 20
-15.131578957548475
 30
0.0
 10
-94.64913787392618
 20
-15.131578957548475
 30
0.0
 10
-94.88414030808403
 20
-15.131578957548475
 30
0.0
 10
-95.13279563663951
 20
-15.131578957548475
 30
0.0
 10
-95.3947314465612
 20
-15.131578957548475
 30
0.0
 10
-95.66955543453673
 20
-15.131578957548475
 30
0.0
 10
-95.95685599452867
 20
-15.131578957548475
 30
0.0
 10
-96.25620283424003
 20
-15.131578957548475
 30
0.0
  0
LINE
  5
6AE
330
17
100
AcDbEntity
  8
hidden
100
AcDbLine
 10
-93.29833551890496
 20
-15.131578957548475
 30
0.0
 11
-93.29833551890496
 21
-22.868421042451523
 31
0.0
  0
LINE
  5
6AF
330
17
100
AcDbEntity
  8
hidden
100
AcDbLine
 10
-68.73968009700775
 20
-15.131578957548475
 30
0.0
 11
-68.73968009700775
 21
-22.868421042451523
 31
0.0
  0
LINE
  5
6B0
330
17
100
AcDbEntity
  8
hidden
100
AcDbLine
 10
-93.29833551890513
 20
-15.131578957548475
 30
0.0
 11
-68.73968009700755
 21
-15.131578957548475
 31
0.0
  0
LINE
  5
6B1
330
17
100
AcDbEntity
  8
hidden
100
AcDbLine
 10
-83.97687512329152
 20
-15.131578957548475
 30
0.0
 11
-83.97687512329152
 21
-22.868421042451523
 31
0.0
  0
LINE
  5
6B2
330
17
100
AcDbEntity
  8
hidden
100
AcDbLine
 10
-96.25620283424017
 20
-15.131578957548475
 30
0.0
 11
-83.97687512329153
 21
-15.131578957548475
 31
0.0
  0
SPLINE
  5
6B3
330
17
100
AcDbEntity
  8
hidden
100
AcDbSpline
 70
0
 71
1
 72
17
 73
15
 74
0
 40
0.0
 40
0.0
 40
0.07142857142857142
 40
0.14285714285714282
 40
0.21428571428571425
 40
0.2857142857142857
 40
0.35714285714285715
 40
0.42857142857142855
 40
0.49999999999999994
 40
0.5714285714285714
 40
0.6428571428571428
 40
0.7142857142857141
 40
0.7857142857142855
 40
0.8571428571428569
 40
0.9285714285714283
 40
1.0
 40
1.0
 10
-68.73968009700765
 20
-15.131578957548475
 30
0.0
 10
-68.98672635089152
 20
-15.131578957548475
 30
0.0
 10
-69.37547559051798
 20
-15.131578957548475
 30
0.0
 10
-69.90435450033499
 20
-15.131578957548475
 30
0.0
 10
-70.57122264293676
 20
-15.131578957548475
 30
0.0
 10
-71.37338112167484
 20
-15.131578957548475
 30
0.0
 10
-72.30758350342174
 20
-15.131578957548475
 30
0.0
 10
-73.3700489572815
 20
-15.131578957548475
 30
0.0
 10
-74.5564775560731
 20
-15.131578957548475
 30
0.0
 10
-75.86206767865983
 20
-15.131578957548475
 30
0.0
 10
-77.2815354426952
 20
-15.131578957548475
 30
0.0
 10
-78.80913608913886
 20
-15.131578957548475
 30
0.0
 10
-80.43868723199648
 20
-15.131578957548475
 30
0.0
 10
-82.1635938791894
 20
-15.131578957548475
 30
0.0
 10
-83.9768751232914
 20
-15.131578957548475
 30
0.0
  0
LINE
  5
6B4
330
17
100
AcDbEntity
  8
hidden
100
AcDbLine
 10
-101.04213268466486
 20
-15.131578957548475
 30
0.0
 11
-88.76280497371629
 21
-15.131578957548475
 31
0.0
  0
LINE
  5
6B5
330
17
100
AcDbEntity
  8
hidden
100
AcDbLine
 10
-96.25620283424017
 20
-15.131578957548475
 30
0.0
 11
-83.97687512329153
 21
-15.131578957548475
 31
0.0
  0
LINE
  5
6B6
330
17
100
AcDbEntity
  8
hidden
100
AcDbLine
 10
-108.42105261994462
 20
-15.131578957548475
 30
0.0
 11
-108.42105261994462
 21
-22.868421042451523
 31
0.0
  0
SPLINE
  5
6B7
330
17
100
AcDbEntity
  8
hidden
100
AcDbSpline
 70
0
 71
1
 72
17
 73
15
 74
0
 40
0.0
 40
0.0
 40
0.07142857142857142
 40
0.14285714285714285
 40
0.21428571428571427
 40
0.2857142857142857
 40
0.35714285714285715
 40
0.42857142857142855
 40
0.5
 40
0.5714285714285714
 40
0.6428571428571429
 40
0.7142857142857143
 40
0.7857142857142857
 40
0.8571428571428571
 40
0.9285714285714286
 40
1.0
 40
1.0
 10
76.99999988947368
 20
-22.868421042451523
 30
0.0
 10
75.9469722038814
 20
-22.868421042451523
 30
0.0
 10
72.84069235232084
 20
-22.868421042451523
 30
0.0
 10
67.8369221772443
 20
-22.868421042451523
 30
0.0
 10
61.18657160915478
 20
-22.868421042451523
 30
0.0
 10
53.22311699498188
 20
-22.868421042451523
 30
0.0
 10
44.345879201570796
 20
-22.868421042451523
 30
0.0
 10
35.0
 20
-22.868421042451523
 30
0.0
 10
25.65412079842922
 20
-22.868421042451523
 30
0.0
 10
16.776883005018135
 20
-22.868421042451523
 30
0.0
 10
8.813428390845225
 20
-22.868421042451523
 30
0.0
 10
2.16307782275571
 20
-22.868421042451523
 30
0.0
 10
-2.840692352320829
 20
-22.868421042451523
 30
0.0
 10
-5.946972203881401
 20
-22.868421042451523
 30
0.0
 10
-6.999999889473685
 20
-22.868421042451523
 30
0.0
  0
SPLINE
  5
6B8
330
17
100
AcDbEntity
  8
hidden
100
AcDbSpline
 70
0
 71
1
 72
17
 73
15
 74
0
 40
0.0
 40
0.0
 40
0.07142857142857147
 40
0.14285714285714293
 40
0.21428571428571438
 40
0.28571428571428586
 40
0.3571428571428573
 40
0.42857142857142877
 40
0.5000000000000002
 40
0.5714285714285717
 40
0.6428571428571431
 40
0.7142857142857146
 40
0.7857142857142861
 40
0.8571428571428575
 40
0.928571428571429
 40
1.0
 40
1.0
 10
32.23684211253449
 20
-22.868421042451523
 30
0.0
 10
30.000413062554827
 20
-22.868421042451523
 30
0.0
 10
27.78421795024165
 20
-22.868421042451523
 30
0.0
 10
25.59722598731592
 20
-22.868421042451523
 30
0.0
 10
23.448288196793857
 20
-22.868421042451523
 30
0.0
 10
21.346101591818076
 20
-22.868421042451523
 30
0.0
 10
19.29917397778542
 20
-22.868421042451523
 30
0.0
 10
17.315789520221628
 20
-22.868421042451523
 30
0.0
 10
15.403975217753825
 20
-22.868421042451523
 30
0.0
 10
13.571468415868743
 20
-22.868421042451523
 30
0.0
 10
11.825685492932585
 20
-22.868421042451523
 30
0.0
 10
10.173691845203841
 20
-22.868421042451523
 30
0.0
 10
8.622173292313583
 20
-22.868421042451523
 30
0.0
 10
7.17740901893854
 20
-22.868421042451523
 30
0.0
 10
5.845246162175435
 20
-22.868421042451523
 30
0.0
  0
SPLINE
  5
6B9
330
17
100
AcDbEntity
  8
hidden
100
AcDbSpline
 70
0
 71
3
 72
35
 73
31
 74
0
 40
0.0
 40
0.0
 40
0.0
 40
0.0
 40
0.21428571428571394
 40
0.21428571428571394
 40
0.21428571428571394
 40
0.35714285714285654
 40
0.35714285714285654
 40
0.35714285714285654
 40
0.49999999999999917
 40
0.49999999999999917
 40
0.49999999999999917
 40
0.5714285714285705
 40
0.5714285714285705
 40
0.5714285714285705
 40
0.6428571428571418
 40
0.6428571428571418
 40
0.6428571428571418
 40
0.7142857142857131
 40
0.7142857142857131
 40
0.7142857142857131
 40
0.7857142857142845
 40
0.7857142857142845
 40
0.7857142857142845
 40
0.8571428571428558
 40
0.8571428571428558
 40
0.8571428571428558
 40
0.928571428571427
 40
0.928571428571427
 40
0.928571428571427
 40
1.0
 40
1.0
 40
1.0
 40
1.0
 10
32.23684211253431
 20
-22.868421042451523
 30
0.0
 10
31.82318204941375
 20
-22.868421042451523
 30
0.0
 10
31.415603320121832
 20
-22.868421042451523
 30
0.0
 10
31.01568807665912
 20
-22.868421042451523
 30
0.0
 10
30.7505137179734
 20
-22.868421042451523
 30
0.0
 10
30.488752552253686
 20
-22.868421042451523
 30
0.0
 10
30.23040457949997
 20
-22.868421042451523
 30
0.0
 10
29.97415003325125
 20
-22.868421042451523
 30
0.0
 10
29.721909915107652
 20
-22.868421042451523
 30
0.0
 10
29.473684225069185
 20
-22.868421042451523
 30
0.0
 10
29.351609086704176
 20
-22.868421042451523
 30
0.0
 10
29.22953394833916
 20
-22.868421042451526
 30
0.0
 10
29.10745880997415
 20
-22.868421042451523
 30
0.0
 10
28.98832543996013
 20
-22.868421042451523
 30
0.0
 10
28.869192069946102
 20
-22.868421042451523
 30
0.0
 10
28.750058699932083
 20
-22.868421042451523
 30
0.0
 10
28.634045525249604
 20
-22.868421042451523
 30
0.0
 10
28.51803235056713
 20
-22.868421042451523
 30
0.0
 10
28.402019175884654
 20
-22.868421042451523
 30
0.0
 10
28.28929995037332
 20
-22.868421042451523
 30
0.0
 10
28.176580724861985
 20
-22.868421042451523
 30
0.0
 10
28.06386149935065
 20
-22.868421042451523
 30
0.0
 10
27.954605043476604
 20
-22.868421042451523
 30
0.0
 10
27.84534858760255
 20
-22.868421042451523
 30
0.0
 10
27.736092131728505
 20
-22.868421042451523
 30
0.0
 10
27.63046207974071
 20
-22.868421042451523
 30
0.0
 10
27.524832027752897
 20
-22.868421042451523
 30
0.0
 10
27.4192019757651
 20
-22.868421042451523
 30
0.0
 10
27.31735653061902
 20
-22.868421042451526
 30
0.0
 10
27.215511085472947
 20
-22.868421042451523
 30
0.0
 10
27.113665640326865
 20
-22.868421042451523
 30
0.0
  0
LINE
  5
6BA
330
17
100
AcDbEntity
  8
hidden
100
AcDbLine
 10
27.113665640326822
 20
-22.868421042451523
 30
0.0
 11
5.84524616217535
 21
-22.868421042451523
 31
0.0
  0
SPLINE
  5
6BB
330
17
100
AcDbEntity
  8
hidden
100
AcDbSpline
 70
0
 71
1
 72
17
 73
15
 74
0
 40
0.0
 40
0.0
 40
0.07142857142857142
 40
0.14285714285714285
 40
0.21428571428571427
 40
0.2857142857142857
 40
0.35714285714285715
 40
0.42857142857142855
 40
0.5
 40
0.5714285714285714
 40
0.6428571428571429
 40
0.7142857142857143
 40
0.7857142857142857
 40
0.8571428571428571
 40
0.9285714285714286
 40
1.0
 40
1.0
 10
3.0820882747096334
 20
-22.868421042451523
 30
0.0
 10
2.613567051596064
 20
-22.868421042451523
 30
0.0
 10
2.1778220814931473
 20
-22.868421042451523
 30
0.0
 10
1.7752943542255721
 20
-22.868421042451523
 30
0.0
 10
1.4063912425550669
 20
-22.868421042451523
 30
0.0
 10
1.0714860899042904
 20
-22.868421042451523
 30
0.0
 10
0.7709178325196362
 20
-22.868421042451523
 30
0.0
 10
0.5049906564553908
 20
-22.868421042451523
 30
0.0
 10
0.27397368972634695
 20
-22.868421042451523
 30
0.0
 10
0.07810072994038109
 20
-22.868421042451523
 30
0.0
 10
-0.08242999231323722
 20
-22.868421042451523
 30
0.0
 10
-0.20745601408044934
 20
-22.868421042451523
 30
0.0
 10
-0.2968508044608029
 20
-22.868421042451523
 30
0.0
 10
-0.35052389266145667
 20
-22.868421042451523
 30
0.0
 10
-0.36842095955678644
 20
-22.868421042451523
 30
0.0
  0
SPLINE
  5
6BC
330
17
100
AcDbEntity
  8
hidden
100
AcDbSpline
 70
0
 71
1
 72
17
 73
15
 74
0
 40
0.0
 40
0.0
 40
0.07142857142857142
 40
0.14285714285714285
 40
0.21428571428571427
 40
0.2857142857142857
 40
0.35714285714285715
 40
0.42857142857142855
 40
0.5
 40
0.5714285714285714
 40
0.6428571428571429
 40
0.7142857142857143
 40
0.7857142857142857
 40
0.8571428571428571
 40
0.9285714285714286
 40
1.0
 40
1.0
 10
-0.36842095955678644
 20
-22.868421042451523
 30
0.0
 10
-0.35052389266144957
 20
-22.868421042451523
 30
0.0
 10
-0.29685080446081713
 20
-22.868421042451523
 30
0.0
 10
-0.20745601408044934
 20
-22.868421042451523
 30
0.0
 10
-0.08242999231323722
 20
-22.868421042451523
 30
0.0
 10
0.07810072994037398
 20
-22.868421042451523
 30
0.0
 10
0.27397368972634695
 20
-22.868421042451523
 30
0.0
 10
0.504990656455405
 20
-22.868421042451523
 30
0.0
 10
0.7709178325196291
 20
-22.868421042451523
 30
0.0
 10
1.0714860899042833
 20
-22.868421042451523
 30
0.0
 10
1.4063912425550598
 20
-22.868421042451523
 30
0.0
 10
1.775294354225565
 20
-22.868421042451523
 30
0.0
 10
2.1778220814931473
 20
-22.868421042451523
 30
0.0
 10
2.613567051596064
 20
-22.868421042451523
 30
0.0
 10
3.0820882747096334
 20
-22.868421042451523
 30
0.0
  0
LINE
  5
6BD
330
17
100
AcDbEntity
  8
hidden
100
AcDbLine
 10
24.350507752861418
 20
-22.868421042451523
 30
0.0
 11
3.082088274710042
 21
-22.868421042451523
 31
0.0
  0
SPLINE
  5
6BE
330
17
100
AcDbEntity
  8
hidden
100
AcDbSpline
 70
0
 71
2
 72
6
 73
3
 74
0
 40
0.0
 40
0.0
 40
0.0
 40
1.0
 40
1.0
 40
1.0
 10
24.350507752861354
 20
-22.868421042451523
 30
0.0
 10
23.94922184331629
 20
-22.868421042451523
 30
0.0
 10
23.947368450138505
 20
-22.868421042451523
 30
0.0
  0
SPLINE
  5
6BF
330
17
100
AcDbEntity
  8
hidden
100
AcDbSpline
 70
0
 71
2
 72
6
 73
3
 74
0
 40
0.0
 40
0.0
 40
0.0
 40
1.0
 40
1.0
 40
1.0
 10
23.947368450138505
 20
-22.868421042451523
 30
0.0
 10
23.949221843316288
 20
-22.868421042451523
 30
0.0
 10
24.350507752861354
 20
-22.868421042451523
 30
0.0
  0
LINE
  5
6C0
330
17
100
AcDbEntity
  8
hidden
100
AcDbLine
 10
24.35050775286141
 20
-22.868421042451523
 30
0.0
 11
3.0820882747100384
 21
-22.868421042451523
 31
0.0
  0
SPLINE
  5
6C1
330
17
100
AcDbEntity
  8
hidden
100
AcDbSpline
 70
0
 71
1
 72
17
 73
15
 74
0
 40
0.0
 40
0.0
 40
0.07142857142857165
 40
0.1428571428571433
 40
0.21428571428571494
 40
0.2857142857142866
 40
0.3571428571428582
 40
0.4285714285714299
 40
0.5000000000000014
 40
0.5714285714285732
 40
0.6428571428571448
 40
0.7142857142857164
 40
0.785714285714288
 40
0.8571428571428598
 40
0.9285714285714314
 40
1.0
 40
1.0
 10
5.845246162175393
 20
-22.868421042451523
 30
0.0
 10
7.177409018938565
 20
-22.868421042451523
 30
0.0
 10
8.62217329231369
 20
-22.868421042451523
 30
0.0
 10
10.173691845204033
 20
-22.868421042451523
 30
0.0
 10
11.82568549293287
 20
-22.868421042451523
 30
0.0
 10
13.571468415869134
 20
-22.868421042451523
 30
0.0
 10
15.403975217754322
 20
-22.868421042451523
 30
0.0
 10
17.315789520222243
 20
-22.868421042451523
 30
0.0
 10
19.29917397778615
 20
-22.868421042451523
 30
0.0
 10
21.346101591818933
 20
-22.868421042451523
 30
0.0
 10
23.44828819679484
 20
-22.868421042451523
 30
0.0
 10
25.597225987317024
 20
-22.868421042451523
 30
0.0
 10
27.784217950242883
 20
-22.868421042451523
 30
0.0
 10
30.00041306255618
 20
-22.868421042451523
 30
0.0
 10
32.23684211253587
 20
-22.868421042451523
 30
0.0
  0
LINE
  5
6C2
330
17
100
AcDbEntity
  8
hidden
100
AcDbLine
 10
27.11366564032681
 20
-22.868421042451523
 30
0.0
 11
5.845246162175336
 21
-22.868421042451523
 31
0.0
  0
SPLINE
  5
6C3
330
17
100
AcDbEntity
  8
hidden
100
AcDbSpline
 70
0
 71
3
 72
35
 73
31
 74
0
 40
0.0
 40
0.0
 40
0.0
 40
0.0
 40
0.07142857142857073
 40
0.07142857142857073
 40
0.07142857142857073
 40
0.14285714285714146
 40
0.14285714285714146
 40
0.14285714285714146
 40
0.21428571428571216
 40
0.21428571428571216
 40
0.21428571428571216
 40
0.2857142857142829
 40
0.2857142857142829
 40
0.2857142857142829
 40
0.35714285714285365
 40
0.35714285714285365
 40
0.35714285714285365
 40
0.42857142857142433
 40
0.42857142857142433
 40
0.42857142857142433
 40
0.49999999999999506
 40
0.49999999999999506
 40
0.49999999999999506
 40
0.6428571428571366
 40
0.6428571428571366
 40
0.6428571428571366
 40
0.785714285714278
 40
0.785714285714278
 40
0.785714285714278
 40
1.0
 40
1.0
 40
1.0
 40
1.0
 10
27.11366564032685
 20
-22.868421042451523
 30
0.0
 10
27.21551108547292
 20
-22.868421042451526
 30
0.0
 10
27.317356530619
 20
-22.868421042451523
 30
0.0
 10
27.41920197576507
 20
-22.868421042451523
 30
0.0
 10
27.524832027752872
 20
-22.868421042451523
 30
0.0
 10
27.630462079740674
 20
-22.868421042451523
 30
0.0
 10
27.736092131728476
 20
-22.868421042451523
 30
0.0
 10
27.845348587602523
 20
-22.868421042451523
 30
0.0
 10
27.95460504347657
 20
-22.868421042451523
 30
0.0
 10
28.063861499350615
 20
-22.868421042451523
 30
0.0
 10
28.176580724861946
 20
-22.868421042451523
 30
0.0
 10
28.289299950373277
 20
-22.868421042451523
 30
0.0
 10
28.40201917588461
 20
-22.868421042451523
 30
0.0
 10
28.518032350567083
 20
-22.868421042451523
 30
0.0
 10
28.634045525249558
 20
-22.868421042451523
 30
0.0
 10
28.75005869993203
 20
-22.868421042451523
 30
0.0
 10
28.869192069946052
 20
-22.868421042451523
 30
0.0
 10
28.98832543996008
 20
-22.868421042451523
 30
0.0
 10
29.107458809974098
 20
-22.868421042451523
 30
0.0
 10
29.229533948339107
 20
-22.868421042451523
 30
0.0
 10
29.35160908670412
 20
-22.868421042451523
 30
0.0
 10
29.473684225069128
 20
-22.868421042451523
 30
0.0
 10
29.72190991510759
 20
-22.868421042451523
 30
0.0
 10
29.974150033251178
 20
-22.868421042451523
 30
0.0
 10
30.230404579499904
 20
-22.868421042451523
 30
0.0
 10
30.488752552253615
 20
-22.868421042451523
 30
0.0
 10
30.750513717973327
 20
-22.868421042451523
 30
0.0
 10
31.01568807665904
 20
-22.868421042451523
 30
0.0
 10
31.41560332012177
 20
-22.868421042451523
 30
0.0
 10
31.823182049413695
 20
-22.868421042451523
 30
0.0
 10
32.23684211253427
 20
-22.868421042451523
 30
0.0
  0
SPLINE
  5
6C4
330
17
100
AcDbEntity
  8
hidden
100
AcDbSpline
 70
0
 71
1
 72
17
 73
15
 74
0
 40
0.0
 40
0.0
 40
0.0714285714285714
 40
0.1428571428571428
 40
0.2142857142857142
 40
0.2857142857142856
 40
0.357142857142857
 40
0.4285714285714284
 40
0.4999999999999998
 40
0.5714285714285712
 40
0.6428571428571426
 40
0.714285714285714
 40
0.7857142857142854
 40
0.8571428571428568
 40
0.9285714285714282
 40
1.0
 40
1.0
 10
64.15475383782461
 20
-22.868421042451523
 30
0.0
 10
62.82259098106146
 20
-22.868421042451523
 30
0.0
 10
61.37782670768637
 20
-22.868421042451523
 30
0.0
 10
59.82630815479607
 20
-22.868421042451523
 30
0.0
 10
58.17431450706727
 20
-22.868421042451523
 30
0.0
 10
56.42853158413105
 20
-22.868421042451523
 30
0.0
 10
54.59602478224591
 20
-22.868421042451523
 30
0.0
 10
52.68421047977804
 20
-22.868421042451523
 30
0.0
 10
50.70082602221418
 20
-22.868421042451523
 30
0.0
 10
48.653898408181455
 20
-22.868421042451523
 30
0.0
 10
46.5517118032056
 20
-22.868421042451523
 30
0.0
 10
44.402774012683466
 20
-22.868421042451523
 30
0.0
 10
42.215782049757664
 20
-22.868421042451523
 30
0.0
 10
39.99958693744442
 20
-22.868421042451523
 30
0.0
 10
37.76315788746467
 20
-22.868421042451523
 30
0.0
  0
LINE
  5
6C5
330
17
100
AcDbEntity
  8
hidden
100
AcDbLine
 10
42.886334359673185
 20
-22.868421042451523
 30
0.0
 11
64.15475383782467
 21
-22.868421042451523
 31
0.0
  0
SPLINE
  5
6C6
330
17
100
AcDbEntity
  8
hidden
100
AcDbSpline
 70
0
 71
3
 72
35
 73
31
 74
0
 40
0.0
 40
0.0
 40
0.0
 40
0.0
 40
0.07142857142857108
 40
0.07142857142857108
 40
0.07142857142857108
 40
0.14285714285714216
 40
0.14285714285714216
 40
0.14285714285714216
 40
0.21428571428571322
 40
0.21428571428571322
 40
0.21428571428571322
 40
0.2857142857142843
 40
0.2857142857142843
 40
0.2857142857142843
 40
0.3571428571428554
 40
0.3571428571428554
 40
0.3571428571428554
 40
0.42857142857142644
 40
0.42857142857142644
 40
0.42857142857142644
 40
0.49999999999999756
 40
0.49999999999999756
 40
0.49999999999999756
 40
0.6428571428571397
 40
0.6428571428571397
 40
0.6428571428571397
 40
0.7857142857142818
 40
0.7857142857142818
 40
0.7857142857142818
 40
1.0
 40
1.0
 40
1.0
 40
1.0
 10
42.88633435967314
 20
-22.868421042451523
 30
0.0
 10
42.78448891452707
 20
-22.868421042451523
 30
0.0
 10
42.682643469380984
 20
-22.868421042451523
 30
0.0
 10
42.5807980242349
 20
-22.868421042451523
 30
0.0
 10
42.47516797224711
 20
-22.868421042451523
 30
0.0
 10
42.3695379202593
 20
-22.868421042451523
 30
0.0
 10
42.263907868271495
 20
-22.868421042451523
 30
0.0
 10
42.15465141239744
 20
-22.868421042451523
 30
0.0
 10
42.045394956523396
 20
-22.868421042451523
 30
0.0
 10
41.93613850064934
 20
-22.868421042451523
 30
0.0
 10
41.823419275138
 20
-22.868421042451523
 30
0.0
 10
41.71070004962667
 20
-22.868421042451523
 30
0.0
 10
41.59798082411533
 20
-22.868421042451523
 30
0.0
 10
41.48196764943285
 20
-22.868421042451523
 30
0.0
 10
41.365954474750374
 20
-22.868421042451523
 30
0.0
 10
41.249941300067896
 20
-22.868421042451523
 30
0.0
 10
41.13080793005387
 20
-22.868421042451523
 30
0.0
 10
41.01167456003984
 20
-22.868421042451523
 30
0.0
 10
40.89254119002582
 20
-22.868421042451523
 30
0.0
 10
40.7704660516608
 20
-22.868421042451523
 30
0.0
 10
40.648390913295785
 20
-22.868421042451523
 30
0.0
 10
40.52631577493077
 20
-22.868421042451523
 30
0.0
 10
40.2780900848923
 20
-22.868421042451523
 30
0.0
 10
40.025849966748694
 20
-22.868421042451523
 30
0.0
 10
39.76959542049997
 20
-22.868421042451523
 30
0.0
 10
39.51124744774624
 20
-22.868421042451523
 30
0.0
 10
39.24948628202652
 20
-22.868421042451523
 30
0.0
 10
38.9843119233408
 20
-22.868421042451523
 30
0.0
 10
38.58439667987806
 20
-22.868421042451523
 30
0.0
 10
38.17681795058613
 20
-22.868421042451523
 30
0.0
 10
37.763157887465546
 20
-22.868421042451523
 30
0.0
  0
SPLINE
  5
6C7
330
17
100
AcDbEntity
  8
hidden
100
AcDbSpline
 70
0
 71
1
 72
17
 73
15
 74
0
 40
0.0
 40
0.0
 40
0.1121997376282069
 40
0.2243994752564138
 40
0.3365992128846207
 40
0.4487989505128276
 40
0.5609986881410345
 40
0.6731984257692414
 40
0.7853981633974483
 40
0.8975979010256552
 40
1.009797638653862
 40
1.121997376282069
 40
1.2341971139102759
 40
1.3463968515384828
 40
1.4585965891666897
 40
1.5707963267948966
 40
1.5707963267948966
 10
35.0
 20
-22.868421042451523
 30
0.0
 10
35.495000840417255
 20
-22.868421042451523
 30
0.0
 10
35.98377675806008
 20
-22.868421042451523
 30
0.0
 10
36.460181112169735
 20
-22.868421042451523
 30
0.0
 10
36.91822284157704
 20
-22.868421042451523
 30
0.0
 10
37.35214180577269
 20
-22.868421042451523
 30
0.0
 10
37.75648122201629
 20
-22.868421042451523
 30
0.0
 10
38.12615628754538
 20
-22.868421042451523
 30
0.0
 10
38.45651812392045
 20
-22.868421042451523
 30
0.0
 10
38.743412239368695
 20
-22.868421042451523
 30
0.0
 10
38.98323077392851
 20
-22.868421042451523
 30
0.0
 10
39.172957870381836
 20
-22.868421042451523
 30
0.0
 10
39.31020760040857
 20
-22.868421042451523
 30
0.0
 10
39.393253969019455
 20
-22.868421042451523
 30
0.0
 10
39.4210526199446
 20
-22.868421042451523
 30
0.0
  0
SPLINE
  5
6C8
330
17
100
AcDbEntity
  8
hidden
100
AcDbSpline
 70
0
 71
1
 72
17
 73
15
 74
0
 40
0.0
 40
0.0
 40
0.07142857142857142
 40
0.14285714285714285
 40
0.21428571428571427
 40
0.2857142857142857
 40
0.35714285714285715
 40
0.42857142857142855
 40
0.5
 40
0.5714285714285714
 40
0.6428571428571429
 40
0.7142857142857143
 40
0.7857142857142857
 40
0.8571428571428571
 40
0.9285714285714286
 40
1.0
 40
1.0
 10
39.4210526199446
 20
-22.868421042451523
 30
0.0
 10
39.31020760040857
 20
-22.868421042451523
 30
0.0
 10
38.98323077392851
 20
-22.868421042451523
 30
0.0
 10
38.45651812392045
 20
-22.868421042451523
 30
0.0
 10
37.75648122201629
 20
-22.868421042451523
 30
0.0
 10
36.91822284157704
 20
-22.868421042451523
 30
0.0
 10
35.98377675806008
 20
-22.868421042451523
 30
0.0
 10
35.0
 20
-22.868421042451523
 30
0.0
 10
34.01622324193992
 20
-22.868421042451523
 30
0.0
 10
33.08177715842296
 20
-22.868421042451523
 30
0.0
 10
32.24351877798371
 20
-22.868421042451523
 30
0.0
 10
31.543481876079547
 20
-22.868421042451523
 30
0.0
 10
31.01676922607149
 20
-22.868421042451523
 30
0.0
 10
30.689792399591433
 20
-22.868421042451523
 30
0.0
 10
30.578947380055403
 20
-22.868421042451523
 30
0.0
  0
SPLINE
  5
6C9
330
17
100
AcDbEntity
  8
hidden
100
AcDbSpline
 70
0
 71
2
 72
30
 73
27
 74
0
 40
0.0
 40
0.0
 40
0.0
 40
0.07142857142857142
 40
0.07142857142857142
 40
0.14285714285714285
 40
0.14285714285714285
 40
0.21428571428571427
 40
0.21428571428571427
 40
0.2857142857142857
 40
0.2857142857142857
 40
0.35714285714285715
 40
0.35714285714285715
 40
0.42857142857142855
 40
0.42857142857142855
 40
0.5
 40
0.5
 40
0.5714285714285714
 40
0.5714285714285714
 40
0.6428571428571429
 40
0.6428571428571429
 40
0.7142857142857143
 40
0.7142857142857143
 40
0.7857142857142857
 40
0.7857142857142857
 40
0.8571428571428571
 40
0.8571428571428571
 40
1.0
 40
1.0
 40
1.0
 10
30.5789473800554
 20
-22.868421042451523
 30
0.0
 10
30.59284670551797
 20
-22.868421042451523
 30
0.0
 10
30.606746030980542
 20
-22.868421042451523
 30
0.0
 10
30.648269215285985
 20
-22.868421042451523
 30
0.0
 10
30.689792399591433
 20
-22.868421042451523
 30
0.0
 10
30.758417264604795
 20
-22.868421042451523
 30
0.0
 10
30.827042129618157
 20
-22.868421042451523
 30
0.0
 10
30.921905677844823
 20
-22.868421042451523
 30
0.0
 10
31.01676922607149
 20
-22.868421042451523
 30
0.0
 10
31.136678493351397
 20
-22.868421042451523
 30
0.0
 10
31.2565877606313
 20
-22.868421042451523
 30
0.0
 10
31.400034818355422
 20
-22.868421042451523
 30
0.0
 10
31.543481876079547
 20
-22.868421042451523
 30
0.0
 10
31.708662794267084
 20
-22.868421042451523
 30
0.0
 10
31.873843712454622
 20
-22.868421042451523
 30
0.0
 10
32.05868124521916
 20
-22.868421042451523
 30
0.0
 10
32.24351877798371
 20
-22.868421042451523
 30
0.0
 10
32.4456884861055
 20
-22.868421042451523
 30
0.0
 10
32.647858194227304
 20
-22.868421042451523
 30
0.0
 10
32.86481767632513
 20
-22.868421042451523
 30
0.0
 10
33.08177715842296
 20
-22.868421042451523
 30
0.0
 10
33.31079802312661
 20
-22.868421042451523
 30
0.0
 10
33.539818887830265
 20
-22.868421042451523
 30
0.0
 10
33.77802106488509
 20
-22.868421042451523
 30
0.0
 10
34.01622324193991
 20
-22.868421042451523
 30
0.0
 10
34.50325357438296
 20
-22.868421042451523
 30
0.0
 10
35.0
 20
-22.868421042451523
 30
0.0
  0
LINE
  5
6CA
330
17
100
AcDbEntity
  8
hidden
100
AcDbLine
 10
45.64949224713859
 20
-22.868421042451523
 30
0.0
 11
66.91791172528997
 21
-22.868421042451523
 31
0.0
  0
SPLINE
  5
6CB
330
17
100
AcDbEntity
  8
hidden
100
AcDbSpline
 70
0
 71
2
 72
6
 73
3
 74
0
 40
0.0
 40
0.0
 40
0.0
 40
1.0
 40
1.0
 40
1.0
 10
45.649492247138646
 20
-22.868421042451523
 30
0.0
 10
46.05077815668371
 20
-22.868421042451523
 30
0.0
 10
46.052631549861495
 20
-22.868421042451523
 30
0.0
  0
SPLINE
  5
6CC
330
17
100
AcDbEntity
  8
hidden
100
AcDbSpline
 70
0
 71
2
 72
6
 73
3
 74
0
 40
0.0
 40
0.0
 40
0.0
 40
1.0
 40
1.0
 40
1.0
 10
46.052631549861495
 20
-22.868421042451523
 30
0.0
 10
46.05077815668371
 20
-22.868421042451523
 30
0.0
 10
45.649492247138646
 20
-22.868421042451523
 30
0.0
  0
LINE
  5
6CD
330
17
100
AcDbEntity
  8
hidden
100
AcDbLine
 10
45.64949224713858
 20
-22.868421042451523
 30
0.0
 11
66.91791172528997
 21
-22.868421042451523
 31
0.0
  0
SPLINE
  5
6CE
330
17
100
AcDbEntity
  8
hidden
100
AcDbSpline
 70
0
 71
1
 72
17
 73
15
 74
0
 40
0.0
 40
0.0
 40
0.0714285714285714
 40
0.1428571428571428
 40
0.2142857142857142
 40
0.2857142857142856
 40
0.357142857142857
 40
0.4285714285714284
 40
0.4999999999999998
 40
0.5714285714285712
 40
0.6428571428571426
 40
0.714285714285714
 40
0.7857142857142854
 40
0.8571428571428568
 40
0.9285714285714282
 40
1.0
 40
1.0
 10
66.91791172529037
 20
-22.868421042451523
 30
0.0
 10
67.38643294840394
 20
-22.868421042451523
 30
0.0
 10
67.82217791850685
 20
-22.868421042451523
 30
0.0
 10
68.22470564577443
 20
-22.868421042451523
 30
0.0
 10
68.59360875744494
 20
-22.868421042451523
 30
0.0
 10
68.92851391009572
 20
-22.868421042451523
 30
0.0
 10
69.22908216748036
 20
-22.868421042451523
 30
0.0
 10
69.49500934354461
 20
-22.868421042451523
 30
0.0
 10
69.72602631027365
 20
-22.868421042451523
 30
0.0
 10
69.92189927005961
 20
-22.868421042451523
 30
0.0
 10
70.08242999231324
 20
-22.868421042451523
 30
0.0
 10
70.20745601408045
 20
-22.868421042451523
 30
0.0
 10
70.2968508044608
 20
-22.868421042451523
 30
0.0
 10
70.35052389266146
 20
-22.868421042451523
 30
0.0
 10
70.36842095955679
 20
-22.868421042451523
 30
0.0
  0
SPLINE
  5
6CF
330
17
100
AcDbEntity
  8
hidden
100
AcDbSpline
 70
0
 71
1
 72
17
 73
15
 74
0
 40
0.0
 40
0.0
 40
0.07142857142857136
 40
0.1428571428571427
 40
0.21428571428571408
 40
0.2857142857142854
 40
0.35714285714285676
 40
0.42857142857142816
 40
0.4999999999999995
 40
0.5714285714285708
 40
0.6428571428571422
 40
0.7142857142857135
 40
0.7857142857142849
 40
0.8571428571428563
 40
0.9285714285714276
 40
1.0
 40
1.0
 10
70.36842095955679
 20
-22.868421042451523
 30
0.0
 10
70.35052389266144
 20
-22.868421042451523
 30
0.0
 10
70.29685080446082
 20
-22.868421042451523
 30
0.0
 10
70.20745601408045
 20
-22.868421042451523
 30
0.0
 10
70.08242999231325
 20
-22.868421042451523
 30
0.0
 10
69.92189927005961
 20
-22.868421042451523
 30
0.0
 10
69.72602631027365
 20
-22.868421042451523
 30
0.0
 10
69.49500934354461
 20
-22.868421042451523
 30
0.0
 10
69.22908216748036
 20
-22.868421042451523
 30
0.0
 10
68.92851391009572
 20
-22.868421042451523
 30
0.0
 10
68.59360875744494
 20
-22.868421042451523
 30
0.0
 10
68.22470564577442
 20
-22.868421042451523
 30
0.0
 10
67.82217791850685
 20
-22.868421042451523
 30
0.0
 10
67.38643294840394
 20
-22.868421042451523
 30
0.0
 10
66.91791172529035
 20
-22.868421042451523
 30
0.0
  0
SPLINE
  5
6D0
330
17
100
AcDbEntity
  8
hidden
100
AcDbSpline
 70
0
 71
3
 72
35
 73
31
 74
0
 40
0.0
 40
0.0
 40
0.0
 40
0.0
 40
0.21428571428571416
 40
0.21428571428571416
 40
0.21428571428571416
 40
0.35714285714285693
 40
0.35714285714285693
 40
0.35714285714285693
 40
0.49999999999999967
 40
0.49999999999999967
 40
0.49999999999999967
 40
0.5714285714285712
 40
0.5714285714285712
 40
0.5714285714285712
 40
0.6428571428571427
 40
0.6428571428571427
 40
0.6428571428571427
 40
0.7142857142857142
 40
0.7142857142857142
 40
0.7142857142857142
 40
0.7857142857142856
 40
0.7857142857142856
 40
0.7857142857142856
 40
0.8571428571428571
 40
0.8571428571428571
 40
0.8571428571428571
 40
0.9285714285714287
 40
0.9285714285714287
 40
0.9285714285714287
 40
1.0
 40
1.0
 40
1.0
 40
1.0
 10
37.76315788746573
 20
-22.868421042451523
 30
0.0
 10
38.17681795058629
 20
-22.86842104245152
 30
0.0
 10
38.58439667987821
 20
-22.868421042451523
 30
0.0
 10
38.98431192334091
 20
-22.868421042451523
 30
0.0
 10
39.24948628202662
 20
-22.86842104245152
 30
0.0
 10
39.51124744774634
 20
-22.868421042451523
 30
0.0
 10
39.76959542050005
 20
-22.868421042451523
 30
0.0
 10
40.02584996674878
 20
-22.868421042451523
 30
0.0
 10
40.27809008489237
 20
-22.868421042451523
 30
0.0
 10
40.526315774930836
 20
-22.868421042451523
 30
0.0
 10
40.64839091329585
 20
-22.868421042451523
 30
0.0
 10
40.77046605166086
 20
-22.868421042451523
 30
0.0
 10
40.892541190025874
 20
-22.868421042451523
 30
0.0
 10
41.01167456003989
 20
-22.868421042451523
 30
0.0
 10
41.13080793005392
 20
-22.868421042451523
 30
0.0
 10
41.249941300067945
 20
-22.868421042451523
 30
0.0
 10
41.36595447475042
 20
-22.868421042451523
 30
0.0
 10
41.48196764943289
 20
-22.868421042451523
 30
0.0
 10
41.59798082411537
 20
-22.868421042451523
 30
0.0
 10
41.7107000496267
 20
-22.868421042451523
 30
0.0
 10
41.823419275138036
 20
-22.868421042451523
 30
0.0
 10
41.93613850064936
 20
-22.868421042451523
 30
0.0
 10
42.04539495652342
 20
-22.868421042451523
 30
0.0
 10
42.15465141239746
 20
-22.868421042451523
 30
0.0
 10
42.26390786827151
 20
-22.868421042451523
 30
0.0
 10
42.36953792025931
 20
-22.868421042451523
 30
0.0
 10
42.47516797224711
 20
-22.868421042451523
 30
0.0
 10
42.580798024234916
 20
-22.868421042451523
 30
0.0
 10
42.68264346938099
 20
-22.868421042451523
 30
0.0
 10
42.78448891452707
 20
-22.868421042451523
 30
0.0
 10
42.88633435967314
 20
-22.868421042451523
 30
0.0
  0
LINE
  5
6D1
330
17
100
AcDbEntity
  8
hidden
100
AcDbLine
 10
42.886334359673185
 20
-22.868421042451523
 30
0.0
 11
64.15475383782466
 21
-22.868421042451523
 31
0.0
  0
SPLINE
  5
6D2
330
17
100
AcDbEntity
  8
hidden
100
AcDbSpline
 70
0
 71
1
 72
17
 73
15
 74
0
 40
0.0
 40
0.0
 40
0.07142857142857142
 40
0.14285714285714282
 40
0.21428571428571425
 40
0.2857142857142857
 40
0.35714285714285715
 40
0.42857142857142855
 40
0.49999999999999994
 40
0.5714285714285714
 40
0.6428571428571428
 40
0.7142857142857141
 40
0.7857142857142855
 40
0.8571428571428569
 40
0.9285714285714283
 40
1.0
 40
1.0
 10
37.76315788746411
 20
-22.868421042451523
 30
0.0
 10
39.99958693744388
 20
-22.868421042451523
 30
0.0
 10
42.21578204975717
 20
-22.868421042451523
 30
0.0
 10
44.402774012683025
 20
-22.868421042451523
 30
0.0
 10
46.55171180320521
 20
-22.868421042451523
 30
0.0
 10
48.65389840818111
 20
-22.868421042451523
 30
0.0
 10
50.700826022213874
 20
-22.868421042451523
 30
0.0
 10
52.684210479777775
 20
-22.868421042451523
 30
0.0
 10
54.59602478224569
 20
-22.868421042451523
 30
0.0
 10
56.42853158413087
 20
-22.868421042451523
 30
0.0
 10
58.17431450706714
 20
-22.868421042451523
 30
0.0
 10
59.82630815479597
 20
-22.868421042451523
 30
0.0
 10
61.3778267076863
 20
-22.868421042451523
 30
0.0
 10
62.822590981061424
 20
-22.868421042451523
 30
0.0
 10
64.1547538378246
 20
-22.868421042451523
 30
0.0
  0
SPLINE
  5
6D3
330
17
100
AcDbEntity
  8
hidden
100
AcDbSpline
 70
0
 71
1
 72
17
 73
15
 74
0
 40
0.0
 40
0.0
 40
0.07142857142857142
 40
0.14285714285714285
 40
0.21428571428571427
 40
0.2857142857142857
 40
0.35714285714285715
 40
0.42857142857142855
 40
0.5
 40
0.5714285714285714
 40
0.6428571428571429
 40
0.7142857142857143
 40
0.7857142857142857
 40
0.8571428571428571
 40
0.9285714285714286
 40
1.0
 40
1.0
 10
76.99999988947368
 20
-15.131578957548475
 30
0.0
 10
75.9469722038814
 20
-15.131578957548475
 30
0.0
 10
72.84069235232084
 20
-15.131578957548475
 30
0.0
 10
67.8369221772443
 20
-15.131578957548475
 30
0.0
 10
61.18657160915478
 20
-15.131578957548475
 30
0.0
 10
53.22311699498188
 20
-15.131578957548475
 30
0.0
 10
44.345879201570796
 20
-15.131578957548475
 30
0.0
 10
35.0
 20
-15.131578957548475
 30
0.0
 10
25.65412079842922
 20
-15.131578957548475
 30
0.0
 10
16.776883005018135
 20
-15.131578957548475
 30
0.0
 10
8.813428390845225
 20
-15.131578957548475
 30
0.0
 10
2.16307782275571
 20
-15.131578957548475
 30
0.0
 10
-2.840692352320829
 20
-15.131578957548475
 30
0.0
 10
-5.946972203881401
 20
-15.131578957548475
 30
0.0
 10
-6.999999889473685
 20
-15.131578957548475
 30
0.0
  0
LINE
  5
6D4
330
17
100
AcDbEntity
  8
hidden
100
AcDbLine
 10
5.845246162175322
 20
-15.131578957548475
 30
0.0
 11
5.845246162175322
 21
-22.868421042451523
 31
0.0
  0
SPLINE
  5
6D5
330
17
100
AcDbEntity
  8
hidden
100
AcDbSpline
 70
0
 71
1
 72
17
 73
15
 74
0
 40
0.0
 40
0.0
 40
0.07142857142857147
 40
0.14285714285714293
 40
0.21428571428571438
 40
0.28571428571428586
 40
0.3571428571428573
 40
0.42857142857142877
 40
0.5000000000000002
 40
0.5714285714285717
 40
0.6428571428571431
 40
0.7142857142857146
 40
0.7857142857142861
 40
0.8571428571428575
 40
0.928571428571429
 40
1.0
 40
1.0
 10
32.23684211253449
 20
-15.131578957548475
 30
0.0
 10
30.000413062554827
 20
-15.131578957548475
 30
0.0
 10
27.78421795024165
 20
-15.131578957548475
 30
0.0
 10
25.59722598731592
 20
-15.131578957548475
 30
0.0
 10
23.448288196793857
 20
-15.131578957548475
 30
0.0
 10
21.346101591818076
 20
-15.131578957548475
 30
0.0
 10
19.29917397778542
 20
-15.131578957548475
 30
0.0
 10
17.315789520221628
 20
-15.131578957548475
 30
0.0
 10
15.403975217753825
 20
-15.131578957548475
 30
0.0
 10
13.571468415868743
 20
-15.131578957548475
 30
0.0
 10
11.825685492932585
 20
-15.131578957548475
 30
0.0
 10
10.173691845203841
 20
-15.131578957548475
 30
0.0
 10
8.622173292313583
 20
-15.131578957548475
 30
0.0
 10
7.17740901893854
 20
-15.131578957548475
 30
0.0
 10
5.845246162175435
 20
-15.131578957548475
 30
0.0
  0
LINE
  5
6D6
330
17
100
AcDbEntity
  8
hidden
100
AcDbLine
 10
32.23684211253463
 20
-15.131578957548475
 30
0.0
 11
32.23684211253463
 21
-22.868421042451523
 31
0.0
  0
LINE
  5
6D7
330
17
100
AcDbEntity
  8
hidden
100
AcDbLine
 10
32.236842112534625
 20
-15.131578957548475
 30
0.0
 11
32.236842112534625
 21
-22.868421042451523
 31
0.0
  0
LINE
  5
6D8
330
17
100
AcDbEntity
  8
hidden
100
AcDbLine
 10
27.113665640326822
 20
-15.131578957548475
 30
0.0
 11
5.84524616217535
 21
-15.131578957548475
 31
0.0
  0
LINE
  5
6D9
330
17
100
AcDbEntity
  8
hidden
100
AcDbLine
 10
27.113665640326754
 20
-15.131578957548475
 30
0.0
 11
27.113665640326754
 21
-22.868421042451523
 31
0.0
  0
SPLINE
  5
6DA
330
17
100
AcDbEntity
  8
hidden
100
AcDbSpline
 70
0
 71
3
 72
35
 73
31
 74
0
 40
0.0
 40
0.0
 40
0.0
 40
0.0
 40
0.21428571428571394
 40
0.21428571428571394
 40
0.21428571428571394
 40
0.35714285714285654
 40
0.35714285714285654
 40
0.35714285714285654
 40
0.49999999999999917
 40
0.49999999999999917
 40
0.49999999999999917
 40
0.5714285714285705
 40
0.5714285714285705
 40
0.5714285714285705
 40
0.6428571428571418
 40
0.6428571428571418
 40
0.6428571428571418
 40
0.7142857142857131
 40
0.7142857142857131
 40
0.7142857142857131
 40
0.7857142857142845
 40
0.7857142857142845
 40
0.7857142857142845
 40
0.8571428571428558
 40
0.8571428571428558
 40
0.8571428571428558
 40
0.928571428571427
 40
0.928571428571427
 40
0.928571428571427
 40
1.0
 40
1.0
 40
1.0
 40
1.0
 10
32.23684211253431
 20
-15.131578957548475
 30
0.0
 10
31.82318204941375
 20
-15.131578957548475
 30
0.0
 10
31.415603320121832
 20
-15.131578957548474
 30
0.0
 10
31.01568807665912
 20
-15.131578957548475
 30
0.0
 10
30.7505137179734
 20
-15.131578957548474
 30
0.0
 10
30.488752552253686
 20
-15.131578957548477
 30
0.0
 10
30.23040457949997
 20
-15.131578957548477
 30
0.0
 10
29.97415003325125
 20
-15.131578957548474
 30
0.0
 10
29.721909915107652
 20
-15.131578957548477
 30
0.0
 10
29.473684225069185
 20
-15.131578957548475
 30
0.0
 10
29.351609086704176
 20
-15.131578957548477
 30
0.0
 10
29.22953394833916
 20
-15.131578957548474
 30
0.0
 10
29.10745880997415
 20
-15.131578957548475
 30
0.0
 10
28.98832543996013
 20
-15.131578957548477
 30
0.0
 10
28.869192069946102
 20
-15.131578957548474
 30
0.0
 10
28.750058699932083
 20
-15.131578957548477
 30
0.0
 10
28.634045525249604
 20
-15.131578957548475
 30
0.0
 10
28.51803235056713
 20
-15.131578957548475
 30
0.0
 10
28.402019175884654
 20
-15.131578957548475
 30
0.0
 10
28.28929995037332
 20
-15.131578957548475
 30
0.0
 10
28.176580724861985
 20
-15.131578957548475
 30
0.0
 10
28.06386149935065
 20
-15.131578957548475
 30
0.0
 10
27.954605043476604
 20
-15.131578957548475
 30
0.0
 10
27.84534858760255
 20
-15.131578957548475
 30
0.0
 10
27.736092131728505
 20
-15.131578957548475
 30
0.0
 10
27.63046207974071
 20
-15.131578957548477
 30
0.0
 10
27.524832027752897
 20
-15.131578957548474
 30
0.0
 10
27.4192019757651
 20
-15.131578957548477
 30
0.0
 10
27.31735653061902
 20
-15.131578957548474
 30
0.0
 10
27.215511085472947
 20
-15.131578957548477
 30
0.0
 10
27.113665640326865
 20
-15.131578957548475
 30
0.0
  0
LINE
  5
6DB
330
17
100
AcDbEntity
  8
hidden
100
AcDbLine
 10
3.0820882747099425
 20
-15.131578957548475
 30
0.0
 11
3.0820882747099425
 21
-22.868421042451523
 31
0.0
  0
SPLINE
  5
6DC
330
17
100
AcDbEntity
  8
hidden
100
AcDbSpline
 70
0
 71
1
 72
17
 73
15
 74
0
 40
0.0
 40
0.0
 40
0.07142857142857142
 40
0.14285714285714285
 40
0.21428571428571427
 40
0.2857142857142857
 40
0.35714285714285715
 40
0.42857142857142855
 40
0.5
 40
0.5714285714285714
 40
0.6428571428571429
 40
0.7142857142857143
 40
0.7857142857142857
 40
0.8571428571428571
 40
0.9285714285714286
 40
1.0
 40
1.0
 10
3.0820882747096334
 20
-15.131578957548475
 30
0.0
 10
2.613567051596064
 20
-15.131578957548475
 30
0.0
 10
2.1778220814931473
 20
-15.131578957548475
 30
0.0
 10
1.7752943542255721
 20
-15.131578957548475
 30
0.0
 10
1.4063912425550669
 20
-15.131578957548475
 30
0.0
 10
1.0714860899042904
 20
-15.131578957548475
 30
0.0
 10
0.7709178325196362
 20
-15.131578957548475
 30
0.0
 10
0.5049906564553908
 20
-15.131578957548475
 30
0.0
 10
0.27397368972634695
 20
-15.131578957548475
 30
0.0
 10
0.07810072994038109
 20
-15.131578957548475
 30
0.0
 10
-0.08242999231323722
 20
-15.131578957548475
 30
0.0
 10
-0.20745601408044934
 20
-15.131578957548475
 30
0.0
 10
-0.2968508044608029
 20
-15.131578957548475
 30
0.0
 10
-0.35052389266145667
 20
-15.131578957548475
 30
0.0
 10
-0.36842095955678644
 20
-15.131578957548475
 30
0.0
  0
SPLINE
  5
6DD
330
17
100
AcDbEntity
  8
hidden
100
AcDbSpline
 70
0
 71
1
 72
17
 73
15
 74
0
 40
0.0
 40
0.0
 40
0.07142857142857142
 40
0.14285714285714285
 40
0.21428571428571427
 40
0.2857142857142857
 40
0.35714285714285715
 40
0.42857142857142855
 40
0.5
 40
0.5714285714285714
 40
0.6428571428571429
 40
0.7142857142857143
 40
0.7857142857142857
 40
0.8571428571428571
 40
0.9285714285714286
 40
1.0
 40
1.0
 10
-0.36842095955678644
 20
-15.131578957548475
 30
0.0
 10
-0.35052389266144957
 20
-15.131578957548475
 30
0.0
 10
-0.29685080446081713
 20
-15.131578957548475
 30
0.0
 10
-0.20745601408044934
 20
-15.131578957548475
 30
0.0
 10
-0.08242999231323722
 20
-15.131578957548475
 30
0.0
 10
0.07810072994037398
 20
-15.131578957548475
 30
0.0
 10
0.27397368972634695
 20
-15.131578957548475
 30
0.0
 10
0.504990656455405
 20
-15.131578957548475
 30
0.0
 10
0.7709178325196291
 20
-15.131578957548475
 30
0.0
 10
1.0714860899042833
 20
-15.131578957548475
 30
0.0
 10
1.4063912425550598
 20
-15.131578957548475
 30
0.0
 10
1.775294354225565
 20
-15.131578957548475
 30
0.0
 10
2.1778220814931473
 20
-15.131578957548475
 30
0.0
 10
2.613567051596064
 20
-15.131578957548475
 30
0.0
 10
3.0820882747096334
 20
-15.131578957548475
 30
0.0
  0
LINE
  5
6DE
330
17
100
AcDbEntity
  8
hidden
100
AcDbLine
 10
3.0820882747099425
 20
-15.131578957548475
 30
0.0
 11
3.0820882747099425
 21
-22.868421042451523
 31
0.0
  0
LINE
  5
6DF
330
17
100
AcDbEntity
  8
hidden
100
AcDbLine
 10
32.236842112534625
 20
-15.131578957548475
 30
0.0
 11
32.236842112534625
 21
-22.868421042451523
 31
0.0
  0
SPLINE
  5
6E0
330
17
100
AcDbEntity
  8
hidden
100
AcDbSpline
 70
0
 71
1
 72
17
 73
15
 74
0
 40
0.0
 40
0.0
 40
0.07142857142857165
 40
0.1428571428571433
 40
0.21428571428571494
 40
0.2857142857142866
 40
0.3571428571428582
 40
0.4285714285714299
 40
0.5000000000000014
 40
0.5714285714285732
 40
0.6428571428571448
 40
0.7142857142857164
 40
0.785714285714288
 40
0.8571428571428598
 40
0.9285714285714314
 40
1.0
 40
1.0
 10
5.845246162175393
 20
-15.131578957548475
 30
0.0
 10
7.177409018938565
 20
-15.131578957548475
 30
0.0
 10
8.62217329231369
 20
-15.131578957548475
 30
0.0
 10
10.173691845204033
 20
-15.131578957548475
 30
0.0
 10
11.82568549293287
 20
-15.131578957548475
 30
0.0
 10
13.571468415869134
 20
-15.131578957548475
 30
0.0
 10
15.403975217754322
 20
-15.131578957548475
 30
0.0
 10
17.315789520222243
 20
-15.131578957548475
 30
0.0
 10
19.29917397778615
 20
-15.131578957548475
 30
0.0
 10
21.346101591818933
 20
-15.131578957548475
 30
0.0
 10
23.44828819679484
 20
-15.131578957548475
 30
0.0
 10
25.597225987317024
 20
-15.131578957548475
 30
0.0
 10
27.784217950242883
 20
-15.131578957548475
 30
0.0
 10
30.00041306255618
 20
-15.131578957548475
 30
0.0
 10
32.23684211253587
 20
-15.131578957548475
 30
0.0
  0
LINE
  5
6E1
330
17
100
AcDbEntity
  8
hidden
100
AcDbLine
 10
5.845246162175318
 20
-15.131578957548475
 30
0.0
 11
5.845246162175318
 21
-22.868421042451523
 31
0.0
  0
LINE
  5
6E2
330
17
100
AcDbEntity
  8
hidden
100
AcDbLine
 10
32.236842112534625
 20
-15.131578957548475
 30
0.0
 11
32.236842112534625
 21
-22.868421042451523
 31
0.0
  0
SPLINE
  5
6E3
330
17
100
AcDbEntity
  8
hidden
100
AcDbSpline
 70
0
 71
3
 72
35
 73
31
 74
0
 40
0.0
 40
0.0
 40
0.0
 40
0.0
 40
0.07142857142857073
 40
0.07142857142857073
 40
0.07142857142857073
 40
0.14285714285714146
 40
0.14285714285714146
 40
0.14285714285714146
 40
0.21428571428571216
 40
0.21428571428571216
 40
0.21428571428571216
 40
0.2857142857142829
 40
0.2857142857142829
 40
0.2857142857142829
 40
0.35714285714285365
 40
0.35714285714285365
 40
0.35714285714285365
 40
0.42857142857142433
 40
0.42857142857142433
 40
0.42857142857142433
 40
0.49999999999999506
 40
0.49999999999999506
 40
0.49999999999999506
 40
0.6428571428571366
 40
0.6428571428571366
 40
0.6428571428571366
 40
0.785714285714278
 40
0.785714285714278
 40
0.785714285714278
 40
1.0
 40
1.0
 40
1.0
 40
1.0
 10
27.11366564032685
 20
-15.131578957548475
 30
0.0
 10
27.21551108547292
 20
-15.131578957548475
 30
0.0
 10
27.317356530619
 20
-15.131578957548477
 30
0.0
 10
27.41920197576507
 20
-15.131578957548475
 30
0.0
 10
27.524832027752872
 20
-15.131578957548475
 30
0.0
 10
27.630462079740674
 20
-15.131578957548477
 30
0.0
 10
27.736092131728476
 20
-15.131578957548475
 30
0.0
 10
27.845348587602523
 20
-15.131578957548477
 30
0.0
 10
27.95460504347657
 20
-15.131578957548475
 30
0.0
 10
28.063861499350615
 20
-15.131578957548475
 30
0.0
 10
28.176580724861946
 20
-15.131578957548477
 30
0.0
 10
28.289299950373277
 20
-15.131578957548477
 30
0.0
 10
28.40201917588461
 20
-15.131578957548475
 30
0.0
 10
28.518032350567083
 20
-15.131578957548477
 30
0.0
 10
28.634045525249558
 20
-15.131578957548477
 30
0.0
 10
28.75005869993203
 20
-15.131578957548475
 30
0.0
 10
28.869192069946052
 20
-15.131578957548477
 30
0.0
 10
28.98832543996008
 20
-15.131578957548475
 30
0.0
 10
29.107458809974098
 20
-15.131578957548475
 30
0.0
 10
29.229533948339107
 20
-15.131578957548477
 30
0.0
 10
29.35160908670412
 20
-15.131578957548475
 30
0.0
 10
29.473684225069128
 20
-15.131578957548475
 30
0.0
 10
29.72190991510759
 20
-15.131578957548475
 30
0.0
 10
29.974150033251178
 20
-15.131578957548474
 30
0.0
 10
30.230404579499904
 20
-15.131578957548477
 30
0.0
 10
30.488752552253615
 20
-15.131578957548475
 30
0.0
 10
30.750513717973327
 20
-15.131578957548474
 30
0.0
 10
31.01568807665904
 20
-15.131578957548475
 30
0.0
 10
31.41560332012177
 20
-15.131578957548477
 30
0.0
 10
31.823182049413695
 20
-15.131578957548474
 30
0.0
 10
32.23684211253427
 20
-15.131578957548475
 30
0.0
  0
LINE
  5
6E4
330
17
100
AcDbEntity
  8
hidden
100
AcDbLine
 10
27.11366564032675
 20
-15.131578957548475
 30
0.0
 11
27.11366564032675
 21
-22.868421042451523
 31
0.0
  0
LINE
  5
6E5
330
17
100
AcDbEntity
  8
hidden
100
AcDbLine
 10
24.350507752861375
 20
-15.131578957548475
 30
0.0
 11
24.350507752861375
 21
-22.868421042451523
 31
0.0
  0
SPLINE
  5
6E6
330
17
100
AcDbEntity
  8
hidden
100
AcDbSpline
 70
0
 71
2
 72
6
 73
3
 74
0
 40
0.0
 40
0.0
 40
0.0
 40
1.0
 40
1.0
 40
1.0
 10
24.350507752861354
 20
-15.131578957548475
 30
0.0
 10
23.94922184331629
 20
-15.131578957548477
 30
0.0
 10
23.947368450138505
 20
-15.131578957548475
 30
0.0
  0
SPLINE
  5
6E7
330
17
100
AcDbEntity
  8
hidden
100
AcDbSpline
 70
0
 71
2
 72
6
 73
3
 74
0
 40
0.0
 40
0.0
 40
0.0
 40
1.0
 40
1.0
 40
1.0
 10
23.947368450138505
 20
-15.131578957548475
 30
0.0
 10
23.949221843316288
 20
-15.131578957548475
 30
0.0
 10
24.350507752861354
 20
-15.131578957548475
 30
0.0
  0
LINE
  5
6E8
330
17
100
AcDbEntity
  8
hidden
100
AcDbLine
 10
24.35050775286138
 20
-15.131578957548475
 30
0.0
 11
24.35050775286138
 21
-22.868421042451523
 31
0.0
  0
LINE
  5
6E9
330
17
100
AcDbEntity
  8
hidden
100
AcDbLine
 10
24.350507752861418
 20
-15.131578957548475
 30
0.0
 11
3.082088274710042
 21
-15.131578957548475
 31
0.0
  0
LINE
  5
6EA
330
17
100
AcDbEntity
  8
hidden
100
AcDbLine
 10
37.763157887465375
 20
-15.131578957548475
 30
0.0
 11
37.763157887465375
 21
-22.868421042451523
 31
0.0
  0
SPLINE
  5
6EB
330
17
100
AcDbEntity
  8
hidden
100
AcDbSpline
 70
0
 71
1
 72
17
 73
15
 74
0
 40
0.0
 40
0.0
 40
0.0714285714285714
 40
0.1428571428571428
 40
0.2142857142857142
 40
0.2857142857142856
 40
0.357142857142857
 40
0.4285714285714284
 40
0.4999999999999998
 40
0.5714285714285712
 40
0.6428571428571426
 40
0.714285714285714
 40
0.7857142857142854
 40
0.8571428571428568
 40
0.9285714285714282
 40
1.0
 40
1.0
 10
64.15475383782461
 20
-15.131578957548475
 30
0.0
 10
62.82259098106146
 20
-15.131578957548475
 30
0.0
 10
61.37782670768637
 20
-15.131578957548475
 30
0.0
 10
59.82630815479607
 20
-15.131578957548475
 30
0.0
 10
58.17431450706727
 20
-15.131578957548475
 30
0.0
 10
56.42853158413105
 20
-15.131578957548475
 30
0.0
 10
54.59602478224591
 20
-15.131578957548475
 30
0.0
 10
52.68421047977804
 20
-15.131578957548475
 30
0.0
 10
50.70082602221418
 20
-15.131578957548475
 30
0.0
 10
48.653898408181455
 20
-15.131578957548475
 30
0.0
 10
46.5517118032056
 20
-15.131578957548475
 30
0.0
 10
44.402774012683466
 20
-15.131578957548475
 30
0.0
 10
42.215782049757664
 20
-15.131578957548475
 30
0.0
 10
39.99958693744442
 20
-15.131578957548475
 30
0.0
 10
37.76315788746467
 20
-15.131578957548475
 30
0.0
  0
LINE
  5
6EC
330
17
100
AcDbEntity
  8
hidden
100
AcDbLine
 10
64.1547538378247
 20
-15.131578957548475
 30
0.0
 11
64.1547538378247
 21
-22.868421042451523
 31
0.0
  0
LINE
  5
6ED
330
17
100
AcDbEntity
  8
hidden
100
AcDbLine
 10
42.886334359673185
 20
-15.131578957548475
 30
0.0
 11
64.15475383782467
 21
-15.131578957548475
 31
0.0
  0
LINE
  5
6EE
330
17
100
AcDbEntity
  8
hidden
100
AcDbLine
 10
42.88633435967325
 20
-15.131578957548475
 30
0.0
 11
42.88633435967325
 21
-22.868421042451523
 31
0.0
  0
LINE
  5
6EF
330
17
100
AcDbEntity
  8
hidden
100
AcDbLine
 10
37.763157887465375
 20
-15.131578957548475
 30
0.0
 11
37.763157887465375
 21
-22.868421042451523
 31
0.0
  0
SPLINE
  5
6F0
330
17
100
AcDbEntity
  8
hidden
100
AcDbSpline
 70
0
 71
3
 72
35
 73
31
 74
0
 40
0.0
 40
0.0
 40
0.0
 40
0.0
 40
0.07142857142857108
 40
0.07142857142857108
 40
0.07142857142857108
 40
0.14285714285714216
 40
0.14285714285714216
 40
0.14285714285714216
 40
0.21428571428571322
 40
0.21428571428571322
 40
0.21428571428571322
 40
0.2857142857142843
 40
0.2857142857142843
 40
0.2857142857142843
 40
0.3571428571428554
 40
0.3571428571428554
 40
0.3571428571428554
 40
0.42857142857142644
 40
0.42857142857142644
 40
0.42857142857142644
 40
0.49999999999999756
 40
0.49999999999999756
 40
0.49999999999999756
 40
0.6428571428571397
 40
0.6428571428571397
 40
0.6428571428571397
 40
0.7857142857142818
 40
0.7857142857142818
 40
0.7857142857142818
 40
1.0
 40
1.0
 40
1.0
 40
1.0
 10
42.88633435967314
 20
-15.131578957548475
 30
0.0
 10
42.78448891452707
 20
-15.131578957548475
 30
0.0
 10
42.682643469380984
 20
-15.131578957548475
 30
0.0
 10
42.5807980242349
 20
-15.131578957548477
 30
0.0
 10
42.47516797224711
 20
-15.131578957548475
 30
0.0
 10
42.3695379202593
 20
-15.131578957548475
 30
0.0
 10
42.263907868271495
 20
-15.131578957548475
 30
0.0
 10
42.15465141239744
 20
-15.131578957548475
 30
0.0
 10
42.045394956523396
 20
-15.131578957548475
 30
0.0
 10
41.93613850064934
 20
-15.131578957548475
 30
0.0
 10
41.823419275138
 20
-15.131578957548475
 30
0.0
 10
41.71070004962667
 20
-15.131578957548475
 30
0.0
 10
41.59798082411533
 20
-15.131578957548475
 30
0.0
 10
41.48196764943285
 20
-15.131578957548475
 30
0.0
 10
41.365954474750374
 20
-15.131578957548475
 30
0.0
 10
41.249941300067896
 20
-15.131578957548477
 30
0.0
 10
41.13080793005387
 20
-15.131578957548475
 30
0.0
 10
41.01167456003984
 20
-15.131578957548475
 30
0.0
 10
40.89254119002582
 20
-15.131578957548475
 30
0.0
 10
40.7704660516608
 20
-15.131578957548475
 30
0.0
 10
40.648390913295785
 20
-15.131578957548475
 30
0.0
 10
40.52631577493077
 20
-15.131578957548475
 30
0.0
 10
40.2780900848923
 20
-15.131578957548475
 30
0.0
 10
40.025849966748694
 20
-15.131578957548477
 30
0.0
 10
39.76959542049997
 20
-15.131578957548477
 30
0.0
 10
39.51124744774624
 20
-15.131578957548477
 30
0.0
 10
39.24948628202652
 20
-15.131578957548475
 30
0.0
 10
38.9843119233408
 20
-15.131578957548475
 30
0.0
 10
38.58439667987806
 20
-15.131578957548477
 30
0.0
 10
38.17681795058613
 20
-15.131578957548474
 30
0.0
 10
37.763157887465546
 20
-15.131578957548475
 30
0.0
  0
SPLINE
  5
6F1
330
17
100
AcDbEntity
  8
hidden
100
AcDbSpline
 70
0
 71
1
 72
17
 73
15
 74
0
 40
0.0
 40
0.0
 40
0.1121997376282069
 40
0.2243994752564138
 40
0.3365992128846207
 40
0.4487989505128276
 40
0.5609986881410345
 40
0.6731984257692414
 40
0.7853981633974483
 40
0.8975979010256552
 40
1.009797638653862
 40
1.121997376282069
 40
1.2341971139102759
 40
1.3463968515384828
 40
1.4585965891666897
 40
1.5707963267948966
 40
1.5707963267948966
 10
35.0
 20
-15.131578957548475
 30
0.0
 10
35.495000840417255
 20
-15.131578957548475
 30
0.0
 10
35.98377675806008
 20
-15.131578957548475
 30
0.0
 10
36.460181112169735
 20
-15.131578957548475
 30
0.0
 10
36.91822284157704
 20
-15.131578957548475
 30
0.0
 10
37.35214180577269
 20
-15.131578957548475
 30
0.0
 10
37.75648122201629
 20
-15.131578957548475
 30
0.0
 10
38.12615628754538
 20
-15.131578957548475
 30
0.0
 10
38.45651812392045
 20
-15.131578957548475
 30
0.0
 10
38.743412239368695
 20
-15.131578957548475
 30
0.0
 10
38.98323077392851
 20
-15.131578957548475
 30
0.0
 10
39.172957870381836
 20
-15.131578957548475
 30
0.0
 10
39.31020760040857
 20
-15.131578957548475
 30
0.0
 10
39.393253969019455
 20
-15.131578957548475
 30
0.0
 10
39.4210526199446
 20
-15.131578957548475
 30
0.0
  0
SPLINE
  5
6F2
330
17
100
AcDbEntity
  8
hidden
100
AcDbSpline
 70
0
 71
1
 72
17
 73
15
 74
0
 40
0.0
 40
0.0
 40
0.07142857142857142
 40
0.14285714285714285
 40
0.21428571428571427
 40
0.2857142857142857
 40
0.35714285714285715
 40
0.42857142857142855
 40
0.5
 40
0.5714285714285714
 40
0.6428571428571429
 40
0.7142857142857143
 40
0.7857142857142857
 40
0.8571428571428571
 40
0.9285714285714286
 40
1.0
 40
1.0
 10
39.4210526199446
 20
-15.131578957548475
 30
0.0
 10
39.31020760040857
 20
-15.131578957548475
 30
0.0
 10
38.98323077392851
 20
-15.131578957548475
 30
0.0
 10
38.45651812392045
 20
-15.131578957548475
 30
0.0
 10
37.75648122201629
 20
-15.131578957548475
 30
0.0
 10
36.91822284157704
 20
-15.131578957548475
 30
0.0
 10
35.98377675806008
 20
-15.131578957548475
 30
0.0
 10
35.0
 20
-15.131578957548475
 30
0.0
 10
34.01622324193992
 20
-15.131578957548475
 30
0.0
 10
33.08177715842296
 20
-15.131578957548475
 30
0.0
 10
32.24351877798371
 20
-15.131578957548475
 30
0.0
 10
31.543481876079547
 20
-15.131578957548475
 30
0.0
 10
31.01676922607149
 20
-15.131578957548475
 30
0.0
 10
30.689792399591433
 20
-15.131578957548475
 30
0.0
 10
30.578947380055403
 20
-15.131578957548475
 30
0.0
  0
SPLINE
  5
6F3
330
17
100
AcDbEntity
  8
hidden
100
AcDbSpline
 70
0
 71
2
 72
30
 73
27
 74
0
 40
0.0
 40
0.0
 40
0.0
 40
0.07142857142857142
 40
0.07142857142857142
 40
0.14285714285714285
 40
0.14285714285714285
 40
0.21428571428571427
 40
0.21428571428571427
 40
0.2857142857142857
 40
0.2857142857142857
 40
0.35714285714285715
 40
0.35714285714285715
 40
0.42857142857142855
 40
0.42857142857142855
 40
0.5
 40
0.5
 40
0.5714285714285714
 40
0.5714285714285714
 40
0.6428571428571429
 40
0.6428571428571429
 40
0.7142857142857143
 40
0.7142857142857143
 40
0.7857142857142857
 40
0.7857142857142857
 40
0.8571428571428571
 40
0.8571428571428571
 40
1.0
 40
1.0
 40
1.0
 10
30.5789473800554
 20
-15.131578957548475
 30
0.0
 10
30.59284670551797
 20
-15.131578957548475
 30
0.0
 10
30.606746030980542
 20
-15.131578957548475
 30
0.0
 10
30.648269215285985
 20
-15.131578957548475
 30
0.0
 10
30.689792399591433
 20
-15.131578957548475
 30
0.0
 10
30.758417264604795
 20
-15.131578957548475
 30
0.0
 10
30.827042129618157
 20
-15.131578957548475
 30
0.0
 10
30.921905677844823
 20
-15.131578957548475
 30
0.0
 10
31.01676922607149
 20
-15.131578957548475
 30
0.0
 10
31.136678493351397
 20
-15.131578957548475
 30
0.0
 10
31.2565877606313
 20
-15.131578957548475
 30
0.0
 10
31.400034818355422
 20
-15.131578957548475
 30
0.0
 10
31.543481876079547
 20
-15.131578957548475
 30
0.0
 10
31.708662794267084
 20
-15.131578957548475
 30
0.0
 10
31.873843712454622
 20
-15.131578957548475
 30
0.0
 10
32.05868124521916
 20
-15.131578957548475
 30
0.0
 10
32.24351877798371
 20
-15.131578957548475
 30
0.0
 10
32.4456884861055
 20
-15.131578957548475
 30
0.0
 10
32.647858194227304
 20
-15.131578957548475
 30
0.0
 10
32.86481767632513
 20
-15.131578957548475
 30
0.0
 10
33.08177715842296
 20
-15.131578957548475
 30
0.0
 10
33.31079802312661
 20
-15.131578957548475
 30
0.0
 10
33.539818887830265
 20
-15.131578957548475
 30
0.0
 10
33.77802106488509
 20
-15.131578957548475
 30
0.0
 10
34.01622324193991
 20
-15.131578957548475
 30
0.0
 10
34.50325357438296
 20
-15.131578957548477
 30
0.0
 10
35.0
 20
-15.131578957548475
 30
0.0
  0
LINE
  5
6F4
330
17
100
AcDbEntity
  8
hidden
100
AcDbLine
 10
66.91791172529005
 20
-15.131578957548475
 30
0.0
 11
66.91791172529005
 21
-22.868421042451523
 31
0.0
  0
LINE
  5
6F5
330
17
100
AcDbEntity
  8
hidden
100
AcDbLine
 10
45.64949224713859
 20
-15.131578957548475
 30
0.0
 11
66.91791172528997
 21
-15.131578957548475
 31
0.0
  0
LINE
  5
6F6
330
17
100
AcDbEntity
  8
hidden
100
AcDbLine
 10
45.649492247138625
 20
-15.131578957548475
 30
0.0
 11
45.649492247138625
 21
-22.868421042451523
 31
0.0
  0
LINE
  5
6F7
330
17
100
AcDbEntity
  8
hidden
100
AcDbLine
 10
45.649492247138625
 20
-15.131578957548475
 30
0.0
 11
45.649492247138625
 21
-22.868421042451523
 31
0.0
  0
SPLINE
  5
6F8
330
17
100
AcDbEntity
  8
hidden
100
AcDbSpline
 70
0
 71
2
 72
6
 73
3
 74
0
 40
0.0
 40
0.0
 40
0.0
 40
1.0
 40
1.0
 40
1.0
 10
45.649492247138646
 20
-15.131578957548475
 30
0.0
 10
46.05077815668371
 20
-15.131578957548477
 30
0.0
 10
46.052631549861495
 20
-15.131578957548475
 30
0.0
  0
SPLINE
  5
6F9
330
17
100
AcDbEntity
  8
hidden
100
AcDbSpline
 70
0
 71
2
 72
6
 73
3
 74
0
 40
0.0
 40
0.0
 40
0.0
 40
1.0
 40
1.0
 40
1.0
 10
46.052631549861495
 20
-15.131578957548475
 30
0.0
 10
46.05077815668371
 20
-15.131578957548477
 30
0.0
 10
45.649492247138646
 20
-15.131578957548475
 30
0.0
  0
LINE
  5
6FA
330
17
100
AcDbEntity
  8
hidden
100
AcDbLine
 10
66.91791172529007
 20
-15.131578957548475
 30
0.0
 11
66.91791172529007
 21
-22.868421042451523
 31
0.0
  0
SPLINE
  5
6FB
330
17
100
AcDbEntity
  8
hidden
100
AcDbSpline
 70
0
 71
1
 72
17
 73
15
 74
0
 40
0.0
 40
0.0
 40
0.0714285714285714
 40
0.1428571428571428
 40
0.2142857142857142
 40
0.2857142857142856
 40
0.357142857142857
 40
0.4285714285714284
 40
0.4999999999999998
 40
0.5714285714285712
 40
0.6428571428571426
 40
0.714285714285714
 40
0.7857142857142854
 40
0.8571428571428568
 40
0.9285714285714282
 40
1.0
 40
1.0
 10
66.91791172529037
 20
-15.131578957548475
 30
0.0
 10
67.38643294840394
 20
-15.131578957548475
 30
0.0
 10
67.82217791850685
 20
-15.131578957548475
 30
0.0
 10
68.22470564577443
 20
-15.131578957548475
 30
0.0
 10
68.59360875744494
 20
-15.131578957548475
 30
0.0
 10
68.92851391009572
 20
-15.131578957548475
 30
0.0
 10
69.22908216748036
 20
-15.131578957548475
 30
0.0
 10
69.49500934354461
 20
-15.131578957548475
 30
0.0
 10
69.72602631027365
 20
-15.131578957548475
 30
0.0
 10
69.92189927005961
 20
-15.131578957548475
 30
0.0
 10
70.08242999231324
 20
-15.131578957548475
 30
0.0
 10
70.20745601408045
 20
-15.131578957548475
 30
0.0
 10
70.2968508044608
 20
-15.131578957548475
 30
0.0
 10
70.35052389266146
 20
-15.131578957548475
 30
0.0
 10
70.36842095955679
 20
-15.131578957548475
 30
0.0
  0
SPLINE
  5
6FC
330
17
100
AcDbEntity
  8
hidden
100
AcDbSpline
 70
0
 71
1
 72
17
 73
15
 74
0
 40
0.0
 40
0.0
 40
0.07142857142857136
 40
0.1428571428571427
 40
0.21428571428571408
 40
0.2857142857142854
 40
0.35714285714285676
 40
0.42857142857142816
 40
0.4999999999999995
 40
0.5714285714285708
 40
0.6428571428571422
 40
0.7142857142857135
 40
0.7857142857142849
 40
0.8571428571428563
 40
0.9285714285714276
 40
1.0
 40
1.0
 10
70.36842095955679
 20
-15.131578957548475
 30
0.0
 10
70.35052389266144
 20
-15.131578957548475
 30
0.0
 10
70.29685080446082
 20
-15.131578957548475
 30
0.0
 10
70.20745601408045
 20
-15.131578957548475
 30
0.0
 10
70.08242999231325
 20
-15.131578957548475
 30
0.0
 10
69.92189927005961
 20
-15.131578957548475
 30
0.0
 10
69.72602631027365
 20
-15.131578957548475
 30
0.0
 10
69.49500934354461
 20
-15.131578957548475
 30
0.0
 10
69.22908216748036
 20
-15.131578957548475
 30
0.0
 10
68.92851391009572
 20
-15.131578957548475
 30
0.0
 10
68.59360875744494
 20
-15.131578957548475
 30
0.0
 10
68.22470564577442
 20
-15.131578957548475
 30
0.0
 10
67.82217791850685
 20
-15.131578957548475
 30
0.0
 10
67.38643294840394
 20
-15.131578957548475
 30
0.0
 10
66.91791172529035
 20
-15.131578957548475
 30
0.0
  0
LINE
  5
6FD
330
17
100
AcDbEntity
  8
hidden
100
AcDbLine
 10
45.64949224713858
 20
-15.131578957548475
 30
0.0
 11
66.91791172528997
 21
-15.131578957548475
 31
0.0
  0
LINE
  5
6FE
330
17
100
AcDbEntity
  8
hidden
100
AcDbLine
 10
42.88633435967325
 20
-15.131578957548475
 30
0.0
 11
42.88633435967325
 21
-22.868421042451523
 31
0.0
  0
SPLINE
  5
6FF
330
17
100
AcDbEntity
  8
hidden
100
AcDbSpline
 70
0
 71
3
 72
35
 73
31
 74
0
 40
0.0
 40
0.0
 40
0.0
 40
0.0
 40
0.21428571428571416
 40
0.21428571428571416
 40
0.21428571428571416
 40
0.35714285714285693
 40
0.35714285714285693
 40
0.35714285714285693
 40
0.49999999999999967
 40
0.49999999999999967
 40
0.49999999999999967
 40
0.5714285714285712
 40
0.5714285714285712
 40
0.5714285714285712
 40
0.6428571428571427
 40
0.6428571428571427
 40
0.6428571428571427
 40
0.7142857142857142
 40
0.7142857142857142
 40
0.7142857142857142
 40
0.7857142857142856
 40
0.7857142857142856
 40
0.7857142857142856
 40
0.8571428571428571
 40
0.8571428571428571
 40
0.8571428571428571
 40
0.9285714285714287
 40
0.9285714285714287
 40
0.9285714285714287
 40
1.0
 40
1.0
 40
1.0
 40
1.0
 10
37.76315788746573
 20
-15.131578957548475
 30
0.0
 10
38.17681795058629
 20
-15.131578957548477
 30
0.0
 10
38.58439667987821
 20
-15.131578957548475
 30
0.0
 10
38.98431192334091
 20
-15.131578957548475
 30
0.0
 10
39.24948628202662
 20
-15.131578957548477
 30
0.0
 10
39.51124744774634
 20
-15.131578957548475
 30
0.0
 10
39.76959542050005
 20
-15.131578957548475
 30
0.0
 10
40.02584996674878
 20
-15.131578957548475
 30
0.0
 10
40.27809008489237
 20
-15.131578957548477
 30
0.0
 10
40.526315774930836
 20
-15.131578957548475
 30
0.0
 10
40.64839091329585
 20
-15.131578957548477
 30
0.0
 10
40.77046605166086
 20
-15.131578957548477
 30
0.0
 10
40.892541190025874
 20
-15.131578957548475
 30
0.0
 10
41.01167456003989
 20
-15.131578957548475
 30
0.0
 10
41.13080793005392
 20
-15.131578957548477
 30
0.0
 10
41.249941300067945
 20
-15.131578957548475
 30
0.0
 10
41.36595447475042
 20
-15.131578957548475
 30
0.0
 10
41.48196764943289
 20
-15.131578957548477
 30
0.0
 10
41.59798082411537
 20
-15.131578957548475
 30
0.0
 10
41.7107000496267
 20
-15.131578957548477
 30
0.0
 10
41.823419275138036
 20
-15.131578957548475
 30
0.0
 10
41.93613850064936
 20
-15.131578957548475
 30
0.0
 10
42.04539495652342
 20
-15.131578957548475
 30
0.0
 10
42.15465141239746
 20
-15.131578957548477
 30
0.0
 10
42.26390786827151
 20
-15.131578957548475
 30
0.0
 10
42.36953792025931
 20
-15.131578957548475
 30
0.0
 10
42.47516797224711
 20
-15.131578957548477
 30
0.0
 10
42.580798024234916
 20
-15.131578957548475
 30
0.0
 10
42.68264346938099
 20
-15.131578957548475
 30
0.0
 10
42.78448891452707
 20
-15.131578957548475
 30
0.0
 10
42.88633435967314
 20
-15.131578957548475
 30
0.0
  0
LINE
  5
700
330
17
100
AcDbEntity
  8
hidden
100
AcDbLine
 10
37.763157887465375
 20
-15.131578957548475
 30
0.0
 11
37.763157887465375
 21
-22.868421042451523
 31
0.0
  0
LINE
  5
701
330
17
100
AcDbEntity
  8
hidden
100
AcDbLine
 10
37.763157887465375
 20
-15.131578957548475
 30
0.0
 11
37.763157887465375
 21
-22.868421042451523
 31
0.0
  0
LINE
  5
702
330
17
100
AcDbEntity
  8
hidden
100
AcDbLine
 10
64.15475383782469
 20
-15.131578957548475
 30
0.0
 11
64.15475383782469
 21
-22.868421042451523
 31
0.0
  0
LINE
  5
703
330
17
100
AcDbEntity
  8
hidden
100
AcDbLine
 10
42.886334359673185
 20
-15.131578957548475
 30
0.0
 11
64.15475383782466
 21
-15.131578957548475
 31
0.0
  0
SPLINE
  5
704
330
17
100
AcDbEntity
  8
hidden
100
AcDbSpline
 70
0
 71
1
 72
17
 73
15
 74
0
 40
0.0
 40
0.0
 40
0.07142857142857142
 40
0.14285714285714282
 40
0.21428571428571425
 40
0.2857142857142857
 40
0.35714285714285715
 40
0.42857142857142855
 40
0.49999999999999994
 40
0.5714285714285714
 40
0.6428571428571428
 40
0.7142857142857141
 40
0.7857142857142855
 40
0.8571428571428569
 40
0.9285714285714283
 40
1.0
 40
1.0
 10
37.76315788746411
 20
-15.131578957548475
 30
0.0
 10
39.99958693744388
 20
-15.131578957548475
 30
0.0
 10
42.21578204975717
 20
-15.131578957548475
 30
0.0
 10
44.402774012683025
 20
-15.131578957548475
 30
0.0
 10
46.55171180320521
 20
-15.131578957548475
 30
0.0
 10
48.65389840818111
 20
-15.131578957548475
 30
0.0
 10
50.700826022213874
 20
-15.131578957548475
 30
0.0
 10
52.684210479777775
 20
-15.131578957548475
 30
0.0
 10
54.59602478224569
 20
-15.131578957548475
 30
0.0
 10
56.42853158413087
 20
-15.131578957548475
 30
0.0
 10
58.17431450706714
 20
-15.131578957548475
 30
0.0
 10
59.82630815479597
 20
-15.131578957548475
 30
0.0
 10
61.3778267076863
 20
-15.131578957548475
 30
0.0
 10
62.822590981061424
 20
-15.131578957548475
 30
0.0
 10
64.1547538378246
 20
-15.131578957548475
 30
0.0
  0
LINE
  5
705
330
17
100
AcDbEntity
  8
hidden
100
AcDbLine
 10
24.35050775286141
 20
-15.131578957548475
 30
0.0
 11
3.0820882747100384
 21
-15.131578957548475
 31
0.0
  0
LINE
  5
706
330
17
100
AcDbEntity
  8
hidden
100
AcDbLine
 10
27.11366564032681
 20
-15.131578957548475
 30
0.0
 11
5.845246162175336
 21
-15.131578957548475
 31
0.0
  0
LINE
  5
707
330
17
100
AcDbEntity
  8
hidden
100
AcDbLine
 10
-0.36842095955678644
 20
-15.131578957548475
 30
0.0
 11
-0.36842095955678644
 21
-22.868421042451523
 31
0.0
  0
LINE
  5
708
330
17
100
AcDbEntity
  8
hidden
100
AcDbLine
 10
23.947368450138505
 20
-15.131578957548475
 30
0.0
 11
23.947368450138505
 21
-22.868421042451523
 31
0.0
  0
LINE
  5
709
330
17
100
AcDbEntity
  8
hidden
100
AcDbLine
 10
30.5789473800554
 20
-15.131578957548475
 30
0.0
 11
30.5789473800554
 21
-22.868421042451523
 31
0.0
  0
LINE
  5
70A
330
17
100
AcDbEntity
  8
hidden
100
AcDbLine
 10
39.4210526199446
 20
-15.131578957548475
 30
0.0
 11
39.4210526199446
 21
-22.868421042451523
 31
0.0
  0
LINE
  5
70B
330
17
100
AcDbEntity
  8
hidden
100
AcDbLine
 10
46.052631549861495
 20
-15.131578957548475
 30
0.0
 11
46.052631549861495
 21
-22.868421042451523
 31
0.0
  0
LINE
  5
70C
330
17
100
AcDbEntity
  8
hidden
100
AcDbLine
 10
70.36842095955679
 20
-15.131578957548475
 30
0.0
 11
70.36842095955679
 21
-22.868421042451523
 31
0.0
  0
ELLIPSE
  5
70D
330
17
100
AcDbEntity
  8
hidden
100
AcDbEllipse
 10
106.99999999999999
 20
70.88741537804664
 30
0.0
 11
51.300000000000004
 21
0.0
 31
0.0
 40
0.492365963917331
 41
0.0
 42
3.141592653589793
  0
ELLIPSE
  5
70E
330
17
100
AcDbEntity
  8
hidden
100
AcDbEllipse
 10
106.99999999999999
 20
70.88741537804664
 30
0.0
 11
43.2
 21
0.0
 31
0.0
 40
0.492365963917331
 41
2.9347809171968167
 42
3.141592653589793
  0
ELLIPSE
  5
70F
330
17
100
AcDbEntity
  8
hidden
100
AcDbEllipse
 10
106.99999999999999
 20
70.88741537804664
 30
0.0
 11
43.2
 21
0.0
 31
0.0
 40
0.492365963917331
 41
3.141592653589793
 42
3.3251873494541826
  0
LINE
  5
710
330
17
100
AcDbEntity
  8
hidden
100
AcDbLine
 10
95.37069645559585
 20
74.2632402719725
 30
0.0
 11
87.3048688886783
 21
78.23457923674884
 31
0.0
  0
ELLIPSE
  5
711
330
17
100
AcDbEntity
  8
hidden
100
AcDbEllipse
 10
106.99999999999999
 20
70.88741537804664
 30
0.0
 11
13.5
 21
0.0
 31
0.0
 40
0.4923659639173311
 41
2.608874745334453
 42
3.141592653589793
  0
ELLIPSE
  5
712
330
17
100
AcDbEntity
  8
hidden
100
AcDbEllipse
 10
106.99999999999999
 20
70.88741537804664
 30
0.0
 11
13.5
 21
0.0
 31
0.0
 40
0.4923659639173311
 41
3.141592653589793
 42
3.150711786246849
  0
LINE
  5
713
330
17
100
AcDbEntity
  8
hidden
100
AcDbLine
 10
93.50056131652804
 20
70.82680188584283
 30
0.0
 11
64.52602867033974
 21
67.00421895999895
 31
0.0
  0
ELLIPSE
  5
714
330
17
100
AcDbEntity
  8
hidden
100
AcDbEllipse
 10
106.99999999999999
 20
70.88741537804664
 30
0.0
 11
43.2
 21
0.0
 31
0.0
 40
0.492365963917331
 41
3.481596733323717
 42
4.372384900650766
  0
LINE
  5
715
330
17
100
AcDbEntity
  8
hidden
100
AcDbLine
 10
74.82029487564274
 20
64.9216222558906
 30
0.0
 11
66.27305722478184
 21
63.793993206398085
 31
0.0
  0
ELLIPSE
  5
716
330
17
100
AcDbEntity
  8
hidden
100
AcDbEllipse
 10
106.99999999999999
 20
70.88741537804664
 30
0.0
 11
13.5
 21
0.0
 31
0.0
 40
0.4923659639173311
 41
3.8437523780735914
 42
4.197909337443454
  0
LINE
  5
717
330
17
100
AcDbEntity
  8
hidden
100
AcDbLine
 10
100.35689408792302
 20
65.10092863651498
 30
0.0
 11
92.59319146430771
 21
50.834854941120376
 31
0.0
  0
ELLIPSE
  5
718
330
17
100
AcDbEntity
  8
hidden
100
AcDbEllipse
 10
106.99999999999999
 20
70.88741537804664
 30
0.0
 11
43.2
 21
0.0
 31
0.0
 40
0.492365963917331
 41
4.528794284520298
 42
5.419582451847419
  0
LINE
  5
719
330
17
100
AcDbEntity
  8
hidden
100
AcDbLine
 10
103.43434631837292
 20
57.91495117014988
 30
0.0
 11
99.1131907917589
 21
49.974677542921384
 31
0.0
  0
LINE
  5
71A
330
17
100
AcDbEntity
  8
hidden
100
AcDbLine
 10
124.85784221235537
 20
59.74477332827477
 30
0.0
 11
135.06716279396812
 21
54.718051359167944
 31
0.0
  0
ELLIPSE
  5
71B
330
17
100
AcDbEntity
  8
hidden
100
AcDbEllipse
 10
106.99999999999999
 20
70.88741537804664
 30
0.0
 11
43.2
 21
0.0
 31
0.0
 40
0.492365963917331
 41
1.3872016309305053
 42
1.4881640423869031
  0
ELLIPSE
  5
71C
330
17
100
AcDbEntity
  8
hidden
100
AcDbEllipse
 10
106.99999999999999
 20
70.88741537804664
 30
0.0
 11
43.2
 21
0.0
 31
0.0
 40
0.492365963917331
 41
1.996954864080514
 42
2.2779897982576105
  0
LINE
  5
71D
330
17
100
AcDbEntity
  8
hidden
100
AcDbLine
 10
107.12310658462573
 20
77.53407951777722
 30
0.0
 11
114.88680920824109
 21
91.80015321317188
 31
0.0
  0
ELLIPSE
  5
71E
330
17
100
AcDbEntity
  8
hidden
100
AcDbEllipse
 10
106.99999999999999
 20
70.88741537804664
 30
0.0
 11
13.5
 21
0.0
 31
0.0
 40
0.4923659639173311
 41
1.5616771941378396
 42
2.10351423505025
  0
LINE
  5
71F
330
17
100
AcDbEntity
  8
hidden
100
AcDbLine
 10
100.14366722860498
 20
76.61328862737446
 30
0.0
 11
78.93283720603193
 21
87.0567793969253
 31
0.0
  0
ELLIPSE
  5
720
330
17
100
AcDbEntity
  8
hidden
100
AcDbEllipse
 10
106.99999999999999
 20
70.88741537804664
 30
0.0
 11
5.4
 21
0.0
 31
0.0
 40
0.492365963917331
 41
5.497787143782138
 42
6.283185307179586
  0
ELLIPSE
  5
721
330
17
100
AcDbEntity
  8
hidden
100
AcDbEllipse
 10
106.99999999999999
 20
70.88741537804664
 30
0.0
 11
5.4
 21
0.0
 31
0.0
 40
0.492365963917331
 41
0.0
 42
3.141592653589793
  0
ELLIPSE
  5
722
330
17
100
AcDbEntity
  8
hidden
100
AcDbEllipse
 10
106.99999999999999
 20
70.88741537804664
 30
0.0
 11
5.4
 21
0.0
 31
0.0
 40
0.492365963917331
 41
3.141592653589793
 42
5.497787143782138
  0
LINE
  5
723
330
17
100
AcDbEntity
  8
hidden
100
AcDbLine
 10
118.75241012903
 20
74.15825462385133
 30
0.0
 11
147.72694277521813
 21
77.9808375496952
 31
0.0
  0
ELLIPSE
  5
724
330
17
100
AcDbEntity
  8
hidden
100
AcDbEllipse
 10
106.99999999999999
 20
70.88741537804664
 30
0.0
 11
13.5
 21
0.0
 31
0.0
 40
0.4923659639173311
 41
0.5144796429412359
 42
1.0563166838536606
  0
LINE
  5
725
330
17
100
AcDbEntity
  8
hidden
100
AcDbLine
 10
113.64310591207696
 20
76.67390211957829
 30
0.0
 11
117.30656247046193
 21
83.40563100919658
 31
0.0
  0
ELLIPSE
  5
726
330
17
100
AcDbEntity
  8
hidden
100
AcDbEllipse
 10
106.99999999999999
 20
70.88741537804664
 30
0.0
 11
43.2
 21
0.0
 31
0.0
 40
0.492365963917331
 41
0.34000407973392366
 42
0.7304105119912747
  0
ELLIPSE
  5
727
330
17
100
AcDbEntity
  8
hidden
100
AcDbEllipse
 10
106.99999999999999
 20
70.88741537804664
 30
0.0
 11
13.5
 21
0.0
 31
0.0
 40
0.4923659639173311
 41
5.75046739892425
 42
6.283185307179586
  0
ELLIPSE
  5
728
330
17
100
AcDbEntity
  8
hidden
100
AcDbEllipse
 10
106.99999999999999
 20
70.88741537804664
 30
0.0
 11
13.5
 21
0.0
 31
0.0
 40
0.4923659639173311
 41
0.0
 42
0.009119132657056883
  0
LINE
  5
729
330
17
100
AcDbEntity
  8
hidden
100
AcDbLine
 10
120.49943868347196
 20
70.94802887025047
 30
0.0
 11
126.69513111132169
 21
71.76542076325117
 31
0.0
  0
LINE
  5
72A
330
17
100
AcDbEntity
  8
hidden
100
AcDbLine
 10
149.27943253156536
 20
74.74494647485889
 30
0.0
 11
149.47397132966026
 21
74.77061179609434
 31
0.0
  0
ELLIPSE
  5
72B
330
17
100
AcDbEntity
  8
hidden
100
AcDbEllipse
 10
106.99999999999999
 20
70.88741537804664
 30
0.0
 11
43.2
 21
0.0
 31
0.0
 40
0.492365963917331
 41
5.575991835716856
 42
6.283185307179586
  0
ELLIPSE
  5
72C
330
17
100
AcDbEntity
  8
hidden
100
AcDbEllipse
 10
106.99999999999999
 20
70.88741537804664
 30
0.0
 11
43.2
 21
0.0
 31
0.0
 40
0.492365963917331
 41
0.0
 42
0.18359469586439103
  0
LINE
  5
72D
330
17
100
AcDbEntity
  8
hidden
100
AcDbLine
 10
118.62930354440412
 20
67.51159048412079
 30
0.0
 11
139.84013356697733
 21
57.06809971456987
 31
0.0
  0
LINE
  5
72E
330
17
100
AcDbEntity
  8
hidden
100
AcDbLine
 10
64.5260286703397
 20
75.22938820390566
 30
0.0
 11
64.5260286703397
 21
67.00421895999894
 31
0.0
  0
LINE
  5
72F
330
17
100
AcDbEntity
  8
hidden
100
AcDbLine
 10
95.37069645559572
 20
82.4884095158793
 30
0.0
 11
95.37069645559572
 21
74.26324027197256
 31
0.0
  0
LINE
  5
730
330
17
100
AcDbEntity
  8
hidden
100
AcDbLine
 10
93.50056131652794
 20
79.05197112974953
 30
0.0
 11
93.50056131652794
 21
70.82680188584281
 31
0.0
  0
LINE
  5
731
330
17
100
AcDbEntity
  8
hidden
100
AcDbLine
 10
92.59319146430768
 20
59.06002418502704
 30
0.0
 11
92.59319146430768
 21
50.83485494112031
 31
0.0
  0
LINE
  5
732
330
17
100
AcDbEntity
  8
hidden
100
AcDbLine
 10
66.27305722478171
 20
72.01916245030479
 30
0.0
 11
66.27305722478171
 21
63.79399320639807
 31
0.0
  0
LINE
  5
733
330
17
100
AcDbEntity
  8
hidden
100
AcDbLine
 10
135.06716279396795
 20
62.94322060307476
 30
0.0
 11
135.06716279396795
 21
54.71805135916803
 31
0.0
  0
LINE
  5
734
330
17
100
AcDbEntity
  8
hidden
100
AcDbLine
 10
99.1131907917589
 20
58.1998467868281
 30
0.0
 11
99.1131907917589
 21
49.97467754292137
 31
0.0
  0
LINE
  5
735
330
17
100
AcDbEntity
  8
hidden
100
AcDbLine
 10
100.35689408792301
 20
73.32609788042168
 30
0.0
 11
100.35689408792301
 21
65.10092863651496
 31
0.0
  0
LINE
  5
736
330
17
100
AcDbEntity
  8
hidden
100
AcDbLine
 10
78.93283720603202
 20
95.28194864083197
 30
0.0
 11
78.93283720603202
 21
87.05677939692525
 31
0.0
  0
LINE
  5
737
330
17
100
AcDbEntity
  8
hidden
100
AcDbLine
 10
114.8868092082411
 20
100.02532245707863
 30
0.0
 11
114.8868092082411
 21
91.80015321317191
 31
0.0
  0
LINE
  5
738
330
17
100
AcDbEntity
  8
hidden
100
AcDbLine
 10
107.12310658462576
 20
85.75924876168399
 30
0.0
 11
107.12310658462576
 21
77.53407951777727
 31
0.0
  0
LINE
  5
739
330
17
100
AcDbEntity
  8
hidden
100
AcDbLine
 10
100.14366722860491
 20
84.83845787128121
 30
0.0
 11
100.14366722860491
 21
76.61328862737449
 31
0.0
  0
LINE
  5
73A
330
17
100
AcDbEntity
  8
hidden
100
AcDbLine
 10
147.72694277521828
 20
86.20600679360194
 30
0.0
 11
147.72694277521828
 21
77.98083754969521
 31
0.0
  0
LINE
  5
73B
330
17
100
AcDbEntity
  8
hidden
100
AcDbLine
 10
118.75241012903004
 20
82.38342386775807
 30
0.0
 11
118.75241012903004
 21
74.15825462385135
 31
0.0
  0
LINE
  5
73C
330
17
100
AcDbEntity
  8
hidden
100
AcDbLine
 10
113.64310591207698
 20
84.89907136348505
 30
0.0
 11
113.64310591207698
 21
76.67390211957832
 31
0.0
  0
LINE
  5
73D
330
17
100
AcDbEntity
  8
hidden
100
AcDbLine
 10
120.49943868347205
 20
79.1731981141572
 30
0.0
 11
120.49943868347205
 21
70.94802887025048
 31
0.0
  0
LINE
  5
73E
330
17
100
AcDbEntity
  8
hidden
100
AcDbLine
 10
118.62930354440427
 20
75.73675972802744
 30
0.0
 11
118.62930354440427
 21
67.51159048412072
 31
0.0
  0
LINE
  5
73F
330
17
100
AcDbEntity
  8
hidden
100
AcDbLine
 10
139.84013356697716
 20
65.29326895847667
 30
0.0
 11
139.84013356697716
 21
57.068099714569954
 31
0.0
  0
LINE
  5
740
330
17
100
AcDbEntity
  8
hidden
100
AcDbLine
 10
149.4739713296603
 20
75.22938820390567
 30
0.0
 11
149.4739713296603
 21
74.77061179609436
 31
0.0
  0
LINE
  5
741
330
17
100
AcDbEntity
  8
hidden
100
AcDbLine
 10
63.79999999999998
 20
79.11258462195336
 30
0.0
 11
63.79999999999998
 21
70.88741537804664
 31
0.0
  0
LINE
  5
742
330
17
100
AcDbEntity
  8
hidden
100
AcDbLine
 10
93.49999999999999
 20
79.05189707578629
 30
0.0
 11
93.49999999999999
 21
70.88741537804664
 31
0.0
  0
LINE
  5
743
330
17
100
AcDbEntity
  8
hidden
100
AcDbLine
 10
101.6
 20
79.11258462195336
 30
0.0
 11
101.6
 21
70.88741537804664
 31
0.0
  0
LINE
  5
744
330
17
100
AcDbEntity
  8
hidden
100
AcDbLine
 10
112.39999999999999
 20
79.11258462195336
 30
0.0
 11
112.39999999999999
 21
70.88741537804664
 31
0.0
  0
LINE
  5
745
330
17
100
AcDbEntity
  8
hidden
100
AcDbLine
 10
120.5
 20
74.81569246447131
 30
0.0
 11
120.5
 21
70.88741537804664
 31
0.0
  0
LINE
  5
746
330
17
100
AcDbEntity
  8
hidden
100
AcDbLine
 10
150.20000000000002
 20
79.11258462195336
 30
0.0
 11
150.20000000000002
 21
70.88741537804664
 31
0.0
  0
LINE
  5
747
330
17
100
AcDbEntity
  8
center
100
AcDbLine
 10
-148.99999988947368
 20
75.0
 30
0.0
 11
-59.000000110526315
 21
75.0
 31
0.0
  0
LINE
  5
748
330
17
100
AcDbEntity
  8
center
100
AcDbLine
 10
-104.0
 20
30.000000110526315
 30
0.0
 11
-104.0
 21
119.99999988947368
 31
0.0
  0
LINE
  5
749
330
17
100
AcDbEntity
  8
center
100
AcDbLine
 10
-148.9999999894737
 20
-19.0
 30
0.0
 11
-59.00000001052629
 21
-19.0
 31
0.0
  0
LINE
  5
74A
330
17
100
AcDbEntity
  8
center
100
AcDbLine
 10
-104.0
 20
-25.868421142451524
 30
0.0
 11
-104.0
 21
-12.131578857548476
 31
0.0
  0
LINE
  5
74B
330
17
100
AcDbEntity
  8
center
100
AcDbLine
 10
-9.999999989473686
 20
-19.0
 30
0.0
 11
79.99999998947368
 21
-19.0
 31
0.0
  0
LINE
  5
74C
330
17
100
AcDbEntity
  8
center
100
AcDbLine
 10
35.0
 20
-25.868421142451524
 30
0.0
 11
35.0
 21
-12.131578857548476
 31
0.0
  0
LINE
  5
74D
330
17
100
AcDbEntity
  8
center
100
AcDbLine
 10
52.69999999999998
 20
75.0
 30
0.0
 11
161.3
 21
75.0
 31
0.0
  0
LINE
  5
74E
330
17
100
AcDbEntity
  8
center
100
AcDbLine
 10
107.0
 20
42.62904142908756
 30
0.0
 11
107.0
 21
107.37095857091245
 31
0.0
  0
LINE
  5
74F
330
17
100
AcDbEntity
  8
hatch
100
AcDbLine
 10
-62.90095706247012
 20
-99.86842104245153
 30
0.0
 11
-59.000000110526315
 21
-95.96746409050772
 31
0.0
  0
LINE
  5
750
330
17
100
AcDbEntity
  8
hatch
100
AcDbLine
 10
-69.15326963756087
 20
-99.86842104245153
 30
0.0
 11
-61.41642755265783
 21
-92.13157895754848
 31
0.0
  0
LINE
  5
751
330
17
100
AcDbEntity
  8
hatch
100
AcDbLine
 10
-75.40558221265164
 20
-99.86842104245153
 30
0.0
 11
-67.66874012774858
 21
-92.13157895754848
 31
0.0
  0
LINE
  5
752
330
17
100
AcDbEntity
  8
hatch
100
AcDbLine
 10
-81.65789478774238
 20
-99.86842104245153
 30
0.0
 11
-73.92105270283935
 21
-92.13157895754848
 31
0.0
  0
LINE
  5
753
330
17
100
AcDbEntity
  8
hatch
100
AcDbLine
 10
-87.91020736283315
 20
-99.86842104245153
 30
0.0
 11
-80.1733652779301
 21
-92.13157895754848
 31
0.0
  0
LINE
  5
754
330
17
100
AcDbEntity
  8
hatch
100
AcDbLine
 10
-94.16251993792389
 20
-99.86842104245153
 30
0.0
 11
-86.42567785302086
 21
-92.13157895754848
 31
0.0
  0
LINE
  5
755
330
17
100
AcDbEntity
  8
hatch
100
AcDbLine
 10
-96.57894738005541
 20
-96.03253590949228
 30
0.0
 11
-92.6779904281116
 21
-92.13157895754848
 31
0.0
  0
LINE
  5
756
330
17
100
AcDbEntity
  8
hatch
100
AcDbLine
 10
-109.3220095718884
 20
-99.86842104245153
 30
0.0
 11
-105.4210526199446
 21
-95.96746409050772
 31
0.0
  0
LINE
  5
757
330
17
100
AcDbEntity
  8
hatch
100
AcDbLine
 10
-115.57432214697916
 20
-99.86842104245153
 30
0.0
 11
-107.83748006207611
 21
-92.13157895754847
 31
0.0
  0
LINE
  5
758
330
17
100
AcDbEntity
  8
hatch
100
AcDbLine
 10
-121.82663472206991
 20
-99.86842104245153
 30
0.0
 11
-114.08979263716687
 21
-92.13157895754848
 31
0.0
  0
LINE
  5
759
330
17
100
AcDbEntity
  8
hatch
100
AcDbLine
 10
-128.07894729716065
 20
-99.86842104245153
 30
0.0
 11
-120.34210521225762
 21
-92.13157895754848
 31
0.0
  0
LINE
  5
75A
330
17
100
AcDbEntity
  8
hatch
100
AcDbLine
 10
-134.33125987225142
 20
-99.86842104245153
 30
0.0
 11
-126.59441778734839
 21
-92.13157895754848
 31
0.0
  0
LINE
  5
75B
330
17
100
AcDbEntity
  8
hatch
100
AcDbLine
 10
-140.5835724473422
 20
-99.86842104245153
 30
0.0
 11
-132.84673036243913
 21
-92.13157895754848
 31
0.0
  0
LINE
  5
75C
330
17
100
AcDbEntity
  8
hatch
100
AcDbLine
 10
-142.99999988947368
 20
-96.03253590949228
 30
0.0
 11
-139.09904293752987
 21
-92.13157895754848
 31
0.0
  0
LINE
  5
75D
330
17
100
AcDbEntity
  8
dimensions
100
AcDbLine
 10
-106.50642089843751
 20
25.909936633963817
 30
0.0
 11
-106.1938232421875
 21
25.909936633963817
 31
0.0
  0
LINE
  5
75E
330
17
100
AcDbEntity
  8
dimensions
100
AcDbLine
 10
-106.50642089843751
 20
27.993383899588817
 30
0.0
 11
-106.50642089843751
 21
25.909936633963817
 31
0.0
  0
LINE
  5
75F
330
17
100
AcDbEntity
  8
dimensions
100
AcDbLine
 10
-107.28469238281251
 20
27.993383899588817
 30
0.0
 11
-106.50642089843751
 21
27.993383899588817
 31
0.0
  0
LINE
  5
760
330
17
100
AcDbEntity
  8
dimensions
100
AcDbLine
 10
-107.28469238281251
 20
28.272143665213818
 30
0.0
 11
-107.28469238281251
 21
27.993383899588817
 31
0.0
  0
LINE
  5
761
330
17
100
AcDbEntity
  8
dimensions
100
AcDbLine
 10
-105.4123291015625
 20
28.272143665213818
 30
0.0
 11
-107.28469238281251
 21
28.272143665213818
 31
0.0
  0
LINE
  5
762
330
17
100
AcDbEntity
  8
dimensions
100
AcDbLine
 10
-105.4123291015625
 20
27.993383899588817
 30
0.0
 11
-105.4123291015625
 21
28.272143665213818
 31
0.0
  0
LINE
  5
763
330
17
100
AcDbEntity
  8
dimensions
100
AcDbLine
 10
-106.1938232421875
 20
27.993383899588817
 30
0.0
 11
-105.4123291015625
 21
27.993383899588817
 31
0.0
  0
LINE
  5
764
330
17
100
AcDbEntity
  8
dimensions
100
AcDbLine
 10
-106.1938232421875
 20
25.909936633963817
 30
0.0
 11
-106.1938232421875
 21
27.993383899588817
 31
0.0
  0
SPLINE
  5
765
330
17
100
AcDbEntity
  8
dimensions
100
AcDbSpline
 70
0
 71
2
 72
6
 73
3
 74
0
 40
0.0
 40
0.0
 40
0.0
 40
1.0
 40
1.0
 40
1.0
 10
-105.2463623046875
 20
27.060424915213815
 30
0.0
 10
-105.2463623046875
 20
27.648559680838815
 30
0.0
 10
-104.9305419921875
 20
27.981298938651317
 30
0.0
  0
SPLINE
  5
766
330
17
100
AcDbEntity
  8
dimensions
100
AcDbSpline
 70
0
 71
2
 72
6
 73
3
 74
0
 40
0.0
 40
0.0
 40
0.0
 40
1.0
 40
1.0
 40
1.0
 10
-104.9305419921875
 20
27.981298938651317
 30
0.0
 10
-104.6147216796875
 20
28.314038196463816
 30
0.0
 10
-104.1152099609375
 20
28.314038196463816
 30
0.0
  0
SPLINE
  5
767
330
17
100
AcDbEntity
  8
dimensions
100
AcDbSpline
 70
0
 71
2
 72
6
 73
3
 74
0
 40
0.0
 40
0.0
 40
0.0
 40
1.0
 40
1.0
 40
1.0
 10
-104.1152099609375
 20
28.314038196463816
 30
0.0
 10
-103.7881103515625
 20
28.314038196463816
 30
0.0
 10
-103.5254638671875
 20
28.157739368338817
 30
0.0
  0
SPLINE
  5
768
330
17
100
AcDbEntity
  8
dimensions
100
AcDbSpline
 70
0
 71
2
 72
6
 73
3
 74
0
 40
0.0
 40
0.0
 40
0.0
 40
1.0
 40
1.0
 40
1.0
 10
-103.5254638671875
 20
28.157739368338817
 30
0.0
 10
-103.2628173828125
 20
28.001440540213817
 30
0.0
 10
-103.125048828125
 20
27.721875110526316
 30
0.0
  0
SPLINE
  5
769
330
17
100
AcDbEntity
  8
dimensions
100
AcDbSpline
 70
0
 71
2
 72
6
 73
3
 74
0
 40
0.0
 40
0.0
 40
0.0
 40
1.0
 40
1.0
 40
1.0
 10
-103.125048828125
 20
27.721875110526316
 30
0.0
 10
-102.9872802734375
 20
27.442309680838818
 30
0.0
 10
-102.9872802734375
 20
27.087817493338818
 30
0.0
  0
SPLINE
  5
76A
330
17
100
AcDbEntity
  8
dimensions
100
AcDbSpline
 70
0
 71
2
 72
6
 73
3
 74
0
 40
0.0
 40
0.0
 40
0.0
 40
1.0
 40
1.0
 40
1.0
 10
-102.9872802734375
 20
27.087817493338818
 30
0.0
 10
-102.9872802734375
 20
26.728491321463817
 30
0.0
 10
-103.1322998046875
 20
26.444897571463816
 30
0.0
  0
SPLINE
  5
76B
330
17
100
AcDbEntity
  8
dimensions
100
AcDbSpline
 70
0
 71
2
 72
6
 73
3
 74
0
 40
0.0
 40
0.0
 40
0.0
 40
1.0
 40
1.0
 40
1.0
 10
-103.1322998046875
 20
26.444897571463816
 30
0.0
 10
-103.2773193359375
 20
26.161303821463818
 30
0.0
 10
-103.5431884765625
 20
26.015478626151317
 30
0.0
  0
SPLINE
  5
76C
330
17
100
AcDbEntity
  8
dimensions
100
AcDbSpline
 70
0
 71
2
 72
6
 73
3
 74
0
 40
0.0
 40
0.0
 40
0.0
 40
1.0
 40
1.0
 40
1.0
 10
-103.5431884765625
 20
26.015478626151317
 30
0.0
 10
-103.8090576171875
 20
25.869653430838817
 30
0.0
 10
-104.1168212890625
 20
25.869653430838817
 30
0.0
  0
SPLINE
  5
76D
330
17
100
AcDbEntity
  8
dimensions
100
AcDbSpline
 70
0
 71
2
 72
6
 73
3
 74
0
 40
0.0
 40
0.0
 40
0.0
 40
1.0
 40
1.0
 40
1.0
 10
-104.1168212890625
 20
25.869653430838817
 30
0.0
 10
-104.4503662109375
 20
25.869653430838817
 30
0.0
 10
-104.7130126953125
 20
26.030786243338817
 30
0.0
  0
SPLINE
  5
76E
330
17
100
AcDbEntity
  8
dimensions
100
AcDbSpline
 70
0
 71
2
 72
6
 73
3
 74
0
 40
0.0
 40
0.0
 40
0.0
 40
1.0
 40
1.0
 40
1.0
 10
-104.7130126953125
 20
26.030786243338817
 30
0.0
 10
-104.9756591796875
 20
26.191919055838817
 30
0.0
 10
-105.1110107421875
 20
26.470678821463817
 30
0.0
  0
SPLINE
  5
76F
330
17
100
AcDbEntity
  8
dimensions
100
AcDbSpline
 70
0
 71
2
 72
6
 73
3
 74
0
 40
0.0
 40
0.0
 40
0.0
 40
1.0
 40
1.0
 40
1.0
 10
-105.1110107421875
 20
26.470678821463817
 30
0.0
 10
-105.2463623046875
 20
26.749438587088818
 30
0.0
 10
-105.2463623046875
 20
27.060424915213815
 30
0.0
  0
SPLINE
  5
770
330
17
100
AcDbEntity
  8
dimensions
100
AcDbSpline
 70
0
 71
2
 72
6
 73
3
 74
0
 40
0.0
 40
0.0
 40
0.0
 40
1.0
 40
1.0
 40
1.0
 10
-104.9240966796875
 20
27.055590930838818
 30
0.0
 10
-104.9240966796875
 20
26.628588977713818
 30
0.0
 10
-104.694482421875
 20
26.382861438651318
 30
0.0
  0
SPLINE
  5
771
330
17
100
AcDbEntity
  8
dimensions
100
AcDbSpline
 70
0
 71
2
 72
6
 73
3
 74
0
 40
0.0
 40
0.0
 40
0.0
 40
1.0
 40
1.0
 40
1.0
 10
-104.694482421875
 20
26.382861438651318
 30
0.0
 10
-104.4648681640625
 20
26.137133899588818
 30
0.0
 10
-104.1184326171875
 20
26.137133899588818
 30
0.0
  0
SPLINE
  5
772
330
17
100
AcDbEntity
  8
dimensions
100
AcDbSpline
 70
0
 71
2
 72
6
 73
3
 74
0
 40
0.0
 40
0.0
 40
0.0
 40
1.0
 40
1.0
 40
1.0
 10
-104.1184326171875
 20
26.137133899588818
 30
0.0
 10
-103.7655517578125
 20
26.137133899588818
 30
0.0
 10
-103.537548828125
 20
26.385278430838817
 30
0.0
  0
SPLINE
  5
773
330
17
100
AcDbEntity
  8
dimensions
100
AcDbSpline
 70
0
 71
2
 72
6
 73
3
 74
0
 40
0.0
 40
0.0
 40
0.0
 40
1.0
 40
1.0
 40
1.0
 10
-103.537548828125
 20
26.385278430838817
 30
0.0
 10
-103.3095458984375
 20
26.633422962088815
 30
0.0
 10
-103.3095458984375
 20
27.089428821463816
 30
0.0
  0
SPLINE
  5
774
330
17
100
AcDbEntity
  8
dimensions
100
AcDbSpline
 70
0
 71
2
 72
6
 73
3
 74
0
 40
0.0
 40
0.0
 40
0.0
 40
1.0
 40
1.0
 40
1.0
 10
-103.3095458984375
 20
27.089428821463816
 30
0.0
 10
-103.3095458984375
 20
27.377856555838818
 30
0.0
 10
-103.40703125
 20
27.592968860526316
 30
0.0
  0
SPLINE
  5
775
330
17
100
AcDbEntity
  8
dimensions
100
AcDbSpline
 70
0
 71
2
 72
6
 73
3
 74
0
 40
0.0
 40
0.0
 40
0.0
 40
1.0
 40
1.0
 40
1.0
 10
-103.40703125
 20
27.592968860526316
 30
0.0
 10
-103.5045166015625
 20
27.808081165213817
 30
0.0
 10
-103.692236328125
 20
27.926513782401315
 30
0.0
  0
SPLINE
  5
776
330
17
100
AcDbEntity
  8
dimensions
100
AcDbSpline
 70
0
 71
2
 72
6
 73
3
 74
0
 40
0.0
 40
0.0
 40
0.0
 40
1.0
 40
1.0
 40
1.0
 10
-103.692236328125
 20
27.926513782401315
 30
0.0
 10
-103.8799560546875
 20
28.044946399588817
 30
0.0
 10
-104.1135986328125
 20
28.044946399588817
 30
0.0
  0
SPLINE
  5
777
330
17
100
AcDbEntity
  8
dimensions
100
AcDbSpline
 70
0
 71
2
 72
6
 73
3
 74
0
 40
0.0
 40
0.0
 40
0.0
 40
1.0
 40
1.0
 40
1.0
 10
-104.1135986328125
 20
28.044946399588817
 30
0.0
 10
-104.4455322265625
 20
28.044946399588817
 30
0.0
 10
-104.684814453125
 20
27.816943469901318
 30
0.0
  0
SPLINE
  5
778
330
17
100
AcDbEntity
  8
dimensions
100
AcDbSpline
 70
0
 71
2
 72
6
 73
3
 74
0
 40
0.0
 40
0.0
 40
0.0
 40
1.0
 40
1.0
 40
1.0
 10
-104.684814453125
 20
27.816943469901318
 30
0.0
 10
-104.9240966796875
 20
27.588940540213816
 30
0.0
 10
-104.9240966796875
 20
27.055590930838818
 30
0.0
  0
LINE
  5
779
330
17
100
AcDbEntity
  8
dimensions
100
AcDbLine
 10
-102.5844482421875
 20
25.909936633963817
 30
0.0
 11
-102.2718505859375
 21
25.909936633963817
 31
0.0
  0
LINE
  5
77A
330
17
100
AcDbEntity
  8
dimensions
100
AcDbLine
 10
-102.5844482421875
 20
28.272143665213818
 30
0.0
 11
-102.5844482421875
 21
25.909936633963817
 31
0.0
  0
LINE
  5
77B
330
17
100
AcDbEntity
  8
dimensions
100
AcDbLine
 10
-101.69338378906251
 20
28.272143665213818
 30
0.0
 11
-102.5844482421875
 21
28.272143665213818
 31
0.0
  0
SPLINE
  5
77C
330
17
100
AcDbEntity
  8
dimensions
100
AcDbSpline
 70
0
 71
2
 72
6
 73
3
 74
0
 40
0.0
 40
0.0
 40
0.0
 40
1.0
 40
1.0
 40
1.0
 10
-101.69338378906251
 20
28.272143665213818
 30
0.0
 10
-101.4581298828125
 20
28.272143665213818
 30
0.0
 10
-101.3340576171875
 20
28.249585071463816
 30
0.0
  0
SPLINE
  5
77D
330
17
100
AcDbEntity
  8
dimensions
100
AcDbSpline
 70
0
 71
2
 72
6
 73
3
 74
0
 40
0.0
 40
0.0
 40
0.0
 40
1.0
 40
1.0
 40
1.0
 10
-101.3340576171875
 20
28.249585071463816
 30
0.0
 10
-101.1600341796875
 20
28.220581165213815
 30
0.0
 10
-101.0424072265625
 20
28.139209094901318
 30
0.0
  0
SPLINE
  5
77E
330
17
100
AcDbEntity
  8
dimensions
100
AcDbSpline
 70
0
 71
2
 72
6
 73
3
 74
0
 40
0.0
 40
0.0
 40
0.0
 40
1.0
 40
1.0
 40
1.0
 10
-101.0424072265625
 20
28.139209094901318
 30
0.0
 10
-100.9247802734375
 20
28.057837024588817
 30
0.0
 10
-100.853076171875
 20
27.911206165213816
 30
0.0
  0
SPLINE
  5
77F
330
17
100
AcDbEntity
  8
dimensions
100
AcDbSpline
 70
0
 71
2
 72
6
 73
3
 74
0
 40
0.0
 40
0.0
 40
0.0
 40
1.0
 40
1.0
 40
1.0
 10
-100.853076171875
 20
27.911206165213816
 30
0.0
 10
-100.7813720703125
 20
27.764575305838818
 30
0.0
 10
-100.7813720703125
 20
27.588940540213816
 30
0.0
  0
SPLINE
  5
780
330
17
100
AcDbEntity
  8
dimensions
100
AcDbSpline
 70
0
 71
2
 72
6
 73
3
 74
0
 40
0.0
 40
0.0
 40
0.0
 40
1.0
 40
1.0
 40
1.0
 10
-100.7813720703125
 20
27.588940540213816
 30
0.0
 10
-100.7813720703125
 20
27.287622180838817
 30
0.0
 10
-100.9731201171875
 20
27.078955188651317
 30
0.0
  0
SPLINE
  5
781
330
17
100
AcDbEntity
  8
dimensions
100
AcDbSpline
 70
0
 71
2
 72
6
 73
3
 74
0
 40
0.0
 40
0.0
 40
0.0
 40
1.0
 40
1.0
 40
1.0
 10
-100.9731201171875
 20
27.078955188651317
 30
0.0
 10
-101.1648681640625
 20
26.870288196463818
 30
0.0
 10
-101.6659912109375
 20
26.870288196463818
 30
0.0
  0
LINE
  5
782
330
17
100
AcDbEntity
  8
dimensions
100
AcDbLine
 10
-102.2718505859375
 20
26.870288196463818
 30
0.0
 11
-101.6659912109375
 21
26.870288196463818
 31
0.0
  0
LINE
  5
783
330
17
100
AcDbEntity
  8
dimensions
100
AcDbLine
 10
-102.2718505859375
 20
25.909936633963817
 30
0.0
 11
-102.2718505859375
 21
26.870288196463818
 31
0.0
  0
LINE
  5
784
330
17
100
AcDbEntity
  8
dimensions
100
AcDbLine
 10
-102.2718505859375
 20
27.149047962088815
 30
0.0
 11
-102.2718505859375
 21
27.993383899588817
 31
0.0
  0
LINE
  5
785
330
17
100
AcDbEntity
  8
dimensions
100
AcDbLine
 10
-101.66115722656251
 20
27.149047962088815
 30
0.0
 11
-102.2718505859375
 21
27.149047962088815
 31
0.0
  0
SPLINE
  5
786
330
17
100
AcDbEntity
  8
dimensions
100
AcDbSpline
 70
0
 71
2
 72
6
 73
3
 74
0
 40
0.0
 40
0.0
 40
0.0
 40
1.0
 40
1.0
 40
1.0
 10
-101.66115722656251
 20
27.149047962088815
 30
0.0
 10
-101.3582275390625
 20
27.149047962088815
 30
0.0
 10
-101.2309326171875
 20
27.261840930838815
 30
0.0
  0
SPLINE
  5
787
330
17
100
AcDbEntity
  8
dimensions
100
AcDbSpline
 70
0
 71
2
 72
6
 73
3
 74
0
 40
0.0
 40
0.0
 40
0.0
 40
1.0
 40
1.0
 40
1.0
 10
-101.2309326171875
 20
27.261840930838815
 30
0.0
 10
-101.1036376953125
 20
27.374633899588815
 30
0.0
 10
-101.1036376953125
 20
27.579272571463818
 30
0.0
  0
SPLINE
  5
788
330
17
100
AcDbEntity
  8
dimensions
100
AcDbSpline
 70
0
 71
2
 72
6
 73
3
 74
0
 40
0.0
 40
0.0
 40
0.0
 40
1.0
 40
1.0
 40
1.0
 10
-101.1036376953125
 20
27.579272571463818
 30
0.0
 10
-101.1036376953125
 20
27.727514758963817
 30
0.0
 10
-101.178564453125
 20
27.833056751151318
 30
0.0
  0
SPLINE
  5
789
330
17
100
AcDbEntity
  8
dimensions
100
AcDbSpline
 70
0
 71
2
 72
6
 73
3
 74
0
 40
0.0
 40
0.0
 40
0.0
 40
1.0
 40
1.0
 40
1.0
 10
-101.178564453125
 20
27.833056751151318
 30
0.0
 10
-101.2534912109375
 20
27.938598743338815
 30
0.0
 10
-101.3759521484375
 20
27.972436633963817
 30
0.0
  0
SPLINE
  5
78A
330
17
100
AcDbEntity
  8
dimensions
100
AcDbSpline
 70
0
 71
2
 72
6
 73
3
 74
0
 40
0.0
 40
0.0
 40
0.0
 40
1.0
 40
1.0
 40
1.0
 10
-101.3759521484375
 20
27.972436633963817
 30
0.0
 10
-101.4549072265625
 20
27.993383899588817
 30
0.0
 10
-101.6676025390625
 20
27.993383899588817
 30
0.0
  0
LINE
  5
78B
330
17
100
AcDbEntity
  8
dimensions
100
AcDbLine
 10
-102.2718505859375
 20
27.993383899588817
 30
0.0
 11
-101.6676025390625
 21
27.993383899588817
 31
0.0
  0
LINE
  5
78C
330
17
100
AcDbEntity
  8
dimensions
100
AcDbLine
 10
-109.41164550781251
 20
-29.958484619014023
 30
0.0
 11
-109.0990478515625
 21
-29.958484619014023
 31
0.0
  0
LINE
  5
78D
330
17
100
AcDbEntity
  8
dimensions
100
AcDbLine
 10
-109.41164550781251
 20
-27.59627758776402
 30
0.0
 11
-109.41164550781251
 21
-29.958484619014023
 31
0.0
  0
LINE
  5
78E
330
17
100
AcDbEntity
  8
dimensions
100
AcDbLine
 10
-107.8180419921875
 20
-27.59627758776402
 30
0.0
 11
-109.41164550781251
 21
-27.59627758776402
 31
0.0
  0
LINE
  5
78F
330
17
100
AcDbEntity
  8
dimensions
100
AcDbLine
 10
-107.8180419921875
 20
-27.875037353389022
 30
0.0
 11
-107.8180419921875
 21
-27.59627758776402
 31
0.0
  0
LINE
  5
790
330
17
100
AcDbEntity
  8
dimensions
100
AcDbLine
 10
-109.0990478515625
 20
-27.875037353389022
 30
0.0
 11
-107.8180419921875
 21
-27.875037353389022
 31
0.0
  0
LINE
  5
791
330
17
100
AcDbEntity
  8
dimensions
100
AcDbLine
 10
-109.0990478515625
 20
-28.606580322139024
 30
0.0
 11
-109.0990478515625
 21
-27.875037353389022
 31
0.0
  0
LINE
  5
792
330
17
100
AcDbEntity
  8
dimensions
100
AcDbLine
 10
-107.9904541015625
 20
-28.606580322139024
 30
0.0
 11
-109.0990478515625
 21
-28.606580322139024
 31
0.0
  0
LINE
  5
793
330
17
100
AcDbEntity
  8
dimensions
100
AcDbLine
 10
-107.9904541015625
 20
-28.88534008776402
 30
0.0
 11
-107.9904541015625
 21
-28.606580322139024
 31
0.0
  0
LINE
  5
794
330
17
100
AcDbEntity
  8
dimensions
100
AcDbLine
 10
-109.0990478515625
 20
-28.88534008776402
 30
0.0
 11
-107.9904541015625
 21
-28.88534008776402
 31
0.0
  0
LINE
  5
795
330
17
100
AcDbEntity
  8
dimensions
100
AcDbLine
 10
-109.0990478515625
 20
-29.958484619014023
 30
0.0
 11
-109.0990478515625
 21
-28.88534008776402
 31
0.0
  0
LINE
  5
796
330
17
100
AcDbEntity
  8
dimensions
100
AcDbLine
 10
-107.4071533203125
 20
-29.958484619014023
 30
0.0
 11
-107.0945556640625
 21
-29.958484619014023
 31
0.0
  0
LINE
  5
797
330
17
100
AcDbEntity
  8
dimensions
100
AcDbLine
 10
-107.4071533203125
 20
-27.59627758776402
 30
0.0
 11
-107.4071533203125
 21
-29.958484619014023
 31
0.0
  0
LINE
  5
798
330
17
100
AcDbEntity
  8
dimensions
100
AcDbLine
 10
-106.3597900390625
 20
-27.59627758776402
 30
0.0
 11
-107.4071533203125
 21
-27.59627758776402
 31
0.0
  0
SPLINE
  5
799
330
17
100
AcDbEntity
  8
dimensions
100
AcDbSpline
 70
0
 71
2
 72
6
 73
3
 74
0
 40
0.0
 40
0.0
 40
0.0
 40
1.0
 40
1.0
 40
1.0
 10
-106.3597900390625
 20
-27.59627758776402
 30
0.0
 10
-106.0439697265625
 20
-27.59627758776402
 30
0.0
 10
-105.87961425781249
 20
-27.659925048701524
 30
0.0
  0
SPLINE
  5
79A
330
17
100
AcDbEntity
  8
dimensions
100
AcDbSpline
 70
0
 71
2
 72
6
 73
3
 74
0
 40
0.0
 40
0.0
 40
0.0
 40
1.0
 40
1.0
 40
1.0
 10
-105.87961425781249
 20
-27.659925048701524
 30
0.0
 10
-105.7152587890625
 20
-27.723572509639023
 30
0.0
 10
-105.6169677734375
 20
-27.884705322139023
 30
0.0
  0
SPLINE
  5
79B
330
17
100
AcDbEntity
  8
dimensions
100
AcDbSpline
 70
0
 71
2
 72
6
 73
3
 74
0
 40
0.0
 40
0.0
 40
0.0
 40
1.0
 40
1.0
 40
1.0
 10
-105.6169677734375
 20
-27.884705322139023
 30
0.0
 10
-105.5186767578125
 20
-28.045838134639023
 30
0.0
 10
-105.5186767578125
 20
-28.24080883776402
 30
0.0
  0
SPLINE
  5
79C
330
17
100
AcDbEntity
  8
dimensions
100
AcDbSpline
 70
0
 71
2
 72
6
 73
3
 74
0
 40
0.0
 40
0.0
 40
0.0
 40
1.0
 40
1.0
 40
1.0
 10
-105.5186767578125
 20
-28.24080883776402
 30
0.0
 10
-105.5186767578125
 20
-28.492176025264023
 30
0.0
 10
-105.6814208984375
 20
-28.664588134639022
 30
0.0
  0
SPLINE
  5
79D
330
17
100
AcDbEntity
  8
dimensions
100
AcDbSpline
 70
0
 71
2
 72
6
 73
3
 74
0
 40
0.0
 40
0.0
 40
0.0
 40
1.0
 40
1.0
 40
1.0
 10
-105.6814208984375
 20
-28.664588134639022
 30
0.0
 10
-105.8441650390625
 20
-28.83700024401402
 30
0.0
 10
-106.1841552734375
 20
-28.883728759639023
 30
0.0
  0
SPLINE
  5
79E
330
17
100
AcDbEntity
  8
dimensions
100
AcDbSpline
 70
0
 71
2
 72
6
 73
3
 74
0
 40
0.0
 40
0.0
 40
0.0
 40
1.0
 40
1.0
 40
1.0
 10
-106.1841552734375
 20
-28.883728759639023
 30
0.0
 10
-106.0600830078125
 20
-28.943347900264023
 30
0.0
 10
-105.9956298828125
 20
-29.001355712764024
 30
0.0
  0
SPLINE
  5
79F
330
17
100
AcDbEntity
  8
dimensions
100
AcDbSpline
 70
0
 71
2
 72
6
 73
3
 74
0
 40
0.0
 40
0.0
 40
0.0
 40
1.0
 40
1.0
 40
1.0
 10
-105.9956298828125
 20
-29.001355712764024
 30
0.0
 10
-105.8586669921875
 20
-29.12703930651402
 30
0.0
 10
-105.7362060546875
 20
-29.315564697139024
 30
0.0
  0
LINE
  5
7A0
330
17
100
AcDbEntity
  8
dimensions
100
AcDbLine
 10
-105.3253173828125
 20
-29.958484619014023
 30
0.0
 11
-105.7362060546875
 21
-29.315564697139024
 31
0.0
  0
LINE
  5
7A1
330
17
100
AcDbEntity
  8
dimensions
100
AcDbLine
 10
-105.71848144531249
 20
-29.958484619014023
 30
0.0
 11
-105.3253173828125
 21
-29.958484619014023
 31
0.0
  0
LINE
  5
7A2
330
17
100
AcDbEntity
  8
dimensions
100
AcDbLine
 10
-106.0310791015625
 20
-29.467029540889023
 30
0.0
 11
-105.71848144531249
 21
-29.958484619014023
 31
0.0
  0
SPLINE
  5
7A3
330
17
100
AcDbEntity
  8
dimensions
100
AcDbSpline
 70
0
 71
2
 72
6
 73
3
 74
0
 40
0.0
 40
0.0
 40
0.0
 40
1.0
 40
1.0
 40
1.0
 10
-106.0310791015625
 20
-29.467029540889023
 30
0.0
 10
-106.1680419921875
 20
-29.254334228389023
 30
0.0
 10
-106.2566650390625
 20
-29.141541259639023
 30
0.0
  0
SPLINE
  5
7A4
330
17
100
AcDbEntity
  8
dimensions
100
AcDbSpline
 70
0
 71
2
 72
6
 73
3
 74
0
 40
0.0
 40
0.0
 40
0.0
 40
1.0
 40
1.0
 40
1.0
 10
-106.2566650390625
 20
-29.141541259639023
 30
0.0
 10
-106.3452880859375
 20
-29.028748290889023
 30
0.0
 10
-106.41538085937499
 20
-28.983631103389023
 30
0.0
  0
SPLINE
  5
7A5
330
17
100
AcDbEntity
  8
dimensions
100
AcDbSpline
 70
0
 71
2
 72
6
 73
3
 74
0
 40
0.0
 40
0.0
 40
0.0
 40
1.0
 40
1.0
 40
1.0
 10
-106.41538085937499
 20
-28.983631103389023
 30
0.0
 10
-106.4854736328125
 20
-28.938513915889022
 30
0.0
 10
-106.5579833984375
 20
-28.920789306514024
 30
0.0
  0
SPLINE
  5
7A6
330
17
100
AcDbEntity
  8
dimensions
100
AcDbSpline
 70
0
 71
2
 72
6
 73
3
 74
0
 40
0.0
 40
0.0
 40
0.0
 40
1.0
 40
1.0
 40
1.0
 10
-106.5579833984375
 20
-28.920789306514024
 30
0.0
 10
-106.6111572265625
 20
-28.90951000963902
 30
0.0
 10
-106.7320068359375
 20
-28.90951000963902
 30
0.0
  0
LINE
  5
7A7
330
17
100
AcDbEntity
  8
dimensions
100
AcDbLine
 10
-107.0945556640625
 20
-28.90951000963902
 30
0.0
 11
-106.7320068359375
 21
-28.90951000963902
 31
0.0
  0
LINE
  5
7A8
330
17
100
AcDbEntity
  8
dimensions
100
AcDbLine
 10
-107.0945556640625
 20
-29.958484619014023
 30
0.0
 11
-107.0945556640625
 21
-28.90951000963902
 31
0.0
  0
LINE
  5
7A9
330
17
100
AcDbEntity
  8
dimensions
100
AcDbLine
 10
-107.0945556640625
 20
-28.638806884639024
 30
0.0
 11
-107.0945556640625
 21
-27.857312744014024
 31
0.0
  0
LINE
  5
7AA
330
17
100
AcDbEntity
  8
dimensions
100
AcDbLine
 10
-106.4226318359375
 20
-28.638806884639024
 30
0.0
 11
-107.0945556640625
 21
-28.638806884639024
 31
0.0
  0
SPLINE
  5
7AB
330
17
100
AcDbEntity
  8
dimensions
100
AcDbSpline
 70
0
 71
2
 72
6
 73
3
 74
0
 40
0.0
 40
0.0
 40
0.0
 40
1.0
 40
1.0
 40
1.0
 10
-106.4226318359375
 20
-28.638806884639024
 30
0.0
 10
-106.2083251953125
 20
-28.638806884639024
 30
0.0
 10
-106.0874755859375
 20
-28.594495361201524
 30
0.0
  0
SPLINE
  5
7AC
330
17
100
AcDbEntity
  8
dimensions
100
AcDbSpline
 70
0
 71
2
 72
6
 73
3
 74
0
 40
0.0
 40
0.0
 40
0.0
 40
1.0
 40
1.0
 40
1.0
 10
-106.0874755859375
 20
-28.594495361201524
 30
0.0
 10
-105.9666259765625
 20
-28.550183837764024
 30
0.0
 10
-105.90378417968749
 20
-28.452698486201523
 30
0.0
  0
SPLINE
  5
7AD
330
17
100
AcDbEntity
  8
dimensions
100
AcDbSpline
 70
0
 71
2
 72
6
 73
3
 74
0
 40
0.0
 40
0.0
 40
0.0
 40
1.0
 40
1.0
 40
1.0
 10
-105.90378417968749
 20
-28.452698486201523
 30
0.0
 10
-105.8409423828125
 20
-28.355213134639023
 30
0.0
 10
-105.8409423828125
 20
-28.24080883776402
 30
0.0
  0
SPLINE
  5
7AE
330
17
100
AcDbEntity
  8
dimensions
100
AcDbSpline
 70
0
 71
2
 72
6
 73
3
 74
0
 40
0.0
 40
0.0
 40
0.0
 40
1.0
 40
1.0
 40
1.0
 10
-105.8409423828125
 20
-28.24080883776402
 30
0.0
 10
-105.8409423828125
 20
-28.073230712764023
 30
0.0
 10
-105.96259765625
 20
-27.965271728389023
 30
0.0
  0
SPLINE
  5
7AF
330
17
100
AcDbEntity
  8
dimensions
100
AcDbSpline
 70
0
 71
2
 72
6
 73
3
 74
0
 40
0.0
 40
0.0
 40
0.0
 40
1.0
 40
1.0
 40
1.0
 10
-105.96259765625
 20
-27.965271728389023
 30
0.0
 10
-106.0842529296875
 20
-27.857312744014024
 30
0.0
 10
-106.34689941406249
 20
-27.857312744014024
 30
0.0
  0
LINE
  5
7B0
330
17
100
AcDbEntity
  8
dimensions
100
AcDbLine
 10
-107.0945556640625
 20
-27.857312744014024
 30
0.0
 11
-106.34689941406249
 21
-27.857312744014024
 31
0.0
  0
SPLINE
  5
7B1
330
17
100
AcDbEntity
  8
dimensions
100
AcDbSpline
 70
0
 71
2
 72
6
 73
3
 74
0
 40
0.0
 40
0.0
 40
0.0
 40
1.0
 40
1.0
 40
1.0
 10
-105.1239013671875
 20
-28.807996337764024
 30
0.0
 10
-105.1239013671875
 20
-28.219861572139024
 30
0.0
 10
-104.8080810546875
 20
-27.887122314326522
 30
0.0
  0
SPLINE
  5
7B2
330
17
100
AcDbEntity
  8
dimensions
100
AcDbSpline
 70
0
 71
2
 72
6
 73
3
 74
0
 40
0.0
 40
0.0
 40
0.0
 40
1.0
 40
1.0
 40
1.0
 10
-104.8080810546875
 20
-27.887122314326522
 30
0.0
 10
-104.49226074218751
 20
-27.554383056514023
 30
0.0
 10
-103.99274902343751
 20
-27.554383056514023
 30
0.0
  0
SPLINE
  5
7B3
330
17
100
AcDbEntity
  8
dimensions
100
AcDbSpline
 70
0
 71
2
 72
6
 73
3
 74
0
 40
0.0
 40
0.0
 40
0.0
 40
1.0
 40
1.0
 40
1.0
 10
-103.99274902343751
 20
-27.554383056514023
 30
0.0
 10
-103.6656494140625
 20
-27.554383056514023
 30
0.0
 10
-103.4030029296875
 20
-27.710681884639023
 30
0.0
  0
SPLINE
  5
7B4
330
17
100
AcDbEntity
  8
dimensions
100
AcDbSpline
 70
0
 71
2
 72
6
 73
3
 74
0
 40
0.0
 40
0.0
 40
0.0
 40
1.0
 40
1.0
 40
1.0
 10
-103.4030029296875
 20
-27.710681884639023
 30
0.0
 10
-103.1403564453125
 20
-27.866980712764022
 30
0.0
 10
-103.00258789062501
 20
-28.146546142451523
 30
0.0
  0
SPLINE
  5
7B5
330
17
100
AcDbEntity
  8
dimensions
100
AcDbSpline
 70
0
 71
2
 72
6
 73
3
 74
0
 40
0.0
 40
0.0
 40
0.0
 40
1.0
 40
1.0
 40
1.0
 10
-103.00258789062501
 20
-28.146546142451523
 30
0.0
 10
-102.86481933593751
 20
-28.42611157213902
 30
0.0
 10
-102.86481933593751
 20
-28.78060375963902
 30
0.0
  0
SPLINE
  5
7B6
330
17
100
AcDbEntity
  8
dimensions
100
AcDbSpline
 70
0
 71
2
 72
6
 73
3
 74
0
 40
0.0
 40
0.0
 40
0.0
 40
1.0
 40
1.0
 40
1.0
 10
-102.86481933593751
 20
-28.78060375963902
 30
0.0
 10
-102.86481933593751
 20
-29.139929931514022
 30
0.0
 10
-103.00983886718751
 20
-29.423523681514023
 30
0.0
  0
SPLINE
  5
7B7
330
17
100
AcDbEntity
  8
dimensions
100
AcDbSpline
 70
0
 71
2
 72
6
 73
3
 74
0
 40
0.0
 40
0.0
 40
0.0
 40
1.0
 40
1.0
 40
1.0
 10
-103.00983886718751
 20
-29.423523681514023
 30
0.0
 10
-103.15485839843751
 20
-29.70711743151402
 30
0.0
 10
-103.42072753906251
 20
-29.852942626826522
 30
0.0
  0
SPLINE
  5
7B8
330
17
100
AcDbEntity
  8
dimensions
100
AcDbSpline
 70
0
 71
2
 72
6
 73
3
 74
0
 40
0.0
 40
0.0
 40
0.0
 40
1.0
 40
1.0
 40
1.0
 10
-103.42072753906251
 20
-29.852942626826522
 30
0.0
 10
-103.68659667968751
 20
-29.998767822139023
 30
0.0
 10
-103.9943603515625
 20
-29.998767822139023
 30
0.0
  0
SPLINE
  5
7B9
330
17
100
AcDbEntity
  8
dimensions
100
AcDbSpline
 70
0
 71
2
 72
6
 73
3
 74
0
 40
0.0
 40
0.0
 40
0.0
 40
1.0
 40
1.0
 40
1.0
 10
-103.9943603515625
 20
-29.998767822139023
 30
0.0
 10
-104.32790527343751
 20
-29.998767822139023
 30
0.0
 10
-104.5905517578125
 20
-29.837635009639023
 30
0.0
  0
SPLINE
  5
7BA
330
17
100
AcDbEntity
  8
dimensions
100
AcDbSpline
 70
0
 71
2
 72
6
 73
3
 74
0
 40
0.0
 40
0.0
 40
0.0
 40
1.0
 40
1.0
 40
1.0
 10
-104.5905517578125
 20
-29.837635009639023
 30
0.0
 10
-104.8531982421875
 20
-29.676502197139023
 30
0.0
 10
-104.98854980468751
 20
-29.397742431514022
 30
0.0
  0
SPLINE
  5
7BB
330
17
100
AcDbEntity
  8
dimensions
100
AcDbSpline
 70
0
 71
2
 72
6
 73
3
 74
0
 40
0.0
 40
0.0
 40
0.0
 40
1.0
 40
1.0
 40
1.0
 10
-104.98854980468751
 20
-29.397742431514022
 30
0.0
 10
-105.1239013671875
 20
-29.11898266588902
 30
0.0
 10
-105.1239013671875
 20
-28.807996337764024
 30
0.0
  0
SPLINE
  5
7BC
330
17
100
AcDbEntity
  8
dimensions
100
AcDbSpline
 70
0
 71
2
 72
6
 73
3
 74
0
 40
0.0
 40
0.0
 40
0.0
 40
1.0
 40
1.0
 40
1.0
 10
-104.8016357421875
 20
-28.81283032213902
 30
0.0
 10
-104.8016357421875
 20
-29.23983227526402
 30
0.0
 10
-104.572021484375
 20
-29.48555981432652
 30
0.0
  0
SPLINE
  5
7BD
330
17
100
AcDbEntity
  8
dimensions
100
AcDbSpline
 70
0
 71
2
 72
6
 73
3
 74
0
 40
0.0
 40
0.0
 40
0.0
 40
1.0
 40
1.0
 40
1.0
 10
-104.572021484375
 20
-29.48555981432652
 30
0.0
 10
-104.3424072265625
 20
-29.73128735338902
 30
0.0
 10
-103.9959716796875
 20
-29.73128735338902
 30
0.0
  0
SPLINE
  5
7BE
330
17
100
AcDbEntity
  8
dimensions
100
AcDbSpline
 70
0
 71
2
 72
6
 73
3
 74
0
 40
0.0
 40
0.0
 40
0.0
 40
1.0
 40
1.0
 40
1.0
 10
-103.9959716796875
 20
-29.73128735338902
 30
0.0
 10
-103.64309082031251
 20
-29.73128735338902
 30
0.0
 10
-103.415087890625
 20
-29.483142822139023
 30
0.0
  0
SPLINE
  5
7BF
330
17
100
AcDbEntity
  8
dimensions
100
AcDbSpline
 70
0
 71
2
 72
6
 73
3
 74
0
 40
0.0
 40
0.0
 40
0.0
 40
1.0
 40
1.0
 40
1.0
 10
-103.415087890625
 20
-29.483142822139023
 30
0.0
 10
-103.18708496093751
 20
-29.234998290889024
 30
0.0
 10
-103.18708496093751
 20
-28.778992431514023
 30
0.0
  0
SPLINE
  5
7C0
330
17
100
AcDbEntity
  8
dimensions
100
AcDbSpline
 70
0
 71
2
 72
6
 73
3
 74
0
 40
0.0
 40
0.0
 40
0.0
 40
1.0
 40
1.0
 40
1.0
 10
-103.18708496093751
 20
-28.778992431514023
 30
0.0
 10
-103.18708496093751
 20
-28.49056469713902
 30
0.0
 10
-103.28457031250001
 20
-28.275452392451523
 30
0.0
  0
SPLINE
  5
7C1
330
17
100
AcDbEntity
  8
dimensions
100
AcDbSpline
 70
0
 71
2
 72
6
 73
3
 74
0
 40
0.0
 40
0.0
 40
0.0
 40
1.0
 40
1.0
 40
1.0
 10
-103.28457031250001
 20
-28.275452392451523
 30
0.0
 10
-103.3820556640625
 20
-28.060340087764022
 30
0.0
 10
-103.56977539062501
 20
-27.941907470576524
 30
0.0
  0
SPLINE
  5
7C2
330
17
100
AcDbEntity
  8
dimensions
100
AcDbSpline
 70
0
 71
2
 72
6
 73
3
 74
0
 40
0.0
 40
0.0
 40
0.0
 40
1.0
 40
1.0
 40
1.0
 10
-103.56977539062501
 20
-27.941907470576524
 30
0.0
 10
-103.7574951171875
 20
-27.823474853389023
 30
0.0
 10
-103.9911376953125
 20
-27.823474853389023
 30
0.0
  0
SPLINE
  5
7C3
330
17
100
AcDbEntity
  8
dimensions
100
AcDbSpline
 70
0
 71
2
 72
6
 73
3
 74
0
 40
0.0
 40
0.0
 40
0.0
 40
1.0
 40
1.0
 40
1.0
 10
-103.9911376953125
 20
-27.823474853389023
 30
0.0
 10
-104.32307128906251
 20
-27.823474853389023
 30
0.0
 10
-104.562353515625
 20
-28.05147778307652
 30
0.0
  0
SPLINE
  5
7C4
330
17
100
AcDbEntity
  8
dimensions
100
AcDbSpline
 70
0
 71
2
 72
6
 73
3
 74
0
 40
0.0
 40
0.0
 40
0.0
 40
1.0
 40
1.0
 40
1.0
 10
-104.562353515625
 20
-28.05147778307652
 30
0.0
 10
-104.8016357421875
 20
-28.279480712764023
 30
0.0
 10
-104.8016357421875
 20
-28.81283032213902
 30
0.0
  0
LINE
  5
7C5
330
17
100
AcDbEntity
  8
dimensions
100
AcDbLine
 10
-102.4652099609375
 20
-29.958484619014023
 30
0.0
 11
-102.16550292968749
 21
-29.958484619014023
 31
0.0
  0
LINE
  5
7C6
330
17
100
AcDbEntity
  8
dimensions
100
AcDbLine
 10
-102.4652099609375
 20
-27.59627758776402
 30
0.0
 11
-102.4652099609375
 21
-29.958484619014023
 31
0.0
  0
LINE
  5
7C7
330
17
100
AcDbEntity
  8
dimensions
100
AcDbLine
 10
-102.1445556640625
 20
-27.59627758776402
 30
0.0
 11
-102.4652099609375
 21
-27.59627758776402
 31
0.0
  0
LINE
  5
7C8
330
17
100
AcDbEntity
  8
dimensions
100
AcDbLine
 10
-100.9038330078125
 20
-29.450916259639023
 30
0.0
 11
-102.1445556640625
 21
-27.59627758776402
 31
0.0
  0
LINE
  5
7C9
330
17
100
AcDbEntity
  8
dimensions
100
AcDbLine
 10
-100.9038330078125
 20
-27.59627758776402
 30
0.0
 11
-100.9038330078125
 21
-29.450916259639023
 31
0.0
  0
LINE
  5
7CA
330
17
100
AcDbEntity
  8
dimensions
100
AcDbLine
 10
-100.6041259765625
 20
-27.59627758776402
 30
0.0
 11
-100.9038330078125
 21
-27.59627758776402
 31
0.0
  0
LINE
  5
7CB
330
17
100
AcDbEntity
  8
dimensions
100
AcDbLine
 10
-100.6041259765625
 20
-29.958484619014023
 30
0.0
 11
-100.6041259765625
 21
-27.59627758776402
 31
0.0
  0
LINE
  5
7CC
330
17
100
AcDbEntity
  8
dimensions
100
AcDbLine
 10
-100.92478027343749
 20
-29.958484619014023
 30
0.0
 11
-100.6041259765625
 21
-29.958484619014023
 31
0.0
  0
LINE
  5
7CD
330
17
100
AcDbEntity
  8
dimensions
100
AcDbLine
 10
-102.16550292968749
 20
-28.102234619014023
 30
0.0
 11
-100.92478027343749
 21
-29.958484619014023
 31
0.0
  0
LINE
  5
7CE
330
17
100
AcDbEntity
  8
dimensions
100
AcDbLine
 10
-102.16550292968749
 20
-29.958484619014023
 30
0.0
 11
-102.16550292968749
 21
-28.102234619014023
 31
0.0
  0
LINE
  5
7CF
330
17
100
AcDbEntity
  8
dimensions
100
AcDbLine
 10
-99.47780761718751
 20
-29.958484619014023
 30
0.0
 11
-99.1652099609375
 21
-29.958484619014023
 31
0.0
  0
LINE
  5
7D0
330
17
100
AcDbEntity
  8
dimensions
100
AcDbLine
 10
-99.47780761718751
 20
-27.875037353389022
 30
0.0
 11
-99.47780761718751
 21
-29.958484619014023
 31
0.0
  0
LINE
  5
7D1
330
17
100
AcDbEntity
  8
dimensions
100
AcDbLine
 10
-100.2560791015625
 20
-27.875037353389022
 30
0.0
 11
-99.47780761718751
 21
-27.875037353389022
 31
0.0
  0
LINE
  5
7D2
330
17
100
AcDbEntity
  8
dimensions
100
AcDbLine
 10
-100.2560791015625
 20
-27.59627758776402
 30
0.0
 11
-100.2560791015625
 21
-27.875037353389022
 31
0.0
  0
LINE
  5
7D3
330
17
100
AcDbEntity
  8
dimensions
100
AcDbLine
 10
-98.3837158203125
 20
-27.59627758776402
 30
0.0
 11
-100.2560791015625
 21
-27.59627758776402
 31
0.0
  0
LINE
  5
7D4
330
17
100
AcDbEntity
  8
dimensions
100
AcDbLine
 10
-98.3837158203125
 20
-27.875037353389022
 30
0.0
 11
-98.3837158203125
 21
-27.59627758776402
 31
0.0
  0
LINE
  5
7D5
330
17
100
AcDbEntity
  8
dimensions
100
AcDbLine
 10
-99.1652099609375
 20
-27.875037353389022
 30
0.0
 11
-98.3837158203125
 21
-27.875037353389022
 31
0.0
  0
LINE
  5
7D6
330
17
100
AcDbEntity
  8
dimensions
100
AcDbLine
 10
-99.1652099609375
 20
-29.958484619014023
 30
0.0
 11
-99.1652099609375
 21
-27.875037353389022
 31
0.0
  0
LINE
  5
7D7
330
17
100
AcDbEntity
  8
dimensions
100
AcDbLine
 10
30.1265380859375
 20
-29.958484619014023
 30
0.0
 11
30.4391357421875
 21
-29.958484619014023
 31
0.0
  0
LINE
  5
7D8
330
17
100
AcDbEntity
  8
dimensions
100
AcDbLine
 10
30.1265380859375
 20
-27.59627758776402
 30
0.0
 11
30.1265380859375
 21
-29.958484619014023
 31
0.0
  0
LINE
  5
7D9
330
17
100
AcDbEntity
  8
dimensions
100
AcDbLine
 10
31.1739013671875
 20
-27.59627758776402
 30
0.0
 11
30.1265380859375
 21
-27.59627758776402
 31
0.0
  0
SPLINE
  5
7DA
330
17
100
AcDbEntity
  8
dimensions
100
AcDbSpline
 70
0
 71
2
 72
6
 73
3
 74
0
 40
0.0
 40
0.0
 40
0.0
 40
1.0
 40
1.0
 40
1.0
 10
31.1739013671875
 20
-27.59627758776402
 30
0.0
 10
31.4897216796875
 20
-27.59627758776402
 30
0.0
 10
31.654077148437498
 20
-27.659925048701524
 30
0.0
  0
SPLINE
  5
7DB
330
17
100
AcDbEntity
  8
dimensions
100
AcDbSpline
 70
0
 71
2
 72
6
 73
3
 74
0
 40
0.0
 40
0.0
 40
0.0
 40
1.0
 40
1.0
 40
1.0
 10
31.654077148437498
 20
-27.659925048701524
 30
0.0
 10
31.8184326171875
 20
-27.723572509639023
 30
0.0
 10
31.9167236328125
 20
-27.884705322139023
 30
0.0
  0
SPLINE
  5
7DC
330
17
100
AcDbEntity
  8
dimensions
100
AcDbSpline
 70
0
 71
2
 72
6
 73
3
 74
0
 40
0.0
 40
0.0
 40
0.0
 40
1.0
 40
1.0
 40
1.0
 10
31.9167236328125
 20
-27.884705322139023
 30
0.0
 10
32.0150146484375
 20
-28.045838134639023
 30
0.0
 10
32.0150146484375
 20
-28.24080883776402
 30
0.0
  0
SPLINE
  5
7DD
330
17
100
AcDbEntity
  8
dimensions
100
AcDbSpline
 70
0
 71
2
 72
6
 73
3
 74
0
 40
0.0
 40
0.0
 40
0.0
 40
1.0
 40
1.0
 40
1.0
 10
32.0150146484375
 20
-28.24080883776402
 30
0.0
 10
32.0150146484375
 20
-28.492176025264023
 30
0.0
 10
31.8522705078125
 20
-28.664588134639022
 30
0.0
  0
SPLINE
  5
7DE
330
17
100
AcDbEntity
  8
dimensions
100
AcDbSpline
 70
0
 71
2
 72
6
 73
3
 74
0
 40
0.0
 40
0.0
 40
0.0
 40
1.0
 40
1.0
 40
1.0
 10
31.8522705078125
 20
-28.664588134639022
 30
0.0
 10
31.6895263671875
 20
-28.83700024401402
 30
0.0
 10
31.3495361328125
 20
-28.883728759639023
 30
0.0
  0
SPLINE
  5
7DF
330
17
100
AcDbEntity
  8
dimensions
100
AcDbSpline
 70
0
 71
2
 72
6
 73
3
 74
0
 40
0.0
 40
0.0
 40
0.0
 40
1.0
 40
1.0
 40
1.0
 10
31.3495361328125
 20
-28.883728759639023
 30
0.0
 10
31.4736083984375
 20
-28.943347900264023
 30
0.0
 10
31.5380615234375
 20
-29.001355712764024
 30
0.0
  0
SPLINE
  5
7E0
330
17
100
AcDbEntity
  8
dimensions
100
AcDbSpline
 70
0
 71
2
 72
6
 73
3
 74
0
 40
0.0
 40
0.0
 40
0.0
 40
1.0
 40
1.0
 40
1.0
 10
31.5380615234375
 20
-29.001355712764024
 30
0.0
 10
31.6750244140625
 20
-29.12703930651402
 30
0.0
 10
31.7974853515625
 20
-29.315564697139024
 30
0.0
  0
LINE
  5
7E1
330
17
100
AcDbEntity
  8
dimensions
100
AcDbLine
 10
32.2083740234375
 20
-29.958484619014023
 30
0.0
 11
31.7974853515625
 21
-29.315564697139024
 31
0.0
  0
LINE
  5
7E2
330
17
100
AcDbEntity
  8
dimensions
100
AcDbLine
 10
31.815209960937498
 20
-29.958484619014023
 30
0.0
 11
32.2083740234375
 21
-29.958484619014023
 31
0.0
  0
LINE
  5
7E3
330
17
100
AcDbEntity
  8
dimensions
100
AcDbLine
 10
31.5026123046875
 20
-29.467029540889023
 30
0.0
 11
31.815209960937498
 21
-29.958484619014023
 31
0.0
  0
SPLINE
  5
7E4
330
17
100
AcDbEntity
  8
dimensions
100
AcDbSpline
 70
0
 71
2
 72
6
 73
3
 74
0
 40
0.0
 40
0.0
 40
0.0
 40
1.0
 40
1.0
 40
1.0
 10
31.5026123046875
 20
-29.467029540889023
 30
0.0
 10
31.3656494140625
 20
-29.254334228389023
 30
0.0
 10
31.2770263671875
 20
-29.141541259639023
 30
0.0
  0
SPLINE
  5
7E5
330
17
100
AcDbEntity
  8
dimensions
100
AcDbSpline
 70
0
 71
2
 72
6
 73
3
 74
0
 40
0.0
 40
0.0
 40
0.0
 40
1.0
 40
1.0
 40
1.0
 10
31.2770263671875
 20
-29.141541259639023
 30
0.0
 10
31.1884033203125
 20
-29.028748290889023
 30
0.0
 10
31.118310546874998
 20
-28.983631103389023
 30
0.0
  0
SPLINE
  5
7E6
330
17
100
AcDbEntity
  8
dimensions
100
AcDbSpline
 70
0
 71
2
 72
6
 73
3
 74
0
 40
0.0
 40
0.0
 40
0.0
 40
1.0
 40
1.0
 40
1.0
 10
31.118310546874998
 20
-28.983631103389023
 30
0.0
 10
31.0482177734375
 20
-28.938513915889022
 30
0.0
 10
30.9757080078125
 20
-28.920789306514024
 30
0.0
  0
SPLINE
  5
7E7
330
17
100
AcDbEntity
  8
dimensions
100
AcDbSpline
 70
0
 71
2
 72
6
 73
3
 74
0
 40
0.0
 40
0.0
 40
0.0
 40
1.0
 40
1.0
 40
1.0
 10
30.9757080078125
 20
-28.920789306514024
 30
0.0
 10
30.9225341796875
 20
-28.90951000963902
 30
0.0
 10
30.8016845703125
 20
-28.90951000963902
 30
0.0
  0
LINE
  5
7E8
330
17
100
AcDbEntity
  8
dimensions
100
AcDbLine
 10
30.4391357421875
 20
-28.90951000963902
 30
0.0
 11
30.8016845703125
 21
-28.90951000963902
 31
0.0
  0
LINE
  5
7E9
330
17
100
AcDbEntity
  8
dimensions
100
AcDbLine
 10
30.4391357421875
 20
-29.958484619014023
 30
0.0
 11
30.4391357421875
 21
-28.90951000963902
 31
0.0
  0
LINE
  5
7EA
330
17
100
AcDbEntity
  8
dimensions
100
AcDbLine
 10
30.4391357421875
 20
-28.638806884639024
 30
0.0
 11
30.4391357421875
 21
-27.857312744014024
 31
0.0
  0
LINE
  5
7EB
330
17
100
AcDbEntity
  8
dimensions
100
AcDbLine
 10
31.1110595703125
 20
-28.638806884639024
 30
0.0
 11
30.4391357421875
 21
-28.638806884639024
 31
0.0
  0
SPLINE
  5
7EC
330
17
100
AcDbEntity
  8
dimensions
100
AcDbSpline
 70
0
 71
2
 72
6
 73
3
 74
0
 40
0.0
 40
0.0
 40
0.0
 40
1.0
 40
1.0
 40
1.0
 10
31.1110595703125
 20
-28.638806884639024
 30
0.0
 10
31.3253662109375
 20
-28.638806884639024
 30
0.0
 10
31.4462158203125
 20
-28.594495361201524
 30
0.0
  0
SPLINE
  5
7ED
330
17
100
AcDbEntity
  8
dimensions
100
AcDbSpline
 70
0
 71
2
 72
6
 73
3
 74
0
 40
0.0
 40
0.0
 40
0.0
 40
1.0
 40
1.0
 40
1.0
 10
31.4462158203125
 20
-28.594495361201524
 30
0.0
 10
31.5670654296875
 20
-28.550183837764024
 30
0.0
 10
31.629907226562498
 20
-28.452698486201523
 30
0.0
  0
SPLINE
  5
7EE
330
17
100
AcDbEntity
  8
dimensions
100
AcDbSpline
 70
0
 71
2
 72
6
 73
3
 74
0
 40
0.0
 40
0.0
 40
0.0
 40
1.0
 40
1.0
 40
1.0
 10
31.629907226562498
 20
-28.452698486201523
 30
0.0
 10
31.6927490234375
 20
-28.355213134639023
 30
0.0
 10
31.6927490234375
 20
-28.24080883776402
 30
0.0
  0
SPLINE
  5
7EF
330
17
100
AcDbEntity
  8
dimensions
100
AcDbSpline
 70
0
 71
2
 72
6
 73
3
 74
0
 40
0.0
 40
0.0
 40
0.0
 40
1.0
 40
1.0
 40
1.0
 10
31.6927490234375
 20
-28.24080883776402
 30
0.0
 10
31.6927490234375
 20
-28.073230712764023
 30
0.0
 10
31.57109375
 20
-27.965271728389023
 30
0.0
  0
SPLINE
  5
7F0
330
17
100
AcDbEntity
  8
dimensions
100
AcDbSpline
 70
0
 71
2
 72
6
 73
3
 74
0
 40
0.0
 40
0.0
 40
0.0
 40
1.0
 40
1.0
 40
1.0
 10
31.57109375
 20
-27.965271728389023
 30
0.0
 10
31.4494384765625
 20
-27.857312744014024
 30
0.0
 10
31.186791992187498
 20
-27.857312744014024
 30
0.0
  0
LINE
  5
7F1
330
17
100
AcDbEntity
  8
dimensions
100
AcDbLine
 10
30.4391357421875
 20
-27.857312744014024
 30
0.0
 11
31.186791992187498
 21
-27.857312744014024
 31
0.0
  0
LINE
  5
7F2
330
17
100
AcDbEntity
  8
dimensions
100
AcDbLine
 10
32.5580322265625
 20
-29.958484619014023
 30
0.0
 11
32.8706298828125
 21
-29.958484619014023
 31
0.0
  0
LINE
  5
7F3
330
17
100
AcDbEntity
  8
dimensions
100
AcDbLine
 10
32.5580322265625
 20
-27.59627758776402
 30
0.0
 11
32.5580322265625
 21
-29.958484619014023
 31
0.0
  0
LINE
  5
7F4
330
17
100
AcDbEntity
  8
dimensions
100
AcDbLine
 10
32.8706298828125
 20
-27.59627758776402
 30
0.0
 11
32.5580322265625
 21
-27.59627758776402
 31
0.0
  0
LINE
  5
7F5
330
17
100
AcDbEntity
  8
dimensions
100
AcDbLine
 10
32.8706298828125
 20
-29.958484619014023
 30
0.0
 11
32.8706298828125
 21
-27.59627758776402
 31
0.0
  0
LINE
  5
7F6
330
17
100
AcDbEntity
  8
dimensions
100
AcDbLine
 10
34.5270751953125
 20
-29.031970947139023
 30
0.0
 11
35.2215576171875
 21
-29.031970947139023
 31
0.0
  0
LINE
  5
7F7
330
17
100
AcDbEntity
  8
dimensions
100
AcDbLine
 10
34.5270751953125
 20
-28.754822509639023
 30
0.0
 11
34.5270751953125
 21
-29.031970947139023
 31
0.0
  0
LINE
  5
7F8
330
17
100
AcDbEntity
  8
dimensions
100
AcDbLine
 10
35.5277099609375
 20
-28.753211181514022
 30
0.0
 11
34.5270751953125
 21
-28.754822509639023
 31
0.0
  0
LINE
  5
7F9
330
17
100
AcDbEntity
  8
dimensions
100
AcDbLine
 10
35.5277099609375
 20
-29.629773681514024
 30
0.0
 11
35.5277099609375
 21
-28.753211181514022
 31
0.0
  0
SPLINE
  5
7FA
330
17
100
AcDbEntity
  8
dimensions
100
AcDbSpline
 70
0
 71
2
 72
6
 73
3
 74
0
 40
0.0
 40
0.0
 40
0.0
 40
1.0
 40
1.0
 40
1.0
 10
35.5277099609375
 20
-29.629773681514024
 30
0.0
 10
35.2972900390625
 20
-29.813465087764023
 30
0.0
 10
35.0523681640625
 20
-29.906116454951523
 30
0.0
  0
SPLINE
  5
7FB
330
17
100
AcDbEntity
  8
dimensions
100
AcDbSpline
 70
0
 71
2
 72
6
 73
3
 74
0
 40
0.0
 40
0.0
 40
0.0
 40
1.0
 40
1.0
 40
1.0
 10
35.0523681640625
 20
-29.906116454951523
 30
0.0
 10
34.8074462890625
 20
-29.998767822139023
 30
0.0
 10
34.5496337890625
 20
-29.998767822139023
 30
0.0
  0
SPLINE
  5
7FC
330
17
100
AcDbEntity
  8
dimensions
100
AcDbSpline
 70
0
 71
2
 72
6
 73
3
 74
0
 40
0.0
 40
0.0
 40
0.0
 40
1.0
 40
1.0
 40
1.0
 10
34.5496337890625
 20
-29.998767822139023
 30
0.0
 10
34.2015869140625
 20
-29.998767822139023
 30
0.0
 10
33.9171875
 20
-29.849719970576523
 30
0.0
  0
SPLINE
  5
7FD
330
17
100
AcDbEntity
  8
dimensions
100
AcDbSpline
 70
0
 71
2
 72
6
 73
3
 74
0
 40
0.0
 40
0.0
 40
0.0
 40
1.0
 40
1.0
 40
1.0
 10
33.9171875
 20
-29.849719970576523
 30
0.0
 10
33.6327880859375
 20
-29.700672119014023
 30
0.0
 10
33.4877685546875
 20
-29.418689697139023
 30
0.0
  0
SPLINE
  5
7FE
330
17
100
AcDbEntity
  8
dimensions
100
AcDbSpline
 70
0
 71
2
 72
6
 73
3
 74
0
 40
0.0
 40
0.0
 40
0.0
 40
1.0
 40
1.0
 40
1.0
 10
33.4877685546875
 20
-29.418689697139023
 30
0.0
 10
33.3427490234375
 20
-29.136707275264023
 30
0.0
 10
33.3427490234375
 20
-28.78866040026402
 30
0.0
  0
SPLINE
  5
7FF
330
17
100
AcDbEntity
  8
dimensions
100
AcDbSpline
 70
0
 71
2
 72
6
 73
3
 74
0
 40
0.0
 40
0.0
 40
0.0
 40
1.0
 40
1.0
 40
1.0
 10
33.3427490234375
 20
-28.78866040026402
 30
0.0
 10
33.3427490234375
 20
-28.443836181514023
 30
0.0
 10
33.486962890625
 20
-28.144934814326522
 30
0.0
  0
SPLINE
  5
800
330
17
100
AcDbEntity
  8
dimensions
100
AcDbSpline
 70
0
 71
2
 72
6
 73
3
 74
0
 40
0.0
 40
0.0
 40
0.0
 40
1.0
 40
1.0
 40
1.0
 10
33.486962890625
 20
-28.144934814326522
 30
0.0
 10
33.6311767578125
 20
-27.84603344713902
 30
0.0
 10
33.9018798828125
 20
-27.70101391588902
 30
0.0
  0
SPLINE
  5
801
330
17
100
AcDbEntity
  8
dimensions
100
AcDbSpline
 70
0
 71
2
 72
6
 73
3
 74
0
 40
0.0
 40
0.0
 40
0.0
 40
1.0
 40
1.0
 40
1.0
 10
33.9018798828125
 20
-27.70101391588902
 30
0.0
 10
34.1725830078125
 20
-27.55599438463902
 30
0.0
 10
34.5254638671875
 20
-27.55599438463902
 30
0.0
  0
SPLINE
  5
802
330
17
100
AcDbEntity
  8
dimensions
100
AcDbSpline
 70
0
 71
2
 72
6
 73
3
 74
0
 40
0.0
 40
0.0
 40
0.0
 40
1.0
 40
1.0
 40
1.0
 10
34.5254638671875
 20
-27.55599438463902
 30
0.0
 10
34.7816650390625
 20
-27.55599438463902
 30
0.0
 10
34.988720703125
 20
-27.638977783076523
 30
0.0
  0
SPLINE
  5
803
330
17
100
AcDbEntity
  8
dimensions
100
AcDbSpline
 70
0
 71
2
 72
6
 73
3
 74
0
 40
0.0
 40
0.0
 40
0.0
 40
1.0
 40
1.0
 40
1.0
 10
34.988720703125
 20
-27.638977783076523
 30
0.0
 10
35.1957763671875
 20
-27.721961181514022
 30
0.0
 10
35.3134033203125
 20
-27.87020336901402
 30
0.0
  0
SPLINE
  5
804
330
17
100
AcDbEntity
  8
dimensions
100
AcDbSpline
 70
0
 71
2
 72
6
 73
3
 74
0
 40
0.0
 40
0.0
 40
0.0
 40
1.0
 40
1.0
 40
1.0
 10
35.3134033203125
 20
-27.87020336901402
 30
0.0
 10
35.4310302734375
 20
-28.018445556514024
 30
0.0
 10
35.4922607421875
 20
-28.25692211901402
 30
0.0
  0
LINE
  5
805
330
17
100
AcDbEntity
  8
dimensions
100
AcDbLine
 10
35.2102783203125
 20
-28.334265869014022
 30
0.0
 11
35.4922607421875
 21
-28.25692211901402
 31
0.0
  0
SPLINE
  5
806
330
17
100
AcDbEntity
  8
dimensions
100
AcDbSpline
 70
0
 71
2
 72
6
 73
3
 74
0
 40
0.0
 40
0.0
 40
0.0
 40
1.0
 40
1.0
 40
1.0
 10
35.2102783203125
 20
-28.334265869014022
 30
0.0
 10
35.1571044921875
 20
-28.153797119014023
 30
0.0
 10
35.0781494140625
 20
-28.050672119014024
 30
0.0
  0
SPLINE
  5
807
330
17
100
AcDbEntity
  8
dimensions
100
AcDbSpline
 70
0
 71
2
 72
6
 73
3
 74
0
 40
0.0
 40
0.0
 40
0.0
 40
1.0
 40
1.0
 40
1.0
 10
35.0781494140625
 20
-28.050672119014024
 30
0.0
 10
34.9991943359375
 20
-27.947547119014022
 30
0.0
 10
34.8525634765625
 20
-27.885510986201524
 30
0.0
  0
SPLINE
  5
808
330
17
100
AcDbEntity
  8
dimensions
100
AcDbSpline
 70
0
 71
2
 72
6
 73
3
 74
0
 40
0.0
 40
0.0
 40
0.0
 40
1.0
 40
1.0
 40
1.0
 10
34.8525634765625
 20
-27.885510986201524
 30
0.0
 10
34.7059326171875
 20
-27.823474853389023
 30
0.0
 10
34.5270751953125
 20
-27.823474853389023
 30
0.0
  0
SPLINE
  5
809
330
17
100
AcDbEntity
  8
dimensions
100
AcDbSpline
 70
0
 71
2
 72
6
 73
3
 74
0
 40
0.0
 40
0.0
 40
0.0
 40
1.0
 40
1.0
 40
1.0
 10
34.5270751953125
 20
-27.823474853389023
 30
0.0
 10
34.3127685546875
 20
-27.823474853389023
 30
0.0
 10
34.1564697265625
 20
-27.888733642451523
 30
0.0
  0
SPLINE
  5
80A
330
17
100
AcDbEntity
  8
dimensions
100
AcDbSpline
 70
0
 71
2
 72
6
 73
3
 74
0
 40
0.0
 40
0.0
 40
0.0
 40
1.0
 40
1.0
 40
1.0
 10
34.1564697265625
 20
-27.888733642451523
 30
0.0
 10
34.0001708984375
 20
-27.953992431514024
 30
0.0
 10
33.904296875
 20
-28.060340087764022
 30
0.0
  0
SPLINE
  5
80B
330
17
100
AcDbEntity
  8
dimensions
100
AcDbSpline
 70
0
 71
2
 72
6
 73
3
 74
0
 40
0.0
 40
0.0
 40
0.0
 40
1.0
 40
1.0
 40
1.0
 10
33.904296875
 20
-28.060340087764022
 30
0.0
 10
33.8084228515625
 20
-28.166687744014023
 30
0.0
 10
33.7552490234375
 20
-28.293982665889022
 30
0.0
  0
SPLINE
  5
80C
330
17
100
AcDbEntity
  8
dimensions
100
AcDbSpline
 70
0
 71
2
 72
6
 73
3
 74
0
 40
0.0
 40
0.0
 40
0.0
 40
1.0
 40
1.0
 40
1.0
 10
33.7552490234375
 20
-28.293982665889022
 30
0.0
 10
33.6650146484375
 20
-28.513123290889023
 30
0.0
 10
33.6650146484375
 20
-28.769324462764022
 30
0.0
  0
SPLINE
  5
80D
330
17
100
AcDbEntity
  8
dimensions
100
AcDbSpline
 70
0
 71
2
 72
6
 73
3
 74
0
 40
0.0
 40
0.0
 40
0.0
 40
1.0
 40
1.0
 40
1.0
 10
33.6650146484375
 20
-28.769324462764022
 30
0.0
 10
33.6650146484375
 20
-29.085144775264023
 30
0.0
 10
33.773779296875
 20
-29.297840087764023
 30
0.0
  0
SPLINE
  5
80E
330
17
100
AcDbEntity
  8
dimensions
100
AcDbSpline
 70
0
 71
2
 72
6
 73
3
 74
0
 40
0.0
 40
0.0
 40
0.0
 40
1.0
 40
1.0
 40
1.0
 10
33.773779296875
 20
-29.297840087764023
 30
0.0
 10
33.8825439453125
 20
-29.510535400264022
 30
0.0
 10
34.0904052734375
 20
-29.613660400264024
 30
0.0
  0
SPLINE
  5
80F
330
17
100
AcDbEntity
  8
dimensions
100
AcDbSpline
 70
0
 71
2
 72
6
 73
3
 74
0
 40
0.0
 40
0.0
 40
0.0
 40
1.0
 40
1.0
 40
1.0
 10
34.0904052734375
 20
-29.613660400264024
 30
0.0
 10
34.2982666015625
 20
-29.716785400264023
 30
0.0
 10
34.5319091796875
 20
-29.716785400264023
 30
0.0
  0
SPLINE
  5
810
330
17
100
AcDbEntity
  8
dimensions
100
AcDbSpline
 70
0
 71
2
 72
6
 73
3
 74
0
 40
0.0
 40
0.0
 40
0.0
 40
1.0
 40
1.0
 40
1.0
 10
34.5319091796875
 20
-29.716785400264023
 30
0.0
 10
34.7349365234375
 20
-29.716785400264023
 30
0.0
 10
34.9282958984375
 20
-29.63863598620152
 30
0.0
  0
SPLINE
  5
811
330
17
100
AcDbEntity
  8
dimensions
100
AcDbSpline
 70
0
 71
2
 72
6
 73
3
 74
0
 40
0.0
 40
0.0
 40
0.0
 40
1.0
 40
1.0
 40
1.0
 10
34.9282958984375
 20
-29.63863598620152
 30
0.0
 10
35.1216552734375
 20
-29.560486572139023
 30
0.0
 10
35.2215576171875
 20
-29.471863525264023
 30
0.0
  0
LINE
  5
812
330
17
100
AcDbEntity
  8
dimensions
100
AcDbLine
 10
35.2215576171875
 20
-29.031970947139023
 30
0.0
 11
35.2215576171875
 21
-29.471863525264023
 31
0.0
  0
LINE
  5
813
330
17
100
AcDbEntity
  8
dimensions
100
AcDbLine
 10
35.998217773437496
 20
-29.958484619014023
 30
0.0
 11
36.310815429687494
 21
-29.958484619014023
 31
0.0
  0
LINE
  5
814
330
17
100
AcDbEntity
  8
dimensions
100
AcDbLine
 10
35.998217773437496
 20
-27.59627758776402
 30
0.0
 11
35.998217773437496
 21
-29.958484619014023
 31
0.0
  0
LINE
  5
815
330
17
100
AcDbEntity
  8
dimensions
100
AcDbLine
 10
36.310815429687494
 20
-27.59627758776402
 30
0.0
 11
35.998217773437496
 21
-27.59627758776402
 31
0.0
  0
LINE
  5
816
330
17
100
AcDbEntity
  8
dimensions
100
AcDbLine
 10
36.310815429687494
 20
-28.566297119014024
 30
0.0
 11
36.310815429687494
 21
-27.59627758776402
 31
0.0
  0
LINE
  5
817
330
17
100
AcDbEntity
  8
dimensions
100
AcDbLine
 10
37.5386474609375
 20
-28.566297119014024
 30
0.0
 11
36.310815429687494
 21
-28.566297119014024
 31
0.0
  0
LINE
  5
818
330
17
100
AcDbEntity
  8
dimensions
100
AcDbLine
 10
37.5386474609375
 20
-27.59627758776402
 30
0.0
 11
37.5386474609375
 21
-28.566297119014024
 31
0.0
  0
LINE
  5
819
330
17
100
AcDbEntity
  8
dimensions
100
AcDbLine
 10
37.851245117187496
 20
-27.59627758776402
 30
0.0
 11
37.5386474609375
 21
-27.59627758776402
 31
0.0
  0
LINE
  5
81A
330
17
100
AcDbEntity
  8
dimensions
100
AcDbLine
 10
37.851245117187496
 20
-29.958484619014023
 30
0.0
 11
37.851245117187496
 21
-27.59627758776402
 31
0.0
  0
LINE
  5
81B
330
17
100
AcDbEntity
  8
dimensions
100
AcDbLine
 10
37.5386474609375
 20
-29.958484619014023
 30
0.0
 11
37.851245117187496
 21
-29.958484619014023
 31
0.0
  0
LINE
  5
81C
330
17
100
AcDbEntity
  8
dimensions
100
AcDbLine
 10
37.5386474609375
 20
-28.84505688463902
 30
0.0
 11
37.5386474609375
 21
-29.958484619014023
 31
0.0
  0
LINE
  5
81D
330
17
100
AcDbEntity
  8
dimensions
100
AcDbLine
 10
36.310815429687494
 20
-28.84505688463902
 30
0.0
 11
37.5386474609375
 21
-28.84505688463902
 31
0.0
  0
LINE
  5
81E
330
17
100
AcDbEntity
  8
dimensions
100
AcDbLine
 10
36.310815429687494
 20
-29.958484619014023
 30
0.0
 11
36.310815429687494
 21
-28.84505688463902
 31
0.0
  0
LINE
  5
81F
330
17
100
AcDbEntity
  8
dimensions
100
AcDbLine
 10
38.972729492187504
 20
-29.958484619014023
 30
0.0
 11
39.2853271484375
 21
-29.958484619014023
 31
0.0
  0
LINE
  5
820
330
17
100
AcDbEntity
  8
dimensions
100
AcDbLine
 10
38.972729492187504
 20
-27.875037353389022
 30
0.0
 11
38.972729492187504
 21
-29.958484619014023
 31
0.0
  0
LINE
  5
821
330
17
100
AcDbEntity
  8
dimensions
100
AcDbLine
 10
38.1944580078125
 20
-27.875037353389022
 30
0.0
 11
38.972729492187504
 21
-27.875037353389022
 31
0.0
  0
LINE
  5
822
330
17
100
AcDbEntity
  8
dimensions
100
AcDbLine
 10
38.1944580078125
 20
-27.59627758776402
 30
0.0
 11
38.1944580078125
 21
-27.875037353389022
 31
0.0
  0
LINE
  5
823
330
17
100
AcDbEntity
  8
dimensions
100
AcDbLine
 10
40.0668212890625
 20
-27.59627758776402
 30
0.0
 11
38.1944580078125
 21
-27.59627758776402
 31
0.0
  0
LINE
  5
824
330
17
100
AcDbEntity
  8
dimensions
100
AcDbLine
 10
40.0668212890625
 20
-27.875037353389022
 30
0.0
 11
40.0668212890625
 21
-27.59627758776402
 31
0.0
  0
LINE
  5
825
330
17
100
AcDbEntity
  8
dimensions
100
AcDbLine
 10
39.2853271484375
 20
-27.875037353389022
 30
0.0
 11
40.0668212890625
 21
-27.875037353389022
 31
0.0
  0
LINE
  5
826
330
17
100
AcDbEntity
  8
dimensions
100
AcDbLine
 10
39.2853271484375
 20
-29.958484619014023
 30
0.0
 11
39.2853271484375
 21
-27.875037353389022
 31
0.0
  0
LINE
  5
827
330
17
100
AcDbEntity
  8
dimensions
100
AcDbLine
 10
98.14091796874999
 20
38.53897795252506
 30
0.0
 11
98.453515625
 21
38.53897795252506
 31
0.0
  0
LINE
  5
828
330
17
100
AcDbEntity
  8
dimensions
100
AcDbLine
 10
98.14091796874999
 20
40.90118498377506
 30
0.0
 11
98.14091796874999
 21
38.53897795252506
 31
0.0
  0
LINE
  5
829
330
17
100
AcDbEntity
  8
dimensions
100
AcDbLine
 10
98.453515625
 20
40.90118498377506
 30
0.0
 11
98.14091796874999
 21
40.90118498377506
 31
0.0
  0
LINE
  5
82A
330
17
100
AcDbEntity
  8
dimensions
100
AcDbLine
 10
98.453515625
 20
38.53897795252506
 30
0.0
 11
98.453515625
 21
40.90118498377506
 31
0.0
  0
LINE
  5
82B
330
17
100
AcDbEntity
  8
dimensions
100
AcDbLine
 10
99.193115234375
 20
39.32369474940006
 30
0.0
 11
98.8982421875
 21
39.29791349940006
 31
0.0
  0
SPLINE
  5
82C
330
17
100
AcDbEntity
  8
dimensions
100
AcDbSpline
 70
0
 71
2
 72
6
 73
3
 74
0
 40
0.0
 40
0.0
 40
0.0
 40
1.0
 40
1.0
 40
1.0
 10
99.193115234375
 20
39.32369474940006
 30
0.0
 10
99.2140625
 20
39.14644865565006
 30
0.0
 10
99.2906005859375
 20
39.03285002283756
 30
0.0
  0
SPLINE
  5
82D
330
17
100
AcDbEntity
  8
dimensions
100
AcDbSpline
 70
0
 71
2
 72
6
 73
3
 74
0
 40
0.0
 40
0.0
 40
0.0
 40
1.0
 40
1.0
 40
1.0
 10
99.2906005859375
 20
39.03285002283756
 30
0.0
 10
99.367138671875
 20
38.91925139002506
 30
0.0
 10
99.528271484375
 20
38.84915861658756
 30
0.0
  0
SPLINE
  5
82E
330
17
100
AcDbEntity
  8
dimensions
100
AcDbSpline
 70
0
 71
2
 72
6
 73
3
 74
0
 40
0.0
 40
0.0
 40
0.0
 40
1.0
 40
1.0
 40
1.0
 10
99.528271484375
 20
38.84915861658756
 30
0.0
 10
99.689404296875
 20
38.77906584315006
 30
0.0
 10
99.8908203125
 20
38.77906584315006
 30
0.0
  0
SPLINE
  5
82F
330
17
100
AcDbEntity
  8
dimensions
100
AcDbSpline
 70
0
 71
2
 72
6
 73
3
 74
0
 40
0.0
 40
0.0
 40
0.0
 40
1.0
 40
1.0
 40
1.0
 10
99.8908203125
 20
38.77906584315006
 30
0.0
 10
100.069677734375
 20
38.77906584315006
 30
0.0
 10
100.206640625
 20
38.83223967127506
 30
0.0
  0
SPLINE
  5
830
330
17
100
AcDbEntity
  8
dimensions
100
AcDbSpline
 70
0
 71
2
 72
6
 73
3
 74
0
 40
0.0
 40
0.0
 40
0.0
 40
1.0
 40
1.0
 40
1.0
 10
100.206640625
 20
38.83223967127506
 30
0.0
 10
100.343603515625
 20
38.88541349940006
 30
0.0
 10
100.4104736328125
 20
38.97806486658756
 30
0.0
  0
SPLINE
  5
831
330
17
100
AcDbEntity
  8
dimensions
100
AcDbSpline
 70
0
 71
2
 72
6
 73
3
 74
0
 40
0.0
 40
0.0
 40
0.0
 40
1.0
 40
1.0
 40
1.0
 10
100.4104736328125
 20
38.97806486658756
 30
0.0
 10
100.47734375
 20
39.07071623377506
 30
0.0
 10
100.47734375
 20
39.180286546275056
 30
0.0
  0
SPLINE
  5
832
330
17
100
AcDbEntity
  8
dimensions
100
AcDbSpline
 70
0
 71
2
 72
6
 73
3
 74
0
 40
0.0
 40
0.0
 40
0.0
 40
1.0
 40
1.0
 40
1.0
 10
100.47734375
 20
39.180286546275056
 30
0.0
 10
100.47734375
 20
39.29146818690006
 30
0.0
 10
100.412890625
 20
39.37445158533756
 30
0.0
  0
SPLINE
  5
833
330
17
100
AcDbEntity
  8
dimensions
100
AcDbSpline
 70
0
 71
2
 72
6
 73
3
 74
0
 40
0.0
 40
0.0
 40
0.0
 40
1.0
 40
1.0
 40
1.0
 10
100.412890625
 20
39.37445158533756
 30
0.0
 10
100.3484375
 20
39.45743498377506
 30
0.0
 10
100.2001953125
 20
39.51383146815006
 30
0.0
  0
SPLINE
  5
834
330
17
100
AcDbEntity
  8
dimensions
100
AcDbSpline
 70
0
 71
2
 72
6
 73
3
 74
0
 40
0.0
 40
0.0
 40
0.0
 40
1.0
 40
1.0
 40
1.0
 10
100.2001953125
 20
39.51383146815006
 30
0.0
 10
100.105126953125
 20
39.550892015025056
 30
0.0
 10
99.779638671875
 20
39.62904142908756
 30
0.0
  0
SPLINE
  5
835
330
17
100
AcDbEntity
  8
dimensions
100
AcDbSpline
 70
0
 71
2
 72
6
 73
3
 74
0
 40
0.0
 40
0.0
 40
0.0
 40
1.0
 40
1.0
 40
1.0
 10
99.779638671875
 20
39.62904142908756
 30
0.0
 10
99.454150390625
 20
39.70719084315006
 30
0.0
 10
99.3236328125
 20
39.776477952525056
 30
0.0
  0
SPLINE
  5
836
330
17
100
AcDbEntity
  8
dimensions
100
AcDbSpline
 70
0
 71
2
 72
6
 73
3
 74
0
 40
0.0
 40
0.0
 40
0.0
 40
1.0
 40
1.0
 40
1.0
 10
99.3236328125
 20
39.776477952525056
 30
0.0
 10
99.154443359375
 20
39.865100999400056
 30
0.0
 10
99.0714599609375
 20
39.99642424158756
 30
0.0
  0
SPLINE
  5
837
330
17
100
AcDbEntity
  8
dimensions
100
AcDbSpline
 70
0
 71
2
 72
6
 73
3
 74
0
 40
0.0
 40
0.0
 40
0.0
 40
1.0
 40
1.0
 40
1.0
 10
99.0714599609375
 20
39.99642424158756
 30
0.0
 10
98.9884765625
 20
40.12774748377506
 30
0.0
 10
98.9884765625
 20
40.29049162440006
 30
0.0
  0
SPLINE
  5
838
330
17
100
AcDbEntity
  8
dimensions
100
AcDbSpline
 70
0
 71
2
 72
6
 73
3
 74
0
 40
0.0
 40
0.0
 40
0.0
 40
1.0
 40
1.0
 40
1.0
 10
98.9884765625
 20
40.29049162440006
 30
0.0
 10
98.9884765625
 20
40.469349046275056
 30
0.0
 10
99.089990234375
 20
40.62484221033756
 30
0.0
  0
SPLINE
  5
839
330
17
100
AcDbEntity
  8
dimensions
100
AcDbSpline
 70
0
 71
2
 72
6
 73
3
 74
0
 40
0.0
 40
0.0
 40
0.0
 40
1.0
 40
1.0
 40
1.0
 10
99.089990234375
 20
40.62484221033756
 30
0.0
 10
99.19150390625
 20
40.78033537440006
 30
0.0
 10
99.386474609375
 20
40.86090178065006
 30
0.0
  0
SPLINE
  5
83A
330
17
100
AcDbEntity
  8
dimensions
100
AcDbSpline
 70
0
 71
2
 72
6
 73
3
 74
0
 40
0.0
 40
0.0
 40
0.0
 40
1.0
 40
1.0
 40
1.0
 10
99.386474609375
 20
40.86090178065006
 30
0.0
 10
99.5814453125
 20
40.94146818690006
 30
0.0
 10
99.819921875
 20
40.94146818690006
 30
0.0
  0
SPLINE
  5
83B
330
17
100
AcDbEntity
  8
dimensions
100
AcDbSpline
 70
0
 71
2
 72
6
 73
3
 74
0
 40
0.0
 40
0.0
 40
0.0
 40
1.0
 40
1.0
 40
1.0
 10
99.819921875
 20
40.94146818690006
 30
0.0
 10
100.082568359375
 20
40.94146818690006
 30
0.0
 10
100.2831787109375
 20
40.85687346033756
 30
0.0
  0
SPLINE
  5
83C
330
17
100
AcDbEntity
  8
dimensions
100
AcDbSpline
 70
0
 71
2
 72
6
 73
3
 74
0
 40
0.0
 40
0.0
 40
0.0
 40
1.0
 40
1.0
 40
1.0
 10
100.2831787109375
 20
40.85687346033756
 30
0.0
 10
100.4837890625
 20
40.77227873377506
 30
0.0
 10
100.591748046875
 20
40.60792326502506
 30
0.0
  0
SPLINE
  5
83D
330
17
100
AcDbEntity
  8
dimensions
100
AcDbSpline
 70
0
 71
2
 72
6
 73
3
 74
0
 40
0.0
 40
0.0
 40
0.0
 40
1.0
 40
1.0
 40
1.0
 10
100.591748046875
 20
40.60792326502506
 30
0.0
 10
100.69970703125
 20
40.44356779627506
 30
0.0
 10
100.707763671875
 20
40.235706468150056
 30
0.0
  0
LINE
  5
83E
330
17
100
AcDbEntity
  8
dimensions
100
AcDbLine
 10
100.408056640625
 20
40.21314787440006
 30
0.0
 11
100.707763671875
 21
40.235706468150056
 31
0.0
  0
SPLINE
  5
83F
330
17
100
AcDbEntity
  8
dimensions
100
AcDbSpline
 70
0
 71
2
 72
6
 73
3
 74
0
 40
0.0
 40
0.0
 40
0.0
 40
1.0
 40
1.0
 40
1.0
 10
100.408056640625
 20
40.21314787440006
 30
0.0
 10
100.38388671875
 20
40.437122483775056
 30
0.0
 10
100.2445068359375
 20
40.55152678065006
 30
0.0
  0
SPLINE
  5
840
330
17
100
AcDbEntity
  8
dimensions
100
AcDbSpline
 70
0
 71
2
 72
6
 73
3
 74
0
 40
0.0
 40
0.0
 40
0.0
 40
1.0
 40
1.0
 40
1.0
 10
100.2445068359375
 20
40.55152678065006
 30
0.0
 10
100.105126953125
 20
40.66593107752506
 30
0.0
 10
99.8328125
 20
40.66593107752506
 30
0.0
  0
SPLINE
  5
841
330
17
100
AcDbEntity
  8
dimensions
100
AcDbSpline
 70
0
 71
2
 72
6
 73
3
 74
0
 40
0.0
 40
0.0
 40
0.0
 40
1.0
 40
1.0
 40
1.0
 10
99.8328125
 20
40.66593107752506
 30
0.0
 10
99.54921875
 20
40.66593107752506
 30
0.0
 10
99.4195068359375
 20
40.562000413462556
 30
0.0
  0
SPLINE
  5
842
330
17
100
AcDbEntity
  8
dimensions
100
AcDbSpline
 70
0
 71
2
 72
6
 73
3
 74
0
 40
0.0
 40
0.0
 40
0.0
 40
1.0
 40
1.0
 40
1.0
 10
99.4195068359375
 20
40.562000413462556
 30
0.0
 10
99.289794921875
 20
40.45806974940006
 30
0.0
 10
99.289794921875
 20
40.31143889002506
 30
0.0
  0
SPLINE
  5
843
330
17
100
AcDbEntity
  8
dimensions
100
AcDbSpline
 70
0
 71
2
 72
6
 73
3
 74
0
 40
0.0
 40
0.0
 40
0.0
 40
1.0
 40
1.0
 40
1.0
 10
99.289794921875
 20
40.31143889002506
 30
0.0
 10
99.289794921875
 20
40.18414396815006
 30
0.0
 10
99.381640625
 20
40.10196623377506
 30
0.0
  0
SPLINE
  5
844
330
17
100
AcDbEntity
  8
dimensions
100
AcDbSpline
 70
0
 71
2
 72
6
 73
3
 74
0
 40
0.0
 40
0.0
 40
0.0
 40
1.0
 40
1.0
 40
1.0
 10
99.381640625
 20
40.10196623377506
 30
0.0
 10
99.471875
 20
40.01978849940006
 30
0.0
 10
99.8529541015625
 20
39.933582444712556
 30
0.0
  0
SPLINE
  5
845
330
17
100
AcDbEntity
  8
dimensions
100
AcDbSpline
 70
0
 71
2
 72
6
 73
3
 74
0
 40
0.0
 40
0.0
 40
0.0
 40
1.0
 40
1.0
 40
1.0
 10
99.8529541015625
 20
39.933582444712556
 30
0.0
 10
100.234033203125
 20
39.84737639002506
 30
0.0
 10
100.375830078125
 20
39.78292326502506
 30
0.0
  0
SPLINE
  5
846
330
17
100
AcDbEntity
  8
dimensions
100
AcDbSpline
 70
0
 71
2
 72
6
 73
3
 74
0
 40
0.0
 40
0.0
 40
0.0
 40
1.0
 40
1.0
 40
1.0
 10
100.375830078125
 20
39.78292326502506
 30
0.0
 10
100.582080078125
 20
39.687854905650056
 30
0.0
 10
100.68037109375
 20
39.54202971033756
 30
0.0
  0
SPLINE
  5
847
330
17
100
AcDbEntity
  8
dimensions
100
AcDbSpline
 70
0
 71
2
 72
6
 73
3
 74
0
 40
0.0
 40
0.0
 40
0.0
 40
1.0
 40
1.0
 40
1.0
 10
100.68037109375
 20
39.54202971033756
 30
0.0
 10
100.778662109375
 20
39.39620451502506
 30
0.0
 10
100.778662109375
 20
39.20606779627506
 30
0.0
  0
SPLINE
  5
848
330
17
100
AcDbEntity
  8
dimensions
100
AcDbSpline
 70
0
 71
2
 72
6
 73
3
 74
0
 40
0.0
 40
0.0
 40
0.0
 40
1.0
 40
1.0
 40
1.0
 10
100.778662109375
 20
39.20606779627506
 30
0.0
 10
100.778662109375
 20
39.01754240565006
 30
0.0
 10
100.670703125
 20
38.85076994471256
 30
0.0
  0
SPLINE
  5
849
330
17
100
AcDbEntity
  8
dimensions
100
AcDbSpline
 70
0
 71
2
 72
6
 73
3
 74
0
 40
0.0
 40
0.0
 40
0.0
 40
1.0
 40
1.0
 40
1.0
 10
100.670703125
 20
38.85076994471256
 30
0.0
 10
100.562744140625
 20
38.68399748377506
 30
0.0
 10
100.3605224609375
 20
38.59134611658756
 30
0.0
  0
SPLINE
  5
84A
330
17
100
AcDbEntity
  8
dimensions
100
AcDbSpline
 70
0
 71
2
 72
6
 73
3
 74
0
 40
0.0
 40
0.0
 40
0.0
 40
1.0
 40
1.0
 40
1.0
 10
100.3605224609375
 20
38.59134611658756
 30
0.0
 10
100.15830078125
 20
38.49869474940006
 30
0.0
 10
99.905322265625
 20
38.49869474940006
 30
0.0
  0
SPLINE
  5
84B
330
17
100
AcDbEntity
  8
dimensions
100
AcDbSpline
 70
0
 71
2
 72
6
 73
3
 74
0
 40
0.0
 40
0.0
 40
0.0
 40
1.0
 40
1.0
 40
1.0
 10
99.905322265625
 20
38.49869474940006
 30
0.0
 10
99.58466796875
 20
38.49869474940006
 30
0.0
 10
99.3679443359375
 20
38.592151780650056
 30
0.0
  0
SPLINE
  5
84C
330
17
100
AcDbEntity
  8
dimensions
100
AcDbSpline
 70
0
 71
2
 72
6
 73
3
 74
0
 40
0.0
 40
0.0
 40
0.0
 40
1.0
 40
1.0
 40
1.0
 10
99.3679443359375
 20
38.592151780650056
 30
0.0
 10
99.151220703125
 20
38.68560881190006
 30
0.0
 10
99.0279541015625
 20
38.87332853846256
 30
0.0
  0
SPLINE
  5
84D
330
17
100
AcDbEntity
  8
dimensions
100
AcDbSpline
 70
0
 71
2
 72
6
 73
3
 74
0
 40
0.0
 40
0.0
 40
0.0
 40
1.0
 40
1.0
 40
1.0
 10
99.0279541015625
 20
38.87332853846256
 30
0.0
 10
98.9046875
 20
39.06104826502506
 30
0.0
 10
98.8982421875
 20
39.29791349940006
 30
0.0
  0
SPLINE
  5
84E
330
17
100
AcDbEntity
  8
dimensions
100
AcDbSpline
 70
0
 71
2
 72
6
 73
3
 74
0
 40
0.0
 40
0.0
 40
0.0
 40
1.0
 40
1.0
 40
1.0
 10
101.110595703125
 20
39.68946623377506
 30
0.0
 10
101.110595703125
 20
40.27760099940006
 30
0.0
 10
101.426416015625
 20
40.610340257212556
 30
0.0
  0
SPLINE
  5
84F
330
17
100
AcDbEntity
  8
dimensions
100
AcDbSpline
 70
0
 71
2
 72
6
 73
3
 74
0
 40
0.0
 40
0.0
 40
0.0
 40
1.0
 40
1.0
 40
1.0
 10
101.426416015625
 20
40.610340257212556
 30
0.0
 10
101.74223632812499
 20
40.94307951502506
 30
0.0
 10
102.24174804687499
 20
40.94307951502506
 30
0.0
  0
SPLINE
  5
850
330
17
100
AcDbEntity
  8
dimensions
100
AcDbSpline
 70
0
 71
2
 72
6
 73
3
 74
0
 40
0.0
 40
0.0
 40
0.0
 40
1.0
 40
1.0
 40
1.0
 10
102.24174804687499
 20
40.94307951502506
 30
0.0
 10
102.56884765625
 20
40.94307951502506
 30
0.0
 10
102.831494140625
 20
40.78678068690006
 30
0.0
  0
SPLINE
  5
851
330
17
100
AcDbEntity
  8
dimensions
100
AcDbSpline
 70
0
 71
2
 72
6
 73
3
 74
0
 40
0.0
 40
0.0
 40
0.0
 40
1.0
 40
1.0
 40
1.0
 10
102.831494140625
 20
40.78678068690006
 30
0.0
 10
103.094140625
 20
40.630481858775056
 30
0.0
 10
103.23190917968749
 20
40.35091642908756
 30
0.0
  0
SPLINE
  5
852
330
17
100
AcDbEntity
  8
dimensions
100
AcDbSpline
 70
0
 71
2
 72
6
 73
3
 74
0
 40
0.0
 40
0.0
 40
0.0
 40
1.0
 40
1.0
 40
1.0
 10
103.23190917968749
 20
40.35091642908756
 30
0.0
 10
103.36967773437499
 20
40.07135099940006
 30
0.0
 10
103.36967773437499
 20
39.71685881190006
 30
0.0
  0
SPLINE
  5
853
330
17
100
AcDbEntity
  8
dimensions
100
AcDbSpline
 70
0
 71
2
 72
6
 73
3
 74
0
 40
0.0
 40
0.0
 40
0.0
 40
1.0
 40
1.0
 40
1.0
 10
103.36967773437499
 20
39.71685881190006
 30
0.0
 10
103.36967773437499
 20
39.357532640025056
 30
0.0
 10
103.22465820312499
 20
39.07393889002506
 30
0.0
  0
SPLINE
  5
854
330
17
100
AcDbEntity
  8
dimensions
100
AcDbSpline
 70
0
 71
2
 72
6
 73
3
 74
0
 40
0.0
 40
0.0
 40
0.0
 40
1.0
 40
1.0
 40
1.0
 10
103.22465820312499
 20
39.07393889002506
 30
0.0
 10
103.07963867187499
 20
38.79034514002506
 30
0.0
 10
102.81376953124999
 20
38.644519944712556
 30
0.0
  0
SPLINE
  5
855
330
17
100
AcDbEntity
  8
dimensions
100
AcDbSpline
 70
0
 71
2
 72
6
 73
3
 74
0
 40
0.0
 40
0.0
 40
0.0
 40
1.0
 40
1.0
 40
1.0
 10
102.81376953124999
 20
38.644519944712556
 30
0.0
 10
102.54790039062499
 20
38.49869474940006
 30
0.0
 10
102.24013671875
 20
38.49869474940006
 30
0.0
  0
SPLINE
  5
856
330
17
100
AcDbEntity
  8
dimensions
100
AcDbSpline
 70
0
 71
2
 72
6
 73
3
 74
0
 40
0.0
 40
0.0
 40
0.0
 40
1.0
 40
1.0
 40
1.0
 10
102.24013671875
 20
38.49869474940006
 30
0.0
 10
101.90659179687499
 20
38.49869474940006
 30
0.0
 10
101.6439453125
 20
38.65982756190006
 30
0.0
  0
SPLINE
  5
857
330
17
100
AcDbEntity
  8
dimensions
100
AcDbSpline
 70
0
 71
2
 72
6
 73
3
 74
0
 40
0.0
 40
0.0
 40
0.0
 40
1.0
 40
1.0
 40
1.0
 10
101.6439453125
 20
38.65982756190006
 30
0.0
 10
101.381298828125
 20
38.82096037440006
 30
0.0
 10
101.24594726562499
 20
39.099720140025056
 30
0.0
  0
SPLINE
  5
858
330
17
100
AcDbEntity
  8
dimensions
100
AcDbSpline
 70
0
 71
2
 72
6
 73
3
 74
0
 40
0.0
 40
0.0
 40
0.0
 40
1.0
 40
1.0
 40
1.0
 10
101.24594726562499
 20
39.099720140025056
 30
0.0
 10
101.110595703125
 20
39.37847990565006
 30
0.0
 10
101.110595703125
 20
39.68946623377506
 30
0.0
  0
SPLINE
  5
859
330
17
100
AcDbEntity
  8
dimensions
100
AcDbSpline
 70
0
 71
2
 72
6
 73
3
 74
0
 40
0.0
 40
0.0
 40
0.0
 40
1.0
 40
1.0
 40
1.0
 10
101.432861328125
 20
39.68463224940006
 30
0.0
 10
101.432861328125
 20
39.25763029627506
 30
0.0
 10
101.6624755859375
 20
39.01190275721256
 30
0.0
  0
SPLINE
  5
85A
330
17
100
AcDbEntity
  8
dimensions
100
AcDbSpline
 70
0
 71
2
 72
6
 73
3
 74
0
 40
0.0
 40
0.0
 40
0.0
 40
1.0
 40
1.0
 40
1.0
 10
101.6624755859375
 20
39.01190275721256
 30
0.0
 10
101.89208984375
 20
38.76617521815006
 30
0.0
 10
102.238525390625
 20
38.76617521815006
 30
0.0
  0
SPLINE
  5
85B
330
17
100
AcDbEntity
  8
dimensions
100
AcDbSpline
 70
0
 71
2
 72
6
 73
3
 74
0
 40
0.0
 40
0.0
 40
0.0
 40
1.0
 40
1.0
 40
1.0
 10
102.238525390625
 20
38.76617521815006
 30
0.0
 10
102.59140624999999
 20
38.76617521815006
 30
0.0
 10
102.8194091796875
 20
39.01431974940006
 30
0.0
  0
SPLINE
  5
85C
330
17
100
AcDbEntity
  8
dimensions
100
AcDbSpline
 70
0
 71
2
 72
6
 73
3
 74
0
 40
0.0
 40
0.0
 40
0.0
 40
1.0
 40
1.0
 40
1.0
 10
102.8194091796875
 20
39.01431974940006
 30
0.0
 10
103.04741210937499
 20
39.26246428065006
 30
0.0
 10
103.04741210937499
 20
39.71847014002506
 30
0.0
  0
SPLINE
  5
85D
330
17
100
AcDbEntity
  8
dimensions
100
AcDbSpline
 70
0
 71
2
 72
6
 73
3
 74
0
 40
0.0
 40
0.0
 40
0.0
 40
1.0
 40
1.0
 40
1.0
 10
103.04741210937499
 20
39.71847014002506
 30
0.0
 10
103.04741210937499
 20
40.00689787440006
 30
0.0
 10
102.94992675781249
 20
40.22201017908756
 30
0.0
  0
SPLINE
  5
85E
330
17
100
AcDbEntity
  8
dimensions
100
AcDbSpline
 70
0
 71
2
 72
6
 73
3
 74
0
 40
0.0
 40
0.0
 40
0.0
 40
1.0
 40
1.0
 40
1.0
 10
102.94992675781249
 20
40.22201017908756
 30
0.0
 10
102.85244140625
 20
40.437122483775056
 30
0.0
 10
102.66472167968749
 20
40.55555510096256
 30
0.0
  0
SPLINE
  5
85F
330
17
100
AcDbEntity
  8
dimensions
100
AcDbSpline
 70
0
 71
2
 72
6
 73
3
 74
0
 40
0.0
 40
0.0
 40
0.0
 40
1.0
 40
1.0
 40
1.0
 10
102.66472167968749
 20
40.55555510096256
 30
0.0
 10
102.477001953125
 20
40.67398771815006
 30
0.0
 10
102.243359375
 20
40.67398771815006
 30
0.0
  0
SPLINE
  5
860
330
17
100
AcDbEntity
  8
dimensions
100
AcDbSpline
 70
0
 71
2
 72
6
 73
3
 74
0
 40
0.0
 40
0.0
 40
0.0
 40
1.0
 40
1.0
 40
1.0
 10
102.243359375
 20
40.67398771815006
 30
0.0
 10
101.91142578124999
 20
40.67398771815006
 30
0.0
 10
101.6721435546875
 20
40.44598478846256
 30
0.0
  0
SPLINE
  5
861
330
17
100
AcDbEntity
  8
dimensions
100
AcDbSpline
 70
0
 71
2
 72
6
 73
3
 74
0
 40
0.0
 40
0.0
 40
0.0
 40
1.0
 40
1.0
 40
1.0
 10
101.6721435546875
 20
40.44598478846256
 30
0.0
 10
101.432861328125
 20
40.21798185877506
 30
0.0
 10
101.432861328125
 20
39.68463224940006
 30
0.0
  0
LINE
  5
862
330
17
100
AcDbEntity
  8
dimensions
100
AcDbLine
 10
103.76284179687501
 20
38.53897795252506
 30
0.0
 11
104.06416015625001
 21
38.53897795252506
 31
0.0
  0
LINE
  5
863
330
17
100
AcDbEntity
  8
dimensions
100
AcDbLine
 10
103.76284179687501
 20
40.90118498377506
 30
0.0
 11
103.76284179687501
 21
38.53897795252506
 31
0.0
  0
LINE
  5
864
330
17
100
AcDbEntity
  8
dimensions
100
AcDbLine
 10
104.23334960937501
 20
40.90118498377506
 30
0.0
 11
103.76284179687501
 21
40.90118498377506
 31
0.0
  0
LINE
  5
865
330
17
100
AcDbEntity
  8
dimensions
100
AcDbLine
 10
104.79248046875
 20
39.228626390025056
 30
0.0
 11
104.23334960937501
 21
40.90118498377506
 31
0.0
  0
SPLINE
  5
866
330
17
100
AcDbEntity
  8
dimensions
100
AcDbSpline
 70
0
 71
2
 72
6
 73
3
 74
0
 40
0.0
 40
0.0
 40
0.0
 40
1.0
 40
1.0
 40
1.0
 10
104.79248046875
 20
39.228626390025056
 30
0.0
 10
104.86982421875001
 20
38.994983811900056
 30
0.0
 10
104.9052734375
 20
38.87896818690006
 30
0.0
  0
SPLINE
  5
867
330
17
100
AcDbEntity
  8
dimensions
100
AcDbSpline
 70
0
 71
2
 72
6
 73
3
 74
0
 40
0.0
 40
0.0
 40
0.0
 40
1.0
 40
1.0
 40
1.0
 10
104.9052734375
 20
38.87896818690006
 30
0.0
 10
104.945556640625
 20
39.00787443690006
 30
0.0
 10
105.03095703125001
 20
39.25763029627506
 30
0.0
  0
LINE
  5
868
330
17
100
AcDbEntity
  8
dimensions
100
AcDbLine
 10
105.596533203125
 20
40.90118498377506
 30
0.0
 11
105.03095703125001
 21
39.25763029627506
 31
0.0
  0
LINE
  5
869
330
17
100
AcDbEntity
  8
dimensions
100
AcDbLine
 10
106.01708984375
 20
40.90118498377506
 30
0.0
 11
105.596533203125
 21
40.90118498377506
 31
0.0
  0
LINE
  5
86A
330
17
100
AcDbEntity
  8
dimensions
100
AcDbLine
 10
106.01708984375
 20
38.53897795252506
 30
0.0
 11
106.01708984375
 21
40.90118498377506
 31
0.0
  0
LINE
  5
86B
330
17
100
AcDbEntity
  8
dimensions
100
AcDbLine
 10
105.71577148437501
 20
38.53897795252506
 30
0.0
 11
106.01708984375
 21
38.53897795252506
 31
0.0
  0
LINE
  5
86C
330
17
100
AcDbEntity
  8
dimensions
100
AcDbLine
 10
105.71577148437501
 20
40.51607756190006
 30
0.0
 11
105.71577148437501
 21
38.53897795252506
 31
0.0
  0
LINE
  5
86D
330
17
100
AcDbEntity
  8
dimensions
100
AcDbLine
 10
105.029345703125
 20
38.53897795252506
 30
0.0
 11
105.71577148437501
 21
40.51607756190006
 31
0.0
  0
LINE
  5
86E
330
17
100
AcDbEntity
  8
dimensions
100
AcDbLine
 10
104.74736328125
 20
38.53897795252506
 30
0.0
 11
105.029345703125
 21
38.53897795252506
 31
0.0
  0
LINE
  5
86F
330
17
100
AcDbEntity
  8
dimensions
100
AcDbLine
 10
104.06416015625001
 20
40.549915452525056
 30
0.0
 11
104.74736328125
 21
38.53897795252506
 31
0.0
  0
LINE
  5
870
330
17
100
AcDbEntity
  8
dimensions
100
AcDbLine
 10
104.06416015625001
 20
38.53897795252506
 30
0.0
 11
104.06416015625001
 21
40.549915452525056
 31
0.0
  0
LINE
  5
871
330
17
100
AcDbEntity
  8
dimensions
100
AcDbLine
 10
106.527880859375
 20
38.53897795252506
 30
0.0
 11
108.290673828125
 21
38.53897795252506
 31
0.0
  0
LINE
  5
872
330
17
100
AcDbEntity
  8
dimensions
100
AcDbLine
 10
106.527880859375
 20
40.90118498377506
 30
0.0
 11
106.527880859375
 21
38.53897795252506
 31
0.0
  0
LINE
  5
873
330
17
100
AcDbEntity
  8
dimensions
100
AcDbLine
 10
108.235888671875
 20
40.90118498377506
 30
0.0
 11
106.527880859375
 21
40.90118498377506
 31
0.0
  0
LINE
  5
874
330
17
100
AcDbEntity
  8
dimensions
100
AcDbLine
 10
108.235888671875
 20
40.622425218150056
 30
0.0
 11
108.235888671875
 21
40.90118498377506
 31
0.0
  0
LINE
  5
875
330
17
100
AcDbEntity
  8
dimensions
100
AcDbLine
 10
106.840478515625
 20
40.622425218150056
 30
0.0
 11
108.235888671875
 21
40.622425218150056
 31
0.0
  0
LINE
  5
876
330
17
100
AcDbEntity
  8
dimensions
100
AcDbLine
 10
106.840478515625
 20
39.89893889002506
 30
0.0
 11
106.840478515625
 21
40.622425218150056
 31
0.0
  0
LINE
  5
877
330
17
100
AcDbEntity
  8
dimensions
100
AcDbLine
 10
108.147265625
 20
39.89893889002506
 30
0.0
 11
106.840478515625
 21
39.89893889002506
 31
0.0
  0
LINE
  5
878
330
17
100
AcDbEntity
  8
dimensions
100
AcDbLine
 10
108.147265625
 20
39.62179045252506
 30
0.0
 11
108.147265625
 21
39.89893889002506
 31
0.0
  0
LINE
  5
879
330
17
100
AcDbEntity
  8
dimensions
100
AcDbLine
 10
106.840478515625
 20
39.62179045252506
 30
0.0
 11
108.147265625
 21
39.62179045252506
 31
0.0
  0
LINE
  5
87A
330
17
100
AcDbEntity
  8
dimensions
100
AcDbLine
 10
106.840478515625
 20
38.817737718150056
 30
0.0
 11
106.840478515625
 21
39.62179045252506
 31
0.0
  0
LINE
  5
87B
330
17
100
AcDbEntity
  8
dimensions
100
AcDbLine
 10
108.290673828125
 20
38.817737718150056
 30
0.0
 11
106.840478515625
 21
38.817737718150056
 31
0.0
  0
LINE
  5
87C
330
17
100
AcDbEntity
  8
dimensions
100
AcDbLine
 10
108.290673828125
 20
38.53897795252506
 30
0.0
 11
108.290673828125
 21
38.817737718150056
 31
0.0
  0
LINE
  5
87D
330
17
100
AcDbEntity
  8
dimensions
100
AcDbLine
 10
109.32353515624999
 20
38.53897795252506
 30
0.0
 11
109.6361328125
 21
38.53897795252506
 31
0.0
  0
LINE
  5
87E
330
17
100
AcDbEntity
  8
dimensions
100
AcDbLine
 10
109.32353515624999
 20
40.622425218150056
 30
0.0
 11
109.32353515624999
 21
38.53897795252506
 31
0.0
  0
LINE
  5
87F
330
17
100
AcDbEntity
  8
dimensions
100
AcDbLine
 10
108.54526367187499
 20
40.622425218150056
 30
0.0
 11
109.32353515624999
 21
40.622425218150056
 31
0.0
  0
LINE
  5
880
330
17
100
AcDbEntity
  8
dimensions
100
AcDbLine
 10
108.54526367187499
 20
40.90118498377506
 30
0.0
 11
108.54526367187499
 21
40.622425218150056
 31
0.0
  0
LINE
  5
881
330
17
100
AcDbEntity
  8
dimensions
100
AcDbLine
 10
110.417626953125
 20
40.90118498377506
 30
0.0
 11
108.54526367187499
 21
40.90118498377506
 31
0.0
  0
LINE
  5
882
330
17
100
AcDbEntity
  8
dimensions
100
AcDbLine
 10
110.417626953125
 20
40.622425218150056
 30
0.0
 11
110.417626953125
 21
40.90118498377506
 31
0.0
  0
LINE
  5
883
330
17
100
AcDbEntity
  8
dimensions
100
AcDbLine
 10
109.6361328125
 20
40.622425218150056
 30
0.0
 11
110.417626953125
 21
40.622425218150056
 31
0.0
  0
LINE
  5
884
330
17
100
AcDbEntity
  8
dimensions
100
AcDbLine
 10
109.6361328125
 20
38.53897795252506
 30
0.0
 11
109.6361328125
 21
40.622425218150056
 31
0.0
  0
LINE
  5
885
330
17
100
AcDbEntity
  8
dimensions
100
AcDbLine
 10
110.743115234375
 20
38.53897795252506
 30
0.0
 11
111.055712890625
 21
38.53897795252506
 31
0.0
  0
LINE
  5
886
330
17
100
AcDbEntity
  8
dimensions
100
AcDbLine
 10
110.743115234375
 20
40.90118498377506
 30
0.0
 11
110.743115234375
 21
38.53897795252506
 31
0.0
  0
LINE
  5
887
330
17
100
AcDbEntity
  8
dimensions
100
AcDbLine
 10
111.790478515625
 20
40.90118498377506
 30
0.0
 11
110.743115234375
 21
40.90118498377506
 31
0.0
  0
SPLINE
  5
888
330
17
100
AcDbEntity
  8
dimensions
100
AcDbSpline
 70
0
 71
2
 72
6
 73
3
 74
0
 40
0.0
 40
0.0
 40
0.0
 40
1.0
 40
1.0
 40
1.0
 10
111.790478515625
 20
40.90118498377506
 30
0.0
 10
112.106298828125
 20
40.90118498377506
 30
0.0
 10
112.27065429687501
 20
40.83753752283756
 30
0.0
  0
SPLINE
  5
889
330
17
100
AcDbEntity
  8
dimensions
100
AcDbSpline
 70
0
 71
2
 72
6
 73
3
 74
0
 40
0.0
 40
0.0
 40
0.0
 40
1.0
 40
1.0
 40
1.0
 10
112.27065429687501
 20
40.83753752283756
 30
0.0
 10
112.435009765625
 20
40.77389006190006
 30
0.0
 10
112.53330078125
 20
40.61275724940006
 30
0.0
  0
SPLINE
  5
88A
330
17
100
AcDbEntity
  8
dimensions
100
AcDbSpline
 70
0
 71
2
 72
6
 73
3
 74
0
 40
0.0
 40
0.0
 40
0.0
 40
1.0
 40
1.0
 40
1.0
 10
112.53330078125
 20
40.61275724940006
 30
0.0
 10
112.631591796875
 20
40.45162443690006
 30
0.0
 10
112.631591796875
 20
40.25665373377506
 30
0.0
  0
SPLINE
  5
88B
330
17
100
AcDbEntity
  8
dimensions
100
AcDbSpline
 70
0
 71
2
 72
6
 73
3
 74
0
 40
0.0
 40
0.0
 40
0.0
 40
1.0
 40
1.0
 40
1.0
 10
112.631591796875
 20
40.25665373377506
 30
0.0
 10
112.631591796875
 20
40.00528654627506
 30
0.0
 10
112.46884765625
 20
39.832874436900056
 30
0.0
  0
SPLINE
  5
88C
330
17
100
AcDbEntity
  8
dimensions
100
AcDbSpline
 70
0
 71
2
 72
6
 73
3
 74
0
 40
0.0
 40
0.0
 40
0.0
 40
1.0
 40
1.0
 40
1.0
 10
112.46884765625
 20
39.832874436900056
 30
0.0
 10
112.306103515625
 20
39.66046232752506
 30
0.0
 10
111.96611328125
 20
39.61373381190006
 30
0.0
  0
SPLINE
  5
88D
330
17
100
AcDbEntity
  8
dimensions
100
AcDbSpline
 70
0
 71
2
 72
6
 73
3
 74
0
 40
0.0
 40
0.0
 40
0.0
 40
1.0
 40
1.0
 40
1.0
 10
111.96611328125
 20
39.61373381190006
 30
0.0
 10
112.090185546875
 20
39.55411467127506
 30
0.0
 10
112.154638671875
 20
39.49610685877506
 30
0.0
  0
SPLINE
  5
88E
330
17
100
AcDbEntity
  8
dimensions
100
AcDbSpline
 70
0
 71
2
 72
6
 73
3
 74
0
 40
0.0
 40
0.0
 40
0.0
 40
1.0
 40
1.0
 40
1.0
 10
112.154638671875
 20
39.49610685877506
 30
0.0
 10
112.2916015625
 20
39.37042326502506
 30
0.0
 10
112.4140625
 20
39.18189787440006
 30
0.0
  0
LINE
  5
88F
330
17
100
AcDbEntity
  8
dimensions
100
AcDbLine
 10
112.824951171875
 20
38.53897795252506
 30
0.0
 11
112.4140625
 21
39.18189787440006
 31
0.0
  0
LINE
  5
890
330
17
100
AcDbEntity
  8
dimensions
100
AcDbLine
 10
112.43178710937501
 20
38.53897795252506
 30
0.0
 11
112.824951171875
 21
38.53897795252506
 31
0.0
  0
LINE
  5
891
330
17
100
AcDbEntity
  8
dimensions
100
AcDbLine
 10
112.119189453125
 20
39.03043303065006
 30
0.0
 11
112.43178710937501
 21
38.53897795252506
 31
0.0
  0
SPLINE
  5
892
330
17
100
AcDbEntity
  8
dimensions
100
AcDbSpline
 70
0
 71
2
 72
6
 73
3
 74
0
 40
0.0
 40
0.0
 40
0.0
 40
1.0
 40
1.0
 40
1.0
 10
112.119189453125
 20
39.03043303065006
 30
0.0
 10
111.9822265625
 20
39.24312834315006
 30
0.0
 10
111.893603515625
 20
39.35592131190006
 30
0.0
  0
SPLINE
  5
893
330
17
100
AcDbEntity
  8
dimensions
100
AcDbSpline
 70
0
 71
2
 72
6
 73
3
 74
0
 40
0.0
 40
0.0
 40
0.0
 40
1.0
 40
1.0
 40
1.0
 10
111.893603515625
 20
39.35592131190006
 30
0.0
 10
111.80498046875
 20
39.46871428065006
 30
0.0
 10
111.73488769531251
 20
39.51383146815006
 30
0.0
  0
SPLINE
  5
894
330
17
100
AcDbEntity
  8
dimensions
100
AcDbSpline
 70
0
 71
2
 72
6
 73
3
 74
0
 40
0.0
 40
0.0
 40
0.0
 40
1.0
 40
1.0
 40
1.0
 10
111.73488769531251
 20
39.51383146815006
 30
0.0
 10
111.664794921875
 20
39.558948655650056
 30
0.0
 10
111.59228515625
 20
39.57667326502506
 30
0.0
  0
SPLINE
  5
895
330
17
100
AcDbEntity
  8
dimensions
100
AcDbSpline
 70
0
 71
2
 72
6
 73
3
 74
0
 40
0.0
 40
0.0
 40
0.0
 40
1.0
 40
1.0
 40
1.0
 10
111.59228515625
 20
39.57667326502506
 30
0.0
 10
111.539111328125
 20
39.58795256190006
 30
0.0
 10
111.41826171875
 20
39.58795256190006
 30
0.0
  0
LINE
  5
896
330
17
100
AcDbEntity
  8
dimensions
100
AcDbLine
 10
111.055712890625
 20
39.58795256190006
 30
0.0
 11
111.41826171875
 21
39.58795256190006
 31
0.0
  0
LINE
  5
897
330
17
100
AcDbEntity
  8
dimensions
100
AcDbLine
 10
111.055712890625
 20
38.53897795252506
 30
0.0
 11
111.055712890625
 21
39.58795256190006
 31
0.0
  0
LINE
  5
898
330
17
100
AcDbEntity
  8
dimensions
100
AcDbLine
 10
111.055712890625
 20
39.85865568690006
 30
0.0
 11
111.055712890625
 21
40.64014982752506
 31
0.0
  0
LINE
  5
899
330
17
100
AcDbEntity
  8
dimensions
100
AcDbLine
 10
111.72763671875
 20
39.85865568690006
 30
0.0
 11
111.055712890625
 21
39.85865568690006
 31
0.0
  0
SPLINE
  5
89A
330
17
100
AcDbEntity
  8
dimensions
100
AcDbSpline
 70
0
 71
2
 72
6
 73
3
 74
0
 40
0.0
 40
0.0
 40
0.0
 40
1.0
 40
1.0
 40
1.0
 10
111.72763671875
 20
39.85865568690006
 30
0.0
 10
111.941943359375
 20
39.85865568690006
 30
0.0
 10
112.06279296875
 20
39.90296721033756
 30
0.0
  0
SPLINE
  5
89B
330
17
100
AcDbEntity
  8
dimensions
100
AcDbSpline
 70
0
 71
2
 72
6
 73
3
 74
0
 40
0.0
 40
0.0
 40
0.0
 40
1.0
 40
1.0
 40
1.0
 10
112.06279296875
 20
39.90296721033756
 30
0.0
 10
112.183642578125
 20
39.94727873377506
 30
0.0
 10
112.24648437500001
 20
40.04476408533756
 30
0.0
  0
SPLINE
  5
89C
330
17
100
AcDbEntity
  8
dimensions
100
AcDbSpline
 70
0
 71
2
 72
6
 73
3
 74
0
 40
0.0
 40
0.0
 40
0.0
 40
1.0
 40
1.0
 40
1.0
 10
112.24648437500001
 20
40.04476408533756
 30
0.0
 10
112.309326171875
 20
40.14224943690006
 30
0.0
 10
112.309326171875
 20
40.25665373377506
 30
0.0
  0
SPLINE
  5
89D
330
17
100
AcDbEntity
  8
dimensions
100
AcDbSpline
 70
0
 71
2
 72
6
 73
3
 74
0
 40
0.0
 40
0.0
 40
0.0
 40
1.0
 40
1.0
 40
1.0
 10
112.309326171875
 20
40.25665373377506
 30
0.0
 10
112.309326171875
 20
40.42423185877506
 30
0.0
 10
112.1876708984375
 20
40.53219084315006
 30
0.0
  0
SPLINE
  5
89E
330
17
100
AcDbEntity
  8
dimensions
100
AcDbSpline
 70
0
 71
2
 72
6
 73
3
 74
0
 40
0.0
 40
0.0
 40
0.0
 40
1.0
 40
1.0
 40
1.0
 10
112.1876708984375
 20
40.53219084315006
 30
0.0
 10
112.066015625
 20
40.64014982752506
 30
0.0
 10
111.80336914062501
 20
40.64014982752506
 30
0.0
  0
LINE
  5
89F
330
17
100
AcDbEntity
  8
dimensions
100
AcDbLine
 10
111.055712890625
 20
40.64014982752506
 30
0.0
 11
111.80336914062501
 21
40.64014982752506
 31
0.0
  0
LINE
  5
8A0
330
17
100
AcDbEntity
  8
dimensions
100
AcDbLine
 10
113.17460937499999
 20
38.53897795252506
 30
0.0
 11
113.48720703125
 21
38.53897795252506
 31
0.0
  0
LINE
  5
8A1
330
17
100
AcDbEntity
  8
dimensions
100
AcDbLine
 10
113.17460937499999
 20
40.90118498377506
 30
0.0
 11
113.17460937499999
 21
38.53897795252506
 31
0.0
  0
LINE
  5
8A2
330
17
100
AcDbEntity
  8
dimensions
100
AcDbLine
 10
113.48720703125
 20
40.90118498377506
 30
0.0
 11
113.17460937499999
 21
40.90118498377506
 31
0.0
  0
LINE
  5
8A3
330
17
100
AcDbEntity
  8
dimensions
100
AcDbLine
 10
113.48720703125
 20
38.53897795252506
 30
0.0
 11
113.48720703125
 21
40.90118498377506
 31
0.0
  0
LINE
  5
8A4
330
17
100
AcDbEntity
  8
dimensions
100
AcDbLine
 10
116.036328125
 20
39.28824553065006
 30
0.0
 11
115.72373046875
 21
39.36720060877506
 31
0.0
  0
SPLINE
  5
8A5
330
17
100
AcDbEntity
  8
dimensions
100
AcDbSpline
 70
0
 71
2
 72
6
 73
3
 74
0
 40
0.0
 40
0.0
 40
0.0
 40
1.0
 40
1.0
 40
1.0
 10
116.036328125
 20
39.28824553065006
 30
0.0
 10
115.938037109375
 20
38.90313810877506
 30
0.0
 10
115.6826416015625
 20
38.700916429087556
 30
0.0
  0
SPLINE
  5
8A6
330
17
100
AcDbEntity
  8
dimensions
100
AcDbSpline
 70
0
 71
2
 72
6
 73
3
 74
0
 40
0.0
 40
0.0
 40
0.0
 40
1.0
 40
1.0
 40
1.0
 10
115.6826416015625
 20
38.700916429087556
 30
0.0
 10
115.42724609375
 20
38.49869474940006
 30
0.0
 10
115.058251953125
 20
38.49869474940006
 30
0.0
  0
SPLINE
  5
8A7
330
17
100
AcDbEntity
  8
dimensions
100
AcDbSpline
 70
0
 71
2
 72
6
 73
3
 74
0
 40
0.0
 40
0.0
 40
0.0
 40
1.0
 40
1.0
 40
1.0
 10
115.058251953125
 20
38.49869474940006
 30
0.0
 10
114.6763671875
 20
38.49869474940006
 30
0.0
 10
114.4370849609375
 20
38.65418791346256
 30
0.0
  0
SPLINE
  5
8A8
330
17
100
AcDbEntity
  8
dimensions
100
AcDbSpline
 70
0
 71
2
 72
6
 73
3
 74
0
 40
0.0
 40
0.0
 40
0.0
 40
1.0
 40
1.0
 40
1.0
 10
114.4370849609375
 20
38.65418791346256
 30
0.0
 10
114.197802734375
 20
38.809681077525056
 30
0.0
 10
114.0729248046875
 20
39.10455412440006
 30
0.0
  0
SPLINE
  5
8A9
330
17
100
AcDbEntity
  8
dimensions
100
AcDbSpline
 70
0
 71
2
 72
6
 73
3
 74
0
 40
0.0
 40
0.0
 40
0.0
 40
1.0
 40
1.0
 40
1.0
 10
114.0729248046875
 20
39.10455412440006
 30
0.0
 10
113.948046875
 20
39.39942717127506
 30
0.0
 10
113.948046875
 20
39.73780607752506
 30
0.0
  0
SPLINE
  5
8AA
330
17
100
AcDbEntity
  8
dimensions
100
AcDbSpline
 70
0
 71
2
 72
6
 73
3
 74
0
 40
0.0
 40
0.0
 40
0.0
 40
1.0
 40
1.0
 40
1.0
 10
113.948046875
 20
39.73780607752506
 30
0.0
 10
113.948046875
 20
40.106800218150056
 30
0.0
 10
114.0890380859375
 20
40.38153166346256
 30
0.0
  0
SPLINE
  5
8AB
330
17
100
AcDbEntity
  8
dimensions
100
AcDbSpline
 70
0
 71
2
 72
6
 73
3
 74
0
 40
0.0
 40
0.0
 40
0.0
 40
1.0
 40
1.0
 40
1.0
 10
114.0890380859375
 20
40.38153166346256
 30
0.0
 10
114.230029296875
 20
40.65626310877506
 30
0.0
 10
114.4902587890625
 20
40.79886564783756
 30
0.0
  0
SPLINE
  5
8AC
330
17
100
AcDbEntity
  8
dimensions
100
AcDbSpline
 70
0
 71
2
 72
6
 73
3
 74
0
 40
0.0
 40
0.0
 40
0.0
 40
1.0
 40
1.0
 40
1.0
 10
114.4902587890625
 20
40.79886564783756
 30
0.0
 10
114.75048828125
 20
40.94146818690006
 30
0.0
 10
115.0630859375
 20
40.94146818690006
 30
0.0
  0
SPLINE
  5
8AD
330
17
100
AcDbEntity
  8
dimensions
100
AcDbSpline
 70
0
 71
2
 72
6
 73
3
 74
0
 40
0.0
 40
0.0
 40
0.0
 40
1.0
 40
1.0
 40
1.0
 10
115.0630859375
 20
40.94146818690006
 30
0.0
 10
115.417578125
 20
40.94146818690006
 30
0.0
 10
115.65927734375
 20
40.76099943690006
 30
0.0
  0
SPLINE
  5
8AE
330
17
100
AcDbEntity
  8
dimensions
100
AcDbSpline
 70
0
 71
2
 72
6
 73
3
 74
0
 40
0.0
 40
0.0
 40
0.0
 40
1.0
 40
1.0
 40
1.0
 10
115.65927734375
 20
40.76099943690006
 30
0.0
 10
115.9009765625
 20
40.58053068690006
 30
0.0
 10
115.996044921875
 20
40.25343107752506
 30
0.0
  0
LINE
  5
8AF
330
17
100
AcDbEntity
  8
dimensions
100
AcDbLine
 10
115.68828125
 20
40.18092131190006
 30
0.0
 11
115.996044921875
 21
40.25343107752506
 31
0.0
  0
SPLINE
  5
8B0
330
17
100
AcDbEntity
  8
dimensions
100
AcDbSpline
 70
0
 71
2
 72
6
 73
3
 74
0
 40
0.0
 40
0.0
 40
0.0
 40
1.0
 40
1.0
 40
1.0
 10
115.68828125
 20
40.18092131190006
 30
0.0
 10
115.606103515625
 20
40.43873381190006
 30
0.0
 10
115.4498046875
 20
40.55636076502506
 30
0.0
  0
SPLINE
  5
8B1
330
17
100
AcDbEntity
  8
dimensions
100
AcDbSpline
 70
0
 71
2
 72
6
 73
3
 74
0
 40
0.0
 40
0.0
 40
0.0
 40
1.0
 40
1.0
 40
1.0
 10
115.4498046875
 20
40.55636076502506
 30
0.0
 10
115.293505859375
 20
40.67398771815006
 30
0.0
 10
115.056640625
 20
40.67398771815006
 30
0.0
  0
SPLINE
  5
8B2
330
17
100
AcDbEntity
  8
dimensions
100
AcDbSpline
 70
0
 71
2
 72
6
 73
3
 74
0
 40
0.0
 40
0.0
 40
0.0
 40
1.0
 40
1.0
 40
1.0
 10
115.056640625
 20
40.67398771815006
 30
0.0
 10
114.784326171875
 20
40.67398771815006
 30
0.0
 10
114.6014404296875
 20
40.54347014002506
 30
0.0
  0
SPLINE
  5
8B3
330
17
100
AcDbEntity
  8
dimensions
100
AcDbSpline
 70
0
 71
2
 72
6
 73
3
 74
0
 40
0.0
 40
0.0
 40
0.0
 40
1.0
 40
1.0
 40
1.0
 10
114.6014404296875
 20
40.54347014002506
 30
0.0
 10
114.4185546875
 20
40.412952561900056
 30
0.0
 10
114.34443359375
 20
40.19300627283756
 30
0.0
  0
SPLINE
  5
8B4
330
17
100
AcDbEntity
  8
dimensions
100
AcDbSpline
 70
0
 71
2
 72
6
 73
3
 74
0
 40
0.0
 40
0.0
 40
0.0
 40
1.0
 40
1.0
 40
1.0
 10
114.34443359375
 20
40.19300627283756
 30
0.0
 10
114.2703125
 20
39.97305998377506
 30
0.0
 10
114.2703125
 20
39.73941740565006
 30
0.0
  0
SPLINE
  5
8B5
330
17
100
AcDbEntity
  8
dimensions
100
AcDbSpline
 70
0
 71
2
 72
6
 73
3
 74
0
 40
0.0
 40
0.0
 40
0.0
 40
1.0
 40
1.0
 40
1.0
 10
114.2703125
 20
39.73941740565006
 30
0.0
 10
114.2703125
 20
39.438099046275056
 30
0.0
 10
114.3581298828125
 20
39.21331877283756
 30
0.0
  0
SPLINE
  5
8B6
330
17
100
AcDbEntity
  8
dimensions
100
AcDbSpline
 70
0
 71
2
 72
6
 73
3
 74
0
 40
0.0
 40
0.0
 40
0.0
 40
1.0
 40
1.0
 40
1.0
 10
114.3581298828125
 20
39.21331877283756
 30
0.0
 10
114.445947265625
 20
38.98853849940006
 30
0.0
 10
114.63125
 20
38.87735685877506
 30
0.0
  0
SPLINE
  5
8B7
330
17
100
AcDbEntity
  8
dimensions
100
AcDbSpline
 70
0
 71
2
 72
6
 73
3
 74
0
 40
0.0
 40
0.0
 40
0.0
 40
1.0
 40
1.0
 40
1.0
 10
114.63125
 20
38.87735685877506
 30
0.0
 10
114.816552734375
 20
38.76617521815006
 30
0.0
 10
115.032470703125
 20
38.76617521815006
 30
0.0
  0
SPLINE
  5
8B8
330
17
100
AcDbEntity
  8
dimensions
100
AcDbSpline
 70
0
 71
2
 72
6
 73
3
 74
0
 40
0.0
 40
0.0
 40
0.0
 40
1.0
 40
1.0
 40
1.0
 10
115.032470703125
 20
38.76617521815006
 30
0.0
 10
115.2951171875
 20
38.76617521815006
 30
0.0
 10
115.477197265625
 20
38.91764006190006
 30
0.0
  0
SPLINE
  5
8B9
330
17
100
AcDbEntity
  8
dimensions
100
AcDbSpline
 70
0
 71
2
 72
6
 73
3
 74
0
 40
0.0
 40
0.0
 40
0.0
 40
1.0
 40
1.0
 40
1.0
 10
115.477197265625
 20
38.91764006190006
 30
0.0
 10
115.65927734375
 20
39.06910490565006
 30
0.0
 10
115.72373046875
 20
39.36720060877506
 30
0.0
  0
LINE
  5
8BA
330
17
100
AcDbEntity
  8
dimensions
100
AcDbLine
 10
-110.4576904296875
 20
-106.17376772213903
 30
0.0
 11
-110.7525634765625
 21
-106.19954897213904
 31
0.0
  0
SPLINE
  5
8BB
330
17
100
AcDbEntity
  8
dimensions
100
AcDbSpline
 70
0
 71
2
 72
6
 73
3
 74
0
 40
0.0
 40
0.0
 40
0.0
 40
1.0
 40
1.0
 40
1.0
 10
-110.4576904296875
 20
-106.17376772213903
 30
0.0
 10
-110.4367431640625
 20
-106.35101381588903
 30
0.0
 10
-110.360205078125
 20
-106.46461244870153
 30
0.0
  0
SPLINE
  5
8BC
330
17
100
AcDbEntity
  8
dimensions
100
AcDbSpline
 70
0
 71
2
 72
6
 73
3
 74
0
 40
0.0
 40
0.0
 40
0.0
 40
1.0
 40
1.0
 40
1.0
 10
-110.360205078125
 20
-106.46461244870153
 30
0.0
 10
-110.2836669921875
 20
-106.57821108151404
 30
0.0
 10
-110.1225341796875
 20
-106.64830385495154
 30
0.0
  0
SPLINE
  5
8BD
330
17
100
AcDbEntity
  8
dimensions
100
AcDbSpline
 70
0
 71
2
 72
6
 73
3
 74
0
 40
0.0
 40
0.0
 40
0.0
 40
1.0
 40
1.0
 40
1.0
 10
-110.1225341796875
 20
-106.64830385495154
 30
0.0
 10
-109.9614013671875
 20
-106.71839662838903
 30
0.0
 10
-109.7599853515625
 20
-106.71839662838903
 30
0.0
  0
SPLINE
  5
8BE
330
17
100
AcDbEntity
  8
dimensions
100
AcDbSpline
 70
0
 71
2
 72
6
 73
3
 74
0
 40
0.0
 40
0.0
 40
0.0
 40
1.0
 40
1.0
 40
1.0
 10
-109.7599853515625
 20
-106.71839662838903
 30
0.0
 10
-109.5811279296875
 20
-106.71839662838903
 30
0.0
 10
-109.4441650390625
 20
-106.66522280026403
 30
0.0
  0
SPLINE
  5
8BF
330
17
100
AcDbEntity
  8
dimensions
100
AcDbSpline
 70
0
 71
2
 72
6
 73
3
 74
0
 40
0.0
 40
0.0
 40
0.0
 40
1.0
 40
1.0
 40
1.0
 10
-109.4441650390625
 20
-106.66522280026403
 30
0.0
 10
-109.3072021484375
 20
-106.61204897213904
 30
0.0
 10
-109.24033203125
 20
-106.51939760495154
 30
0.0
  0
SPLINE
  5
8C0
330
17
100
AcDbEntity
  8
dimensions
100
AcDbSpline
 70
0
 71
2
 72
6
 73
3
 74
0
 40
0.0
 40
0.0
 40
0.0
 40
1.0
 40
1.0
 40
1.0
 10
-109.24033203125
 20
-106.51939760495154
 30
0.0
 10
-109.1734619140625
 20
-106.42674623776404
 30
0.0
 10
-109.1734619140625
 20
-106.31717592526404
 30
0.0
  0
SPLINE
  5
8C1
330
17
100
AcDbEntity
  8
dimensions
100
AcDbSpline
 70
0
 71
2
 72
6
 73
3
 74
0
 40
0.0
 40
0.0
 40
0.0
 40
1.0
 40
1.0
 40
1.0
 10
-109.1734619140625
 20
-106.31717592526404
 30
0.0
 10
-109.1734619140625
 20
-106.20599428463903
 30
0.0
 10
-109.2379150390625
 20
-106.12301088620154
 30
0.0
  0
SPLINE
  5
8C2
330
17
100
AcDbEntity
  8
dimensions
100
AcDbSpline
 70
0
 71
2
 72
6
 73
3
 74
0
 40
0.0
 40
0.0
 40
0.0
 40
1.0
 40
1.0
 40
1.0
 10
-109.2379150390625
 20
-106.12301088620154
 30
0.0
 10
-109.3023681640625
 20
-106.04002748776404
 30
0.0
 10
-109.4506103515625
 20
-105.98363100338904
 30
0.0
  0
SPLINE
  5
8C3
330
17
100
AcDbEntity
  8
dimensions
100
AcDbSpline
 70
0
 71
2
 72
6
 73
3
 74
0
 40
0.0
 40
0.0
 40
0.0
 40
1.0
 40
1.0
 40
1.0
 10
-109.4506103515625
 20
-105.98363100338904
 30
0.0
 10
-109.54567871093751
 20
-105.94657045651404
 30
0.0
 10
-109.8711669921875
 20
-105.86842104245153
 30
0.0
  0
SPLINE
  5
8C4
330
17
100
AcDbEntity
  8
dimensions
100
AcDbSpline
 70
0
 71
2
 72
6
 73
3
 74
0
 40
0.0
 40
0.0
 40
0.0
 40
1.0
 40
1.0
 40
1.0
 10
-109.8711669921875
 20
-105.86842104245153
 30
0.0
 10
-110.1966552734375
 20
-105.79027162838904
 30
0.0
 10
-110.32717285156251
 20
-105.72098451901404
 30
0.0
  0
SPLINE
  5
8C5
330
17
100
AcDbEntity
  8
dimensions
100
AcDbSpline
 70
0
 71
2
 72
6
 73
3
 74
0
 40
0.0
 40
0.0
 40
0.0
 40
1.0
 40
1.0
 40
1.0
 10
-110.32717285156251
 20
-105.72098451901404
 30
0.0
 10
-110.49636230468751
 20
-105.63236147213904
 30
0.0
 10
-110.579345703125
 20
-105.50103822995153
 30
0.0
  0
SPLINE
  5
8C6
330
17
100
AcDbEntity
  8
dimensions
100
AcDbSpline
 70
0
 71
2
 72
6
 73
3
 74
0
 40
0.0
 40
0.0
 40
0.0
 40
1.0
 40
1.0
 40
1.0
 10
-110.579345703125
 20
-105.50103822995153
 30
0.0
 10
-110.6623291015625
 20
-105.36971498776404
 30
0.0
 10
-110.6623291015625
 20
-105.20697084713903
 30
0.0
  0
SPLINE
  5
8C7
330
17
100
AcDbEntity
  8
dimensions
100
AcDbSpline
 70
0
 71
2
 72
6
 73
3
 74
0
 40
0.0
 40
0.0
 40
0.0
 40
1.0
 40
1.0
 40
1.0
 10
-110.6623291015625
 20
-105.20697084713903
 30
0.0
 10
-110.6623291015625
 20
-105.02811342526404
 30
0.0
 10
-110.56081542968751
 20
-104.87262026120153
 30
0.0
  0
SPLINE
  5
8C8
330
17
100
AcDbEntity
  8
dimensions
100
AcDbSpline
 70
0
 71
2
 72
6
 73
3
 74
0
 40
0.0
 40
0.0
 40
0.0
 40
1.0
 40
1.0
 40
1.0
 10
-110.56081542968751
 20
-104.87262026120153
 30
0.0
 10
-110.4593017578125
 20
-104.71712709713904
 30
0.0
 10
-110.2643310546875
 20
-104.63656069088904
 30
0.0
  0
SPLINE
  5
8C9
330
17
100
AcDbEntity
  8
dimensions
100
AcDbSpline
 70
0
 71
2
 72
6
 73
3
 74
0
 40
0.0
 40
0.0
 40
0.0
 40
1.0
 40
1.0
 40
1.0
 10
-110.2643310546875
 20
-104.63656069088904
 30
0.0
 10
-110.06936035156251
 20
-104.55599428463904
 30
0.0
 10
-109.8308837890625
 20
-104.55599428463904
 30
0.0
  0
SPLINE
  5
8CA
330
17
100
AcDbEntity
  8
dimensions
100
AcDbSpline
 70
0
 71
2
 72
6
 73
3
 74
0
 40
0.0
 40
0.0
 40
0.0
 40
1.0
 40
1.0
 40
1.0
 10
-109.8308837890625
 20
-104.55599428463904
 30
0.0
 10
-109.5682373046875
 20
-104.55599428463904
 30
0.0
 10
-109.367626953125
 20
-104.64058901120154
 30
0.0
  0
SPLINE
  5
8CB
330
17
100
AcDbEntity
  8
dimensions
100
AcDbSpline
 70
0
 71
2
 72
6
 73
3
 74
0
 40
0.0
 40
0.0
 40
0.0
 40
1.0
 40
1.0
 40
1.0
 10
-109.367626953125
 20
-104.64058901120154
 30
0.0
 10
-109.16701660156251
 20
-104.72518373776404
 30
0.0
 10
-109.0590576171875
 20
-104.88953920651403
 30
0.0
  0
SPLINE
  5
8CC
330
17
100
AcDbEntity
  8
dimensions
100
AcDbSpline
 70
0
 71
2
 72
6
 73
3
 74
0
 40
0.0
 40
0.0
 40
0.0
 40
1.0
 40
1.0
 40
1.0
 10
-109.0590576171875
 20
-104.88953920651403
 30
0.0
 10
-108.9510986328125
 20
-105.05389467526403
 30
0.0
 10
-108.9430419921875
 20
-105.26175600338904
 30
0.0
  0
LINE
  5
8CD
330
17
100
AcDbEntity
  8
dimensions
100
AcDbLine
 10
-109.2427490234375
 20
-105.28431459713903
 30
0.0
 11
-108.9430419921875
 21
-105.26175600338904
 31
0.0
  0
SPLINE
  5
8CE
330
17
100
AcDbEntity
  8
dimensions
100
AcDbSpline
 70
0
 71
2
 72
6
 73
3
 74
0
 40
0.0
 40
0.0
 40
0.0
 40
1.0
 40
1.0
 40
1.0
 10
-109.2427490234375
 20
-105.28431459713903
 30
0.0
 10
-109.2669189453125
 20
-105.06033998776404
 30
0.0
 10
-109.406298828125
 20
-104.94593569088903
 30
0.0
  0
SPLINE
  5
8CF
330
17
100
AcDbEntity
  8
dimensions
100
AcDbSpline
 70
0
 71
2
 72
6
 73
3
 74
0
 40
0.0
 40
0.0
 40
0.0
 40
1.0
 40
1.0
 40
1.0
 10
-109.406298828125
 20
-104.94593569088903
 30
0.0
 10
-109.54567871093751
 20
-104.83153139401404
 30
0.0
 10
-109.8179931640625
 20
-104.83153139401404
 30
0.0
  0
SPLINE
  5
8D0
330
17
100
AcDbEntity
  8
dimensions
100
AcDbSpline
 70
0
 71
2
 72
6
 73
3
 74
0
 40
0.0
 40
0.0
 40
0.0
 40
1.0
 40
1.0
 40
1.0
 10
-109.8179931640625
 20
-104.83153139401404
 30
0.0
 10
-110.10158691406251
 20
-104.83153139401404
 30
0.0
 10
-110.231298828125
 20
-104.93546205807654
 30
0.0
  0
SPLINE
  5
8D1
330
17
100
AcDbEntity
  8
dimensions
100
AcDbSpline
 70
0
 71
2
 72
6
 73
3
 74
0
 40
0.0
 40
0.0
 40
0.0
 40
1.0
 40
1.0
 40
1.0
 10
-110.231298828125
 20
-104.93546205807654
 30
0.0
 10
-110.3610107421875
 20
-105.03939272213904
 30
0.0
 10
-110.3610107421875
 20
-105.18602358151404
 30
0.0
  0
SPLINE
  5
8D2
330
17
100
AcDbEntity
  8
dimensions
100
AcDbSpline
 70
0
 71
2
 72
6
 73
3
 74
0
 40
0.0
 40
0.0
 40
0.0
 40
1.0
 40
1.0
 40
1.0
 10
-110.3610107421875
 20
-105.18602358151404
 30
0.0
 10
-110.3610107421875
 20
-105.31331850338904
 30
0.0
 10
-110.2691650390625
 20
-105.39549623776404
 30
0.0
  0
SPLINE
  5
8D3
330
17
100
AcDbEntity
  8
dimensions
100
AcDbSpline
 70
0
 71
2
 72
6
 73
3
 74
0
 40
0.0
 40
0.0
 40
0.0
 40
1.0
 40
1.0
 40
1.0
 10
-110.2691650390625
 20
-105.39549623776404
 30
0.0
 10
-110.1789306640625
 20
-105.47767397213903
 30
0.0
 10
-109.7978515625
 20
-105.56388002682654
 30
0.0
  0
SPLINE
  5
8D4
330
17
100
AcDbEntity
  8
dimensions
100
AcDbSpline
 70
0
 71
2
 72
6
 73
3
 74
0
 40
0.0
 40
0.0
 40
0.0
 40
1.0
 40
1.0
 40
1.0
 10
-109.7978515625
 20
-105.56388002682654
 30
0.0
 10
-109.41677246093751
 20
-105.65008608151403
 30
0.0
 10
-109.2749755859375
 20
-105.71453920651403
 30
0.0
  0
SPLINE
  5
8D5
330
17
100
AcDbEntity
  8
dimensions
100
AcDbSpline
 70
0
 71
2
 72
6
 73
3
 74
0
 40
0.0
 40
0.0
 40
0.0
 40
1.0
 40
1.0
 40
1.0
 10
-109.2749755859375
 20
-105.71453920651403
 30
0.0
 10
-109.0687255859375
 20
-105.80960756588904
 30
0.0
 10
-108.9704345703125
 20
-105.95543276120154
 30
0.0
  0
SPLINE
  5
8D6
330
17
100
AcDbEntity
  8
dimensions
100
AcDbSpline
 70
0
 71
2
 72
6
 73
3
 74
0
 40
0.0
 40
0.0
 40
0.0
 40
1.0
 40
1.0
 40
1.0
 10
-108.9704345703125
 20
-105.95543276120154
 30
0.0
 10
-108.8721435546875
 20
-106.10125795651403
 30
0.0
 10
-108.8721435546875
 20
-106.29139467526403
 30
0.0
  0
SPLINE
  5
8D7
330
17
100
AcDbEntity
  8
dimensions
100
AcDbSpline
 70
0
 71
2
 72
6
 73
3
 74
0
 40
0.0
 40
0.0
 40
0.0
 40
1.0
 40
1.0
 40
1.0
 10
-108.8721435546875
 20
-106.29139467526403
 30
0.0
 10
-108.8721435546875
 20
-106.47992006588903
 30
0.0
 10
-108.9801025390625
 20
-106.64669252682654
 30
0.0
  0
SPLINE
  5
8D8
330
17
100
AcDbEntity
  8
dimensions
100
AcDbSpline
 70
0
 71
2
 72
6
 73
3
 74
0
 40
0.0
 40
0.0
 40
0.0
 40
1.0
 40
1.0
 40
1.0
 10
-108.9801025390625
 20
-106.64669252682654
 30
0.0
 10
-109.0880615234375
 20
-106.81346498776404
 30
0.0
 10
-109.290283203125
 20
-106.90611635495154
 30
0.0
  0
SPLINE
  5
8D9
330
17
100
AcDbEntity
  8
dimensions
100
AcDbSpline
 70
0
 71
2
 72
6
 73
3
 74
0
 40
0.0
 40
0.0
 40
0.0
 40
1.0
 40
1.0
 40
1.0
 10
-109.290283203125
 20
-106.90611635495154
 30
0.0
 10
-109.4925048828125
 20
-106.99876772213904
 30
0.0
 10
-109.7454833984375
 20
-106.99876772213904
 30
0.0
  0
SPLINE
  5
8DA
330
17
100
AcDbEntity
  8
dimensions
100
AcDbSpline
 70
0
 71
2
 72
6
 73
3
 74
0
 40
0.0
 40
0.0
 40
0.0
 40
1.0
 40
1.0
 40
1.0
 10
-109.7454833984375
 20
-106.99876772213904
 30
0.0
 10
-110.0661376953125
 20
-106.99876772213904
 30
0.0
 10
-110.28286132812501
 20
-106.90531069088904
 30
0.0
  0
SPLINE
  5
8DB
330
17
100
AcDbEntity
  8
dimensions
100
AcDbSpline
 70
0
 71
2
 72
6
 73
3
 74
0
 40
0.0
 40
0.0
 40
0.0
 40
1.0
 40
1.0
 40
1.0
 10
-110.28286132812501
 20
-106.90531069088904
 30
0.0
 10
-110.4995849609375
 20
-106.81185365963904
 30
0.0
 10
-110.6228515625
 20
-106.62413393307654
 30
0.0
  0
SPLINE
  5
8DC
330
17
100
AcDbEntity
  8
dimensions
100
AcDbSpline
 70
0
 71
2
 72
6
 73
3
 74
0
 40
0.0
 40
0.0
 40
0.0
 40
1.0
 40
1.0
 40
1.0
 10
-110.6228515625
 20
-106.62413393307654
 30
0.0
 10
-110.74611816406251
 20
-106.43641420651403
 30
0.0
 10
-110.7525634765625
 20
-106.19954897213904
 30
0.0
  0
LINE
  5
8DD
330
17
100
AcDbEntity
  8
dimensions
100
AcDbLine
 10
-108.43869628906249
 20
-106.95848451901404
 30
0.0
 11
-106.6759033203125
 21
-106.95848451901404
 31
0.0
  0
LINE
  5
8DE
330
17
100
AcDbEntity
  8
dimensions
100
AcDbLine
 10
-108.43869628906249
 20
-104.59627748776404
 30
0.0
 11
-108.43869628906249
 21
-106.95848451901404
 31
0.0
  0
LINE
  5
8DF
330
17
100
AcDbEntity
  8
dimensions
100
AcDbLine
 10
-106.73068847656249
 20
-104.59627748776404
 30
0.0
 11
-108.43869628906249
 21
-104.59627748776404
 31
0.0
  0
LINE
  5
8E0
330
17
100
AcDbEntity
  8
dimensions
100
AcDbLine
 10
-106.73068847656249
 20
-104.87503725338904
 30
0.0
 11
-106.73068847656249
 21
-104.59627748776404
 31
0.0
  0
LINE
  5
8E1
330
17
100
AcDbEntity
  8
dimensions
100
AcDbLine
 10
-108.1260986328125
 20
-104.87503725338904
 30
0.0
 11
-106.73068847656249
 21
-104.87503725338904
 31
0.0
  0
LINE
  5
8E2
330
17
100
AcDbEntity
  8
dimensions
100
AcDbLine
 10
-108.1260986328125
 20
-105.59852358151403
 30
0.0
 11
-108.1260986328125
 21
-104.87503725338904
 31
0.0
  0
LINE
  5
8E3
330
17
100
AcDbEntity
  8
dimensions
100
AcDbLine
 10
-106.81931152343749
 20
-105.59852358151403
 30
0.0
 11
-108.1260986328125
 21
-105.59852358151403
 31
0.0
  0
LINE
  5
8E4
330
17
100
AcDbEntity
  8
dimensions
100
AcDbLine
 10
-106.81931152343749
 20
-105.87567201901403
 30
0.0
 11
-106.81931152343749
 21
-105.59852358151403
 31
0.0
  0
LINE
  5
8E5
330
17
100
AcDbEntity
  8
dimensions
100
AcDbLine
 10
-108.1260986328125
 20
-105.87567201901403
 30
0.0
 11
-106.81931152343749
 21
-105.87567201901403
 31
0.0
  0
LINE
  5
8E6
330
17
100
AcDbEntity
  8
dimensions
100
AcDbLine
 10
-108.1260986328125
 20
-106.67972475338904
 30
0.0
 11
-108.1260986328125
 21
-105.87567201901403
 31
0.0
  0
LINE
  5
8E7
330
17
100
AcDbEntity
  8
dimensions
100
AcDbLine
 10
-106.6759033203125
 20
-106.67972475338904
 30
0.0
 11
-108.1260986328125
 21
-106.67972475338904
 31
0.0
  0
LINE
  5
8E8
330
17
100
AcDbEntity
  8
dimensions
100
AcDbLine
 10
-106.6759033203125
 20
-106.95848451901404
 30
0.0
 11
-106.6759033203125
 21
-106.67972475338904
 31
0.0
  0
LINE
  5
8E9
330
17
100
AcDbEntity
  8
dimensions
100
AcDbLine
 10
-104.2460205078125
 20
-106.20921694088904
 30
0.0
 11
-104.5586181640625
 21
-106.13026186276403
 31
0.0
  0
SPLINE
  5
8EA
330
17
100
AcDbEntity
  8
dimensions
100
AcDbSpline
 70
0
 71
2
 72
6
 73
3
 74
0
 40
0.0
 40
0.0
 40
0.0
 40
1.0
 40
1.0
 40
1.0
 10
-104.2460205078125
 20
-106.20921694088904
 30
0.0
 10
-104.3443115234375
 20
-106.59432436276404
 30
0.0
 10
-104.59970703125
 20
-106.79654604245154
 30
0.0
  0
SPLINE
  5
8EB
330
17
100
AcDbEntity
  8
dimensions
100
AcDbSpline
 70
0
 71
2
 72
6
 73
3
 74
0
 40
0.0
 40
0.0
 40
0.0
 40
1.0
 40
1.0
 40
1.0
 10
-104.59970703125
 20
-106.79654604245154
 30
0.0
 10
-104.8551025390625
 20
-106.99876772213904
 30
0.0
 10
-105.2240966796875
 20
-106.99876772213904
 30
0.0
  0
SPLINE
  5
8EC
330
17
100
AcDbEntity
  8
dimensions
100
AcDbSpline
 70
0
 71
2
 72
6
 73
3
 74
0
 40
0.0
 40
0.0
 40
0.0
 40
1.0
 40
1.0
 40
1.0
 10
-105.2240966796875
 20
-106.99876772213904
 30
0.0
 10
-105.6059814453125
 20
-106.99876772213904
 30
0.0
 10
-105.845263671875
 20
-106.84327455807653
 30
0.0
  0
SPLINE
  5
8ED
330
17
100
AcDbEntity
  8
dimensions
100
AcDbSpline
 70
0
 71
2
 72
6
 73
3
 74
0
 40
0.0
 40
0.0
 40
0.0
 40
1.0
 40
1.0
 40
1.0
 10
-105.845263671875
 20
-106.84327455807653
 30
0.0
 10
-106.0845458984375
 20
-106.68778139401404
 30
0.0
 10
-106.209423828125
 20
-106.39290834713904
 30
0.0
  0
SPLINE
  5
8EE
330
17
100
AcDbEntity
  8
dimensions
100
AcDbSpline
 70
0
 71
2
 72
6
 73
3
 74
0
 40
0.0
 40
0.0
 40
0.0
 40
1.0
 40
1.0
 40
1.0
 10
-106.209423828125
 20
-106.39290834713904
 30
0.0
 10
-106.3343017578125
 20
-106.09803530026403
 30
0.0
 10
-106.3343017578125
 20
-105.75965639401403
 30
0.0
  0
SPLINE
  5
8EF
330
17
100
AcDbEntity
  8
dimensions
100
AcDbSpline
 70
0
 71
2
 72
6
 73
3
 74
0
 40
0.0
 40
0.0
 40
0.0
 40
1.0
 40
1.0
 40
1.0
 10
-106.3343017578125
 20
-105.75965639401403
 30
0.0
 10
-106.3343017578125
 20
-105.39066225338904
 30
0.0
 10
-106.193310546875
 20
-105.11593080807654
 30
0.0
  0
SPLINE
  5
8F0
330
17
100
AcDbEntity
  8
dimensions
100
AcDbSpline
 70
0
 71
2
 72
6
 73
3
 74
0
 40
0.0
 40
0.0
 40
0.0
 40
1.0
 40
1.0
 40
1.0
 10
-106.193310546875
 20
-105.11593080807654
 30
0.0
 10
-106.0523193359375
 20
-104.84119936276403
 30
0.0
 10
-105.79208984375
 20
-104.69859682370154
 30
0.0
  0
SPLINE
  5
8F1
330
17
100
AcDbEntity
  8
dimensions
100
AcDbSpline
 70
0
 71
2
 72
6
 73
3
 74
0
 40
0.0
 40
0.0
 40
0.0
 40
1.0
 40
1.0
 40
1.0
 10
-105.79208984375
 20
-104.69859682370154
 30
0.0
 10
-105.5318603515625
 20
-104.55599428463904
 30
0.0
 10
-105.2192626953125
 20
-104.55599428463904
 30
0.0
  0
SPLINE
  5
8F2
330
17
100
AcDbEntity
  8
dimensions
100
AcDbSpline
 70
0
 71
2
 72
6
 73
3
 74
0
 40
0.0
 40
0.0
 40
0.0
 40
1.0
 40
1.0
 40
1.0
 10
-105.2192626953125
 20
-104.55599428463904
 30
0.0
 10
-104.8647705078125
 20
-104.55599428463904
 30
0.0
 10
-104.6230712890625
 20
-104.73646303463903
 30
0.0
  0
SPLINE
  5
8F3
330
17
100
AcDbEntity
  8
dimensions
100
AcDbSpline
 70
0
 71
2
 72
6
 73
3
 74
0
 40
0.0
 40
0.0
 40
0.0
 40
1.0
 40
1.0
 40
1.0
 10
-104.6230712890625
 20
-104.73646303463903
 30
0.0
 10
-104.3813720703125
 20
-104.91693178463903
 30
0.0
 10
-104.2863037109375
 20
-105.24403139401403
 30
0.0
  0
LINE
  5
8F4
330
17
100
AcDbEntity
  8
dimensions
100
AcDbLine
 10
-104.5940673828125
 20
-105.31654115963903
 30
0.0
 11
-104.2863037109375
 21
-105.24403139401403
 31
0.0
  0
SPLINE
  5
8F5
330
17
100
AcDbEntity
  8
dimensions
100
AcDbSpline
 70
0
 71
2
 72
6
 73
3
 74
0
 40
0.0
 40
0.0
 40
0.0
 40
1.0
 40
1.0
 40
1.0
 10
-104.5940673828125
 20
-105.31654115963903
 30
0.0
 10
-104.6762451171875
 20
-105.05872865963903
 30
0.0
 10
-104.8325439453125
 20
-104.94110170651403
 30
0.0
  0
SPLINE
  5
8F6
330
17
100
AcDbEntity
  8
dimensions
100
AcDbSpline
 70
0
 71
2
 72
6
 73
3
 74
0
 40
0.0
 40
0.0
 40
0.0
 40
1.0
 40
1.0
 40
1.0
 10
-104.8325439453125
 20
-104.94110170651403
 30
0.0
 10
-104.9888427734375
 20
-104.82347475338904
 30
0.0
 10
-105.2257080078125
 20
-104.82347475338904
 30
0.0
  0
SPLINE
  5
8F7
330
17
100
AcDbEntity
  8
dimensions
100
AcDbSpline
 70
0
 71
2
 72
6
 73
3
 74
0
 40
0.0
 40
0.0
 40
0.0
 40
1.0
 40
1.0
 40
1.0
 10
-105.2257080078125
 20
-104.82347475338904
 30
0.0
 10
-105.4980224609375
 20
-104.82347475338904
 30
0.0
 10
-105.680908203125
 20
-104.95399233151403
 30
0.0
  0
SPLINE
  5
8F8
330
17
100
AcDbEntity
  8
dimensions
100
AcDbSpline
 70
0
 71
2
 72
6
 73
3
 74
0
 40
0.0
 40
0.0
 40
0.0
 40
1.0
 40
1.0
 40
1.0
 10
-105.680908203125
 20
-104.95399233151403
 30
0.0
 10
-105.8637939453125
 20
-105.08450990963904
 30
0.0
 10
-105.9379150390625
 20
-105.30445619870153
 30
0.0
  0
SPLINE
  5
8F9
330
17
100
AcDbEntity
  8
dimensions
100
AcDbSpline
 70
0
 71
2
 72
6
 73
3
 74
0
 40
0.0
 40
0.0
 40
0.0
 40
1.0
 40
1.0
 40
1.0
 10
-105.9379150390625
 20
-105.30445619870153
 30
0.0
 10
-106.0120361328125
 20
-105.52440248776404
 30
0.0
 10
-106.0120361328125
 20
-105.75804506588904
 30
0.0
  0
SPLINE
  5
8FA
330
17
100
AcDbEntity
  8
dimensions
100
AcDbSpline
 70
0
 71
2
 72
6
 73
3
 74
0
 40
0.0
 40
0.0
 40
0.0
 40
1.0
 40
1.0
 40
1.0
 10
-106.0120361328125
 20
-105.75804506588904
 30
0.0
 10
-106.0120361328125
 20
-106.05936342526404
 30
0.0
 10
-105.92421875
 20
-106.28414369870154
 30
0.0
  0
SPLINE
  5
8FB
330
17
100
AcDbEntity
  8
dimensions
100
AcDbSpline
 70
0
 71
2
 72
6
 73
3
 74
0
 40
0.0
 40
0.0
 40
0.0
 40
1.0
 40
1.0
 40
1.0
 10
-105.92421875
 20
-106.28414369870154
 30
0.0
 10
-105.8364013671875
 20
-106.50892397213903
 30
0.0
 10
-105.6510986328125
 20
-106.62010561276404
 30
0.0
  0
SPLINE
  5
8FC
330
17
100
AcDbEntity
  8
dimensions
100
AcDbSpline
 70
0
 71
2
 72
6
 73
3
 74
0
 40
0.0
 40
0.0
 40
0.0
 40
1.0
 40
1.0
 40
1.0
 10
-105.6510986328125
 20
-106.62010561276404
 30
0.0
 10
-105.4657958984375
 20
-106.73128725338904
 30
0.0
 10
-105.2498779296875
 20
-106.73128725338904
 30
0.0
  0
SPLINE
  5
8FD
330
17
100
AcDbEntity
  8
dimensions
100
AcDbSpline
 70
0
 71
2
 72
6
 73
3
 74
0
 40
0.0
 40
0.0
 40
0.0
 40
1.0
 40
1.0
 40
1.0
 10
-105.2498779296875
 20
-106.73128725338904
 30
0.0
 10
-104.9872314453125
 20
-106.73128725338904
 30
0.0
 10
-104.8051513671875
 20
-106.57982240963904
 30
0.0
  0
SPLINE
  5
8FE
330
17
100
AcDbEntity
  8
dimensions
100
AcDbSpline
 70
0
 71
2
 72
6
 73
3
 74
0
 40
0.0
 40
0.0
 40
0.0
 40
1.0
 40
1.0
 40
1.0
 10
-104.8051513671875
 20
-106.57982240963904
 30
0.0
 10
-104.6230712890625
 20
-106.42835756588903
 30
0.0
 10
-104.5586181640625
 20
-106.13026186276403
 30
0.0
  0
LINE
  5
8FF
330
17
100
AcDbEntity
  8
dimensions
100
AcDbLine
 10
-103.2598876953125
 20
-106.95848451901404
 30
0.0
 11
-102.9472900390625
 21
-106.95848451901404
 31
0.0
  0
LINE
  5
900
330
17
100
AcDbEntity
  8
dimensions
100
AcDbLine
 10
-103.2598876953125
 20
-104.87503725338904
 30
0.0
 11
-103.2598876953125
 21
-106.95848451901404
 31
0.0
  0
LINE
  5
901
330
17
100
AcDbEntity
  8
dimensions
100
AcDbLine
 10
-104.0381591796875
 20
-104.87503725338904
 30
0.0
 11
-103.2598876953125
 21
-104.87503725338904
 31
0.0
  0
LINE
  5
902
330
17
100
AcDbEntity
  8
dimensions
100
AcDbLine
 10
-104.0381591796875
 20
-104.59627748776404
 30
0.0
 11
-104.0381591796875
 21
-104.87503725338904
 31
0.0
  0
LINE
  5
903
330
17
100
AcDbEntity
  8
dimensions
100
AcDbLine
 10
-102.1657958984375
 20
-104.59627748776404
 30
0.0
 11
-104.0381591796875
 21
-104.59627748776404
 31
0.0
  0
LINE
  5
904
330
17
100
AcDbEntity
  8
dimensions
100
AcDbLine
 10
-102.1657958984375
 20
-104.87503725338904
 30
0.0
 11
-102.1657958984375
 21
-104.59627748776404
 31
0.0
  0
LINE
  5
905
330
17
100
AcDbEntity
  8
dimensions
100
AcDbLine
 10
-102.9472900390625
 20
-104.87503725338904
 30
0.0
 11
-102.1657958984375
 21
-104.87503725338904
 31
0.0
  0
LINE
  5
906
330
17
100
AcDbEntity
  8
dimensions
100
AcDbLine
 10
-102.9472900390625
 20
-106.95848451901404
 30
0.0
 11
-102.9472900390625
 21
-104.87503725338904
 31
0.0
  0
LINE
  5
907
330
17
100
AcDbEntity
  8
dimensions
100
AcDbLine
 10
-101.7919677734375
 20
-106.95848451901404
 30
0.0
 11
-101.4793701171875
 21
-106.95848451901404
 31
0.0
  0
LINE
  5
908
330
17
100
AcDbEntity
  8
dimensions
100
AcDbLine
 10
-101.7919677734375
 20
-104.59627748776404
 30
0.0
 11
-101.7919677734375
 21
-106.95848451901404
 31
0.0
  0
LINE
  5
909
330
17
100
AcDbEntity
  8
dimensions
100
AcDbLine
 10
-101.4793701171875
 20
-104.59627748776404
 30
0.0
 11
-101.7919677734375
 21
-104.59627748776404
 31
0.0
  0
LINE
  5
90A
330
17
100
AcDbEntity
  8
dimensions
100
AcDbLine
 10
-101.4793701171875
 20
-106.95848451901404
 30
0.0
 11
-101.4793701171875
 21
-104.59627748776404
 31
0.0
  0
SPLINE
  5
90B
330
17
100
AcDbEntity
  8
dimensions
100
AcDbSpline
 70
0
 71
2
 72
6
 73
3
 74
0
 40
0.0
 40
0.0
 40
0.0
 40
1.0
 40
1.0
 40
1.0
 10
-101.02336425781249
 20
-105.80799623776403
 30
0.0
 10
-101.02336425781249
 20
-105.21986147213903
 30
0.0
 10
-100.7075439453125
 20
-104.88712221432654
 30
0.0
  0
SPLINE
  5
90C
330
17
100
AcDbEntity
  8
dimensions
100
AcDbSpline
 70
0
 71
2
 72
6
 73
3
 74
0
 40
0.0
 40
0.0
 40
0.0
 40
1.0
 40
1.0
 40
1.0
 10
-100.7075439453125
 20
-104.88712221432654
 30
0.0
 10
-100.3917236328125
 20
-104.55438295651403
 30
0.0
 10
-99.8922119140625
 20
-104.55438295651403
 30
0.0
  0
SPLINE
  5
90D
330
17
100
AcDbEntity
  8
dimensions
100
AcDbSpline
 70
0
 71
2
 72
6
 73
3
 74
0
 40
0.0
 40
0.0
 40
0.0
 40
1.0
 40
1.0
 40
1.0
 10
-99.8922119140625
 20
-104.55438295651403
 30
0.0
 10
-99.56511230468749
 20
-104.55438295651403
 30
0.0
 10
-99.30246582031249
 20
-104.71068178463904
 30
0.0
  0
SPLINE
  5
90E
330
17
100
AcDbEntity
  8
dimensions
100
AcDbSpline
 70
0
 71
2
 72
6
 73
3
 74
0
 40
0.0
 40
0.0
 40
0.0
 40
1.0
 40
1.0
 40
1.0
 10
-99.30246582031249
 20
-104.71068178463904
 30
0.0
 10
-99.0398193359375
 20
-104.86698061276404
 30
0.0
 10
-98.90205078125
 20
-105.14654604245153
 30
0.0
  0
SPLINE
  5
90F
330
17
100
AcDbEntity
  8
dimensions
100
AcDbSpline
 70
0
 71
2
 72
6
 73
3
 74
0
 40
0.0
 40
0.0
 40
0.0
 40
1.0
 40
1.0
 40
1.0
 10
-98.90205078125
 20
-105.14654604245153
 30
0.0
 10
-98.7642822265625
 20
-105.42611147213904
 30
0.0
 10
-98.7642822265625
 20
-105.78060365963904
 30
0.0
  0
SPLINE
  5
910
330
17
100
AcDbEntity
  8
dimensions
100
AcDbSpline
 70
0
 71
2
 72
6
 73
3
 74
0
 40
0.0
 40
0.0
 40
0.0
 40
1.0
 40
1.0
 40
1.0
 10
-98.7642822265625
 20
-105.78060365963904
 30
0.0
 10
-98.7642822265625
 20
-106.13992983151404
 30
0.0
 10
-98.9093017578125
 20
-106.42352358151403
 30
0.0
  0
SPLINE
  5
911
330
17
100
AcDbEntity
  8
dimensions
100
AcDbSpline
 70
0
 71
2
 72
6
 73
3
 74
0
 40
0.0
 40
0.0
 40
0.0
 40
1.0
 40
1.0
 40
1.0
 10
-98.9093017578125
 20
-106.42352358151403
 30
0.0
 10
-99.0543212890625
 20
-106.70711733151404
 30
0.0
 10
-99.3201904296875
 20
-106.85294252682654
 30
0.0
  0
SPLINE
  5
912
330
17
100
AcDbEntity
  8
dimensions
100
AcDbSpline
 70
0
 71
2
 72
6
 73
3
 74
0
 40
0.0
 40
0.0
 40
0.0
 40
1.0
 40
1.0
 40
1.0
 10
-99.3201904296875
 20
-106.85294252682654
 30
0.0
 10
-99.5860595703125
 20
-106.99876772213904
 30
0.0
 10
-99.8938232421875
 20
-106.99876772213904
 30
0.0
  0
SPLINE
  5
913
330
17
100
AcDbEntity
  8
dimensions
100
AcDbSpline
 70
0
 71
2
 72
6
 73
3
 74
0
 40
0.0
 40
0.0
 40
0.0
 40
1.0
 40
1.0
 40
1.0
 10
-99.8938232421875
 20
-106.99876772213904
 30
0.0
 10
-100.2273681640625
 20
-106.99876772213904
 30
0.0
 10
-100.4900146484375
 20
-106.83763490963904
 30
0.0
  0
SPLINE
  5
914
330
17
100
AcDbEntity
  8
dimensions
100
AcDbSpline
 70
0
 71
2
 72
6
 73
3
 74
0
 40
0.0
 40
0.0
 40
0.0
 40
1.0
 40
1.0
 40
1.0
 10
-100.4900146484375
 20
-106.83763490963904
 30
0.0
 10
-100.75266113281249
 20
-106.67650209713904
 30
0.0
 10
-100.8880126953125
 20
-106.39774233151404
 30
0.0
  0
SPLINE
  5
915
330
17
100
AcDbEntity
  8
dimensions
100
AcDbSpline
 70
0
 71
2
 72
6
 73
3
 74
0
 40
0.0
 40
0.0
 40
0.0
 40
1.0
 40
1.0
 40
1.0
 10
-100.8880126953125
 20
-106.39774233151404
 30
0.0
 10
-101.02336425781249
 20
-106.11898256588904
 30
0.0
 10
-101.02336425781249
 20
-105.80799623776403
 30
0.0
  0
SPLINE
  5
916
330
17
100
AcDbEntity
  8
dimensions
100
AcDbSpline
 70
0
 71
2
 72
6
 73
3
 74
0
 40
0.0
 40
0.0
 40
0.0
 40
1.0
 40
1.0
 40
1.0
 10
-100.70109863281249
 20
-105.81283022213904
 30
0.0
 10
-100.70109863281249
 20
-106.23983217526404
 30
0.0
 10
-100.47148437499999
 20
-106.48555971432654
 30
0.0
  0
SPLINE
  5
917
330
17
100
AcDbEntity
  8
dimensions
100
AcDbSpline
 70
0
 71
2
 72
6
 73
3
 74
0
 40
0.0
 40
0.0
 40
0.0
 40
1.0
 40
1.0
 40
1.0
 10
-100.47148437499999
 20
-106.48555971432654
 30
0.0
 10
-100.24187011718749
 20
-106.73128725338904
 30
0.0
 10
-99.89543457031249
 20
-106.73128725338904
 30
0.0
  0
SPLINE
  5
918
330
17
100
AcDbEntity
  8
dimensions
100
AcDbSpline
 70
0
 71
2
 72
6
 73
3
 74
0
 40
0.0
 40
0.0
 40
0.0
 40
1.0
 40
1.0
 40
1.0
 10
-99.89543457031249
 20
-106.73128725338904
 30
0.0
 10
-99.5425537109375
 20
-106.73128725338904
 30
0.0
 10
-99.31455078124999
 20
-106.48314272213904
 30
0.0
  0
SPLINE
  5
919
330
17
100
AcDbEntity
  8
dimensions
100
AcDbSpline
 70
0
 71
2
 72
6
 73
3
 74
0
 40
0.0
 40
0.0
 40
0.0
 40
1.0
 40
1.0
 40
1.0
 10
-99.31455078124999
 20
-106.48314272213904
 30
0.0
 10
-99.0865478515625
 20
-106.23499819088903
 30
0.0
 10
-99.0865478515625
 20
-105.77899233151403
 30
0.0
  0
SPLINE
  5
91A
330
17
100
AcDbEntity
  8
dimensions
100
AcDbSpline
 70
0
 71
2
 72
6
 73
3
 74
0
 40
0.0
 40
0.0
 40
0.0
 40
1.0
 40
1.0
 40
1.0
 10
-99.0865478515625
 20
-105.77899233151403
 30
0.0
 10
-99.0865478515625
 20
-105.49056459713904
 30
0.0
 10
-99.184033203125
 20
-105.27545229245153
 30
0.0
  0
SPLINE
  5
91B
330
17
100
AcDbEntity
  8
dimensions
100
AcDbSpline
 70
0
 71
2
 72
6
 73
3
 74
0
 40
0.0
 40
0.0
 40
0.0
 40
1.0
 40
1.0
 40
1.0
 10
-99.184033203125
 20
-105.27545229245153
 30
0.0
 10
-99.2815185546875
 20
-105.06033998776404
 30
0.0
 10
-99.46923828125
 20
-104.94190737057653
 30
0.0
  0
SPLINE
  5
91C
330
17
100
AcDbEntity
  8
dimensions
100
AcDbSpline
 70
0
 71
2
 72
6
 73
3
 74
0
 40
0.0
 40
0.0
 40
0.0
 40
1.0
 40
1.0
 40
1.0
 10
-99.46923828125
 20
-104.94190737057653
 30
0.0
 10
-99.65695800781249
 20
-104.82347475338904
 30
0.0
 10
-99.89060058593749
 20
-104.82347475338904
 30
0.0
  0
SPLINE
  5
91D
330
17
100
AcDbEntity
  8
dimensions
100
AcDbSpline
 70
0
 71
2
 72
6
 73
3
 74
0
 40
0.0
 40
0.0
 40
0.0
 40
1.0
 40
1.0
 40
1.0
 10
-99.89060058593749
 20
-104.82347475338904
 30
0.0
 10
-100.2225341796875
 20
-104.82347475338904
 30
0.0
 10
-100.46181640625
 20
-105.05147768307654
 30
0.0
  0
SPLINE
  5
91E
330
17
100
AcDbEntity
  8
dimensions
100
AcDbSpline
 70
0
 71
2
 72
6
 73
3
 74
0
 40
0.0
 40
0.0
 40
0.0
 40
1.0
 40
1.0
 40
1.0
 10
-100.46181640625
 20
-105.05147768307654
 30
0.0
 10
-100.70109863281249
 20
-105.27948061276403
 30
0.0
 10
-100.70109863281249
 20
-105.81283022213904
 30
0.0
  0
LINE
  5
91F
330
17
100
AcDbEntity
  8
dimensions
100
AcDbLine
 10
-98.3646728515625
 20
-106.95848451901404
 30
0.0
 11
-98.0649658203125
 21
-106.95848451901404
 31
0.0
  0
LINE
  5
920
330
17
100
AcDbEntity
  8
dimensions
100
AcDbLine
 10
-98.3646728515625
 20
-104.59627748776404
 30
0.0
 11
-98.3646728515625
 21
-106.95848451901404
 31
0.0
  0
LINE
  5
921
330
17
100
AcDbEntity
  8
dimensions
100
AcDbLine
 10
-98.0440185546875
 20
-104.59627748776404
 30
0.0
 11
-98.3646728515625
 21
-104.59627748776404
 31
0.0
  0
LINE
  5
922
330
17
100
AcDbEntity
  8
dimensions
100
AcDbLine
 10
-96.8032958984375
 20
-106.45091615963904
 30
0.0
 11
-98.0440185546875
 21
-104.59627748776404
 31
0.0
  0
LINE
  5
923
330
17
100
AcDbEntity
  8
dimensions
100
AcDbLine
 10
-96.8032958984375
 20
-104.59627748776404
 30
0.0
 11
-96.8032958984375
 21
-106.45091615963904
 31
0.0
  0
LINE
  5
924
330
17
100
AcDbEntity
  8
dimensions
100
AcDbLine
 10
-96.5035888671875
 20
-104.59627748776404
 30
0.0
 11
-96.8032958984375
 21
-104.59627748776404
 31
0.0
  0
LINE
  5
925
330
17
100
AcDbEntity
  8
dimensions
100
AcDbLine
 10
-96.5035888671875
 20
-106.95848451901404
 30
0.0
 11
-96.5035888671875
 21
-104.59627748776404
 31
0.0
  0
LINE
  5
926
330
17
100
AcDbEntity
  8
dimensions
100
AcDbLine
 10
-96.8242431640625
 20
-106.95848451901404
 30
0.0
 11
-96.5035888671875
 21
-106.95848451901404
 31
0.0
  0
LINE
  5
927
330
17
100
AcDbEntity
  8
dimensions
100
AcDbLine
 10
-98.0649658203125
 20
-105.10223451901403
 30
0.0
 11
-96.8242431640625
 21
-106.95848451901404
 31
0.0
  0
LINE
  5
928
330
17
100
AcDbEntity
  8
dimensions
100
AcDbLine
 10
-98.0649658203125
 20
-106.95848451901404
 30
0.0
 11
-98.0649658203125
 21
-105.10223451901403
 31
0.0
  0
LINE
  5
929
330
17
100
AcDbEntity
  8
dimensions
100
AcDbLine
 10
-95.3015380859375
 20
-106.95848451901404
 30
0.0
 11
-94.9260986328125
 21
-106.95848451901404
 31
0.0
  0
LINE
  5
92A
330
17
100
AcDbEntity
  8
dimensions
100
AcDbLine
 10
-94.3879150390625
 20
-105.72742983151403
 30
0.0
 11
-95.3015380859375
 21
-106.95848451901404
 31
0.0
  0
LINE
  5
92B
330
17
100
AcDbEntity
  8
dimensions
100
AcDbLine
 10
-95.1935791015625
 20
-104.59627748776404
 30
0.0
 11
-94.3879150390625
 21
-105.72742983151403
 31
0.0
  0
LINE
  5
92C
330
17
100
AcDbEntity
  8
dimensions
100
AcDbLine
 10
-94.8213623046875
 20
-104.59627748776404
 30
0.0
 11
-95.1935791015625
 21
-104.59627748776404
 31
0.0
  0
LINE
  5
92D
330
17
100
AcDbEntity
  8
dimensions
100
AcDbLine
 10
-94.3927490234375
 20
-105.20213686276404
 30
0.0
 11
-94.8213623046875
 21
-104.59627748776404
 31
0.0
  0
SPLINE
  5
92E
330
17
100
AcDbEntity
  8
dimensions
100
AcDbSpline
 70
0
 71
2
 72
6
 73
3
 74
0
 40
0.0
 40
0.0
 40
0.0
 40
1.0
 40
1.0
 40
1.0
 10
-94.3927490234375
 20
-105.20213686276404
 30
0.0
 10
-94.2590087890625
 20
-105.39066225338904
 30
0.0
 10
-94.2026123046875
 20
-105.49217592526404
 30
0.0
  0
SPLINE
  5
92F
330
17
100
AcDbEntity
  8
dimensions
100
AcDbSpline
 70
0
 71
2
 72
6
 73
3
 74
0
 40
0.0
 40
0.0
 40
0.0
 40
1.0
 40
1.0
 40
1.0
 10
-94.2026123046875
 20
-105.49217592526404
 30
0.0
 10
-94.1236572265625
 20
-105.36326967526404
 30
0.0
 10
-94.0156982421875
 20
-105.22308412838903
 30
0.0
  0
LINE
  5
930
330
17
100
AcDbEntity
  8
dimensions
100
AcDbLine
 10
-93.5403564453125
 20
-104.59627748776404
 30
0.0
 11
-94.0156982421875
 21
-105.22308412838903
 31
0.0
  0
LINE
  5
931
330
17
100
AcDbEntity
  8
dimensions
100
AcDbLine
 10
-93.2003662109375
 20
-104.59627748776404
 30
0.0
 11
-93.5403564453125
 21
-104.59627748776404
 31
0.0
  0
LINE
  5
932
330
17
100
AcDbEntity
  8
dimensions
100
AcDbLine
 10
-94.0302001953125
 20
-105.70970522213904
 30
0.0
 11
-93.2003662109375
 21
-104.59627748776404
 31
0.0
  0
LINE
  5
933
330
17
100
AcDbEntity
  8
dimensions
100
AcDbLine
 10
-93.1359130859375
 20
-106.95848451901404
 30
0.0
 11
-94.0302001953125
 21
-105.70970522213904
 31
0.0
  0
LINE
  5
934
330
17
100
AcDbEntity
  8
dimensions
100
AcDbLine
 10
-93.5226318359375
 20
-106.95848451901404
 30
0.0
 11
-93.1359130859375
 21
-106.95848451901404
 31
0.0
  0
LINE
  5
935
330
17
100
AcDbEntity
  8
dimensions
100
AcDbLine
 10
-94.1172119140625
 20
-106.11575990963904
 30
0.0
 11
-93.5226318359375
 21
-106.95848451901404
 31
0.0
  0
SPLINE
  5
936
330
17
100
AcDbEntity
  8
dimensions
100
AcDbSpline
 70
0
 71
2
 72
6
 73
3
 74
0
 40
0.0
 40
0.0
 40
0.0
 40
1.0
 40
1.0
 40
1.0
 10
-94.1172119140625
 20
-106.11575990963904
 30
0.0
 10
-94.1671630859375
 20
-106.04325014401404
 30
0.0
 10
-94.2203369140625
 20
-105.95784975338904
 30
0.0
  0
SPLINE
  5
937
330
17
100
AcDbEntity
  8
dimensions
100
AcDbSpline
 70
0
 71
2
 72
6
 73
3
 74
0
 40
0.0
 40
0.0
 40
0.0
 40
1.0
 40
1.0
 40
1.0
 10
-94.2203369140625
 20
-105.95784975338904
 30
0.0
 10
-94.2992919921875
 20
-106.08675600338904
 30
0.0
 10
-94.3331298828125
 20
-106.13509584713904
 30
0.0
  0
LINE
  5
938
330
17
100
AcDbEntity
  8
dimensions
100
AcDbLine
 10
-94.9260986328125
 20
-106.95848451901404
 30
0.0
 11
-94.3331298828125
 21
-106.13509584713904
 31
0.0
  0
LINE
  5
939
330
17
100
AcDbEntity
  8
dimensions
100
AcDbLine
 10
-93.04890136718751
 20
-106.95848451901404
 30
0.0
 11
-91.1813720703125
 21
-106.95848451901404
 31
0.0
  0
LINE
  5
93A
330
17
100
AcDbEntity
  8
dimensions
100
AcDbLine
 10
-93.04890136718751
 20
-106.66844545651404
 30
0.0
 11
-93.04890136718751
 21
-106.95848451901404
 31
0.0
  0
LINE
  5
93B
330
17
100
AcDbEntity
  8
dimensions
100
AcDbLine
 10
-91.8387939453125
 20
-105.15540834713903
 30
0.0
 11
-93.04890136718751
 21
-106.66844545651404
 31
0.0
  0
SPLINE
  5
93C
330
17
100
AcDbEntity
  8
dimensions
100
AcDbSpline
 70
0
 71
2
 72
6
 73
3
 74
0
 40
0.0
 40
0.0
 40
0.0
 40
1.0
 40
1.0
 40
1.0
 10
-91.8387939453125
 20
-105.15540834713903
 30
0.0
 10
-91.7098876953125
 20
-104.99427553463903
 30
0.0
 10
-91.5938720703125
 20
-104.87503725338904
 30
0.0
  0
LINE
  5
93D
330
17
100
AcDbEntity
  8
dimensions
100
AcDbLine
 10
-92.91193847656251
 20
-104.87503725338904
 30
0.0
 11
-91.5938720703125
 21
-104.87503725338904
 31
0.0
  0
LINE
  5
93E
330
17
100
AcDbEntity
  8
dimensions
100
AcDbLine
 10
-92.91193847656251
 20
-104.59627748776404
 30
0.0
 11
-92.91193847656251
 21
-104.87503725338904
 31
0.0
  0
LINE
  5
93F
330
17
100
AcDbEntity
  8
dimensions
100
AcDbLine
 10
-91.22004394531251
 20
-104.59627748776404
 30
0.0
 11
-92.91193847656251
 21
-104.59627748776404
 31
0.0
  0
LINE
  5
940
330
17
100
AcDbEntity
  8
dimensions
100
AcDbLine
 10
-91.22004394531251
 20
-104.87503725338904
 30
0.0
 11
-91.22004394531251
 21
-104.59627748776404
 31
0.0
  0
LINE
  5
941
330
17
100
AcDbEntity
  8
dimensions
100
AcDbLine
 10
-92.54616699218751
 20
-106.51375795651404
 30
0.0
 11
-91.22004394531251
 21
-104.87503725338904
 31
0.0
  0
LINE
  5
942
330
17
100
AcDbEntity
  8
dimensions
100
AcDbLine
 10
-92.6895751953125
 20
-106.67972475338904
 30
0.0
 11
-92.54616699218751
 21
-106.51375795651404
 31
0.0
  0
LINE
  5
943
330
17
100
AcDbEntity
  8
dimensions
100
AcDbLine
 10
-91.1813720703125
 20
-106.67972475338904
 30
0.0
 11
-92.6895751953125
 21
-106.67972475338904
 31
0.0
  0
LINE
  5
944
330
17
100
AcDbEntity
  8
dimensions
100
AcDbLine
 10
-91.1813720703125
 20
-106.95848451901404
 30
0.0
 11
-91.1813720703125
 21
-106.67972475338904
 31
0.0
  0
LINE
  5
945
330
17
100
AcDbEntity
  8
dimensions
100
AcDbLine
 10
88.17900390625
 20
7.1081298828125
 30
0.0
 11
88.42421875
 21
7.1081298828125
 31
0.0
  0
LINE
  5
946
330
17
100
AcDbEntity
  8
dimensions
100
AcDbLine
 10
88.17900390625
 20
9.0408447265625
 30
0.0
 11
88.17900390625
 21
7.1081298828125
 31
0.0
  0
LINE
  5
947
330
17
100
AcDbEntity
  8
dimensions
100
AcDbLine
 10
88.441357421875
 20
9.0408447265625
 30
0.0
 11
88.17900390625
 21
9.0408447265625
 31
0.0
  0
LINE
  5
948
330
17
100
AcDbEntity
  8
dimensions
100
AcDbLine
 10
89.456494140625
 20
7.5234130859375
 30
0.0
 11
88.441357421875
 21
9.0408447265625
 31
0.0
  0
LINE
  5
949
330
17
100
AcDbEntity
  8
dimensions
100
AcDbLine
 10
89.456494140625
 20
9.0408447265625
 30
0.0
 11
89.456494140625
 21
7.5234130859375
 31
0.0
  0
LINE
  5
94A
330
17
100
AcDbEntity
  8
dimensions
100
AcDbLine
 10
89.701708984375
 20
9.0408447265625
 30
0.0
 11
89.456494140625
 21
9.0408447265625
 31
0.0
  0
LINE
  5
94B
330
17
100
AcDbEntity
  8
dimensions
100
AcDbLine
 10
89.701708984375
 20
7.1081298828125
 30
0.0
 11
89.701708984375
 21
9.0408447265625
 31
0.0
  0
LINE
  5
94C
330
17
100
AcDbEntity
  8
dimensions
100
AcDbLine
 10
89.43935546875
 20
7.1081298828125
 30
0.0
 11
89.701708984375
 21
7.1081298828125
 31
0.0
  0
LINE
  5
94D
330
17
100
AcDbEntity
  8
dimensions
100
AcDbLine
 10
88.42421875
 20
8.626879882812501
 30
0.0
 11
89.43935546875
 21
7.1081298828125
 31
0.0
  0
LINE
  5
94E
330
17
100
AcDbEntity
  8
dimensions
100
AcDbLine
 10
88.42421875
 20
7.1081298828125
 30
0.0
 11
88.42421875
 21
8.626879882812501
 31
0.0
  0
SPLINE
  5
94F
330
17
100
AcDbEntity
  8
dimensions
100
AcDbSpline
 70
0
 71
2
 72
6
 73
3
 74
0
 40
0.0
 40
0.0
 40
0.0
 40
1.0
 40
1.0
 40
1.0
 10
90.0537109375
 20
8.0494384765625
 30
0.0
 10
90.0537109375
 20
8.5306396484375
 30
0.0
 10
90.312109375
 20
8.802880859375001
 30
0.0
  0
SPLINE
  5
950
330
17
100
AcDbEntity
  8
dimensions
100
AcDbSpline
 70
0
 71
2
 72
6
 73
3
 74
0
 40
0.0
 40
0.0
 40
0.0
 40
1.0
 40
1.0
 40
1.0
 10
90.312109375
 20
8.802880859375001
 30
0.0
 10
90.57050781250001
 20
9.075122070312501
 30
0.0
 10
90.97919921875001
 20
9.075122070312501
 30
0.0
  0
SPLINE
  5
951
330
17
100
AcDbEntity
  8
dimensions
100
AcDbSpline
 70
0
 71
2
 72
6
 73
3
 74
0
 40
0.0
 40
0.0
 40
0.0
 40
1.0
 40
1.0
 40
1.0
 10
90.97919921875001
 20
9.075122070312501
 30
0.0
 10
91.246826171875
 20
9.075122070312501
 30
0.0
 10
91.46171875
 20
8.9472412109375
 30
0.0
  0
SPLINE
  5
952
330
17
100
AcDbEntity
  8
dimensions
100
AcDbSpline
 70
0
 71
2
 72
6
 73
3
 74
0
 40
0.0
 40
0.0
 40
0.0
 40
1.0
 40
1.0
 40
1.0
 10
91.46171875
 20
8.9472412109375
 30
0.0
 10
91.676611328125
 20
8.819360351562501
 30
0.0
 10
91.78933105468751
 20
8.590625000000001
 30
0.0
  0
SPLINE
  5
953
330
17
100
AcDbEntity
  8
dimensions
100
AcDbSpline
 70
0
 71
2
 72
6
 73
3
 74
0
 40
0.0
 40
0.0
 40
0.0
 40
1.0
 40
1.0
 40
1.0
 10
91.78933105468751
 20
8.590625000000001
 30
0.0
 10
91.90205078125001
 20
8.3618896484375
 30
0.0
 10
91.90205078125001
 20
8.0718505859375
 30
0.0
  0
SPLINE
  5
954
330
17
100
AcDbEntity
  8
dimensions
100
AcDbSpline
 70
0
 71
2
 72
6
 73
3
 74
0
 40
0.0
 40
0.0
 40
0.0
 40
1.0
 40
1.0
 40
1.0
 10
91.90205078125001
 20
8.0718505859375
 30
0.0
 10
91.90205078125001
 20
7.7778564453125005
 30
0.0
 10
91.78339843750001
 20
7.5458251953125
 30
0.0
  0
SPLINE
  5
955
330
17
100
AcDbEntity
  8
dimensions
100
AcDbSpline
 70
0
 71
2
 72
6
 73
3
 74
0
 40
0.0
 40
0.0
 40
0.0
 40
1.0
 40
1.0
 40
1.0
 10
91.78339843750001
 20
7.5458251953125
 30
0.0
 10
91.66474609375001
 20
7.313793945312501
 30
0.0
 10
91.44721679687501
 20
7.1944824218750005
 30
0.0
  0
SPLINE
  5
956
330
17
100
AcDbEntity
  8
dimensions
100
AcDbSpline
 70
0
 71
2
 72
6
 73
3
 74
0
 40
0.0
 40
0.0
 40
0.0
 40
1.0
 40
1.0
 40
1.0
 10
91.44721679687501
 20
7.1944824218750005
 30
0.0
 10
91.22968750000001
 20
7.0751708984375
 30
0.0
 10
90.977880859375
 20
7.0751708984375
 30
0.0
  0
SPLINE
  5
957
330
17
100
AcDbEntity
  8
dimensions
100
AcDbSpline
 70
0
 71
2
 72
6
 73
3
 74
0
 40
0.0
 40
0.0
 40
0.0
 40
1.0
 40
1.0
 40
1.0
 10
90.977880859375
 20
7.0751708984375
 30
0.0
 10
90.70498046875001
 20
7.0751708984375
 30
0.0
 10
90.490087890625
 20
7.2070068359375
 30
0.0
  0
SPLINE
  5
958
330
17
100
AcDbEntity
  8
dimensions
100
AcDbSpline
 70
0
 71
2
 72
6
 73
3
 74
0
 40
0.0
 40
0.0
 40
0.0
 40
1.0
 40
1.0
 40
1.0
 10
90.490087890625
 20
7.2070068359375
 30
0.0
 10
90.2751953125
 20
7.3388427734375
 30
0.0
 10
90.16445312500001
 20
7.5669189453125005
 30
0.0
  0
SPLINE
  5
959
330
17
100
AcDbEntity
  8
dimensions
100
AcDbSpline
 70
0
 71
2
 72
6
 73
3
 74
0
 40
0.0
 40
0.0
 40
0.0
 40
1.0
 40
1.0
 40
1.0
 10
90.16445312500001
 20
7.5669189453125005
 30
0.0
 10
90.0537109375
 20
7.794995117187501
 30
0.0
 10
90.0537109375
 20
8.0494384765625
 30
0.0
  0
SPLINE
  5
95A
330
17
100
AcDbEntity
  8
dimensions
100
AcDbSpline
 70
0
 71
2
 72
6
 73
3
 74
0
 40
0.0
 40
0.0
 40
0.0
 40
1.0
 40
1.0
 40
1.0
 10
90.3173828125
 20
8.0454833984375
 30
0.0
 10
90.3173828125
 20
7.696118164062501
 30
0.0
 10
90.5052490234375
 20
7.495068359375001
 30
0.0
  0
SPLINE
  5
95B
330
17
100
AcDbEntity
  8
dimensions
100
AcDbSpline
 70
0
 71
2
 72
6
 73
3
 74
0
 40
0.0
 40
0.0
 40
0.0
 40
1.0
 40
1.0
 40
1.0
 10
90.5052490234375
 20
7.495068359375001
 30
0.0
 10
90.693115234375
 20
7.294018554687501
 30
0.0
 10
90.9765625
 20
7.294018554687501
 30
0.0
  0
SPLINE
  5
95C
330
17
100
AcDbEntity
  8
dimensions
100
AcDbSpline
 70
0
 71
2
 72
6
 73
3
 74
0
 40
0.0
 40
0.0
 40
0.0
 40
1.0
 40
1.0
 40
1.0
 10
90.9765625
 20
7.294018554687501
 30
0.0
 10
91.26528320312501
 20
7.294018554687501
 30
0.0
 10
91.4518310546875
 20
7.4970458984375
 30
0.0
  0
SPLINE
  5
95D
330
17
100
AcDbEntity
  8
dimensions
100
AcDbSpline
 70
0
 71
2
 72
6
 73
3
 74
0
 40
0.0
 40
0.0
 40
0.0
 40
1.0
 40
1.0
 40
1.0
 10
91.4518310546875
 20
7.4970458984375
 30
0.0
 10
91.63837890625001
 20
7.7000732421875
 30
0.0
 10
91.63837890625001
 20
8.073168945312501
 30
0.0
  0
SPLINE
  5
95E
330
17
100
AcDbEntity
  8
dimensions
100
AcDbSpline
 70
0
 71
2
 72
6
 73
3
 74
0
 40
0.0
 40
0.0
 40
0.0
 40
1.0
 40
1.0
 40
1.0
 10
91.63837890625001
 20
8.073168945312501
 30
0.0
 10
91.63837890625001
 20
8.3091552734375
 30
0.0
 10
91.55861816406251
 20
8.485156250000001
 30
0.0
  0
SPLINE
  5
95F
330
17
100
AcDbEntity
  8
dimensions
100
AcDbSpline
 70
0
 71
2
 72
6
 73
3
 74
0
 40
0.0
 40
0.0
 40
0.0
 40
1.0
 40
1.0
 40
1.0
 10
91.55861816406251
 20
8.485156250000001
 30
0.0
 10
91.478857421875
 20
8.661157226562501
 30
0.0
 10
91.32526855468751
 20
8.758056640625
 30
0.0
  0
SPLINE
  5
960
330
17
100
AcDbEntity
  8
dimensions
100
AcDbSpline
 70
0
 71
2
 72
6
 73
3
 74
0
 40
0.0
 40
0.0
 40
0.0
 40
1.0
 40
1.0
 40
1.0
 10
91.32526855468751
 20
8.758056640625
 30
0.0
 10
91.1716796875
 20
8.8549560546875
 30
0.0
 10
90.980517578125
 20
8.8549560546875
 30
0.0
  0
SPLINE
  5
961
330
17
100
AcDbEntity
  8
dimensions
100
AcDbSpline
 70
0
 71
2
 72
6
 73
3
 74
0
 40
0.0
 40
0.0
 40
0.0
 40
1.0
 40
1.0
 40
1.0
 10
90.980517578125
 20
8.8549560546875
 30
0.0
 10
90.70893554687501
 20
8.8549560546875
 30
0.0
 10
90.5131591796875
 20
8.668408203125
 30
0.0
  0
SPLINE
  5
962
330
17
100
AcDbEntity
  8
dimensions
100
AcDbSpline
 70
0
 71
2
 72
6
 73
3
 74
0
 40
0.0
 40
0.0
 40
0.0
 40
1.0
 40
1.0
 40
1.0
 10
90.5131591796875
 20
8.668408203125
 30
0.0
 10
90.3173828125
 20
8.481860351562501
 30
0.0
 10
90.3173828125
 20
8.0454833984375
 30
0.0
  0
LINE
  5
963
330
17
100
AcDbEntity
  8
dimensions
100
AcDbLine
 10
92.22373046874999
 20
7.1081298828125
 30
0.0
 11
92.47026367187499
 21
7.1081298828125
 31
0.0
  0
LINE
  5
964
330
17
100
AcDbEntity
  8
dimensions
100
AcDbLine
 10
92.22373046874999
 20
9.0408447265625
 30
0.0
 11
92.22373046874999
 21
7.1081298828125
 31
0.0
  0
LINE
  5
965
330
17
100
AcDbEntity
  8
dimensions
100
AcDbLine
 10
92.60869140624999
 20
9.0408447265625
 30
0.0
 11
92.22373046874999
 21
9.0408447265625
 31
0.0
  0
LINE
  5
966
330
17
100
AcDbEntity
  8
dimensions
100
AcDbLine
 10
93.066162109375
 20
7.6723876953125005
 30
0.0
 11
92.60869140624999
 21
9.0408447265625
 31
0.0
  0
SPLINE
  5
967
330
17
100
AcDbEntity
  8
dimensions
100
AcDbSpline
 70
0
 71
2
 72
6
 73
3
 74
0
 40
0.0
 40
0.0
 40
0.0
 40
1.0
 40
1.0
 40
1.0
 10
93.066162109375
 20
7.6723876953125005
 30
0.0
 10
93.12944335937499
 20
7.4812255859375005
 30
0.0
 10
93.158447265625
 20
7.386303710937501
 30
0.0
  0
SPLINE
  5
968
330
17
100
AcDbEntity
  8
dimensions
100
AcDbSpline
 70
0
 71
2
 72
6
 73
3
 74
0
 40
0.0
 40
0.0
 40
0.0
 40
1.0
 40
1.0
 40
1.0
 10
93.158447265625
 20
7.386303710937501
 30
0.0
 10
93.19140625
 20
7.491772460937501
 30
0.0
 10
93.26127929687499
 20
7.696118164062501
 30
0.0
  0
LINE
  5
969
330
17
100
AcDbEntity
  8
dimensions
100
AcDbLine
 10
93.7240234375
 20
9.0408447265625
 30
0.0
 11
93.26127929687499
 21
7.696118164062501
 31
0.0
  0
LINE
  5
96A
330
17
100
AcDbEntity
  8
dimensions
100
AcDbLine
 10
94.068115234375
 20
9.0408447265625
 30
0.0
 11
93.7240234375
 21
9.0408447265625
 31
0.0
  0
LINE
  5
96B
330
17
100
AcDbEntity
  8
dimensions
100
AcDbLine
 10
94.068115234375
 20
7.1081298828125
 30
0.0
 11
94.068115234375
 21
9.0408447265625
 31
0.0
  0
LINE
  5
96C
330
17
100
AcDbEntity
  8
dimensions
100
AcDbLine
 10
93.82158203124999
 20
7.1081298828125
 30
0.0
 11
94.068115234375
 21
7.1081298828125
 31
0.0
  0
LINE
  5
96D
330
17
100
AcDbEntity
  8
dimensions
100
AcDbLine
 10
93.82158203124999
 20
8.725756835937501
 30
0.0
 11
93.82158203124999
 21
7.1081298828125
 31
0.0
  0
LINE
  5
96E
330
17
100
AcDbEntity
  8
dimensions
100
AcDbLine
 10
93.2599609375
 20
7.1081298828125
 30
0.0
 11
93.82158203124999
 21
8.725756835937501
 31
0.0
  0
LINE
  5
96F
330
17
100
AcDbEntity
  8
dimensions
100
AcDbLine
 10
93.029248046875
 20
7.1081298828125
 30
0.0
 11
93.2599609375
 21
7.1081298828125
 31
0.0
  0
LINE
  5
970
330
17
100
AcDbEntity
  8
dimensions
100
AcDbLine
 10
92.47026367187499
 20
8.753442382812501
 30
0.0
 11
93.029248046875
 21
7.1081298828125
 31
0.0
  0
LINE
  5
971
330
17
100
AcDbEntity
  8
dimensions
100
AcDbLine
 10
92.47026367187499
 20
7.1081298828125
 30
0.0
 11
92.47026367187499
 21
8.753442382812501
 31
0.0
  0
LINE
  5
972
330
17
100
AcDbEntity
  8
dimensions
100
AcDbLine
 10
94.524267578125
 20
7.1081298828125
 30
0.0
 11
94.780029296875
 21
7.1081298828125
 31
0.0
  0
LINE
  5
973
330
17
100
AcDbEntity
  8
dimensions
100
AcDbLine
 10
94.524267578125
 20
9.0408447265625
 30
0.0
 11
94.524267578125
 21
7.1081298828125
 31
0.0
  0
LINE
  5
974
330
17
100
AcDbEntity
  8
dimensions
100
AcDbLine
 10
94.780029296875
 20
9.0408447265625
 30
0.0
 11
94.524267578125
 21
9.0408447265625
 31
0.0
  0
LINE
  5
975
330
17
100
AcDbEntity
  8
dimensions
100
AcDbLine
 10
94.780029296875
 20
7.1081298828125
 30
0.0
 11
94.780029296875
 21
9.0408447265625
 31
0.0
  0
LINE
  5
976
330
17
100
AcDbEntity
  8
dimensions
100
AcDbLine
 10
95.228271484375
 20
7.1081298828125
 30
0.0
 11
95.47348632812499
 21
7.1081298828125
 31
0.0
  0
LINE
  5
977
330
17
100
AcDbEntity
  8
dimensions
100
AcDbLine
 10
95.228271484375
 20
9.0408447265625
 30
0.0
 11
95.228271484375
 21
7.1081298828125
 31
0.0
  0
LINE
  5
978
330
17
100
AcDbEntity
  8
dimensions
100
AcDbLine
 10
95.490625
 20
9.0408447265625
 30
0.0
 11
95.228271484375
 21
9.0408447265625
 31
0.0
  0
LINE
  5
979
330
17
100
AcDbEntity
  8
dimensions
100
AcDbLine
 10
96.50576171875
 20
7.5234130859375
 30
0.0
 11
95.490625
 21
9.0408447265625
 31
0.0
  0
LINE
  5
97A
330
17
100
AcDbEntity
  8
dimensions
100
AcDbLine
 10
96.50576171875
 20
9.0408447265625
 30
0.0
 11
96.50576171875
 21
7.5234130859375
 31
0.0
  0
LINE
  5
97B
330
17
100
AcDbEntity
  8
dimensions
100
AcDbLine
 10
96.7509765625
 20
9.0408447265625
 30
0.0
 11
96.50576171875
 21
9.0408447265625
 31
0.0
  0
LINE
  5
97C
330
17
100
AcDbEntity
  8
dimensions
100
AcDbLine
 10
96.7509765625
 20
7.1081298828125
 30
0.0
 11
96.7509765625
 21
9.0408447265625
 31
0.0
  0
LINE
  5
97D
330
17
100
AcDbEntity
  8
dimensions
100
AcDbLine
 10
96.48862304687499
 20
7.1081298828125
 30
0.0
 11
96.7509765625
 21
7.1081298828125
 31
0.0
  0
LINE
  5
97E
330
17
100
AcDbEntity
  8
dimensions
100
AcDbLine
 10
95.47348632812499
 20
8.626879882812501
 30
0.0
 11
96.48862304687499
 21
7.1081298828125
 31
0.0
  0
LINE
  5
97F
330
17
100
AcDbEntity
  8
dimensions
100
AcDbLine
 10
95.47348632812499
 20
7.1081298828125
 30
0.0
 11
95.47348632812499
 21
8.626879882812501
 31
0.0
  0
LINE
  5
980
330
17
100
AcDbEntity
  8
dimensions
100
AcDbLine
 10
96.968505859375
 20
7.1081298828125
 30
0.0
 11
97.240087890625
 21
7.1081298828125
 31
0.0
  0
LINE
  5
981
330
17
100
AcDbEntity
  8
dimensions
100
AcDbLine
 10
97.7107421875
 20
9.0408447265625
 30
0.0
 11
96.968505859375
 21
7.1081298828125
 31
0.0
  0
LINE
  5
982
330
17
100
AcDbEntity
  8
dimensions
100
AcDbLine
 10
97.986279296875
 20
9.0408447265625
 30
0.0
 11
97.7107421875
 21
9.0408447265625
 31
0.0
  0
LINE
  5
983
330
17
100
AcDbEntity
  8
dimensions
100
AcDbLine
 10
98.777294921875
 20
7.1081298828125
 30
0.0
 11
97.986279296875
 21
9.0408447265625
 31
0.0
  0
LINE
  5
984
330
17
100
AcDbEntity
  8
dimensions
100
AcDbLine
 10
98.4859375
 20
7.1081298828125
 30
0.0
 11
98.777294921875
 21
7.1081298828125
 31
0.0
  0
LINE
  5
985
330
17
100
AcDbEntity
  8
dimensions
100
AcDbLine
 10
98.260498046875
 20
7.6934814453125
 30
0.0
 11
98.4859375
 21
7.1081298828125
 31
0.0
  0
LINE
  5
986
330
17
100
AcDbEntity
  8
dimensions
100
AcDbLine
 10
97.45234375
 20
7.6934814453125
 30
0.0
 11
98.260498046875
 21
7.6934814453125
 31
0.0
  0
LINE
  5
987
330
17
100
AcDbEntity
  8
dimensions
100
AcDbLine
 10
97.240087890625
 20
7.1081298828125
 30
0.0
 11
97.45234375
 21
7.6934814453125
 31
0.0
  0
LINE
  5
988
330
17
100
AcDbEntity
  8
dimensions
100
AcDbLine
 10
97.526171875
 20
7.9017822265625
 30
0.0
 11
97.73842773437501
 21
8.468676757812501
 31
0.0
  0
LINE
  5
989
330
17
100
AcDbEntity
  8
dimensions
100
AcDbLine
 10
98.181396484375
 20
7.9017822265625
 30
0.0
 11
97.526171875
 21
7.9017822265625
 31
0.0
  0
LINE
  5
98A
330
17
100
AcDbEntity
  8
dimensions
100
AcDbLine
 10
97.9796875
 20
8.437036132812501
 30
0.0
 11
98.181396484375
 21
7.9017822265625
 31
0.0
  0
SPLINE
  5
98B
330
17
100
AcDbEntity
  8
dimensions
100
AcDbSpline
 70
0
 71
2
 72
6
 73
3
 74
0
 40
0.0
 40
0.0
 40
0.0
 40
1.0
 40
1.0
 40
1.0
 10
97.9796875
 20
8.437036132812501
 30
0.0
 10
97.88740234375
 20
8.680932617187501
 30
0.0
 10
97.842578125
 20
8.837817382812501
 30
0.0
  0
SPLINE
  5
98C
330
17
100
AcDbEntity
  8
dimensions
100
AcDbSpline
 70
0
 71
2
 72
6
 73
3
 74
0
 40
0.0
 40
0.0
 40
0.0
 40
1.0
 40
1.0
 40
1.0
 10
97.842578125
 20
8.837817382812501
 30
0.0
 10
97.8056640625
 20
8.6519287109375
 30
0.0
 10
97.73842773437501
 20
8.468676757812501
 30
0.0
  0
LINE
  5
98D
330
17
100
AcDbEntity
  8
dimensions
100
AcDbLine
 10
98.97109375
 20
7.1081298828125
 30
0.0
 11
100.1787109375
 21
7.1081298828125
 31
0.0
  0
LINE
  5
98E
330
17
100
AcDbEntity
  8
dimensions
100
AcDbLine
 10
98.97109375
 20
9.0408447265625
 30
0.0
 11
98.97109375
 21
7.1081298828125
 31
0.0
  0
LINE
  5
98F
330
17
100
AcDbEntity
  8
dimensions
100
AcDbLine
 10
99.22685546874999
 20
9.0408447265625
 30
0.0
 11
98.97109375
 21
9.0408447265625
 31
0.0
  0
LINE
  5
990
330
17
100
AcDbEntity
  8
dimensions
100
AcDbLine
 10
99.22685546874999
 20
7.3362060546875005
 30
0.0
 11
99.22685546874999
 21
9.0408447265625
 31
0.0
  0
LINE
  5
991
330
17
100
AcDbEntity
  8
dimensions
100
AcDbLine
 10
100.1787109375
 20
7.3362060546875005
 30
0.0
 11
99.22685546874999
 21
7.3362060546875005
 31
0.0
  0
LINE
  5
992
330
17
100
AcDbEntity
  8
dimensions
100
AcDbLine
 10
100.1787109375
 20
7.1081298828125
 30
0.0
 11
100.1787109375
 21
7.3362060546875005
 31
0.0
  0
LINE
  5
993
330
17
100
AcDbEntity
  8
dimensions
100
AcDbLine
 10
101.13320312500001
 20
7.1081298828125
 30
0.0
 11
101.830615234375
 21
7.1081298828125
 31
0.0
  0
LINE
  5
994
330
17
100
AcDbEntity
  8
dimensions
100
AcDbLine
 10
101.13320312500001
 20
9.0408447265625
 30
0.0
 11
101.13320312500001
 21
7.1081298828125
 31
0.0
  0
LINE
  5
995
330
17
100
AcDbEntity
  8
dimensions
100
AcDbLine
 10
101.79897460937501
 20
9.0408447265625
 30
0.0
 11
101.13320312500001
 21
9.0408447265625
 31
0.0
  0
SPLINE
  5
996
330
17
100
AcDbEntity
  8
dimensions
100
AcDbSpline
 70
0
 71
2
 72
6
 73
3
 74
0
 40
0.0
 40
0.0
 40
0.0
 40
1.0
 40
1.0
 40
1.0
 10
101.79897460937501
 20
9.0408447265625
 30
0.0
 10
102.0244140625
 20
9.0408447265625
 30
0.0
 10
102.14306640625
 20
9.0131591796875
 30
0.0
  0
SPLINE
  5
997
330
17
100
AcDbEntity
  8
dimensions
100
AcDbSpline
 70
0
 71
2
 72
6
 73
3
 74
0
 40
0.0
 40
0.0
 40
0.0
 40
1.0
 40
1.0
 40
1.0
 10
102.14306640625
 20
9.0131591796875
 30
0.0
 10
102.3091796875
 20
8.9749267578125
 30
0.0
 10
102.426513671875
 20
8.8747314453125
 30
0.0
  0
SPLINE
  5
998
330
17
100
AcDbEntity
  8
dimensions
100
AcDbSpline
 70
0
 71
2
 72
6
 73
3
 74
0
 40
0.0
 40
0.0
 40
0.0
 40
1.0
 40
1.0
 40
1.0
 10
102.426513671875
 20
8.8747314453125
 30
0.0
 10
102.579443359375
 20
8.745532226562501
 30
0.0
 10
102.6552490234375
 20
8.544482421875001
 30
0.0
  0
SPLINE
  5
999
330
17
100
AcDbEntity
  8
dimensions
100
AcDbSpline
 70
0
 71
2
 72
6
 73
3
 74
0
 40
0.0
 40
0.0
 40
0.0
 40
1.0
 40
1.0
 40
1.0
 10
102.6552490234375
 20
8.544482421875001
 30
0.0
 10
102.7310546875
 20
8.343432617187501
 30
0.0
 10
102.7310546875
 20
8.0850341796875
 30
0.0
  0
SPLINE
  5
99A
330
17
100
AcDbEntity
  8
dimensions
100
AcDbSpline
 70
0
 71
2
 72
6
 73
3
 74
0
 40
0.0
 40
0.0
 40
0.0
 40
1.0
 40
1.0
 40
1.0
 10
102.7310546875
 20
8.0850341796875
 30
0.0
 10
102.7310546875
 20
7.8648681640625
 30
0.0
 10
102.67963867187501
 20
7.6947998046875
 30
0.0
  0
SPLINE
  5
99B
330
17
100
AcDbEntity
  8
dimensions
100
AcDbSpline
 70
0
 71
2
 72
6
 73
3
 74
0
 40
0.0
 40
0.0
 40
0.0
 40
1.0
 40
1.0
 40
1.0
 10
102.67963867187501
 20
7.6947998046875
 30
0.0
 10
102.62822265625
 20
7.524731445312501
 30
0.0
 10
102.54780273437501
 20
7.413330078125
 30
0.0
  0
SPLINE
  5
99C
330
17
100
AcDbEntity
  8
dimensions
100
AcDbSpline
 70
0
 71
2
 72
6
 73
3
 74
0
 40
0.0
 40
0.0
 40
0.0
 40
1.0
 40
1.0
 40
1.0
 10
102.54780273437501
 20
7.413330078125
 30
0.0
 10
102.4673828125
 20
7.3019287109375
 30
0.0
 10
102.3718017578125
 20
7.237988281250001
 30
0.0
  0
SPLINE
  5
99D
330
17
100
AcDbEntity
  8
dimensions
100
AcDbSpline
 70
0
 71
2
 72
6
 73
3
 74
0
 40
0.0
 40
0.0
 40
0.0
 40
1.0
 40
1.0
 40
1.0
 10
102.3718017578125
 20
7.237988281250001
 30
0.0
 10
102.276220703125
 20
7.1740478515625
 30
0.0
 10
102.1410888671875
 20
7.1410888671875
 30
0.0
  0
SPLINE
  5
99E
330
17
100
AcDbEntity
  8
dimensions
100
AcDbSpline
 70
0
 71
2
 72
6
 73
3
 74
0
 40
0.0
 40
0.0
 40
0.0
 40
1.0
 40
1.0
 40
1.0
 10
102.1410888671875
 20
7.1410888671875
 30
0.0
 10
102.00595703125
 20
7.1081298828125
 30
0.0
 10
101.830615234375
 20
7.1081298828125
 30
0.0
  0
LINE
  5
99F
330
17
100
AcDbEntity
  8
dimensions
100
AcDbLine
 10
101.38896484375
 20
7.3362060546875005
 30
0.0
 11
101.38896484375
 21
8.812768554687501
 31
0.0
  0
LINE
  5
9A0
330
17
100
AcDbEntity
  8
dimensions
100
AcDbLine
 10
101.801611328125
 20
7.3362060546875005
 30
0.0
 11
101.38896484375
 21
7.3362060546875005
 31
0.0
  0
SPLINE
  5
9A1
330
17
100
AcDbEntity
  8
dimensions
100
AcDbSpline
 70
0
 71
2
 72
6
 73
3
 74
0
 40
0.0
 40
0.0
 40
0.0
 40
1.0
 40
1.0
 40
1.0
 10
101.801611328125
 20
7.3362060546875005
 30
0.0
 10
101.9927734375
 20
7.3362060546875005
 30
0.0
 10
102.1015380859375
 20
7.3718017578125
 30
0.0
  0
SPLINE
  5
9A2
330
17
100
AcDbEntity
  8
dimensions
100
AcDbSpline
 70
0
 71
2
 72
6
 73
3
 74
0
 40
0.0
 40
0.0
 40
0.0
 40
1.0
 40
1.0
 40
1.0
 10
102.1015380859375
 20
7.3718017578125
 30
0.0
 10
102.210302734375
 20
7.4073974609375
 30
0.0
 10
102.27490234375
 20
7.471997070312501
 30
0.0
  0
SPLINE
  5
9A3
330
17
100
AcDbEntity
  8
dimensions
100
AcDbSpline
 70
0
 71
2
 72
6
 73
3
 74
0
 40
0.0
 40
0.0
 40
0.0
 40
1.0
 40
1.0
 40
1.0
 10
102.27490234375
 20
7.471997070312501
 30
0.0
 10
102.36586914062501
 20
7.5629638671875
 30
0.0
 10
102.4166259765625
 20
7.716552734375
 30
0.0
  0
SPLINE
  5
9A4
330
17
100
AcDbEntity
  8
dimensions
100
AcDbSpline
 70
0
 71
2
 72
6
 73
3
 74
0
 40
0.0
 40
0.0
 40
0.0
 40
1.0
 40
1.0
 40
1.0
 10
102.4166259765625
 20
7.716552734375
 30
0.0
 10
102.4673828125
 20
7.8701416015625005
 30
0.0
 10
102.4673828125
 20
8.0889892578125
 30
0.0
  0
SPLINE
  5
9A5
330
17
100
AcDbEntity
  8
dimensions
100
AcDbSpline
 70
0
 71
2
 72
6
 73
3
 74
0
 40
0.0
 40
0.0
 40
0.0
 40
1.0
 40
1.0
 40
1.0
 10
102.4673828125
 20
8.0889892578125
 30
0.0
 10
102.4673828125
 20
8.3922119140625
 30
0.0
 10
102.3678466796875
 20
8.555029296875
 30
0.0
  0
SPLINE
  5
9A6
330
17
100
AcDbEntity
  8
dimensions
100
AcDbSpline
 70
0
 71
2
 72
6
 73
3
 74
0
 40
0.0
 40
0.0
 40
0.0
 40
1.0
 40
1.0
 40
1.0
 10
102.3678466796875
 20
8.555029296875
 30
0.0
 10
102.268310546875
 20
8.7178466796875
 30
0.0
 10
102.12592773437501
 20
8.773217773437501
 30
0.0
  0
SPLINE
  5
9A7
330
17
100
AcDbEntity
  8
dimensions
100
AcDbSpline
 70
0
 71
2
 72
6
 73
3
 74
0
 40
0.0
 40
0.0
 40
0.0
 40
1.0
 40
1.0
 40
1.0
 10
102.12592773437501
 20
8.773217773437501
 30
0.0
 10
102.02309570312501
 20
8.812768554687501
 30
0.0
 10
101.79501953125
 20
8.812768554687501
 30
0.0
  0
LINE
  5
9A8
330
17
100
AcDbEntity
  8
dimensions
100
AcDbLine
 10
101.38896484375
 20
8.812768554687501
 30
0.0
 11
101.79501953125
 21
8.812768554687501
 31
0.0
  0
LINE
  5
9A9
330
17
100
AcDbEntity
  8
dimensions
100
AcDbLine
 10
103.1265625
 20
7.1081298828125
 30
0.0
 11
103.38232421875
 21
7.1081298828125
 31
0.0
  0
LINE
  5
9AA
330
17
100
AcDbEntity
  8
dimensions
100
AcDbLine
 10
103.1265625
 20
9.0408447265625
 30
0.0
 11
103.1265625
 21
7.1081298828125
 31
0.0
  0
LINE
  5
9AB
330
17
100
AcDbEntity
  8
dimensions
100
AcDbLine
 10
103.38232421875
 20
9.0408447265625
 30
0.0
 11
103.1265625
 21
9.0408447265625
 31
0.0
  0
LINE
  5
9AC
330
17
100
AcDbEntity
  8
dimensions
100
AcDbLine
 10
103.38232421875
 20
7.1081298828125
 30
0.0
 11
103.38232421875
 21
9.0408447265625
 31
0.0
  0
LINE
  5
9AD
330
17
100
AcDbEntity
  8
dimensions
100
AcDbLine
 10
103.82529296874999
 20
7.1081298828125
 30
0.0
 11
104.07182617187499
 21
7.1081298828125
 31
0.0
  0
LINE
  5
9AE
330
17
100
AcDbEntity
  8
dimensions
100
AcDbLine
 10
103.82529296874999
 20
9.0408447265625
 30
0.0
 11
103.82529296874999
 21
7.1081298828125
 31
0.0
  0
LINE
  5
9AF
330
17
100
AcDbEntity
  8
dimensions
100
AcDbLine
 10
104.21025390624999
 20
9.0408447265625
 30
0.0
 11
103.82529296874999
 21
9.0408447265625
 31
0.0
  0
LINE
  5
9B0
330
17
100
AcDbEntity
  8
dimensions
100
AcDbLine
 10
104.667724609375
 20
7.6723876953125005
 30
0.0
 11
104.21025390624999
 21
9.0408447265625
 31
0.0
  0
SPLINE
  5
9B1
330
17
100
AcDbEntity
  8
dimensions
100
AcDbSpline
 70
0
 71
2
 72
6
 73
3
 74
0
 40
0.0
 40
0.0
 40
0.0
 40
1.0
 40
1.0
 40
1.0
 10
104.667724609375
 20
7.6723876953125005
 30
0.0
 10
104.73100585937499
 20
7.4812255859375005
 30
0.0
 10
104.760009765625
 20
7.386303710937501
 30
0.0
  0
SPLINE
  5
9B2
330
17
100
AcDbEntity
  8
dimensions
100
AcDbSpline
 70
0
 71
2
 72
6
 73
3
 74
0
 40
0.0
 40
0.0
 40
0.0
 40
1.0
 40
1.0
 40
1.0
 10
104.760009765625
 20
7.386303710937501
 30
0.0
 10
104.79296875
 20
7.491772460937501
 30
0.0
 10
104.86284179687499
 20
7.696118164062501
 30
0.0
  0
LINE
  5
9B3
330
17
100
AcDbEntity
  8
dimensions
100
AcDbLine
 10
105.3255859375
 20
9.0408447265625
 30
0.0
 11
104.86284179687499
 21
7.696118164062501
 31
0.0
  0
LINE
  5
9B4
330
17
100
AcDbEntity
  8
dimensions
100
AcDbLine
 10
105.669677734375
 20
9.0408447265625
 30
0.0
 11
105.3255859375
 21
9.0408447265625
 31
0.0
  0
LINE
  5
9B5
330
17
100
AcDbEntity
  8
dimensions
100
AcDbLine
 10
105.669677734375
 20
7.1081298828125
 30
0.0
 11
105.669677734375
 21
9.0408447265625
 31
0.0
  0
LINE
  5
9B6
330
17
100
AcDbEntity
  8
dimensions
100
AcDbLine
 10
105.42314453124999
 20
7.1081298828125
 30
0.0
 11
105.669677734375
 21
7.1081298828125
 31
0.0
  0
LINE
  5
9B7
330
17
100
AcDbEntity
  8
dimensions
100
AcDbLine
 10
105.42314453124999
 20
8.725756835937501
 30
0.0
 11
105.42314453124999
 21
7.1081298828125
 31
0.0
  0
LINE
  5
9B8
330
17
100
AcDbEntity
  8
dimensions
100
AcDbLine
 10
104.8615234375
 20
7.1081298828125
 30
0.0
 11
105.42314453124999
 21
8.725756835937501
 31
0.0
  0
LINE
  5
9B9
330
17
100
AcDbEntity
  8
dimensions
100
AcDbLine
 10
104.630810546875
 20
7.1081298828125
 30
0.0
 11
104.8615234375
 21
7.1081298828125
 31
0.0
  0
LINE
  5
9BA
330
17
100
AcDbEntity
  8
dimensions
100
AcDbLine
 10
104.07182617187499
 20
8.753442382812501
 30
0.0
 11
104.630810546875
 21
7.1081298828125
 31
0.0
  0
LINE
  5
9BB
330
17
100
AcDbEntity
  8
dimensions
100
AcDbLine
 10
104.07182617187499
 20
7.1081298828125
 30
0.0
 11
104.07182617187499
 21
8.753442382812501
 31
0.0
  0
LINE
  5
9BC
330
17
100
AcDbEntity
  8
dimensions
100
AcDbLine
 10
106.08759765625
 20
7.1081298828125
 30
0.0
 11
107.5298828125
 21
7.1081298828125
 31
0.0
  0
LINE
  5
9BD
330
17
100
AcDbEntity
  8
dimensions
100
AcDbLine
 10
106.08759765625
 20
9.0408447265625
 30
0.0
 11
106.08759765625
 21
7.1081298828125
 31
0.0
  0
LINE
  5
9BE
330
17
100
AcDbEntity
  8
dimensions
100
AcDbLine
 10
107.48505859375
 20
9.0408447265625
 30
0.0
 11
106.08759765625
 21
9.0408447265625
 31
0.0
  0
LINE
  5
9BF
330
17
100
AcDbEntity
  8
dimensions
100
AcDbLine
 10
107.48505859375
 20
8.812768554687501
 30
0.0
 11
107.48505859375
 21
9.0408447265625
 31
0.0
  0
LINE
  5
9C0
330
17
100
AcDbEntity
  8
dimensions
100
AcDbLine
 10
106.343359375
 20
8.812768554687501
 30
0.0
 11
107.48505859375
 21
8.812768554687501
 31
0.0
  0
LINE
  5
9C1
330
17
100
AcDbEntity
  8
dimensions
100
AcDbLine
 10
106.343359375
 20
8.2208251953125
 30
0.0
 11
106.343359375
 21
8.812768554687501
 31
0.0
  0
LINE
  5
9C2
330
17
100
AcDbEntity
  8
dimensions
100
AcDbLine
 10
107.412548828125
 20
8.2208251953125
 30
0.0
 11
106.343359375
 21
8.2208251953125
 31
0.0
  0
LINE
  5
9C3
330
17
100
AcDbEntity
  8
dimensions
100
AcDbLine
 10
107.412548828125
 20
7.9940673828125
 30
0.0
 11
107.412548828125
 21
8.2208251953125
 31
0.0
  0
LINE
  5
9C4
330
17
100
AcDbEntity
  8
dimensions
100
AcDbLine
 10
106.343359375
 20
7.9940673828125
 30
0.0
 11
107.412548828125
 21
7.9940673828125
 31
0.0
  0
LINE
  5
9C5
330
17
100
AcDbEntity
  8
dimensions
100
AcDbLine
 10
106.343359375
 20
7.3362060546875005
 30
0.0
 11
106.343359375
 21
7.9940673828125
 31
0.0
  0
LINE
  5
9C6
330
17
100
AcDbEntity
  8
dimensions
100
AcDbLine
 10
107.5298828125
 20
7.3362060546875005
 30
0.0
 11
106.343359375
 21
7.3362060546875005
 31
0.0
  0
LINE
  5
9C7
330
17
100
AcDbEntity
  8
dimensions
100
AcDbLine
 10
107.5298828125
 20
7.1081298828125
 30
0.0
 11
107.5298828125
 21
7.3362060546875005
 31
0.0
  0
LINE
  5
9C8
330
17
100
AcDbEntity
  8
dimensions
100
AcDbLine
 10
107.88056640625001
 20
7.1081298828125
 30
0.0
 11
108.12578125
 21
7.1081298828125
 31
0.0
  0
LINE
  5
9C9
330
17
100
AcDbEntity
  8
dimensions
100
AcDbLine
 10
107.88056640625001
 20
9.0408447265625
 30
0.0
 11
107.88056640625001
 21
7.1081298828125
 31
0.0
  0
LINE
  5
9CA
330
17
100
AcDbEntity
  8
dimensions
100
AcDbLine
 10
108.142919921875
 20
9.0408447265625
 30
0.0
 11
107.88056640625001
 21
9.0408447265625
 31
0.0
  0
LINE
  5
9CB
330
17
100
AcDbEntity
  8
dimensions
100
AcDbLine
 10
109.158056640625
 20
7.5234130859375
 30
0.0
 11
108.142919921875
 21
9.0408447265625
 31
0.0
  0
LINE
  5
9CC
330
17
100
AcDbEntity
  8
dimensions
100
AcDbLine
 10
109.158056640625
 20
9.0408447265625
 30
0.0
 11
109.158056640625
 21
7.5234130859375
 31
0.0
  0
LINE
  5
9CD
330
17
100
AcDbEntity
  8
dimensions
100
AcDbLine
 10
109.40327148437501
 20
9.0408447265625
 30
0.0
 11
109.158056640625
 21
9.0408447265625
 31
0.0
  0
LINE
  5
9CE
330
17
100
AcDbEntity
  8
dimensions
100
AcDbLine
 10
109.40327148437501
 20
7.1081298828125
 30
0.0
 11
109.40327148437501
 21
9.0408447265625
 31
0.0
  0
LINE
  5
9CF
330
17
100
AcDbEntity
  8
dimensions
100
AcDbLine
 10
109.14091796875
 20
7.1081298828125
 30
0.0
 11
109.40327148437501
 21
7.1081298828125
 31
0.0
  0
LINE
  5
9D0
330
17
100
AcDbEntity
  8
dimensions
100
AcDbLine
 10
108.12578125
 20
8.626879882812501
 30
0.0
 11
109.14091796875
 21
7.1081298828125
 31
0.0
  0
LINE
  5
9D1
330
17
100
AcDbEntity
  8
dimensions
100
AcDbLine
 10
108.12578125
 20
7.1081298828125
 30
0.0
 11
108.12578125
 21
8.626879882812501
 31
0.0
  0
LINE
  5
9D2
330
17
100
AcDbEntity
  8
dimensions
100
AcDbLine
 10
109.9873046875
 20
7.7501708984375
 30
0.0
 11
109.746044921875
 21
7.729077148437501
 31
0.0
  0
SPLINE
  5
9D3
330
17
100
AcDbEntity
  8
dimensions
100
AcDbSpline
 70
0
 71
2
 72
6
 73
3
 74
0
 40
0.0
 40
0.0
 40
0.0
 40
1.0
 40
1.0
 40
1.0
 10
109.9873046875
 20
7.7501708984375
 30
0.0
 10
110.004443359375
 20
7.6051513671875
 30
0.0
 10
110.0670654296875
 20
7.51220703125
 30
0.0
  0
SPLINE
  5
9D4
330
17
100
AcDbEntity
  8
dimensions
100
AcDbSpline
 70
0
 71
2
 72
6
 73
3
 74
0
 40
0.0
 40
0.0
 40
0.0
 40
1.0
 40
1.0
 40
1.0
 10
110.0670654296875
 20
7.51220703125
 30
0.0
 10
110.1296875
 20
7.419262695312501
 30
0.0
 10
110.2615234375
 20
7.3619140625
 30
0.0
  0
SPLINE
  5
9D5
330
17
100
AcDbEntity
  8
dimensions
100
AcDbSpline
 70
0
 71
2
 72
6
 73
3
 74
0
 40
0.0
 40
0.0
 40
0.0
 40
1.0
 40
1.0
 40
1.0
 10
110.2615234375
 20
7.3619140625
 30
0.0
 10
110.393359375
 20
7.3045654296875
 30
0.0
 10
110.558154296875
 20
7.3045654296875
 30
0.0
  0
SPLINE
  5
9D6
330
17
100
AcDbEntity
  8
dimensions
100
AcDbSpline
 70
0
 71
2
 72
6
 73
3
 74
0
 40
0.0
 40
0.0
 40
0.0
 40
1.0
 40
1.0
 40
1.0
 10
110.558154296875
 20
7.3045654296875
 30
0.0
 10
110.7044921875
 20
7.3045654296875
 30
0.0
 10
110.816552734375
 20
7.3480712890625
 30
0.0
  0
SPLINE
  5
9D7
330
17
100
AcDbEntity
  8
dimensions
100
AcDbSpline
 70
0
 71
2
 72
6
 73
3
 74
0
 40
0.0
 40
0.0
 40
0.0
 40
1.0
 40
1.0
 40
1.0
 10
110.816552734375
 20
7.3480712890625
 30
0.0
 10
110.92861328125
 20
7.3915771484375
 30
0.0
 10
110.9833251953125
 20
7.4673828125
 30
0.0
  0
SPLINE
  5
9D8
330
17
100
AcDbEntity
  8
dimensions
100
AcDbSpline
 70
0
 71
2
 72
6
 73
3
 74
0
 40
0.0
 40
0.0
 40
0.0
 40
1.0
 40
1.0
 40
1.0
 10
110.9833251953125
 20
7.4673828125
 30
0.0
 10
111.038037109375
 20
7.5431884765625
 30
0.0
 10
111.038037109375
 20
7.6328369140625005
 30
0.0
  0
SPLINE
  5
9D9
330
17
100
AcDbEntity
  8
dimensions
100
AcDbSpline
 70
0
 71
2
 72
6
 73
3
 74
0
 40
0.0
 40
0.0
 40
0.0
 40
1.0
 40
1.0
 40
1.0
 10
111.038037109375
 20
7.6328369140625005
 30
0.0
 10
111.038037109375
 20
7.7238037109375
 30
0.0
 10
110.985302734375
 20
7.791699218750001
 30
0.0
  0
SPLINE
  5
9DA
330
17
100
AcDbEntity
  8
dimensions
100
AcDbSpline
 70
0
 71
2
 72
6
 73
3
 74
0
 40
0.0
 40
0.0
 40
0.0
 40
1.0
 40
1.0
 40
1.0
 10
110.985302734375
 20
7.791699218750001
 30
0.0
 10
110.932568359375
 20
7.8595947265625
 30
0.0
 10
110.811279296875
 20
7.9057373046875
 30
0.0
  0
SPLINE
  5
9DB
330
17
100
AcDbEntity
  8
dimensions
100
AcDbSpline
 70
0
 71
2
 72
6
 73
3
 74
0
 40
0.0
 40
0.0
 40
0.0
 40
1.0
 40
1.0
 40
1.0
 10
110.811279296875
 20
7.9057373046875
 30
0.0
 10
110.73349609375
 20
7.9360595703125005
 30
0.0
 10
110.4671875
 20
8.0
 30
0.0
  0
SPLINE
  5
9DC
330
17
100
AcDbEntity
  8
dimensions
100
AcDbSpline
 70
0
 71
2
 72
6
 73
3
 74
0
 40
0.0
 40
0.0
 40
0.0
 40
1.0
 40
1.0
 40
1.0
 10
110.4671875
 20
8.0
 30
0.0
 10
110.20087890625
 20
8.0639404296875
 30
0.0
 10
110.094091796875
 20
8.120629882812501
 30
0.0
  0
SPLINE
  5
9DD
330
17
100
AcDbEntity
  8
dimensions
100
AcDbSpline
 70
0
 71
2
 72
6
 73
3
 74
0
 40
0.0
 40
0.0
 40
0.0
 40
1.0
 40
1.0
 40
1.0
 10
110.094091796875
 20
8.120629882812501
 30
0.0
 10
109.9556640625
 20
8.193139648437501
 30
0.0
 10
109.8877685546875
 20
8.300585937500001
 30
0.0
  0
SPLINE
  5
9DE
330
17
100
AcDbEntity
  8
dimensions
100
AcDbSpline
 70
0
 71
2
 72
6
 73
3
 74
0
 40
0.0
 40
0.0
 40
0.0
 40
1.0
 40
1.0
 40
1.0
 10
109.8877685546875
 20
8.300585937500001
 30
0.0
 10
109.819873046875
 20
8.4080322265625
 30
0.0
 10
109.819873046875
 20
8.541186523437501
 30
0.0
  0
SPLINE
  5
9DF
330
17
100
AcDbEntity
  8
dimensions
100
AcDbSpline
 70
0
 71
2
 72
6
 73
3
 74
0
 40
0.0
 40
0.0
 40
0.0
 40
1.0
 40
1.0
 40
1.0
 10
109.819873046875
 20
8.541186523437501
 30
0.0
 10
109.819873046875
 20
8.687524414062501
 30
0.0
 10
109.9029296875
 20
8.814746093750001
 30
0.0
  0
SPLINE
  5
9E0
330
17
100
AcDbEntity
  8
dimensions
100
AcDbSpline
 70
0
 71
2
 72
6
 73
3
 74
0
 40
0.0
 40
0.0
 40
0.0
 40
1.0
 40
1.0
 40
1.0
 10
109.9029296875
 20
8.814746093750001
 30
0.0
 10
109.985986328125
 20
8.9419677734375
 30
0.0
 10
110.1455078125
 20
9.0078857421875
 30
0.0
  0
SPLINE
  5
9E1
330
17
100
AcDbEntity
  8
dimensions
100
AcDbSpline
 70
0
 71
2
 72
6
 73
3
 74
0
 40
0.0
 40
0.0
 40
0.0
 40
1.0
 40
1.0
 40
1.0
 10
110.1455078125
 20
9.0078857421875
 30
0.0
 10
110.305029296875
 20
9.0738037109375
 30
0.0
 10
110.500146484375
 20
9.0738037109375
 30
0.0
  0
SPLINE
  5
9E2
330
17
100
AcDbEntity
  8
dimensions
100
AcDbSpline
 70
0
 71
2
 72
6
 73
3
 74
0
 40
0.0
 40
0.0
 40
0.0
 40
1.0
 40
1.0
 40
1.0
 10
110.500146484375
 20
9.0738037109375
 30
0.0
 10
110.7150390625
 20
9.0738037109375
 30
0.0
 10
110.8791748046875
 20
9.00458984375
 30
0.0
  0
SPLINE
  5
9E3
330
17
100
AcDbEntity
  8
dimensions
100
AcDbSpline
 70
0
 71
2
 72
6
 73
3
 74
0
 40
0.0
 40
0.0
 40
0.0
 40
1.0
 40
1.0
 40
1.0
 10
110.8791748046875
 20
9.00458984375
 30
0.0
 10
111.043310546875
 20
8.9353759765625
 30
0.0
 10
111.131640625
 20
8.8009033203125
 30
0.0
  0
SPLINE
  5
9E4
330
17
100
AcDbEntity
  8
dimensions
100
AcDbSpline
 70
0
 71
2
 72
6
 73
3
 74
0
 40
0.0
 40
0.0
 40
0.0
 40
1.0
 40
1.0
 40
1.0
 10
111.131640625
 20
8.8009033203125
 30
0.0
 10
111.219970703125
 20
8.666430664062501
 30
0.0
 10
111.2265625
 20
8.496362304687501
 30
0.0
  0
LINE
  5
9E5
330
17
100
AcDbEntity
  8
dimensions
100
AcDbLine
 10
110.98134765625
 20
8.4779052734375
 30
0.0
 11
111.2265625
 21
8.496362304687501
 31
0.0
  0
SPLINE
  5
9E6
330
17
100
AcDbEntity
  8
dimensions
100
AcDbSpline
 70
0
 71
2
 72
6
 73
3
 74
0
 40
0.0
 40
0.0
 40
0.0
 40
1.0
 40
1.0
 40
1.0
 10
110.98134765625
 20
8.4779052734375
 30
0.0
 10
110.961572265625
 20
8.661157226562501
 30
0.0
 10
110.8475341796875
 20
8.7547607421875
 30
0.0
  0
SPLINE
  5
9E7
330
17
100
AcDbEntity
  8
dimensions
100
AcDbSpline
 70
0
 71
2
 72
6
 73
3
 74
0
 40
0.0
 40
0.0
 40
0.0
 40
1.0
 40
1.0
 40
1.0
 10
110.8475341796875
 20
8.7547607421875
 30
0.0
 10
110.73349609375
 20
8.8483642578125
 30
0.0
 10
110.510693359375
 20
8.8483642578125
 30
0.0
  0
SPLINE
  5
9E8
330
17
100
AcDbEntity
  8
dimensions
100
AcDbSpline
 70
0
 71
2
 72
6
 73
3
 74
0
 40
0.0
 40
0.0
 40
0.0
 40
1.0
 40
1.0
 40
1.0
 10
110.510693359375
 20
8.8483642578125
 30
0.0
 10
110.278662109375
 20
8.8483642578125
 30
0.0
 10
110.1725341796875
 20
8.763330078125001
 30
0.0
  0
SPLINE
  5
9E9
330
17
100
AcDbEntity
  8
dimensions
100
AcDbSpline
 70
0
 71
2
 72
6
 73
3
 74
0
 40
0.0
 40
0.0
 40
0.0
 40
1.0
 40
1.0
 40
1.0
 10
110.1725341796875
 20
8.763330078125001
 30
0.0
 10
110.06640625
 20
8.6782958984375
 30
0.0
 10
110.06640625
 20
8.5583251953125
 30
0.0
  0
SPLINE
  5
9EA
330
17
100
AcDbEntity
  8
dimensions
100
AcDbSpline
 70
0
 71
2
 72
6
 73
3
 74
0
 40
0.0
 40
0.0
 40
0.0
 40
1.0
 40
1.0
 40
1.0
 10
110.06640625
 20
8.5583251953125
 30
0.0
 10
110.06640625
 20
8.4541748046875
 30
0.0
 10
110.141552734375
 20
8.3869384765625
 30
0.0
  0
SPLINE
  5
9EB
330
17
100
AcDbEntity
  8
dimensions
100
AcDbSpline
 70
0
 71
2
 72
6
 73
3
 74
0
 40
0.0
 40
0.0
 40
0.0
 40
1.0
 40
1.0
 40
1.0
 10
110.141552734375
 20
8.3869384765625
 30
0.0
 10
110.215380859375
 20
8.3197021484375
 30
0.0
 10
110.5271728515625
 20
8.249169921875001
 30
0.0
  0
SPLINE
  5
9EC
330
17
100
AcDbEntity
  8
dimensions
100
AcDbSpline
 70
0
 71
2
 72
6
 73
3
 74
0
 40
0.0
 40
0.0
 40
0.0
 40
1.0
 40
1.0
 40
1.0
 10
110.5271728515625
 20
8.249169921875001
 30
0.0
 10
110.83896484375
 20
8.178637695312501
 30
0.0
 10
110.95498046875
 20
8.125903320312501
 30
0.0
  0
SPLINE
  5
9ED
330
17
100
AcDbEntity
  8
dimensions
100
AcDbSpline
 70
0
 71
2
 72
6
 73
3
 74
0
 40
0.0
 40
0.0
 40
0.0
 40
1.0
 40
1.0
 40
1.0
 10
110.95498046875
 20
8.125903320312501
 30
0.0
 10
111.12373046875
 20
8.0481201171875
 30
0.0
 10
111.204150390625
 20
7.92880859375
 30
0.0
  0
SPLINE
  5
9EE
330
17
100
AcDbEntity
  8
dimensions
100
AcDbSpline
 70
0
 71
2
 72
6
 73
3
 74
0
 40
0.0
 40
0.0
 40
0.0
 40
1.0
 40
1.0
 40
1.0
 10
111.204150390625
 20
7.92880859375
 30
0.0
 10
111.2845703125
 20
7.8094970703125
 30
0.0
 10
111.2845703125
 20
7.6539306640625
 30
0.0
  0
SPLINE
  5
9EF
330
17
100
AcDbEntity
  8
dimensions
100
AcDbSpline
 70
0
 71
2
 72
6
 73
3
 74
0
 40
0.0
 40
0.0
 40
0.0
 40
1.0
 40
1.0
 40
1.0
 10
111.2845703125
 20
7.6539306640625
 30
0.0
 10
111.2845703125
 20
7.4996826171875
 30
0.0
 10
111.196240234375
 20
7.363232421875001
 30
0.0
  0
SPLINE
  5
9F0
330
17
100
AcDbEntity
  8
dimensions
100
AcDbSpline
 70
0
 71
2
 72
6
 73
3
 74
0
 40
0.0
 40
0.0
 40
0.0
 40
1.0
 40
1.0
 40
1.0
 10
111.196240234375
 20
7.363232421875001
 30
0.0
 10
111.10791015625
 20
7.2267822265625
 30
0.0
 10
110.9424560546875
 20
7.1509765625
 30
0.0
  0
SPLINE
  5
9F1
330
17
100
AcDbEntity
  8
dimensions
100
AcDbSpline
 70
0
 71
2
 72
6
 73
3
 74
0
 40
0.0
 40
0.0
 40
0.0
 40
1.0
 40
1.0
 40
1.0
 10
110.9424560546875
 20
7.1509765625
 30
0.0
 10
110.777001953125
 20
7.0751708984375
 30
0.0
 10
110.57001953125
 20
7.0751708984375
 30
0.0
  0
SPLINE
  5
9F2
330
17
100
AcDbEntity
  8
dimensions
100
AcDbSpline
 70
0
 71
2
 72
6
 73
3
 74
0
 40
0.0
 40
0.0
 40
0.0
 40
1.0
 40
1.0
 40
1.0
 10
110.57001953125
 20
7.0751708984375
 30
0.0
 10
110.307666015625
 20
7.0751708984375
 30
0.0
 10
110.1303466796875
 20
7.1516357421875005
 30
0.0
  0
SPLINE
  5
9F3
330
17
100
AcDbEntity
  8
dimensions
100
AcDbSpline
 70
0
 71
2
 72
6
 73
3
 74
0
 40
0.0
 40
0.0
 40
0.0
 40
1.0
 40
1.0
 40
1.0
 10
110.1303466796875
 20
7.1516357421875005
 30
0.0
 10
109.95302734375
 20
7.228100585937501
 30
0.0
 10
109.8521728515625
 20
7.381689453125
 30
0.0
  0
SPLINE
  5
9F4
330
17
100
AcDbEntity
  8
dimensions
100
AcDbSpline
 70
0
 71
2
 72
6
 73
3
 74
0
 40
0.0
 40
0.0
 40
0.0
 40
1.0
 40
1.0
 40
1.0
 10
109.8521728515625
 20
7.381689453125
 30
0.0
 10
109.751318359375
 20
7.5352783203125
 30
0.0
 10
109.746044921875
 20
7.729077148437501
 30
0.0
  0
LINE
  5
9F5
330
17
100
AcDbEntity
  8
dimensions
100
AcDbLine
 10
111.67744140625001
 20
7.1081298828125
 30
0.0
 11
111.933203125
 21
7.1081298828125
 31
0.0
  0
LINE
  5
9F6
330
17
100
AcDbEntity
  8
dimensions
100
AcDbLine
 10
111.67744140625001
 20
9.0408447265625
 30
0.0
 11
111.67744140625001
 21
7.1081298828125
 31
0.0
  0
LINE
  5
9F7
330
17
100
AcDbEntity
  8
dimensions
100
AcDbLine
 10
111.933203125
 20
9.0408447265625
 30
0.0
 11
111.67744140625001
 21
9.0408447265625
 31
0.0
  0
LINE
  5
9F8
330
17
100
AcDbEntity
  8
dimensions
100
AcDbLine
 10
111.933203125
 20
7.1081298828125
 30
0.0
 11
111.933203125
 21
9.0408447265625
 31
0.0
  0
SPLINE
  5
9F9
330
17
100
AcDbEntity
  8
dimensions
100
AcDbSpline
 70
0
 71
2
 72
6
 73
3
 74
0
 40
0.0
 40
0.0
 40
0.0
 40
1.0
 40
1.0
 40
1.0
 10
112.306298828125
 20
8.0494384765625
 30
0.0
 10
112.306298828125
 20
8.5306396484375
 30
0.0
 10
112.564697265625
 20
8.802880859375001
 30
0.0
  0
SPLINE
  5
9FA
330
17
100
AcDbEntity
  8
dimensions
100
AcDbSpline
 70
0
 71
2
 72
6
 73
3
 74
0
 40
0.0
 40
0.0
 40
0.0
 40
1.0
 40
1.0
 40
1.0
 10
112.564697265625
 20
8.802880859375001
 30
0.0
 10
112.823095703125
 20
9.075122070312501
 30
0.0
 10
113.231787109375
 20
9.075122070312501
 30
0.0
  0
SPLINE
  5
9FB
330
17
100
AcDbEntity
  8
dimensions
100
AcDbSpline
 70
0
 71
2
 72
6
 73
3
 74
0
 40
0.0
 40
0.0
 40
0.0
 40
1.0
 40
1.0
 40
1.0
 10
113.231787109375
 20
9.075122070312501
 30
0.0
 10
113.4994140625
 20
9.075122070312501
 30
0.0
 10
113.714306640625
 20
8.9472412109375
 30
0.0
  0
SPLINE
  5
9FC
330
17
100
AcDbEntity
  8
dimensions
100
AcDbSpline
 70
0
 71
2
 72
6
 73
3
 74
0
 40
0.0
 40
0.0
 40
0.0
 40
1.0
 40
1.0
 40
1.0
 10
113.714306640625
 20
8.9472412109375
 30
0.0
 10
113.92919921875
 20
8.819360351562501
 30
0.0
 10
114.0419189453125
 20
8.590625000000001
 30
0.0
  0
SPLINE
  5
9FD
330
17
100
AcDbEntity
  8
dimensions
100
AcDbSpline
 70
0
 71
2
 72
6
 73
3
 74
0
 40
0.0
 40
0.0
 40
0.0
 40
1.0
 40
1.0
 40
1.0
 10
114.0419189453125
 20
8.590625000000001
 30
0.0
 10
114.154638671875
 20
8.3618896484375
 30
0.0
 10
114.154638671875
 20
8.0718505859375
 30
0.0
  0
SPLINE
  5
9FE
330
17
100
AcDbEntity
  8
dimensions
100
AcDbSpline
 70
0
 71
2
 72
6
 73
3
 74
0
 40
0.0
 40
0.0
 40
0.0
 40
1.0
 40
1.0
 40
1.0
 10
114.154638671875
 20
8.0718505859375
 30
0.0
 10
114.154638671875
 20
7.7778564453125005
 30
0.0
 10
114.035986328125
 20
7.5458251953125
 30
0.0
  0
SPLINE
  5
9FF
330
17
100
AcDbEntity
  8
dimensions
100
AcDbSpline
 70
0
 71
2
 72
6
 73
3
 74
0
 40
0.0
 40
0.0
 40
0.0
 40
1.0
 40
1.0
 40
1.0
 10
114.035986328125
 20
7.5458251953125
 30
0.0
 10
113.917333984375
 20
7.313793945312501
 30
0.0
 10
113.6998046875
 20
7.1944824218750005
 30
0.0
  0
SPLINE
  5
A00
330
17
100
AcDbEntity
  8
dimensions
100
AcDbSpline
 70
0
 71
2
 72
6
 73
3
 74
0
 40
0.0
 40
0.0
 40
0.0
 40
1.0
 40
1.0
 40
1.0
 10
113.6998046875
 20
7.1944824218750005
 30
0.0
 10
113.482275390625
 20
7.0751708984375
 30
0.0
 10
113.23046875
 20
7.0751708984375
 30
0.0
  0
SPLINE
  5
A01
330
17
100
AcDbEntity
  8
dimensions
100
AcDbSpline
 70
0
 71
2
 72
6
 73
3
 74
0
 40
0.0
 40
0.0
 40
0.0
 40
1.0
 40
1.0
 40
1.0
 10
113.23046875
 20
7.0751708984375
 30
0.0
 10
112.957568359375
 20
7.0751708984375
 30
0.0
 10
112.74267578125
 20
7.2070068359375
 30
0.0
  0
SPLINE
  5
A02
330
17
100
AcDbEntity
  8
dimensions
100
AcDbSpline
 70
0
 71
2
 72
6
 73
3
 74
0
 40
0.0
 40
0.0
 40
0.0
 40
1.0
 40
1.0
 40
1.0
 10
112.74267578125
 20
7.2070068359375
 30
0.0
 10
112.527783203125
 20
7.3388427734375
 30
0.0
 10
112.417041015625
 20
7.5669189453125005
 30
0.0
  0
SPLINE
  5
A03
330
17
100
AcDbEntity
  8
dimensions
100
AcDbSpline
 70
0
 71
2
 72
6
 73
3
 74
0
 40
0.0
 40
0.0
 40
0.0
 40
1.0
 40
1.0
 40
1.0
 10
112.417041015625
 20
7.5669189453125005
 30
0.0
 10
112.306298828125
 20
7.794995117187501
 30
0.0
 10
112.306298828125
 20
8.0494384765625
 30
0.0
  0
SPLINE
  5
A04
330
17
100
AcDbEntity
  8
dimensions
100
AcDbSpline
 70
0
 71
2
 72
6
 73
3
 74
0
 40
0.0
 40
0.0
 40
0.0
 40
1.0
 40
1.0
 40
1.0
 10
112.569970703125
 20
8.0454833984375
 30
0.0
 10
112.569970703125
 20
7.696118164062501
 30
0.0
 10
112.7578369140625
 20
7.495068359375001
 30
0.0
  0
SPLINE
  5
A05
330
17
100
AcDbEntity
  8
dimensions
100
AcDbSpline
 70
0
 71
2
 72
6
 73
3
 74
0
 40
0.0
 40
0.0
 40
0.0
 40
1.0
 40
1.0
 40
1.0
 10
112.7578369140625
 20
7.495068359375001
 30
0.0
 10
112.945703125
 20
7.294018554687501
 30
0.0
 10
113.229150390625
 20
7.294018554687501
 30
0.0
  0
SPLINE
  5
A06
330
17
100
AcDbEntity
  8
dimensions
100
AcDbSpline
 70
0
 71
2
 72
6
 73
3
 74
0
 40
0.0
 40
0.0
 40
0.0
 40
1.0
 40
1.0
 40
1.0
 10
113.229150390625
 20
7.294018554687501
 30
0.0
 10
113.51787109375
 20
7.294018554687501
 30
0.0
 10
113.7044189453125
 20
7.4970458984375
 30
0.0
  0
SPLINE
  5
A07
330
17
100
AcDbEntity
  8
dimensions
100
AcDbSpline
 70
0
 71
2
 72
6
 73
3
 74
0
 40
0.0
 40
0.0
 40
0.0
 40
1.0
 40
1.0
 40
1.0
 10
113.7044189453125
 20
7.4970458984375
 30
0.0
 10
113.890966796875
 20
7.7000732421875
 30
0.0
 10
113.890966796875
 20
8.073168945312501
 30
0.0
  0
SPLINE
  5
A08
330
17
100
AcDbEntity
  8
dimensions
100
AcDbSpline
 70
0
 71
2
 72
6
 73
3
 74
0
 40
0.0
 40
0.0
 40
0.0
 40
1.0
 40
1.0
 40
1.0
 10
113.890966796875
 20
8.073168945312501
 30
0.0
 10
113.890966796875
 20
8.3091552734375
 30
0.0
 10
113.8112060546875
 20
8.485156250000001
 30
0.0
  0
SPLINE
  5
A09
330
17
100
AcDbEntity
  8
dimensions
100
AcDbSpline
 70
0
 71
2
 72
6
 73
3
 74
0
 40
0.0
 40
0.0
 40
0.0
 40
1.0
 40
1.0
 40
1.0
 10
113.8112060546875
 20
8.485156250000001
 30
0.0
 10
113.7314453125
 20
8.661157226562501
 30
0.0
 10
113.5778564453125
 20
8.758056640625
 30
0.0
  0
SPLINE
  5
A0A
330
17
100
AcDbEntity
  8
dimensions
100
AcDbSpline
 70
0
 71
2
 72
6
 73
3
 74
0
 40
0.0
 40
0.0
 40
0.0
 40
1.0
 40
1.0
 40
1.0
 10
113.5778564453125
 20
8.758056640625
 30
0.0
 10
113.424267578125
 20
8.8549560546875
 30
0.0
 10
113.23310546875
 20
8.8549560546875
 30
0.0
  0
SPLINE
  5
A0B
330
17
100
AcDbEntity
  8
dimensions
100
AcDbSpline
 70
0
 71
2
 72
6
 73
3
 74
0
 40
0.0
 40
0.0
 40
0.0
 40
1.0
 40
1.0
 40
1.0
 10
113.23310546875
 20
8.8549560546875
 30
0.0
 10
112.9615234375
 20
8.8549560546875
 30
0.0
 10
112.7657470703125
 20
8.668408203125
 30
0.0
  0
SPLINE
  5
A0C
330
17
100
AcDbEntity
  8
dimensions
100
AcDbSpline
 70
0
 71
2
 72
6
 73
3
 74
0
 40
0.0
 40
0.0
 40
0.0
 40
1.0
 40
1.0
 40
1.0
 10
112.7657470703125
 20
8.668408203125
 30
0.0
 10
112.569970703125
 20
8.481860351562501
 30
0.0
 10
112.569970703125
 20
8.0454833984375
 30
0.0
  0
LINE
  5
A0D
330
17
100
AcDbEntity
  8
dimensions
100
AcDbLine
 10
114.48159179687501
 20
7.1081298828125
 30
0.0
 11
114.726806640625
 21
7.1081298828125
 31
0.0
  0
LINE
  5
A0E
330
17
100
AcDbEntity
  8
dimensions
100
AcDbLine
 10
114.48159179687501
 20
9.0408447265625
 30
0.0
 11
114.48159179687501
 21
7.1081298828125
 31
0.0
  0
LINE
  5
A0F
330
17
100
AcDbEntity
  8
dimensions
100
AcDbLine
 10
114.7439453125
 20
9.0408447265625
 30
0.0
 11
114.48159179687501
 21
9.0408447265625
 31
0.0
  0
LINE
  5
A10
330
17
100
AcDbEntity
  8
dimensions
100
AcDbLine
 10
115.75908203125
 20
7.5234130859375
 30
0.0
 11
114.7439453125
 21
9.0408447265625
 31
0.0
  0
LINE
  5
A11
330
17
100
AcDbEntity
  8
dimensions
100
AcDbLine
 10
115.75908203125
 20
9.0408447265625
 30
0.0
 11
115.75908203125
 21
7.5234130859375
 31
0.0
  0
LINE
  5
A12
330
17
100
AcDbEntity
  8
dimensions
100
AcDbLine
 10
116.00429687500001
 20
9.0408447265625
 30
0.0
 11
115.75908203125
 21
9.0408447265625
 31
0.0
  0
LINE
  5
A13
330
17
100
AcDbEntity
  8
dimensions
100
AcDbLine
 10
116.00429687500001
 20
7.1081298828125
 30
0.0
 11
116.00429687500001
 21
9.0408447265625
 31
0.0
  0
LINE
  5
A14
330
17
100
AcDbEntity
  8
dimensions
100
AcDbLine
 10
115.741943359375
 20
7.1081298828125
 30
0.0
 11
116.00429687500001
 21
7.1081298828125
 31
0.0
  0
LINE
  5
A15
330
17
100
AcDbEntity
  8
dimensions
100
AcDbLine
 10
114.726806640625
 20
8.626879882812501
 30
0.0
 11
115.741943359375
 21
7.1081298828125
 31
0.0
  0
LINE
  5
A16
330
17
100
AcDbEntity
  8
dimensions
100
AcDbLine
 10
114.726806640625
 20
7.1081298828125
 30
0.0
 11
114.726806640625
 21
8.626879882812501
 31
0.0
  0
LINE
  5
A17
330
17
100
AcDbEntity
  8
dimensions
100
AcDbLine
 10
116.588330078125
 20
7.7501708984375
 30
0.0
 11
116.3470703125
 21
7.729077148437501
 31
0.0
  0
SPLINE
  5
A18
330
17
100
AcDbEntity
  8
dimensions
100
AcDbSpline
 70
0
 71
2
 72
6
 73
3
 74
0
 40
0.0
 40
0.0
 40
0.0
 40
1.0
 40
1.0
 40
1.0
 10
116.588330078125
 20
7.7501708984375
 30
0.0
 10
116.60546875
 20
7.6051513671875
 30
0.0
 10
116.6680908203125
 20
7.51220703125
 30
0.0
  0
SPLINE
  5
A19
330
17
100
AcDbEntity
  8
dimensions
100
AcDbSpline
 70
0
 71
2
 72
6
 73
3
 74
0
 40
0.0
 40
0.0
 40
0.0
 40
1.0
 40
1.0
 40
1.0
 10
116.6680908203125
 20
7.51220703125
 30
0.0
 10
116.730712890625
 20
7.419262695312501
 30
0.0
 10
116.862548828125
 20
7.3619140625
 30
0.0
  0
SPLINE
  5
A1A
330
17
100
AcDbEntity
  8
dimensions
100
AcDbSpline
 70
0
 71
2
 72
6
 73
3
 74
0
 40
0.0
 40
0.0
 40
0.0
 40
1.0
 40
1.0
 40
1.0
 10
116.862548828125
 20
7.3619140625
 30
0.0
 10
116.994384765625
 20
7.3045654296875
 30
0.0
 10
117.1591796875
 20
7.3045654296875
 30
0.0
  0
SPLINE
  5
A1B
330
17
100
AcDbEntity
  8
dimensions
100
AcDbSpline
 70
0
 71
2
 72
6
 73
3
 74
0
 40
0.0
 40
0.0
 40
0.0
 40
1.0
 40
1.0
 40
1.0
 10
117.1591796875
 20
7.3045654296875
 30
0.0
 10
117.30551757812499
 20
7.3045654296875
 30
0.0
 10
117.41757812499999
 20
7.3480712890625
 30
0.0
  0
SPLINE
  5
A1C
330
17
100
AcDbEntity
  8
dimensions
100
AcDbSpline
 70
0
 71
2
 72
6
 73
3
 74
0
 40
0.0
 40
0.0
 40
0.0
 40
1.0
 40
1.0
 40
1.0
 10
117.41757812499999
 20
7.3480712890625
 30
0.0
 10
117.52963867187499
 20
7.3915771484375
 30
0.0
 10
117.5843505859375
 20
7.4673828125
 30
0.0
  0
SPLINE
  5
A1D
330
17
100
AcDbEntity
  8
dimensions
100
AcDbSpline
 70
0
 71
2
 72
6
 73
3
 74
0
 40
0.0
 40
0.0
 40
0.0
 40
1.0
 40
1.0
 40
1.0
 10
117.5843505859375
 20
7.4673828125
 30
0.0
 10
117.6390625
 20
7.5431884765625
 30
0.0
 10
117.6390625
 20
7.6328369140625005
 30
0.0
  0
SPLINE
  5
A1E
330
17
100
AcDbEntity
  8
dimensions
100
AcDbSpline
 70
0
 71
2
 72
6
 73
3
 74
0
 40
0.0
 40
0.0
 40
0.0
 40
1.0
 40
1.0
 40
1.0
 10
117.6390625
 20
7.6328369140625005
 30
0.0
 10
117.6390625
 20
7.7238037109375
 30
0.0
 10
117.586328125
 20
7.791699218750001
 30
0.0
  0
SPLINE
  5
A1F
330
17
100
AcDbEntity
  8
dimensions
100
AcDbSpline
 70
0
 71
2
 72
6
 73
3
 74
0
 40
0.0
 40
0.0
 40
0.0
 40
1.0
 40
1.0
 40
1.0
 10
117.586328125
 20
7.791699218750001
 30
0.0
 10
117.53359375
 20
7.8595947265625
 30
0.0
 10
117.4123046875
 20
7.9057373046875
 30
0.0
  0
SPLINE
  5
A20
330
17
100
AcDbEntity
  8
dimensions
100
AcDbSpline
 70
0
 71
2
 72
6
 73
3
 74
0
 40
0.0
 40
0.0
 40
0.0
 40
1.0
 40
1.0
 40
1.0
 10
117.4123046875
 20
7.9057373046875
 30
0.0
 10
117.334521484375
 20
7.9360595703125005
 30
0.0
 10
117.06821289062499
 20
8.0
 30
0.0
  0
SPLINE
  5
A21
330
17
100
AcDbEntity
  8
dimensions
100
AcDbSpline
 70
0
 71
2
 72
6
 73
3
 74
0
 40
0.0
 40
0.0
 40
0.0
 40
1.0
 40
1.0
 40
1.0
 10
117.06821289062499
 20
8.0
 30
0.0
 10
116.801904296875
 20
8.0639404296875
 30
0.0
 10
116.6951171875
 20
8.120629882812501
 30
0.0
  0
SPLINE
  5
A22
330
17
100
AcDbEntity
  8
dimensions
100
AcDbSpline
 70
0
 71
2
 72
6
 73
3
 74
0
 40
0.0
 40
0.0
 40
0.0
 40
1.0
 40
1.0
 40
1.0
 10
116.6951171875
 20
8.120629882812501
 30
0.0
 10
116.556689453125
 20
8.193139648437501
 30
0.0
 10
116.4887939453125
 20
8.300585937500001
 30
0.0
  0
SPLINE
  5
A23
330
17
100
AcDbEntity
  8
dimensions
100
AcDbSpline
 70
0
 71
2
 72
6
 73
3
 74
0
 40
0.0
 40
0.0
 40
0.0
 40
1.0
 40
1.0
 40
1.0
 10
116.4887939453125
 20
8.300585937500001
 30
0.0
 10
116.4208984375
 20
8.4080322265625
 30
0.0
 10
116.4208984375
 20
8.541186523437501
 30
0.0
  0
SPLINE
  5
A24
330
17
100
AcDbEntity
  8
dimensions
100
AcDbSpline
 70
0
 71
2
 72
6
 73
3
 74
0
 40
0.0
 40
0.0
 40
0.0
 40
1.0
 40
1.0
 40
1.0
 10
116.4208984375
 20
8.541186523437501
 30
0.0
 10
116.4208984375
 20
8.687524414062501
 30
0.0
 10
116.503955078125
 20
8.814746093750001
 30
0.0
  0
SPLINE
  5
A25
330
17
100
AcDbEntity
  8
dimensions
100
AcDbSpline
 70
0
 71
2
 72
6
 73
3
 74
0
 40
0.0
 40
0.0
 40
0.0
 40
1.0
 40
1.0
 40
1.0
 10
116.503955078125
 20
8.814746093750001
 30
0.0
 10
116.58701171874999
 20
8.9419677734375
 30
0.0
 10
116.746533203125
 20
9.0078857421875
 30
0.0
  0
SPLINE
  5
A26
330
17
100
AcDbEntity
  8
dimensions
100
AcDbSpline
 70
0
 71
2
 72
6
 73
3
 74
0
 40
0.0
 40
0.0
 40
0.0
 40
1.0
 40
1.0
 40
1.0
 10
116.746533203125
 20
9.0078857421875
 30
0.0
 10
116.9060546875
 20
9.0738037109375
 30
0.0
 10
117.10117187499999
 20
9.0738037109375
 30
0.0
  0
SPLINE
  5
A27
330
17
100
AcDbEntity
  8
dimensions
100
AcDbSpline
 70
0
 71
2
 72
6
 73
3
 74
0
 40
0.0
 40
0.0
 40
0.0
 40
1.0
 40
1.0
 40
1.0
 10
117.10117187499999
 20
9.0738037109375
 30
0.0
 10
117.316064453125
 20
9.0738037109375
 30
0.0
 10
117.48020019531249
 20
9.00458984375
 30
0.0
  0
SPLINE
  5
A28
330
17
100
AcDbEntity
  8
dimensions
100
AcDbSpline
 70
0
 71
2
 72
6
 73
3
 74
0
 40
0.0
 40
0.0
 40
0.0
 40
1.0
 40
1.0
 40
1.0
 10
117.48020019531249
 20
9.00458984375
 30
0.0
 10
117.6443359375
 20
8.9353759765625
 30
0.0
 10
117.732666015625
 20
8.8009033203125
 30
0.0
  0
SPLINE
  5
A29
330
17
100
AcDbEntity
  8
dimensions
100
AcDbSpline
 70
0
 71
2
 72
6
 73
3
 74
0
 40
0.0
 40
0.0
 40
0.0
 40
1.0
 40
1.0
 40
1.0
 10
117.732666015625
 20
8.8009033203125
 30
0.0
 10
117.82099609375
 20
8.666430664062501
 30
0.0
 10
117.827587890625
 20
8.496362304687501
 30
0.0
  0
LINE
  5
A2A
330
17
100
AcDbEntity
  8
dimensions
100
AcDbLine
 10
117.58237304687499
 20
8.4779052734375
 30
0.0
 11
117.827587890625
 21
8.496362304687501
 31
0.0
  0
SPLINE
  5
A2B
330
17
100
AcDbEntity
  8
dimensions
100
AcDbSpline
 70
0
 71
2
 72
6
 73
3
 74
0
 40
0.0
 40
0.0
 40
0.0
 40
1.0
 40
1.0
 40
1.0
 10
117.58237304687499
 20
8.4779052734375
 30
0.0
 10
117.56259765624999
 20
8.661157226562501
 30
0.0
 10
117.4485595703125
 20
8.7547607421875
 30
0.0
  0
SPLINE
  5
A2C
330
17
100
AcDbEntity
  8
dimensions
100
AcDbSpline
 70
0
 71
2
 72
6
 73
3
 74
0
 40
0.0
 40
0.0
 40
0.0
 40
1.0
 40
1.0
 40
1.0
 10
117.4485595703125
 20
8.7547607421875
 30
0.0
 10
117.334521484375
 20
8.8483642578125
 30
0.0
 10
117.11171875
 20
8.8483642578125
 30
0.0
  0
SPLINE
  5
A2D
330
17
100
AcDbEntity
  8
dimensions
100
AcDbSpline
 70
0
 71
2
 72
6
 73
3
 74
0
 40
0.0
 40
0.0
 40
0.0
 40
1.0
 40
1.0
 40
1.0
 10
117.11171875
 20
8.8483642578125
 30
0.0
 10
116.8796875
 20
8.8483642578125
 30
0.0
 10
116.7735595703125
 20
8.763330078125001
 30
0.0
  0
SPLINE
  5
A2E
330
17
100
AcDbEntity
  8
dimensions
100
AcDbSpline
 70
0
 71
2
 72
6
 73
3
 74
0
 40
0.0
 40
0.0
 40
0.0
 40
1.0
 40
1.0
 40
1.0
 10
116.7735595703125
 20
8.763330078125001
 30
0.0
 10
116.667431640625
 20
8.6782958984375
 30
0.0
 10
116.667431640625
 20
8.5583251953125
 30
0.0
  0
SPLINE
  5
A2F
330
17
100
AcDbEntity
  8
dimensions
100
AcDbSpline
 70
0
 71
2
 72
6
 73
3
 74
0
 40
0.0
 40
0.0
 40
0.0
 40
1.0
 40
1.0
 40
1.0
 10
116.667431640625
 20
8.5583251953125
 30
0.0
 10
116.667431640625
 20
8.4541748046875
 30
0.0
 10
116.742578125
 20
8.3869384765625
 30
0.0
  0
SPLINE
  5
A30
330
17
100
AcDbEntity
  8
dimensions
100
AcDbSpline
 70
0
 71
2
 72
6
 73
3
 74
0
 40
0.0
 40
0.0
 40
0.0
 40
1.0
 40
1.0
 40
1.0
 10
116.742578125
 20
8.3869384765625
 30
0.0
 10
116.81640625
 20
8.3197021484375
 30
0.0
 10
117.1281982421875
 20
8.249169921875001
 30
0.0
  0
SPLINE
  5
A31
330
17
100
AcDbEntity
  8
dimensions
100
AcDbSpline
 70
0
 71
2
 72
6
 73
3
 74
0
 40
0.0
 40
0.0
 40
0.0
 40
1.0
 40
1.0
 40
1.0
 10
117.1281982421875
 20
8.249169921875001
 30
0.0
 10
117.439990234375
 20
8.178637695312501
 30
0.0
 10
117.55600585937499
 20
8.125903320312501
 30
0.0
  0
SPLINE
  5
A32
330
17
100
AcDbEntity
  8
dimensions
100
AcDbSpline
 70
0
 71
2
 72
6
 73
3
 74
0
 40
0.0
 40
0.0
 40
0.0
 40
1.0
 40
1.0
 40
1.0
 10
117.55600585937499
 20
8.125903320312501
 30
0.0
 10
117.724755859375
 20
8.0481201171875
 30
0.0
 10
117.80517578125
 20
7.92880859375
 30
0.0
  0
SPLINE
  5
A33
330
17
100
AcDbEntity
  8
dimensions
100
AcDbSpline
 70
0
 71
2
 72
6
 73
3
 74
0
 40
0.0
 40
0.0
 40
0.0
 40
1.0
 40
1.0
 40
1.0
 10
117.80517578125
 20
7.92880859375
 30
0.0
 10
117.88559570312499
 20
7.8094970703125
 30
0.0
 10
117.88559570312499
 20
7.6539306640625
 30
0.0
  0
SPLINE
  5
A34
330
17
100
AcDbEntity
  8
dimensions
100
AcDbSpline
 70
0
 71
2
 72
6
 73
3
 74
0
 40
0.0
 40
0.0
 40
0.0
 40
1.0
 40
1.0
 40
1.0
 10
117.88559570312499
 20
7.6539306640625
 30
0.0
 10
117.88559570312499
 20
7.4996826171875
 30
0.0
 10
117.797265625
 20
7.363232421875001
 30
0.0
  0
SPLINE
  5
A35
330
17
100
AcDbEntity
  8
dimensions
100
AcDbSpline
 70
0
 71
2
 72
6
 73
3
 74
0
 40
0.0
 40
0.0
 40
0.0
 40
1.0
 40
1.0
 40
1.0
 10
117.797265625
 20
7.363232421875001
 30
0.0
 10
117.708935546875
 20
7.2267822265625
 30
0.0
 10
117.5434814453125
 20
7.1509765625
 30
0.0
  0
SPLINE
  5
A36
330
17
100
AcDbEntity
  8
dimensions
100
AcDbSpline
 70
0
 71
2
 72
6
 73
3
 74
0
 40
0.0
 40
0.0
 40
0.0
 40
1.0
 40
1.0
 40
1.0
 10
117.5434814453125
 20
7.1509765625
 30
0.0
 10
117.37802734374999
 20
7.0751708984375
 30
0.0
 10
117.171044921875
 20
7.0751708984375
 30
0.0
  0
SPLINE
  5
A37
330
17
100
AcDbEntity
  8
dimensions
100
AcDbSpline
 70
0
 71
2
 72
6
 73
3
 74
0
 40
0.0
 40
0.0
 40
0.0
 40
1.0
 40
1.0
 40
1.0
 10
117.171044921875
 20
7.0751708984375
 30
0.0
 10
116.90869140625
 20
7.0751708984375
 30
0.0
 10
116.7313720703125
 20
7.1516357421875005
 30
0.0
  0
SPLINE
  5
A38
330
17
100
AcDbEntity
  8
dimensions
100
AcDbSpline
 70
0
 71
2
 72
6
 73
3
 74
0
 40
0.0
 40
0.0
 40
0.0
 40
1.0
 40
1.0
 40
1.0
 10
116.7313720703125
 20
7.1516357421875005
 30
0.0
 10
116.55405273437499
 20
7.228100585937501
 30
0.0
 10
116.4531982421875
 20
7.381689453125
 30
0.0
  0
SPLINE
  5
A39
330
17
100
AcDbEntity
  8
dimensions
100
AcDbSpline
 70
0
 71
2
 72
6
 73
3
 74
0
 40
0.0
 40
0.0
 40
0.0
 40
1.0
 40
1.0
 40
1.0
 10
116.4531982421875
 20
7.381689453125
 30
0.0
 10
116.35234375
 20
7.5352783203125
 30
0.0
 10
116.3470703125
 20
7.729077148437501
 30
0.0
  0
SPLINE
  5
A3A
330
17
100
AcDbEntity
  8
dimensions
100
AcDbSpline
 70
0
 71
2
 72
6
 73
3
 74
0
 40
0.0
 40
0.0
 40
0.0
 40
1.0
 40
1.0
 40
1.0
 10
93.15185546875
 20
2.0494384765625
 30
0.0
 10
93.15185546875
 20
2.5306396484375
 30
0.0
 10
93.41025390625
 20
2.802880859375
 30
0.0
  0
SPLINE
  5
A3B
330
17
100
AcDbEntity
  8
dimensions
100
AcDbSpline
 70
0
 71
2
 72
6
 73
3
 74
0
 40
0.0
 40
0.0
 40
0.0
 40
1.0
 40
1.0
 40
1.0
 10
93.41025390625
 20
2.802880859375
 30
0.0
 10
93.66865234375001
 20
3.0751220703125
 30
0.0
 10
94.07734375000001
 20
3.0751220703125
 30
0.0
  0
SPLINE
  5
A3C
330
17
100
AcDbEntity
  8
dimensions
100
AcDbSpline
 70
0
 71
2
 72
6
 73
3
 74
0
 40
0.0
 40
0.0
 40
0.0
 40
1.0
 40
1.0
 40
1.0
 10
94.07734375000001
 20
3.0751220703125
 30
0.0
 10
94.344970703125
 20
3.0751220703125
 30
0.0
 10
94.55986328125
 20
2.9472412109375004
 30
0.0
  0
SPLINE
  5
A3D
330
17
100
AcDbEntity
  8
dimensions
100
AcDbSpline
 70
0
 71
2
 72
6
 73
3
 74
0
 40
0.0
 40
0.0
 40
0.0
 40
1.0
 40
1.0
 40
1.0
 10
94.55986328125
 20
2.9472412109375004
 30
0.0
 10
94.774755859375
 20
2.8193603515625
 30
0.0
 10
94.88747558593751
 20
2.590625
 30
0.0
  0
SPLINE
  5
A3E
330
17
100
AcDbEntity
  8
dimensions
100
AcDbSpline
 70
0
 71
2
 72
6
 73
3
 74
0
 40
0.0
 40
0.0
 40
0.0
 40
1.0
 40
1.0
 40
1.0
 10
94.88747558593751
 20
2.590625
 30
0.0
 10
95.00019531250001
 20
2.3618896484375
 30
0.0
 10
95.00019531250001
 20
2.0718505859375
 30
0.0
  0
SPLINE
  5
A3F
330
17
100
AcDbEntity
  8
dimensions
100
AcDbSpline
 70
0
 71
2
 72
6
 73
3
 74
0
 40
0.0
 40
0.0
 40
0.0
 40
1.0
 40
1.0
 40
1.0
 10
95.00019531250001
 20
2.0718505859375
 30
0.0
 10
95.00019531250001
 20
1.7778564453125
 30
0.0
 10
94.88154296875001
 20
1.5458251953125
 30
0.0
  0
SPLINE
  5
A40
330
17
100
AcDbEntity
  8
dimensions
100
AcDbSpline
 70
0
 71
2
 72
6
 73
3
 74
0
 40
0.0
 40
0.0
 40
0.0
 40
1.0
 40
1.0
 40
1.0
 10
94.88154296875001
 20
1.5458251953125
 30
0.0
 10
94.76289062500001
 20
1.3137939453124998
 30
0.0
 10
94.54536132812501
 20
1.1944824218749999
 30
0.0
  0
SPLINE
  5
A41
330
17
100
AcDbEntity
  8
dimensions
100
AcDbSpline
 70
0
 71
2
 72
6
 73
3
 74
0
 40
0.0
 40
0.0
 40
0.0
 40
1.0
 40
1.0
 40
1.0
 10
94.54536132812501
 20
1.1944824218749999
 30
0.0
 10
94.32783203125001
 20
1.0751708984375
 30
0.0
 10
94.076025390625
 20
1.0751708984375
 30
0.0
  0
SPLINE
  5
A42
330
17
100
AcDbEntity
  8
dimensions
100
AcDbSpline
 70
0
 71
2
 72
6
 73
3
 74
0
 40
0.0
 40
0.0
 40
0.0
 40
1.0
 40
1.0
 40
1.0
 10
94.076025390625
 20
1.0751708984375
 30
0.0
 10
93.80312500000001
 20
1.0751708984375
 30
0.0
 10
93.588232421875
 20
1.2070068359375
 30
0.0
  0
SPLINE
  5
A43
330
17
100
AcDbEntity
  8
dimensions
100
AcDbSpline
 70
0
 71
2
 72
6
 73
3
 74
0
 40
0.0
 40
0.0
 40
0.0
 40
1.0
 40
1.0
 40
1.0
 10
93.588232421875
 20
1.2070068359375
 30
0.0
 10
93.37333984375
 20
1.3388427734375
 30
0.0
 10
93.26259765625001
 20
1.5669189453125
 30
0.0
  0
SPLINE
  5
A44
330
17
100
AcDbEntity
  8
dimensions
100
AcDbSpline
 70
0
 71
2
 72
6
 73
3
 74
0
 40
0.0
 40
0.0
 40
0.0
 40
1.0
 40
1.0
 40
1.0
 10
93.26259765625001
 20
1.5669189453125
 30
0.0
 10
93.15185546875
 20
1.7949951171875
 30
0.0
 10
93.15185546875
 20
2.0494384765625
 30
0.0
  0
SPLINE
  5
A45
330
17
100
AcDbEntity
  8
dimensions
100
AcDbSpline
 70
0
 71
2
 72
6
 73
3
 74
0
 40
0.0
 40
0.0
 40
0.0
 40
1.0
 40
1.0
 40
1.0
 10
93.41552734375
 20
2.0454833984375
 30
0.0
 10
93.41552734375
 20
1.6961181640624998
 30
0.0
 10
93.6033935546875
 20
1.4950683593749998
 30
0.0
  0
SPLINE
  5
A46
330
17
100
AcDbEntity
  8
dimensions
100
AcDbSpline
 70
0
 71
2
 72
6
 73
3
 74
0
 40
0.0
 40
0.0
 40
0.0
 40
1.0
 40
1.0
 40
1.0
 10
93.6033935546875
 20
1.4950683593749998
 30
0.0
 10
93.791259765625
 20
1.2940185546874998
 30
0.0
 10
94.07470703125
 20
1.2940185546874998
 30
0.0
  0
SPLINE
  5
A47
330
17
100
AcDbEntity
  8
dimensions
100
AcDbSpline
 70
0
 71
2
 72
6
 73
3
 74
0
 40
0.0
 40
0.0
 40
0.0
 40
1.0
 40
1.0
 40
1.0
 10
94.07470703125
 20
1.2940185546874998
 30
0.0
 10
94.36342773437501
 20
1.2940185546874998
 30
0.0
 10
94.5499755859375
 20
1.4970458984375
 30
0.0
  0
SPLINE
  5
A48
330
17
100
AcDbEntity
  8
dimensions
100
AcDbSpline
 70
0
 71
2
 72
6
 73
3
 74
0
 40
0.0
 40
0.0
 40
0.0
 40
1.0
 40
1.0
 40
1.0
 10
94.5499755859375
 20
1.4970458984375
 30
0.0
 10
94.73652343750001
 20
1.7000732421875
 30
0.0
 10
94.73652343750001
 20
2.0731689453125
 30
0.0
  0
SPLINE
  5
A49
330
17
100
AcDbEntity
  8
dimensions
100
AcDbSpline
 70
0
 71
2
 72
6
 73
3
 74
0
 40
0.0
 40
0.0
 40
0.0
 40
1.0
 40
1.0
 40
1.0
 10
94.73652343750001
 20
2.0731689453125
 30
0.0
 10
94.73652343750001
 20
2.3091552734375
 30
0.0
 10
94.65676269531251
 20
2.48515625
 30
0.0
  0
SPLINE
  5
A4A
330
17
100
AcDbEntity
  8
dimensions
100
AcDbSpline
 70
0
 71
2
 72
6
 73
3
 74
0
 40
0.0
 40
0.0
 40
0.0
 40
1.0
 40
1.0
 40
1.0
 10
94.65676269531251
 20
2.48515625
 30
0.0
 10
94.577001953125
 20
2.6611572265625
 30
0.0
 10
94.42341308593751
 20
2.758056640625
 30
0.0
  0
SPLINE
  5
A4B
330
17
100
AcDbEntity
  8
dimensions
100
AcDbSpline
 70
0
 71
2
 72
6
 73
3
 74
0
 40
0.0
 40
0.0
 40
0.0
 40
1.0
 40
1.0
 40
1.0
 10
94.42341308593751
 20
2.758056640625
 30
0.0
 10
94.26982421875
 20
2.8549560546875004
 30
0.0
 10
94.078662109375
 20
2.8549560546875004
 30
0.0
  0
SPLINE
  5
A4C
330
17
100
AcDbEntity
  8
dimensions
100
AcDbSpline
 70
0
 71
2
 72
6
 73
3
 74
0
 40
0.0
 40
0.0
 40
0.0
 40
1.0
 40
1.0
 40
1.0
 10
94.078662109375
 20
2.8549560546875004
 30
0.0
 10
93.80708007812501
 20
2.8549560546875004
 30
0.0
 10
93.6113037109375
 20
2.6684082031250003
 30
0.0
  0
SPLINE
  5
A4D
330
17
100
AcDbEntity
  8
dimensions
100
AcDbSpline
 70
0
 71
2
 72
6
 73
3
 74
0
 40
0.0
 40
0.0
 40
0.0
 40
1.0
 40
1.0
 40
1.0
 10
93.6113037109375
 20
2.6684082031250003
 30
0.0
 10
93.41552734375
 20
2.4818603515625
 30
0.0
 10
93.41552734375
 20
2.0454833984375
 30
0.0
  0
LINE
  5
A4E
330
17
100
AcDbEntity
  8
dimensions
100
AcDbLine
 10
95.32978515625
 20
1.1081298828125
 30
0.0
 11
96.02719726562499
 21
1.1081298828125
 31
0.0
  0
LINE
  5
A4F
330
17
100
AcDbEntity
  8
dimensions
100
AcDbLine
 10
95.32978515625
 20
3.0408447265625
 30
0.0
 11
95.32978515625
 21
1.1081298828125
 31
0.0
  0
LINE
  5
A50
330
17
100
AcDbEntity
  8
dimensions
100
AcDbLine
 10
95.995556640625
 20
3.0408447265625
 30
0.0
 11
95.32978515625
 21
3.0408447265625
 31
0.0
  0
SPLINE
  5
A51
330
17
100
AcDbEntity
  8
dimensions
100
AcDbSpline
 70
0
 71
2
 72
6
 73
3
 74
0
 40
0.0
 40
0.0
 40
0.0
 40
1.0
 40
1.0
 40
1.0
 10
95.995556640625
 20
3.0408447265625
 30
0.0
 10
96.22099609374999
 20
3.0408447265625
 30
0.0
 10
96.33964843749999
 20
3.0131591796875004
 30
0.0
  0
SPLINE
  5
A52
330
17
100
AcDbEntity
  8
dimensions
100
AcDbSpline
 70
0
 71
2
 72
6
 73
3
 74
0
 40
0.0
 40
0.0
 40
0.0
 40
1.0
 40
1.0
 40
1.0
 10
96.33964843749999
 20
3.0131591796875004
 30
0.0
 10
96.50576171875
 20
2.9749267578125
 30
0.0
 10
96.62309570312499
 20
2.8747314453125004
 30
0.0
  0
SPLINE
  5
A53
330
17
100
AcDbEntity
  8
dimensions
100
AcDbSpline
 70
0
 71
2
 72
6
 73
3
 74
0
 40
0.0
 40
0.0
 40
0.0
 40
1.0
 40
1.0
 40
1.0
 10
96.62309570312499
 20
2.8747314453125004
 30
0.0
 10
96.776025390625
 20
2.7455322265625
 30
0.0
 10
96.8518310546875
 20
2.544482421875
 30
0.0
  0
SPLINE
  5
A54
330
17
100
AcDbEntity
  8
dimensions
100
AcDbSpline
 70
0
 71
2
 72
6
 73
3
 74
0
 40
0.0
 40
0.0
 40
0.0
 40
1.0
 40
1.0
 40
1.0
 10
96.8518310546875
 20
2.544482421875
 30
0.0
 10
96.92763671875
 20
2.3434326171875
 30
0.0
 10
96.92763671875
 20
2.0850341796875
 30
0.0
  0
SPLINE
  5
A55
330
17
100
AcDbEntity
  8
dimensions
100
AcDbSpline
 70
0
 71
2
 72
6
 73
3
 74
0
 40
0.0
 40
0.0
 40
0.0
 40
1.0
 40
1.0
 40
1.0
 10
96.92763671875
 20
2.0850341796875
 30
0.0
 10
96.92763671875
 20
1.8648681640625
 30
0.0
 10
96.876220703125
 20
1.6947998046875
 30
0.0
  0
SPLINE
  5
A56
330
17
100
AcDbEntity
  8
dimensions
100
AcDbSpline
 70
0
 71
2
 72
6
 73
3
 74
0
 40
0.0
 40
0.0
 40
0.0
 40
1.0
 40
1.0
 40
1.0
 10
96.876220703125
 20
1.6947998046875
 30
0.0
 10
96.82480468749999
 20
1.5247314453124998
 30
0.0
 10
96.744384765625
 20
1.413330078125
 30
0.0
  0
SPLINE
  5
A57
330
17
100
AcDbEntity
  8
dimensions
100
AcDbSpline
 70
0
 71
2
 72
6
 73
3
 74
0
 40
0.0
 40
0.0
 40
0.0
 40
1.0
 40
1.0
 40
1.0
 10
96.744384765625
 20
1.413330078125
 30
0.0
 10
96.66396484375
 20
1.3019287109375
 30
0.0
 10
96.5683837890625
 20
1.2379882812499998
 30
0.0
  0
SPLINE
  5
A58
330
17
100
AcDbEntity
  8
dimensions
100
AcDbSpline
 70
0
 71
2
 72
6
 73
3
 74
0
 40
0.0
 40
0.0
 40
0.0
 40
1.0
 40
1.0
 40
1.0
 10
96.5683837890625
 20
1.2379882812499998
 30
0.0
 10
96.472802734375
 20
1.1740478515625
 30
0.0
 10
96.3376708984375
 20
1.1410888671875
 30
0.0
  0
SPLINE
  5
A59
330
17
100
AcDbEntity
  8
dimensions
100
AcDbSpline
 70
0
 71
2
 72
6
 73
3
 74
0
 40
0.0
 40
0.0
 40
0.0
 40
1.0
 40
1.0
 40
1.0
 10
96.3376708984375
 20
1.1410888671875
 30
0.0
 10
96.2025390625
 20
1.1081298828125
 30
0.0
 10
96.02719726562499
 20
1.1081298828125
 30
0.0
  0
LINE
  5
A5A
330
17
100
AcDbEntity
  8
dimensions
100
AcDbLine
 10
95.58554687499999
 20
1.3362060546874999
 30
0.0
 11
95.58554687499999
 21
2.8127685546875
 31
0.0
  0
LINE
  5
A5B
330
17
100
AcDbEntity
  8
dimensions
100
AcDbLine
 10
95.998193359375
 20
1.3362060546874999
 30
0.0
 11
95.58554687499999
 21
1.3362060546874999
 31
0.0
  0
SPLINE
  5
A5C
330
17
100
AcDbEntity
  8
dimensions
100
AcDbSpline
 70
0
 71
2
 72
6
 73
3
 74
0
 40
0.0
 40
0.0
 40
0.0
 40
1.0
 40
1.0
 40
1.0
 10
95.998193359375
 20
1.3362060546874999
 30
0.0
 10
96.18935546875
 20
1.3362060546874999
 30
0.0
 10
96.2981201171875
 20
1.3718017578125
 30
0.0
  0
SPLINE
  5
A5D
330
17
100
AcDbEntity
  8
dimensions
100
AcDbSpline
 70
0
 71
2
 72
6
 73
3
 74
0
 40
0.0
 40
0.0
 40
0.0
 40
1.0
 40
1.0
 40
1.0
 10
96.2981201171875
 20
1.3718017578125
 30
0.0
 10
96.406884765625
 20
1.4073974609375
 30
0.0
 10
96.47148437499999
 20
1.4719970703124998
 30
0.0
  0
SPLINE
  5
A5E
330
17
100
AcDbEntity
  8
dimensions
100
AcDbSpline
 70
0
 71
2
 72
6
 73
3
 74
0
 40
0.0
 40
0.0
 40
0.0
 40
1.0
 40
1.0
 40
1.0
 10
96.47148437499999
 20
1.4719970703124998
 30
0.0
 10
96.562451171875
 20
1.5629638671875
 30
0.0
 10
96.61320800781249
 20
1.716552734375
 30
0.0
  0
SPLINE
  5
A5F
330
17
100
AcDbEntity
  8
dimensions
100
AcDbSpline
 70
0
 71
2
 72
6
 73
3
 74
0
 40
0.0
 40
0.0
 40
0.0
 40
1.0
 40
1.0
 40
1.0
 10
96.61320800781249
 20
1.716552734375
 30
0.0
 10
96.66396484375
 20
1.8701416015625
 30
0.0
 10
96.66396484375
 20
2.0889892578125
 30
0.0
  0
SPLINE
  5
A60
330
17
100
AcDbEntity
  8
dimensions
100
AcDbSpline
 70
0
 71
2
 72
6
 73
3
 74
0
 40
0.0
 40
0.0
 40
0.0
 40
1.0
 40
1.0
 40
1.0
 10
96.66396484375
 20
2.0889892578125
 30
0.0
 10
96.66396484375
 20
2.3922119140625
 30
0.0
 10
96.56442871093749
 20
2.555029296875
 30
0.0
  0
SPLINE
  5
A61
330
17
100
AcDbEntity
  8
dimensions
100
AcDbSpline
 70
0
 71
2
 72
6
 73
3
 74
0
 40
0.0
 40
0.0
 40
0.0
 40
1.0
 40
1.0
 40
1.0
 10
96.56442871093749
 20
2.555029296875
 30
0.0
 10
96.46489257812499
 20
2.7178466796875
 30
0.0
 10
96.322509765625
 20
2.7732177734375
 30
0.0
  0
SPLINE
  5
A62
330
17
100
AcDbEntity
  8
dimensions
100
AcDbSpline
 70
0
 71
2
 72
6
 73
3
 74
0
 40
0.0
 40
0.0
 40
0.0
 40
1.0
 40
1.0
 40
1.0
 10
96.322509765625
 20
2.7732177734375
 30
0.0
 10
96.219677734375
 20
2.8127685546875
 30
0.0
 10
95.9916015625
 20
2.8127685546875
 30
0.0
  0
LINE
  5
A63
330
17
100
AcDbEntity
  8
dimensions
100
AcDbLine
 10
95.58554687499999
 20
2.8127685546875
 30
0.0
 11
95.9916015625
 21
2.8127685546875
 31
0.0
  0
LINE
  5
A64
330
17
100
AcDbEntity
  8
dimensions
100
AcDbLine
 10
97.949365234375
 20
2.7877197265625
 30
0.0
 11
98.895947265625
 21
2.7877197265625
 31
0.0
  0
LINE
  5
A65
330
17
100
AcDbEntity
  8
dimensions
100
AcDbLine
 10
97.949365234375
 20
3.0157958984375
 30
0.0
 11
97.949365234375
 21
2.7877197265625
 31
0.0
  0
LINE
  5
A66
330
17
100
AcDbEntity
  8
dimensions
100
AcDbLine
 10
99.20048828125
 20
3.0157958984375
 30
0.0
 11
97.949365234375
 21
3.0157958984375
 31
0.0
  0
LINE
  5
A67
330
17
100
AcDbEntity
  8
dimensions
100
AcDbLine
 10
99.20048828125
 20
2.8312255859375
 30
0.0
 11
99.20048828125
 21
3.0157958984375
 31
0.0
  0
SPLINE
  5
A68
330
17
100
AcDbEntity
  8
dimensions
100
AcDbSpline
 70
0
 71
2
 72
6
 73
3
 74
0
 40
0.0
 40
0.0
 40
0.0
 40
1.0
 40
1.0
 40
1.0
 10
99.20048828125
 20
2.8312255859375
 30
0.0
 10
99.01591796875
 20
2.6347900390625
 30
0.0
 10
98.8346435546875
 20
2.3091552734375
 30
0.0
  0
SPLINE
  5
A69
330
17
100
AcDbEntity
  8
dimensions
100
AcDbSpline
 70
0
 71
2
 72
6
 73
3
 74
0
 40
0.0
 40
0.0
 40
0.0
 40
1.0
 40
1.0
 40
1.0
 10
98.8346435546875
 20
2.3091552734375
 30
0.0
 10
98.653369140625
 20
1.9835205078125
 30
0.0
 10
98.5544921875
 20
1.6394287109375
 30
0.0
  0
SPLINE
  5
A6A
330
17
100
AcDbEntity
  8
dimensions
100
AcDbSpline
 70
0
 71
2
 72
6
 73
3
 74
0
 40
0.0
 40
0.0
 40
0.0
 40
1.0
 40
1.0
 40
1.0
 10
98.5544921875
 20
1.6394287109375
 30
0.0
 10
98.48330078125
 20
1.3968505859375
 30
0.0
 10
98.463525390625
 20
1.1081298828125
 30
0.0
  0
LINE
  5
A6B
330
17
100
AcDbEntity
  8
dimensions
100
AcDbLine
 10
98.21962890625
 20
1.1081298828125
 30
0.0
 11
98.463525390625
 21
1.1081298828125
 31
0.0
  0
SPLINE
  5
A6C
330
17
100
AcDbEntity
  8
dimensions
100
AcDbSpline
 70
0
 71
2
 72
6
 73
3
 74
0
 40
0.0
 40
0.0
 40
0.0
 40
1.0
 40
1.0
 40
1.0
 10
98.21962890625
 20
1.1081298828125
 30
0.0
 10
98.223583984375
 20
1.3362060546874999
 30
0.0
 10
98.30927734375
 20
1.6592041015625
 30
0.0
  0
SPLINE
  5
A6D
330
17
100
AcDbEntity
  8
dimensions
100
AcDbSpline
 70
0
 71
2
 72
6
 73
3
 74
0
 40
0.0
 40
0.0
 40
0.0
 40
1.0
 40
1.0
 40
1.0
 10
98.30927734375
 20
1.6592041015625
 30
0.0
 10
98.394970703125
 20
1.9822021484375
 30
0.0
 10
98.55515136718749
 20
2.28212890625
 30
0.0
  0
SPLINE
  5
A6E
330
17
100
AcDbEntity
  8
dimensions
100
AcDbSpline
 70
0
 71
2
 72
6
 73
3
 74
0
 40
0.0
 40
0.0
 40
0.0
 40
1.0
 40
1.0
 40
1.0
 10
98.55515136718749
 20
2.28212890625
 30
0.0
 10
98.71533203125
 20
2.5820556640625
 30
0.0
 10
98.895947265625
 20
2.7877197265625
 30
0.0
  0
LINE
  5
A6F
330
17
100
AcDbEntity
  8
dimensions
100
AcDbLine
 10
100.430517578125
 20
2.5490966796875
 30
0.0
 11
100.66650390625
 21
2.5675537109375
 31
0.0
  0
SPLINE
  5
A70
330
17
100
AcDbEntity
  8
dimensions
100
AcDbSpline
 70
0
 71
2
 72
6
 73
3
 74
0
 40
0.0
 40
0.0
 40
0.0
 40
1.0
 40
1.0
 40
1.0
 10
100.430517578125
 20
2.5490966796875
 30
0.0
 10
100.39887695312501
 20
2.6888427734375
 30
0.0
 10
100.340869140625
 20
2.7521240234375
 30
0.0
  0
SPLINE
  5
A71
330
17
100
AcDbEntity
  8
dimensions
100
AcDbSpline
 70
0
 71
2
 72
6
 73
3
 74
0
 40
0.0
 40
0.0
 40
0.0
 40
1.0
 40
1.0
 40
1.0
 10
100.340869140625
 20
2.7521240234375
 30
0.0
 10
100.24462890625
 20
2.8536376953125
 30
0.0
 10
100.103564453125
 20
2.8536376953125
 30
0.0
  0
SPLINE
  5
A72
330
17
100
AcDbEntity
  8
dimensions
100
AcDbSpline
 70
0
 71
2
 72
6
 73
3
 74
0
 40
0.0
 40
0.0
 40
0.0
 40
1.0
 40
1.0
 40
1.0
 10
100.103564453125
 20
2.8536376953125
 30
0.0
 10
99.99018554687501
 20
2.8536376953125
 30
0.0
 10
99.90449218750001
 20
2.7903564453125
 30
0.0
  0
SPLINE
  5
A73
330
17
100
AcDbEntity
  8
dimensions
100
AcDbSpline
 70
0
 71
2
 72
6
 73
3
 74
0
 40
0.0
 40
0.0
 40
0.0
 40
1.0
 40
1.0
 40
1.0
 10
99.90449218750001
 20
2.7903564453125
 30
0.0
 10
99.79243164062501
 20
2.7086181640625
 30
0.0
 10
99.72783203125
 20
2.5517333984375
 30
0.0
  0
SPLINE
  5
A74
330
17
100
AcDbEntity
  8
dimensions
100
AcDbSpline
 70
0
 71
2
 72
6
 73
3
 74
0
 40
0.0
 40
0.0
 40
0.0
 40
1.0
 40
1.0
 40
1.0
 10
99.72783203125
 20
2.5517333984375
 30
0.0
 10
99.66323242187501
 20
2.3948486328125
 30
0.0
 10
99.66059570312501
 20
2.1048095703125
 30
0.0
  0
SPLINE
  5
A75
330
17
100
AcDbEntity
  8
dimensions
100
AcDbSpline
 70
0
 71
2
 72
6
 73
3
 74
0
 40
0.0
 40
0.0
 40
0.0
 40
1.0
 40
1.0
 40
1.0
 10
99.66059570312501
 20
2.1048095703125
 30
0.0
 10
99.74628906250001
 20
2.2353271484375004
 30
0.0
 10
99.87021484375
 20
2.2986083984375
 30
0.0
  0
SPLINE
  5
A76
330
17
100
AcDbEntity
  8
dimensions
100
AcDbSpline
 70
0
 71
2
 72
6
 73
3
 74
0
 40
0.0
 40
0.0
 40
0.0
 40
1.0
 40
1.0
 40
1.0
 10
99.87021484375
 20
2.2986083984375
 30
0.0
 10
99.994140625
 20
2.3618896484375
 30
0.0
 10
100.129931640625
 20
2.3618896484375
 30
0.0
  0
SPLINE
  5
A77
330
17
100
AcDbEntity
  8
dimensions
100
AcDbSpline
 70
0
 71
2
 72
6
 73
3
 74
0
 40
0.0
 40
0.0
 40
0.0
 40
1.0
 40
1.0
 40
1.0
 10
100.129931640625
 20
2.3618896484375
 30
0.0
 10
100.367236328125
 20
2.3618896484375
 30
0.0
 10
100.53400878906251
 20
2.18720703125
 30
0.0
  0
SPLINE
  5
A78
330
17
100
AcDbEntity
  8
dimensions
100
AcDbSpline
 70
0
 71
2
 72
6
 73
3
 74
0
 40
0.0
 40
0.0
 40
0.0
 40
1.0
 40
1.0
 40
1.0
 10
100.53400878906251
 20
2.18720703125
 30
0.0
 10
100.70078125
 20
2.0125244140625
 30
0.0
 10
100.70078125
 20
1.7356689453124998
 30
0.0
  0
SPLINE
  5
A79
330
17
100
AcDbEntity
  8
dimensions
100
AcDbSpline
 70
0
 71
2
 72
6
 73
3
 74
0
 40
0.0
 40
0.0
 40
0.0
 40
1.0
 40
1.0
 40
1.0
 10
100.70078125
 20
1.7356689453124998
 30
0.0
 10
100.70078125
 20
1.5537353515625
 30
0.0
 10
100.62233886718751
 20
1.397509765625
 30
0.0
  0
SPLINE
  5
A7A
330
17
100
AcDbEntity
  8
dimensions
100
AcDbSpline
 70
0
 71
2
 72
6
 73
3
 74
0
 40
0.0
 40
0.0
 40
0.0
 40
1.0
 40
1.0
 40
1.0
 10
100.62233886718751
 20
1.397509765625
 30
0.0
 10
100.54389648437501
 20
1.2412841796874998
 30
0.0
 10
100.406787109375
 20
1.1582275390624999
 30
0.0
  0
SPLINE
  5
A7B
330
17
100
AcDbEntity
  8
dimensions
100
AcDbSpline
 70
0
 71
2
 72
6
 73
3
 74
0
 40
0.0
 40
0.0
 40
0.0
 40
1.0
 40
1.0
 40
1.0
 10
100.406787109375
 20
1.1582275390624999
 30
0.0
 10
100.26967773437501
 20
1.0751708984375
 30
0.0
 10
100.09565429687501
 20
1.0751708984375
 30
0.0
  0
SPLINE
  5
A7C
330
17
100
AcDbEntity
  8
dimensions
100
AcDbSpline
 70
0
 71
2
 72
6
 73
3
 74
0
 40
0.0
 40
0.0
 40
0.0
 40
1.0
 40
1.0
 40
1.0
 10
100.09565429687501
 20
1.0751708984375
 30
0.0
 10
99.79902343750001
 20
1.0751708984375
 30
0.0
 10
99.61181640625
 20
1.2933593749999999
 30
0.0
  0
SPLINE
  5
A7D
330
17
100
AcDbEntity
  8
dimensions
100
AcDbSpline
 70
0
 71
2
 72
6
 73
3
 74
0
 40
0.0
 40
0.0
 40
0.0
 40
1.0
 40
1.0
 40
1.0
 10
99.61181640625
 20
1.2933593749999999
 30
0.0
 10
99.424609375
 20
1.5115478515624998
 30
0.0
 10
99.424609375
 20
2.0125244140625
 30
0.0
  0
SPLINE
  5
A7E
330
17
100
AcDbEntity
  8
dimensions
100
AcDbSpline
 70
0
 71
2
 72
6
 73
3
 74
0
 40
0.0
 40
0.0
 40
0.0
 40
1.0
 40
1.0
 40
1.0
 10
99.424609375
 20
2.0125244140625
 30
0.0
 10
99.424609375
 20
2.5728271484375
 30
0.0
 10
99.631591796875
 20
2.8272705078125
 30
0.0
  0
SPLINE
  5
A7F
330
17
100
AcDbEntity
  8
dimensions
100
AcDbSpline
 70
0
 71
2
 72
6
 73
3
 74
0
 40
0.0
 40
0.0
 40
0.0
 40
1.0
 40
1.0
 40
1.0
 10
99.631591796875
 20
2.8272705078125
 30
0.0
 10
99.81220703125001
 20
3.0487548828125
 30
0.0
 10
100.11806640625001
 20
3.0487548828125
 30
0.0
  0
SPLINE
  5
A80
330
17
100
AcDbEntity
  8
dimensions
100
AcDbSpline
 70
0
 71
2
 72
6
 73
3
 74
0
 40
0.0
 40
0.0
 40
0.0
 40
1.0
 40
1.0
 40
1.0
 10
100.11806640625001
 20
3.0487548828125
 30
0.0
 10
100.34614257812501
 20
3.0487548828125
 30
0.0
 10
100.4918212890625
 20
2.9208740234375004
 30
0.0
  0
SPLINE
  5
A81
330
17
100
AcDbEntity
  8
dimensions
100
AcDbSpline
 70
0
 71
2
 72
6
 73
3
 74
0
 40
0.0
 40
0.0
 40
0.0
 40
1.0
 40
1.0
 40
1.0
 10
100.4918212890625
 20
2.9208740234375004
 30
0.0
 10
100.6375
 20
2.7929931640625
 30
0.0
 10
100.66650390625
 20
2.5675537109375
 30
0.0
  0
SPLINE
  5
A82
330
17
100
AcDbEntity
  8
dimensions
100
AcDbSpline
 70
0
 71
2
 72
6
 73
3
 74
0
 40
0.0
 40
0.0
 40
0.0
 40
1.0
 40
1.0
 40
1.0
 10
99.697509765625
 20
1.7343505859375
 30
0.0
 10
99.697509765625
 20
1.6117431640625
 30
0.0
 10
99.74958496093751
 20
1.4996826171875
 30
0.0
  0
SPLINE
  5
A83
330
17
100
AcDbEntity
  8
dimensions
100
AcDbSpline
 70
0
 71
2
 72
6
 73
3
 74
0
 40
0.0
 40
0.0
 40
0.0
 40
1.0
 40
1.0
 40
1.0
 10
99.74958496093751
 20
1.4996826171875
 30
0.0
 10
99.80166015625001
 20
1.3876220703125
 30
0.0
 10
99.895263671875
 20
1.328955078125
 30
0.0
  0
SPLINE
  5
A84
330
17
100
AcDbEntity
  8
dimensions
100
AcDbSpline
 70
0
 71
2
 72
6
 73
3
 74
0
 40
0.0
 40
0.0
 40
0.0
 40
1.0
 40
1.0
 40
1.0
 10
99.895263671875
 20
1.328955078125
 30
0.0
 10
99.9888671875
 20
1.2702880859374999
 30
0.0
 10
100.09169921875001
 20
1.2702880859374999
 30
0.0
  0
SPLINE
  5
A85
330
17
100
AcDbEntity
  8
dimensions
100
AcDbSpline
 70
0
 71
2
 72
6
 73
3
 74
0
 40
0.0
 40
0.0
 40
0.0
 40
1.0
 40
1.0
 40
1.0
 10
100.09169921875001
 20
1.2702880859374999
 30
0.0
 10
100.2419921875
 20
1.2702880859374999
 30
0.0
 10
100.35009765625
 20
1.3915771484375
 30
0.0
  0
SPLINE
  5
A86
330
17
100
AcDbEntity
  8
dimensions
100
AcDbSpline
 70
0
 71
2
 72
6
 73
3
 74
0
 40
0.0
 40
0.0
 40
0.0
 40
1.0
 40
1.0
 40
1.0
 10
100.35009765625
 20
1.3915771484375
 30
0.0
 10
100.45820312500001
 20
1.5128662109375
 30
0.0
 10
100.45820312500001
 20
1.7211669921875
 30
0.0
  0
SPLINE
  5
A87
330
17
100
AcDbEntity
  8
dimensions
100
AcDbSpline
 70
0
 71
2
 72
6
 73
3
 74
0
 40
0.0
 40
0.0
 40
0.0
 40
1.0
 40
1.0
 40
1.0
 10
100.45820312500001
 20
1.7211669921875
 30
0.0
 10
100.45820312500001
 20
1.9215576171875
 30
0.0
 10
100.351416015625
 20
2.0369140625
 30
0.0
  0
SPLINE
  5
A88
330
17
100
AcDbEntity
  8
dimensions
100
AcDbSpline
 70
0
 71
2
 72
6
 73
3
 74
0
 40
0.0
 40
0.0
 40
0.0
 40
1.0
 40
1.0
 40
1.0
 10
100.351416015625
 20
2.0369140625
 30
0.0
 10
100.24462890625
 20
2.1522705078125
 30
0.0
 10
100.08247070312501
 20
2.1522705078125
 30
0.0
  0
SPLINE
  5
A89
330
17
100
AcDbEntity
  8
dimensions
100
AcDbSpline
 70
0
 71
2
 72
6
 73
3
 74
0
 40
0.0
 40
0.0
 40
0.0
 40
1.0
 40
1.0
 40
1.0
 10
100.08247070312501
 20
2.1522705078125
 30
0.0
 10
99.921630859375
 20
2.1522705078125
 30
0.0
 10
99.8095703125
 20
2.0369140625
 30
0.0
  0
SPLINE
  5
A8A
330
17
100
AcDbEntity
  8
dimensions
100
AcDbSpline
 70
0
 71
2
 72
6
 73
3
 74
0
 40
0.0
 40
0.0
 40
0.0
 40
1.0
 40
1.0
 40
1.0
 10
99.8095703125
 20
2.0369140625
 30
0.0
 10
99.697509765625
 20
1.9215576171875
 30
0.0
 10
99.697509765625
 20
1.7343505859375
 30
0.0
  0
LINE
  5
A8B
330
17
100
AcDbEntity
  8
dimensions
100
AcDbLine
 10
103.272900390625
 20
1.1081298828125
 30
0.0
 11
104.00986328124999
 21
1.1081298828125
 31
0.0
  0
LINE
  5
A8C
330
17
100
AcDbEntity
  8
dimensions
100
AcDbLine
 10
103.272900390625
 20
3.0408447265625
 30
0.0
 11
103.272900390625
 21
1.1081298828125
 31
0.0
  0
LINE
  5
A8D
330
17
100
AcDbEntity
  8
dimensions
100
AcDbLine
 10
103.997998046875
 20
3.0408447265625
 30
0.0
 11
103.272900390625
 21
3.0408447265625
 31
0.0
  0
SPLINE
  5
A8E
330
17
100
AcDbEntity
  8
dimensions
100
AcDbSpline
 70
0
 71
2
 72
6
 73
3
 74
0
 40
0.0
 40
0.0
 40
0.0
 40
1.0
 40
1.0
 40
1.0
 10
103.997998046875
 20
3.0408447265625
 30
0.0
 10
104.219482421875
 20
3.0408447265625
 30
0.0
 10
104.3532958984375
 20
2.982177734375
 30
0.0
  0
SPLINE
  5
A8F
330
17
100
AcDbEntity
  8
dimensions
100
AcDbSpline
 70
0
 71
2
 72
6
 73
3
 74
0
 40
0.0
 40
0.0
 40
0.0
 40
1.0
 40
1.0
 40
1.0
 10
104.3532958984375
 20
2.982177734375
 30
0.0
 10
104.487109375
 20
2.9235107421875
 30
0.0
 10
104.5629150390625
 20
2.8015625
 30
0.0
  0
SPLINE
  5
A90
330
17
100
AcDbEntity
  8
dimensions
100
AcDbSpline
 70
0
 71
2
 72
6
 73
3
 74
0
 40
0.0
 40
0.0
 40
0.0
 40
1.0
 40
1.0
 40
1.0
 10
104.5629150390625
 20
2.8015625
 30
0.0
 10
104.638720703125
 20
2.6796142578125
 30
0.0
 10
104.638720703125
 20
2.5464599609375
 30
0.0
  0
SPLINE
  5
A91
330
17
100
AcDbEntity
  8
dimensions
100
AcDbSpline
 70
0
 71
2
 72
6
 73
3
 74
0
 40
0.0
 40
0.0
 40
0.0
 40
1.0
 40
1.0
 40
1.0
 10
104.638720703125
 20
2.5464599609375
 30
0.0
 10
104.638720703125
 20
2.4225341796875
 30
0.0
 10
104.571484375
 20
2.3131103515625
 30
0.0
  0
SPLINE
  5
A92
330
17
100
AcDbEntity
  8
dimensions
100
AcDbSpline
 70
0
 71
2
 72
6
 73
3
 74
0
 40
0.0
 40
0.0
 40
0.0
 40
1.0
 40
1.0
 40
1.0
 10
104.571484375
 20
2.3131103515625
 30
0.0
 10
104.50424804687499
 20
2.2036865234375
 30
0.0
 10
104.36845703125
 20
2.1364501953125004
 30
0.0
  0
SPLINE
  5
A93
330
17
100
AcDbEntity
  8
dimensions
100
AcDbSpline
 70
0
 71
2
 72
6
 73
3
 74
0
 40
0.0
 40
0.0
 40
0.0
 40
1.0
 40
1.0
 40
1.0
 10
104.36845703125
 20
2.1364501953125004
 30
0.0
 10
104.54379882812499
 20
2.0850341796875
 30
0.0
 10
104.6380615234375
 20
1.9611083984375
 30
0.0
  0
SPLINE
  5
A94
330
17
100
AcDbEntity
  8
dimensions
100
AcDbSpline
 70
0
 71
2
 72
6
 73
3
 74
0
 40
0.0
 40
0.0
 40
0.0
 40
1.0
 40
1.0
 40
1.0
 10
104.6380615234375
 20
1.9611083984375
 30
0.0
 10
104.73232421875
 20
1.8371826171875
 30
0.0
 10
104.73232421875
 20
1.6684326171875
 30
0.0
  0
SPLINE
  5
A95
330
17
100
AcDbEntity
  8
dimensions
100
AcDbSpline
 70
0
 71
2
 72
6
 73
3
 74
0
 40
0.0
 40
0.0
 40
0.0
 40
1.0
 40
1.0
 40
1.0
 10
104.73232421875
 20
1.6684326171875
 30
0.0
 10
104.73232421875
 20
1.5326416015625
 30
0.0
 10
104.6749755859375
 20
1.4159667968749998
 30
0.0
  0
SPLINE
  5
A96
330
17
100
AcDbEntity
  8
dimensions
100
AcDbSpline
 70
0
 71
2
 72
6
 73
3
 74
0
 40
0.0
 40
0.0
 40
0.0
 40
1.0
 40
1.0
 40
1.0
 10
104.6749755859375
 20
1.4159667968749998
 30
0.0
 10
104.617626953125
 20
1.2992919921875
 30
0.0
 10
104.533251953125
 20
1.2360107421875
 30
0.0
  0
SPLINE
  5
A97
330
17
100
AcDbEntity
  8
dimensions
100
AcDbSpline
 70
0
 71
2
 72
6
 73
3
 74
0
 40
0.0
 40
0.0
 40
0.0
 40
1.0
 40
1.0
 40
1.0
 10
104.533251953125
 20
1.2360107421875
 30
0.0
 10
104.448876953125
 20
1.1727294921875
 30
0.0
 10
104.3216552734375
 20
1.1404296875
 30
0.0
  0
SPLINE
  5
A98
330
17
100
AcDbEntity
  8
dimensions
100
AcDbSpline
 70
0
 71
2
 72
6
 73
3
 74
0
 40
0.0
 40
0.0
 40
0.0
 40
1.0
 40
1.0
 40
1.0
 10
104.3216552734375
 20
1.1404296875
 30
0.0
 10
104.19443359374999
 20
1.1081298828125
 30
0.0
 10
104.00986328124999
 20
1.1081298828125
 30
0.0
  0
LINE
  5
A99
330
17
100
AcDbEntity
  8
dimensions
100
AcDbLine
 10
103.52866210937499
 20
2.2287353515625004
 30
0.0
 11
103.52866210937499
 21
2.8127685546875
 31
0.0
  0
LINE
  5
A9A
330
17
100
AcDbEntity
  8
dimensions
100
AcDbLine
 10
103.94658203125
 20
2.2287353515625004
 30
0.0
 11
103.52866210937499
 21
2.2287353515625004
 31
0.0
  0
SPLINE
  5
A9B
330
17
100
AcDbEntity
  8
dimensions
100
AcDbSpline
 70
0
 71
2
 72
6
 73
3
 74
0
 40
0.0
 40
0.0
 40
0.0
 40
1.0
 40
1.0
 40
1.0
 10
103.94658203125
 20
2.2287353515625004
 30
0.0
 10
104.116650390625
 20
2.2287353515625004
 30
0.0
 10
104.190478515625
 20
2.2511474609375
 30
0.0
  0
SPLINE
  5
A9C
330
17
100
AcDbEntity
  8
dimensions
100
AcDbSpline
 70
0
 71
2
 72
6
 73
3
 74
0
 40
0.0
 40
0.0
 40
0.0
 40
1.0
 40
1.0
 40
1.0
 10
104.190478515625
 20
2.2511474609375
 30
0.0
 10
104.288037109375
 20
2.2801513671875
 30
0.0
 10
104.3374755859375
 20
2.3473876953125
 30
0.0
  0
SPLINE
  5
A9D
330
17
100
AcDbEntity
  8
dimensions
100
AcDbSpline
 70
0
 71
2
 72
6
 73
3
 74
0
 40
0.0
 40
0.0
 40
0.0
 40
1.0
 40
1.0
 40
1.0
 10
104.3374755859375
 20
2.3473876953125
 30
0.0
 10
104.3869140625
 20
2.4146240234375
 30
0.0
 10
104.3869140625
 20
2.5161376953125
 30
0.0
  0
SPLINE
  5
A9E
330
17
100
AcDbEntity
  8
dimensions
100
AcDbSpline
 70
0
 71
2
 72
6
 73
3
 74
0
 40
0.0
 40
0.0
 40
0.0
 40
1.0
 40
1.0
 40
1.0
 10
104.3869140625
 20
2.5161376953125
 30
0.0
 10
104.3869140625
 20
2.6123779296875
 30
0.0
 10
104.340771484375
 20
2.685546875
 30
0.0
  0
SPLINE
  5
A9F
330
17
100
AcDbEntity
  8
dimensions
100
AcDbSpline
 70
0
 71
2
 72
6
 73
3
 74
0
 40
0.0
 40
0.0
 40
0.0
 40
1.0
 40
1.0
 40
1.0
 10
104.340771484375
 20
2.685546875
 30
0.0
 10
104.29462890625
 20
2.7587158203125
 30
0.0
 10
104.208935546875
 20
2.7857421875000004
 30
0.0
  0
SPLINE
  5
AA0
330
17
100
AcDbEntity
  8
dimensions
100
AcDbSpline
 70
0
 71
2
 72
6
 73
3
 74
0
 40
0.0
 40
0.0
 40
0.0
 40
1.0
 40
1.0
 40
1.0
 10
104.208935546875
 20
2.7857421875000004
 30
0.0
 10
104.1232421875
 20
2.8127685546875
 30
0.0
 10
103.91494140625
 20
2.8127685546875
 30
0.0
  0
LINE
  5
AA1
330
17
100
AcDbEntity
  8
dimensions
100
AcDbLine
 10
103.52866210937499
 20
2.8127685546875
 30
0.0
 11
103.91494140625
 21
2.8127685546875
 31
0.0
  0
LINE
  5
AA2
330
17
100
AcDbEntity
  8
dimensions
100
AcDbLine
 10
103.52866210937499
 20
1.3362060546875
 30
0.0
 11
103.52866210937499
 21
2.0006591796875
 31
0.0
  0
LINE
  5
AA3
330
17
100
AcDbEntity
  8
dimensions
100
AcDbLine
 10
104.00986328124999
 20
1.3362060546874999
 30
0.0
 11
103.52866210937499
 21
1.3362060546874999
 31
0.0
  0
SPLINE
  5
AA4
330
17
100
AcDbEntity
  8
dimensions
100
AcDbSpline
 70
0
 71
2
 72
6
 73
3
 74
0
 40
0.0
 40
0.0
 40
0.0
 40
1.0
 40
1.0
 40
1.0
 10
104.00986328124999
 20
1.3362060546874999
 30
0.0
 10
104.1337890625
 20
1.3362060546874999
 30
0.0
 10
104.18388671875
 20
1.3454345703125
 30
0.0
  0
SPLINE
  5
AA5
330
17
100
AcDbEntity
  8
dimensions
100
AcDbSpline
 70
0
 71
2
 72
6
 73
3
 74
0
 40
0.0
 40
0.0
 40
0.0
 40
1.0
 40
1.0
 40
1.0
 10
104.18388671875
 20
1.3454345703125
 30
0.0
 10
104.272216796875
 20
1.3612548828125
 30
0.0
 10
104.33154296875
 20
1.3981689453125
 30
0.0
  0
SPLINE
  5
AA6
330
17
100
AcDbEntity
  8
dimensions
100
AcDbSpline
 70
0
 71
2
 72
6
 73
3
 74
0
 40
0.0
 40
0.0
 40
0.0
 40
1.0
 40
1.0
 40
1.0
 10
104.33154296875
 20
1.3981689453125
 30
0.0
 10
104.390869140625
 20
1.4350830078124999
 30
0.0
 10
104.4291015625
 20
1.505615234375
 30
0.0
  0
SPLINE
  5
AA7
330
17
100
AcDbEntity
  8
dimensions
100
AcDbSpline
 70
0
 71
2
 72
6
 73
3
 74
0
 40
0.0
 40
0.0
 40
0.0
 40
1.0
 40
1.0
 40
1.0
 10
104.4291015625
 20
1.505615234375
 30
0.0
 10
104.467333984375
 20
1.5761474609375
 30
0.0
 10
104.467333984375
 20
1.6684326171875
 30
0.0
  0
SPLINE
  5
AA8
330
17
100
AcDbEntity
  8
dimensions
100
AcDbSpline
 70
0
 71
2
 72
6
 73
3
 74
0
 40
0.0
 40
0.0
 40
0.0
 40
1.0
 40
1.0
 40
1.0
 10
104.467333984375
 20
1.6684326171875
 30
0.0
 10
104.467333984375
 20
1.7765380859375
 30
0.0
 10
104.41196289062499
 20
1.856298828125
 30
0.0
  0
SPLINE
  5
AA9
330
17
100
AcDbEntity
  8
dimensions
100
AcDbSpline
 70
0
 71
2
 72
6
 73
3
 74
0
 40
0.0
 40
0.0
 40
0.0
 40
1.0
 40
1.0
 40
1.0
 10
104.41196289062499
 20
1.856298828125
 30
0.0
 10
104.356591796875
 20
1.9360595703125
 30
0.0
 10
104.2583740234375
 20
1.968359375
 30
0.0
  0
SPLINE
  5
AAA
330
17
100
AcDbEntity
  8
dimensions
100
AcDbSpline
 70
0
 71
2
 72
6
 73
3
 74
0
 40
0.0
 40
0.0
 40
0.0
 40
1.0
 40
1.0
 40
1.0
 10
104.2583740234375
 20
1.968359375
 30
0.0
 10
104.16015625
 20
2.0006591796875
 30
0.0
 10
103.9755859375
 20
2.0006591796875
 30
0.0
  0
LINE
  5
AAB
330
17
100
AcDbEntity
  8
dimensions
100
AcDbLine
 10
103.52866210937499
 20
2.0006591796875
 30
0.0
 11
103.9755859375
 21
2.0006591796875
 31
0.0
  0
SPLINE
  5
AAC
330
17
100
AcDbEntity
  8
dimensions
100
AcDbSpline
 70
0
 71
2
 72
6
 73
3
 74
0
 40
0.0
 40
0.0
 40
0.0
 40
1.0
 40
1.0
 40
1.0
 10
105.00654296875
 20
2.0494384765625
 30
0.0
 10
105.00654296875
 20
2.5306396484375
 30
0.0
 10
105.26494140625
 20
2.802880859375
 30
0.0
  0
SPLINE
  5
AAD
330
17
100
AcDbEntity
  8
dimensions
100
AcDbSpline
 70
0
 71
2
 72
6
 73
3
 74
0
 40
0.0
 40
0.0
 40
0.0
 40
1.0
 40
1.0
 40
1.0
 10
105.26494140625
 20
2.802880859375
 30
0.0
 10
105.52333984375001
 20
3.0751220703125
 30
0.0
 10
105.93203125000001
 20
3.0751220703125
 30
0.0
  0
SPLINE
  5
AAE
330
17
100
AcDbEntity
  8
dimensions
100
AcDbSpline
 70
0
 71
2
 72
6
 73
3
 74
0
 40
0.0
 40
0.0
 40
0.0
 40
1.0
 40
1.0
 40
1.0
 10
105.93203125000001
 20
3.0751220703125
 30
0.0
 10
106.199658203125
 20
3.0751220703125
 30
0.0
 10
106.41455078125
 20
2.9472412109375004
 30
0.0
  0
SPLINE
  5
AAF
330
17
100
AcDbEntity
  8
dimensions
100
AcDbSpline
 70
0
 71
2
 72
6
 73
3
 74
0
 40
0.0
 40
0.0
 40
0.0
 40
1.0
 40
1.0
 40
1.0
 10
106.41455078125
 20
2.9472412109375004
 30
0.0
 10
106.629443359375
 20
2.8193603515625
 30
0.0
 10
106.7421630859375
 20
2.590625
 30
0.0
  0
SPLINE
  5
AB0
330
17
100
AcDbEntity
  8
dimensions
100
AcDbSpline
 70
0
 71
2
 72
6
 73
3
 74
0
 40
0.0
 40
0.0
 40
0.0
 40
1.0
 40
1.0
 40
1.0
 10
106.7421630859375
 20
2.590625
 30
0.0
 10
106.85488281250001
 20
2.3618896484375
 30
0.0
 10
106.85488281250001
 20
2.0718505859375
 30
0.0
  0
SPLINE
  5
AB1
330
17
100
AcDbEntity
  8
dimensions
100
AcDbSpline
 70
0
 71
2
 72
6
 73
3
 74
0
 40
0.0
 40
0.0
 40
0.0
 40
1.0
 40
1.0
 40
1.0
 10
106.85488281250001
 20
2.0718505859375
 30
0.0
 10
106.85488281250001
 20
1.7778564453125
 30
0.0
 10
106.73623046875001
 20
1.5458251953125
 30
0.0
  0
SPLINE
  5
AB2
330
17
100
AcDbEntity
  8
dimensions
100
AcDbSpline
 70
0
 71
2
 72
6
 73
3
 74
0
 40
0.0
 40
0.0
 40
0.0
 40
1.0
 40
1.0
 40
1.0
 10
106.73623046875001
 20
1.5458251953125
 30
0.0
 10
106.61757812500001
 20
1.3137939453124998
 30
0.0
 10
106.40004882812501
 20
1.1944824218749999
 30
0.0
  0
SPLINE
  5
AB3
330
17
100
AcDbEntity
  8
dimensions
100
AcDbSpline
 70
0
 71
2
 72
6
 73
3
 74
0
 40
0.0
 40
0.0
 40
0.0
 40
1.0
 40
1.0
 40
1.0
 10
106.40004882812501
 20
1.1944824218749999
 30
0.0
 10
106.18251953125001
 20
1.0751708984375
 30
0.0
 10
105.930712890625
 20
1.0751708984375
 30
0.0
  0
SPLINE
  5
AB4
330
17
100
AcDbEntity
  8
dimensions
100
AcDbSpline
 70
0
 71
2
 72
6
 73
3
 74
0
 40
0.0
 40
0.0
 40
0.0
 40
1.0
 40
1.0
 40
1.0
 10
105.930712890625
 20
1.0751708984375
 30
0.0
 10
105.6578125
 20
1.0751708984375
 30
0.0
 10
105.442919921875
 20
1.2070068359375
 30
0.0
  0
SPLINE
  5
AB5
330
17
100
AcDbEntity
  8
dimensions
100
AcDbSpline
 70
0
 71
2
 72
6
 73
3
 74
0
 40
0.0
 40
0.0
 40
0.0
 40
1.0
 40
1.0
 40
1.0
 10
105.442919921875
 20
1.2070068359375
 30
0.0
 10
105.22802734375
 20
1.3388427734375
 30
0.0
 10
105.11728515625
 20
1.5669189453125
 30
0.0
  0
SPLINE
  5
AB6
330
17
100
AcDbEntity
  8
dimensions
100
AcDbSpline
 70
0
 71
2
 72
6
 73
3
 74
0
 40
0.0
 40
0.0
 40
0.0
 40
1.0
 40
1.0
 40
1.0
 10
105.11728515625
 20
1.5669189453125
 30
0.0
 10
105.00654296875
 20
1.7949951171875
 30
0.0
 10
105.00654296875
 20
2.0494384765625
 30
0.0
  0
SPLINE
  5
AB7
330
17
100
AcDbEntity
  8
dimensions
100
AcDbSpline
 70
0
 71
2
 72
6
 73
3
 74
0
 40
0.0
 40
0.0
 40
0.0
 40
1.0
 40
1.0
 40
1.0
 10
105.27021484375
 20
2.0454833984375
 30
0.0
 10
105.27021484375
 20
1.6961181640624998
 30
0.0
 10
105.4580810546875
 20
1.4950683593749998
 30
0.0
  0
SPLINE
  5
AB8
330
17
100
AcDbEntity
  8
dimensions
100
AcDbSpline
 70
0
 71
2
 72
6
 73
3
 74
0
 40
0.0
 40
0.0
 40
0.0
 40
1.0
 40
1.0
 40
1.0
 10
105.4580810546875
 20
1.4950683593749998
 30
0.0
 10
105.645947265625
 20
1.2940185546874998
 30
0.0
 10
105.92939453125
 20
1.2940185546874998
 30
0.0
  0
SPLINE
  5
AB9
330
17
100
AcDbEntity
  8
dimensions
100
AcDbSpline
 70
0
 71
2
 72
6
 73
3
 74
0
 40
0.0
 40
0.0
 40
0.0
 40
1.0
 40
1.0
 40
1.0
 10
105.92939453125
 20
1.2940185546874998
 30
0.0
 10
106.218115234375
 20
1.2940185546874998
 30
0.0
 10
106.4046630859375
 20
1.4970458984375
 30
0.0
  0
SPLINE
  5
ABA
330
17
100
AcDbEntity
  8
dimensions
100
AcDbSpline
 70
0
 71
2
 72
6
 73
3
 74
0
 40
0.0
 40
0.0
 40
0.0
 40
1.0
 40
1.0
 40
1.0
 10
106.4046630859375
 20
1.4970458984375
 30
0.0
 10
106.59121093750001
 20
1.7000732421875
 30
0.0
 10
106.59121093750001
 20
2.0731689453125
 30
0.0
  0
SPLINE
  5
ABB
330
17
100
AcDbEntity
  8
dimensions
100
AcDbSpline
 70
0
 71
2
 72
6
 73
3
 74
0
 40
0.0
 40
0.0
 40
0.0
 40
1.0
 40
1.0
 40
1.0
 10
106.59121093750001
 20
2.0731689453125
 30
0.0
 10
106.59121093750001
 20
2.3091552734375
 30
0.0
 10
106.5114501953125
 20
2.48515625
 30
0.0
  0
SPLINE
  5
ABC
330
17
100
AcDbEntity
  8
dimensions
100
AcDbSpline
 70
0
 71
2
 72
6
 73
3
 74
0
 40
0.0
 40
0.0
 40
0.0
 40
1.0
 40
1.0
 40
1.0
 10
106.5114501953125
 20
2.48515625
 30
0.0
 10
106.431689453125
 20
2.6611572265625
 30
0.0
 10
106.27810058593751
 20
2.758056640625
 30
0.0
  0
SPLINE
  5
ABD
330
17
100
AcDbEntity
  8
dimensions
100
AcDbSpline
 70
0
 71
2
 72
6
 73
3
 74
0
 40
0.0
 40
0.0
 40
0.0
 40
1.0
 40
1.0
 40
1.0
 10
106.27810058593751
 20
2.758056640625
 30
0.0
 10
106.12451171875
 20
2.8549560546875004
 30
0.0
 10
105.933349609375
 20
2.8549560546875004
 30
0.0
  0
SPLINE
  5
ABE
330
17
100
AcDbEntity
  8
dimensions
100
AcDbSpline
 70
0
 71
2
 72
6
 73
3
 74
0
 40
0.0
 40
0.0
 40
0.0
 40
1.0
 40
1.0
 40
1.0
 10
105.933349609375
 20
2.8549560546875004
 30
0.0
 10
105.66176757812501
 20
2.8549560546875004
 30
0.0
 10
105.4659912109375
 20
2.6684082031250003
 30
0.0
  0
SPLINE
  5
ABF
330
17
100
AcDbEntity
  8
dimensions
100
AcDbSpline
 70
0
 71
2
 72
6
 73
3
 74
0
 40
0.0
 40
0.0
 40
0.0
 40
1.0
 40
1.0
 40
1.0
 10
105.4659912109375
 20
2.6684082031250003
 30
0.0
 10
105.27021484375
 20
2.4818603515625
 30
0.0
 10
105.27021484375
 20
2.0454833984375
 30
0.0
  0
LINE
  5
AC0
330
17
100
AcDbEntity
  8
dimensions
100
AcDbLine
 10
107.18842773437501
 20
1.1081298828125
 30
0.0
 11
107.444189453125
 21
1.1081298828125
 31
0.0
  0
LINE
  5
AC1
330
17
100
AcDbEntity
  8
dimensions
100
AcDbLine
 10
107.18842773437501
 20
3.0408447265625
 30
0.0
 11
107.18842773437501
 21
1.1081298828125
 31
0.0
  0
LINE
  5
AC2
330
17
100
AcDbEntity
  8
dimensions
100
AcDbLine
 10
108.04536132812501
 20
3.0408447265625
 30
0.0
 11
107.18842773437501
 21
3.0408447265625
 31
0.0
  0
SPLINE
  5
AC3
330
17
100
AcDbEntity
  8
dimensions
100
AcDbSpline
 70
0
 71
2
 72
6
 73
3
 74
0
 40
0.0
 40
0.0
 40
0.0
 40
1.0
 40
1.0
 40
1.0
 10
108.04536132812501
 20
3.0408447265625
 30
0.0
 10
108.303759765625
 20
3.0408447265625
 30
0.0
 10
108.438232421875
 20
2.98876953125
 30
0.0
  0
SPLINE
  5
AC4
330
17
100
AcDbEntity
  8
dimensions
100
AcDbSpline
 70
0
 71
2
 72
6
 73
3
 74
0
 40
0.0
 40
0.0
 40
0.0
 40
1.0
 40
1.0
 40
1.0
 10
108.438232421875
 20
2.98876953125
 30
0.0
 10
108.57270507812501
 20
2.9366943359375
 30
0.0
 10
108.653125
 20
2.8048583984375
 30
0.0
  0
SPLINE
  5
AC5
330
17
100
AcDbEntity
  8
dimensions
100
AcDbSpline
 70
0
 71
2
 72
6
 73
3
 74
0
 40
0.0
 40
0.0
 40
0.0
 40
1.0
 40
1.0
 40
1.0
 10
108.653125
 20
2.8048583984375
 30
0.0
 10
108.73354492187501
 20
2.6730224609375
 30
0.0
 10
108.73354492187501
 20
2.5135009765625
 30
0.0
  0
SPLINE
  5
AC6
330
17
100
AcDbEntity
  8
dimensions
100
AcDbSpline
 70
0
 71
2
 72
6
 73
3
 74
0
 40
0.0
 40
0.0
 40
0.0
 40
1.0
 40
1.0
 40
1.0
 10
108.73354492187501
 20
2.5135009765625
 30
0.0
 10
108.73354492187501
 20
2.3078369140625004
 30
0.0
 10
108.600390625
 20
2.1667724609375
 30
0.0
  0
SPLINE
  5
AC7
330
17
100
AcDbEntity
  8
dimensions
100
AcDbSpline
 70
0
 71
2
 72
6
 73
3
 74
0
 40
0.0
 40
0.0
 40
0.0
 40
1.0
 40
1.0
 40
1.0
 10
108.600390625
 20
2.1667724609375
 30
0.0
 10
108.46723632812501
 20
2.0257080078125
 30
0.0
 10
108.1890625
 20
1.9874755859375002
 30
0.0
  0
SPLINE
  5
AC8
330
17
100
AcDbEntity
  8
dimensions
100
AcDbSpline
 70
0
 71
2
 72
6
 73
3
 74
0
 40
0.0
 40
0.0
 40
0.0
 40
1.0
 40
1.0
 40
1.0
 10
108.1890625
 20
1.9874755859375002
 30
0.0
 10
108.290576171875
 20
1.9386962890625
 30
0.0
 10
108.343310546875
 20
1.8912353515625
 30
0.0
  0
SPLINE
  5
AC9
330
17
100
AcDbEntity
  8
dimensions
100
AcDbSpline
 70
0
 71
2
 72
6
 73
3
 74
0
 40
0.0
 40
0.0
 40
0.0
 40
1.0
 40
1.0
 40
1.0
 10
108.343310546875
 20
1.8912353515625
 30
0.0
 10
108.45537109375
 20
1.7884033203125
 30
0.0
 10
108.55556640625001
 20
1.6341552734375
 30
0.0
  0
LINE
  5
ACA
330
17
100
AcDbEntity
  8
dimensions
100
AcDbLine
 10
108.89174804687501
 20
1.1081298828125
 30
0.0
 11
108.55556640625001
 21
1.6341552734375
 31
0.0
  0
LINE
  5
ACB
330
17
100
AcDbEntity
  8
dimensions
100
AcDbLine
 10
108.570068359375
 20
1.1081298828125
 30
0.0
 11
108.89174804687501
 21
1.1081298828125
 31
0.0
  0
LINE
  5
ACC
330
17
100
AcDbEntity
  8
dimensions
100
AcDbLine
 10
108.314306640625
 20
1.5102294921875
 30
0.0
 11
108.570068359375
 21
1.1081298828125
 31
0.0
  0
SPLINE
  5
ACD
330
17
100
AcDbEntity
  8
dimensions
100
AcDbSpline
 70
0
 71
2
 72
6
 73
3
 74
0
 40
0.0
 40
0.0
 40
0.0
 40
1.0
 40
1.0
 40
1.0
 10
108.314306640625
 20
1.5102294921875
 30
0.0
 10
108.20224609375
 20
1.6842529296875
 30
0.0
 10
108.129736328125
 20
1.7765380859375
 30
0.0
  0
SPLINE
  5
ACE
330
17
100
AcDbEntity
  8
dimensions
100
AcDbSpline
 70
0
 71
2
 72
6
 73
3
 74
0
 40
0.0
 40
0.0
 40
0.0
 40
1.0
 40
1.0
 40
1.0
 10
108.129736328125
 20
1.7765380859375
 30
0.0
 10
108.0572265625
 20
1.8688232421875
 30
0.0
 10
107.9998779296875
 20
1.9057373046875
 30
0.0
  0
SPLINE
  5
ACF
330
17
100
AcDbEntity
  8
dimensions
100
AcDbSpline
 70
0
 71
2
 72
6
 73
3
 74
0
 40
0.0
 40
0.0
 40
0.0
 40
1.0
 40
1.0
 40
1.0
 10
107.9998779296875
 20
1.9057373046875
 30
0.0
 10
107.94252929687501
 20
1.9426513671875
 30
0.0
 10
107.88320312500001
 20
1.9571533203125
 30
0.0
  0
SPLINE
  5
AD0
330
17
100
AcDbEntity
  8
dimensions
100
AcDbSpline
 70
0
 71
2
 72
6
 73
3
 74
0
 40
0.0
 40
0.0
 40
0.0
 40
1.0
 40
1.0
 40
1.0
 10
107.88320312500001
 20
1.9571533203125
 30
0.0
 10
107.839697265625
 20
1.9663818359375
 30
0.0
 10
107.7408203125
 20
1.9663818359375
 30
0.0
  0
LINE
  5
AD1
330
17
100
AcDbEntity
  8
dimensions
100
AcDbLine
 10
107.444189453125
 20
1.9663818359375
 30
0.0
 11
107.7408203125
 21
1.9663818359375
 31
0.0
  0
LINE
  5
AD2
330
17
100
AcDbEntity
  8
dimensions
100
AcDbLine
 10
107.444189453125
 20
1.1081298828125
 30
0.0
 11
107.444189453125
 21
1.9663818359375
 31
0.0
  0
LINE
  5
AD3
330
17
100
AcDbEntity
  8
dimensions
100
AcDbLine
 10
107.444189453125
 20
2.1878662109375
 30
0.0
 11
107.444189453125
 21
2.8272705078125
 31
0.0
  0
LINE
  5
AD4
330
17
100
AcDbEntity
  8
dimensions
100
AcDbLine
 10
107.9939453125
 20
2.1878662109375
 30
0.0
 11
107.444189453125
 21
2.1878662109375
 31
0.0
  0
SPLINE
  5
AD5
330
17
100
AcDbEntity
  8
dimensions
100
AcDbSpline
 70
0
 71
2
 72
6
 73
3
 74
0
 40
0.0
 40
0.0
 40
0.0
 40
1.0
 40
1.0
 40
1.0
 10
107.9939453125
 20
2.1878662109375
 30
0.0
 10
108.169287109375
 20
2.1878662109375
 30
0.0
 10
108.2681640625
 20
2.22412109375
 30
0.0
  0
SPLINE
  5
AD6
330
17
100
AcDbEntity
  8
dimensions
100
AcDbSpline
 70
0
 71
2
 72
6
 73
3
 74
0
 40
0.0
 40
0.0
 40
0.0
 40
1.0
 40
1.0
 40
1.0
 10
108.2681640625
 20
2.22412109375
 30
0.0
 10
108.367041015625
 20
2.2603759765625
 30
0.0
 10
108.41845703125
 20
2.34013671875
 30
0.0
  0
SPLINE
  5
AD7
330
17
100
AcDbEntity
  8
dimensions
100
AcDbSpline
 70
0
 71
2
 72
6
 73
3
 74
0
 40
0.0
 40
0.0
 40
0.0
 40
1.0
 40
1.0
 40
1.0
 10
108.41845703125
 20
2.34013671875
 30
0.0
 10
108.46987304687501
 20
2.4198974609375004
 30
0.0
 10
108.46987304687501
 20
2.5135009765625
 30
0.0
  0
SPLINE
  5
AD8
330
17
100
AcDbEntity
  8
dimensions
100
AcDbSpline
 70
0
 71
2
 72
6
 73
3
 74
0
 40
0.0
 40
0.0
 40
0.0
 40
1.0
 40
1.0
 40
1.0
 10
108.46987304687501
 20
2.5135009765625
 30
0.0
 10
108.46987304687501
 20
2.6506103515625004
 30
0.0
 10
108.3703369140625
 20
2.7389404296875
 30
0.0
  0
SPLINE
  5
AD9
330
17
100
AcDbEntity
  8
dimensions
100
AcDbSpline
 70
0
 71
2
 72
6
 73
3
 74
0
 40
0.0
 40
0.0
 40
0.0
 40
1.0
 40
1.0
 40
1.0
 10
108.3703369140625
 20
2.7389404296875
 30
0.0
 10
108.27080078125
 20
2.8272705078125
 30
0.0
 10
108.055908203125
 20
2.8272705078125
 30
0.0
  0
LINE
  5
ADA
330
17
100
AcDbEntity
  8
dimensions
100
AcDbLine
 10
107.444189453125
 20
2.8272705078125
 30
0.0
 11
108.055908203125
 21
2.8272705078125
 31
0.0
  0
LINE
  5
ADB
330
17
100
AcDbEntity
  8
dimensions
100
AcDbLine
 10
109.139599609375
 20
1.1081298828125
 30
0.0
 11
110.581884765625
 21
1.1081298828125
 31
0.0
  0
LINE
  5
ADC
330
17
100
AcDbEntity
  8
dimensions
100
AcDbLine
 10
109.139599609375
 20
3.0408447265625
 30
0.0
 11
109.139599609375
 21
1.1081298828125
 31
0.0
  0
LINE
  5
ADD
330
17
100
AcDbEntity
  8
dimensions
100
AcDbLine
 10
110.537060546875
 20
3.0408447265625
 30
0.0
 11
109.139599609375
 21
3.0408447265625
 31
0.0
  0
LINE
  5
ADE
330
17
100
AcDbEntity
  8
dimensions
100
AcDbLine
 10
110.537060546875
 20
2.8127685546875
 30
0.0
 11
110.537060546875
 21
3.0408447265625
 31
0.0
  0
LINE
  5
ADF
330
17
100
AcDbEntity
  8
dimensions
100
AcDbLine
 10
109.395361328125
 20
2.8127685546875
 30
0.0
 11
110.537060546875
 21
2.8127685546875
 31
0.0
  0
LINE
  5
AE0
330
17
100
AcDbEntity
  8
dimensions
100
AcDbLine
 10
109.395361328125
 20
2.2208251953125
 30
0.0
 11
109.395361328125
 21
2.8127685546875
 31
0.0
  0
LINE
  5
AE1
330
17
100
AcDbEntity
  8
dimensions
100
AcDbLine
 10
110.46455078125
 20
2.2208251953125
 30
0.0
 11
109.395361328125
 21
2.2208251953125
 31
0.0
  0
LINE
  5
AE2
330
17
100
AcDbEntity
  8
dimensions
100
AcDbLine
 10
110.46455078125
 20
1.9940673828125002
 30
0.0
 11
110.46455078125
 21
2.2208251953125
 31
0.0
  0
LINE
  5
AE3
330
17
100
AcDbEntity
  8
dimensions
100
AcDbLine
 10
109.395361328125
 20
1.9940673828125002
 30
0.0
 11
110.46455078125
 21
1.9940673828125002
 31
0.0
  0
LINE
  5
AE4
330
17
100
AcDbEntity
  8
dimensions
100
AcDbLine
 10
109.395361328125
 20
1.3362060546875
 30
0.0
 11
109.395361328125
 21
1.9940673828125002
 31
0.0
  0
LINE
  5
AE5
330
17
100
AcDbEntity
  8
dimensions
100
AcDbLine
 10
110.581884765625
 20
1.3362060546874999
 30
0.0
 11
109.395361328125
 21
1.3362060546874999
 31
0.0
  0
LINE
  5
AE6
330
17
100
AcDbEntity
  8
dimensions
100
AcDbLine
 10
110.581884765625
 20
1.1081298828125
 30
0.0
 11
110.581884765625
 21
1.3362060546874999
 31
0.0
  0
SPLINE
  5
AE7
330
17
100
AcDbEntity
  8
dimensions
100
AcDbSpline
 70
0
 71
2
 72
6
 73
3
 74
0
 40
0.0
 40
0.0
 40
0.0
 40
1.0
 40
1.0
 40
1.0
 10
111.954296875
 20
2.1562255859375004
 30
0.0
 10
111.806640625
 20
2.2102783203125
 30
0.0
 10
111.73544921875
 20
2.3104736328125
 30
0.0
  0
SPLINE
  5
AE8
330
17
100
AcDbEntity
  8
dimensions
100
AcDbSpline
 70
0
 71
2
 72
6
 73
3
 74
0
 40
0.0
 40
0.0
 40
0.0
 40
1.0
 40
1.0
 40
1.0
 10
111.73544921875
 20
2.3104736328125
 30
0.0
 10
111.6642578125
 20
2.4106689453125
 30
0.0
 10
111.6642578125
 20
2.5504150390625
 30
0.0
  0
SPLINE
  5
AE9
330
17
100
AcDbEntity
  8
dimensions
100
AcDbSpline
 70
0
 71
2
 72
6
 73
3
 74
0
 40
0.0
 40
0.0
 40
0.0
 40
1.0
 40
1.0
 40
1.0
 10
111.6642578125
 20
2.5504150390625
 30
0.0
 10
111.6642578125
 20
2.7613525390625
 30
0.0
 10
111.815869140625
 20
2.9050537109375
 30
0.0
  0
SPLINE
  5
AEA
330
17
100
AcDbEntity
  8
dimensions
100
AcDbSpline
 70
0
 71
2
 72
6
 73
3
 74
0
 40
0.0
 40
0.0
 40
0.0
 40
1.0
 40
1.0
 40
1.0
 10
111.815869140625
 20
2.9050537109375
 30
0.0
 10
111.96748046875
 20
3.0487548828125
 30
0.0
 10
112.219287109375
 20
3.0487548828125
 30
0.0
  0
SPLINE
  5
AEB
330
17
100
AcDbEntity
  8
dimensions
100
AcDbSpline
 70
0
 71
2
 72
6
 73
3
 74
0
 40
0.0
 40
0.0
 40
0.0
 40
1.0
 40
1.0
 40
1.0
 10
112.219287109375
 20
3.0487548828125
 30
0.0
 10
112.472412109375
 20
3.0487548828125
 30
0.0
 10
112.62666015625
 20
2.9017578125
 30
0.0
  0
SPLINE
  5
AEC
330
17
100
AcDbEntity
  8
dimensions
100
AcDbSpline
 70
0
 71
2
 72
6
 73
3
 74
0
 40
0.0
 40
0.0
 40
0.0
 40
1.0
 40
1.0
 40
1.0
 10
112.62666015625
 20
2.9017578125
 30
0.0
 10
112.780908203125
 20
2.7547607421875
 30
0.0
 10
112.780908203125
 20
2.5438232421875
 30
0.0
  0
SPLINE
  5
AED
330
17
100
AcDbEntity
  8
dimensions
100
AcDbSpline
 70
0
 71
2
 72
6
 73
3
 74
0
 40
0.0
 40
0.0
 40
0.0
 40
1.0
 40
1.0
 40
1.0
 10
112.780908203125
 20
2.5438232421875
 30
0.0
 10
112.780908203125
 20
2.4093505859375
 30
0.0
 10
112.7103759765625
 20
2.309814453125
 30
0.0
  0
SPLINE
  5
AEE
330
17
100
AcDbEntity
  8
dimensions
100
AcDbSpline
 70
0
 71
2
 72
6
 73
3
 74
0
 40
0.0
 40
0.0
 40
0.0
 40
1.0
 40
1.0
 40
1.0
 10
112.7103759765625
 20
2.309814453125
 30
0.0
 10
112.63984375
 20
2.2102783203125
 30
0.0
 10
112.496142578125
 20
2.1562255859375004
 30
0.0
  0
SPLINE
  5
AEF
330
17
100
AcDbEntity
  8
dimensions
100
AcDbSpline
 70
0
 71
2
 72
6
 73
3
 74
0
 40
0.0
 40
0.0
 40
0.0
 40
1.0
 40
1.0
 40
1.0
 10
112.496142578125
 20
2.1562255859375004
 30
0.0
 10
112.67412109375
 20
2.0982177734375
 30
0.0
 10
112.7670654296875
 20
1.9690185546875
 30
0.0
  0
SPLINE
  5
AF0
330
17
100
AcDbEntity
  8
dimensions
100
AcDbSpline
 70
0
 71
2
 72
6
 73
3
 74
0
 40
0.0
 40
0.0
 40
0.0
 40
1.0
 40
1.0
 40
1.0
 10
112.7670654296875
 20
1.9690185546875
 30
0.0
 10
112.860009765625
 20
1.8398193359375
 30
0.0
 10
112.860009765625
 20
1.6605224609375
 30
0.0
  0
SPLINE
  5
AF1
330
17
100
AcDbEntity
  8
dimensions
100
AcDbSpline
 70
0
 71
2
 72
6
 73
3
 74
0
 40
0.0
 40
0.0
 40
0.0
 40
1.0
 40
1.0
 40
1.0
 10
112.860009765625
 20
1.6605224609375
 30
0.0
 10
112.860009765625
 20
1.4126708984374998
 30
0.0
 10
112.68466796875
 20
1.2439208984374999
 30
0.0
  0
SPLINE
  5
AF2
330
17
100
AcDbEntity
  8
dimensions
100
AcDbSpline
 70
0
 71
2
 72
6
 73
3
 74
0
 40
0.0
 40
0.0
 40
0.0
 40
1.0
 40
1.0
 40
1.0
 10
112.68466796875
 20
1.2439208984374999
 30
0.0
 10
112.509326171875
 20
1.0751708984375
 30
0.0
 10
112.2232421875
 20
1.0751708984375
 30
0.0
  0
SPLINE
  5
AF3
330
17
100
AcDbEntity
  8
dimensions
100
AcDbSpline
 70
0
 71
2
 72
6
 73
3
 74
0
 40
0.0
 40
0.0
 40
0.0
 40
1.0
 40
1.0
 40
1.0
 10
112.2232421875
 20
1.0751708984375
 30
0.0
 10
111.937158203125
 20
1.0751708984375
 30
0.0
 10
111.76181640625
 20
1.2445800781249998
 30
0.0
  0
SPLINE
  5
AF4
330
17
100
AcDbEntity
  8
dimensions
100
AcDbSpline
 70
0
 71
2
 72
6
 73
3
 74
0
 40
0.0
 40
0.0
 40
0.0
 40
1.0
 40
1.0
 40
1.0
 10
111.76181640625
 20
1.2445800781249998
 30
0.0
 10
111.586474609375
 20
1.4139892578125
 30
0.0
 10
111.586474609375
 20
1.6671142578125
 30
0.0
  0
SPLINE
  5
AF5
330
17
100
AcDbEntity
  8
dimensions
100
AcDbSpline
 70
0
 71
2
 72
6
 73
3
 74
0
 40
0.0
 40
0.0
 40
0.0
 40
1.0
 40
1.0
 40
1.0
 10
111.586474609375
 20
1.6671142578125
 30
0.0
 10
111.586474609375
 20
1.8556396484375
 30
0.0
 10
111.6820556640625
 20
1.982861328125
 30
0.0
  0
SPLINE
  5
AF6
330
17
100
AcDbEntity
  8
dimensions
100
AcDbSpline
 70
0
 71
2
 72
6
 73
3
 74
0
 40
0.0
 40
0.0
 40
0.0
 40
1.0
 40
1.0
 40
1.0
 10
111.6820556640625
 20
1.982861328125
 30
0.0
 10
111.77763671875
 20
2.1100830078125004
 30
0.0
 10
111.954296875
 20
2.1562255859375004
 30
0.0
  0
SPLINE
  5
AF7
330
17
100
AcDbEntity
  8
dimensions
100
AcDbSpline
 70
0
 71
2
 72
6
 73
3
 74
0
 40
0.0
 40
0.0
 40
0.0
 40
1.0
 40
1.0
 40
1.0
 10
111.9068359375
 20
2.5583251953125004
 30
0.0
 10
111.9068359375
 20
2.4212158203125
 30
0.0
 10
111.995166015625
 20
2.3342041015625
 30
0.0
  0
SPLINE
  5
AF8
330
17
100
AcDbEntity
  8
dimensions
100
AcDbSpline
 70
0
 71
2
 72
6
 73
3
 74
0
 40
0.0
 40
0.0
 40
0.0
 40
1.0
 40
1.0
 40
1.0
 10
111.995166015625
 20
2.3342041015625
 30
0.0
 10
112.08349609375
 20
2.2471923828125
 30
0.0
 10
112.224560546875
 20
2.2471923828125
 30
0.0
  0
SPLINE
  5
AF9
330
17
100
AcDbEntity
  8
dimensions
100
AcDbSpline
 70
0
 71
2
 72
6
 73
3
 74
0
 40
0.0
 40
0.0
 40
0.0
 40
1.0
 40
1.0
 40
1.0
 10
112.224560546875
 20
2.2471923828125
 30
0.0
 10
112.361669921875
 20
2.2471923828125
 30
0.0
 10
112.4493408203125
 20
2.333544921875
 30
0.0
  0
SPLINE
  5
AFA
330
17
100
AcDbEntity
  8
dimensions
100
AcDbSpline
 70
0
 71
2
 72
6
 73
3
 74
0
 40
0.0
 40
0.0
 40
0.0
 40
1.0
 40
1.0
 40
1.0
 10
112.4493408203125
 20
2.333544921875
 30
0.0
 10
112.53701171875
 20
2.4198974609375004
 30
0.0
 10
112.53701171875
 20
2.5451416015625004
 30
0.0
  0
SPLINE
  5
AFB
330
17
100
AcDbEntity
  8
dimensions
100
AcDbSpline
 70
0
 71
2
 72
6
 73
3
 74
0
 40
0.0
 40
0.0
 40
0.0
 40
1.0
 40
1.0
 40
1.0
 10
112.53701171875
 20
2.5451416015625004
 30
0.0
 10
112.53701171875
 20
2.6756591796875
 30
0.0
 10
112.4467041015625
 20
2.7646484375
 30
0.0
  0
SPLINE
  5
AFC
330
17
100
AcDbEntity
  8
dimensions
100
AcDbSpline
 70
0
 71
2
 72
6
 73
3
 74
0
 40
0.0
 40
0.0
 40
0.0
 40
1.0
 40
1.0
 40
1.0
 10
112.4467041015625
 20
2.7646484375
 30
0.0
 10
112.356396484375
 20
2.8536376953125
 30
0.0
 10
112.221923828125
 20
2.8536376953125
 30
0.0
  0
SPLINE
  5
AFD
330
17
100
AcDbEntity
  8
dimensions
100
AcDbSpline
 70
0
 71
2
 72
6
 73
3
 74
0
 40
0.0
 40
0.0
 40
0.0
 40
1.0
 40
1.0
 40
1.0
 10
112.221923828125
 20
2.8536376953125
 30
0.0
 10
112.0861328125
 20
2.8536376953125
 30
0.0
 10
111.996484375
 20
2.7666259765625
 30
0.0
  0
SPLINE
  5
AFE
330
17
100
AcDbEntity
  8
dimensions
100
AcDbSpline
 70
0
 71
2
 72
6
 73
3
 74
0
 40
0.0
 40
0.0
 40
0.0
 40
1.0
 40
1.0
 40
1.0
 10
111.996484375
 20
2.7666259765625
 30
0.0
 10
111.9068359375
 20
2.6796142578125
 30
0.0
 10
111.9068359375
 20
2.5583251953125004
 30
0.0
  0
SPLINE
  5
AFF
330
17
100
AcDbEntity
  8
dimensions
100
AcDbSpline
 70
0
 71
2
 72
6
 73
3
 74
0
 40
0.0
 40
0.0
 40
0.0
 40
1.0
 40
1.0
 40
1.0
 10
111.83037109375
 20
1.6657958984375
 30
0.0
 10
111.83037109375
 20
1.5642822265625
 30
0.0
 10
111.8784912109375
 20
1.4693603515625
 30
0.0
  0
SPLINE
  5
B00
330
17
100
AcDbEntity
  8
dimensions
100
AcDbSpline
 70
0
 71
2
 72
6
 73
3
 74
0
 40
0.0
 40
0.0
 40
0.0
 40
1.0
 40
1.0
 40
1.0
 10
111.8784912109375
 20
1.4693603515625
 30
0.0
 10
111.926611328125
 20
1.3744384765625
 30
0.0
 10
112.021533203125
 20
1.32236328125
 30
0.0
  0
SPLINE
  5
B01
330
17
100
AcDbEntity
  8
dimensions
100
AcDbSpline
 70
0
 71
2
 72
6
 73
3
 74
0
 40
0.0
 40
0.0
 40
0.0
 40
1.0
 40
1.0
 40
1.0
 10
112.021533203125
 20
1.32236328125
 30
0.0
 10
112.116455078125
 20
1.2702880859374999
 30
0.0
 10
112.22587890625
 20
1.2702880859374999
 30
0.0
  0
SPLINE
  5
B02
330
17
100
AcDbEntity
  8
dimensions
100
AcDbSpline
 70
0
 71
2
 72
6
 73
3
 74
0
 40
0.0
 40
0.0
 40
0.0
 40
1.0
 40
1.0
 40
1.0
 10
112.22587890625
 20
1.2702880859374999
 30
0.0
 10
112.395947265625
 20
1.2702880859374999
 30
0.0
 10
112.506689453125
 20
1.3797119140624998
 30
0.0
  0
SPLINE
  5
B03
330
17
100
AcDbEntity
  8
dimensions
100
AcDbSpline
 70
0
 71
2
 72
6
 73
3
 74
0
 40
0.0
 40
0.0
 40
0.0
 40
1.0
 40
1.0
 40
1.0
 10
112.506689453125
 20
1.3797119140624998
 30
0.0
 10
112.617431640625
 20
1.4891357421875
 30
0.0
 10
112.617431640625
 20
1.6578857421875
 30
0.0
  0
SPLINE
  5
B04
330
17
100
AcDbEntity
  8
dimensions
100
AcDbSpline
 70
0
 71
2
 72
6
 73
3
 74
0
 40
0.0
 40
0.0
 40
0.0
 40
1.0
 40
1.0
 40
1.0
 10
112.617431640625
 20
1.6578857421875
 30
0.0
 10
112.617431640625
 20
1.8292724609375
 30
0.0
 10
112.5033935546875
 20
1.9413330078125
 30
0.0
  0
SPLINE
  5
B05
330
17
100
AcDbEntity
  8
dimensions
100
AcDbSpline
 70
0
 71
2
 72
6
 73
3
 74
0
 40
0.0
 40
0.0
 40
0.0
 40
1.0
 40
1.0
 40
1.0
 10
112.5033935546875
 20
1.9413330078125
 30
0.0
 10
112.38935546875
 20
2.0533935546875
 30
0.0
 10
112.21796875
 20
2.0533935546875
 30
0.0
  0
SPLINE
  5
B06
330
17
100
AcDbEntity
  8
dimensions
100
AcDbSpline
 70
0
 71
2
 72
6
 73
3
 74
0
 40
0.0
 40
0.0
 40
0.0
 40
1.0
 40
1.0
 40
1.0
 10
112.21796875
 20
2.0533935546875
 30
0.0
 10
112.050537109375
 20
2.0533935546875
 30
0.0
 10
111.9404541015625
 20
1.9426513671875
 30
0.0
  0
SPLINE
  5
B07
330
17
100
AcDbEntity
  8
dimensions
100
AcDbSpline
 70
0
 71
2
 72
6
 73
3
 74
0
 40
0.0
 40
0.0
 40
0.0
 40
1.0
 40
1.0
 40
1.0
 10
111.9404541015625
 20
1.9426513671875
 30
0.0
 10
111.83037109375
 20
1.8319091796875
 30
0.0
 10
111.83037109375
 20
1.6657958984375
 30
0.0
  0
LINE
  5
B08
330
17
100
AcDbEntity
  8
dimensions
100
AcDbLine
 10
95.2533203125
 20
-3.4509033203124995
 30
0.0
 11
95.48930664062499
 21
-3.4324462890624994
 31
0.0
  0
SPLINE
  5
B09
330
17
100
AcDbEntity
  8
dimensions
100
AcDbSpline
 70
0
 71
2
 72
6
 73
3
 74
0
 40
0.0
 40
0.0
 40
0.0
 40
1.0
 40
1.0
 40
1.0
 10
95.2533203125
 20
-3.4509033203124995
 30
0.0
 10
95.2216796875
 20
-3.3111572265624996
 30
0.0
 10
95.16367187499999
 20
-3.2478759765624994
 30
0.0
  0
SPLINE
  5
B0A
330
17
100
AcDbEntity
  8
dimensions
100
AcDbSpline
 70
0
 71
2
 72
6
 73
3
 74
0
 40
0.0
 40
0.0
 40
0.0
 40
1.0
 40
1.0
 40
1.0
 10
95.16367187499999
 20
-3.2478759765624994
 30
0.0
 10
95.06743164062499
 20
-3.146362304687499
 30
0.0
 10
94.92636718749999
 20
-3.146362304687499
 30
0.0
  0
SPLINE
  5
B0B
330
17
100
AcDbEntity
  8
dimensions
100
AcDbSpline
 70
0
 71
2
 72
6
 73
3
 74
0
 40
0.0
 40
0.0
 40
0.0
 40
1.0
 40
1.0
 40
1.0
 10
94.92636718749999
 20
-3.146362304687499
 30
0.0
 10
94.81298828125
 20
-3.146362304687499
 30
0.0
 10
94.727294921875
 20
-3.2096435546874993
 30
0.0
  0
SPLINE
  5
B0C
330
17
100
AcDbEntity
  8
dimensions
100
AcDbSpline
 70
0
 71
2
 72
6
 73
3
 74
0
 40
0.0
 40
0.0
 40
0.0
 40
1.0
 40
1.0
 40
1.0
 10
94.727294921875
 20
-3.2096435546874993
 30
0.0
 10
94.615234375
 20
-3.2913818359374996
 30
0.0
 10
94.55063476562499
 20
-3.4482666015624996
 30
0.0
  0
SPLINE
  5
B0D
330
17
100
AcDbEntity
  8
dimensions
100
AcDbSpline
 70
0
 71
2
 72
6
 73
3
 74
0
 40
0.0
 40
0.0
 40
0.0
 40
1.0
 40
1.0
 40
1.0
 10
94.55063476562499
 20
-3.4482666015624996
 30
0.0
 10
94.48603515625
 20
-3.6051513671874993
 30
0.0
 10
94.4833984375
 20
-3.8951904296874993
 30
0.0
  0
SPLINE
  5
B0E
330
17
100
AcDbEntity
  8
dimensions
100
AcDbSpline
 70
0
 71
2
 72
6
 73
3
 74
0
 40
0.0
 40
0.0
 40
0.0
 40
1.0
 40
1.0
 40
1.0
 10
94.4833984375
 20
-3.8951904296874993
 30
0.0
 10
94.569091796875
 20
-3.7646728515624996
 30
0.0
 10
94.693017578125
 20
-3.7013916015624995
 30
0.0
  0
SPLINE
  5
B0F
330
17
100
AcDbEntity
  8
dimensions
100
AcDbSpline
 70
0
 71
2
 72
6
 73
3
 74
0
 40
0.0
 40
0.0
 40
0.0
 40
1.0
 40
1.0
 40
1.0
 10
94.693017578125
 20
-3.7013916015624995
 30
0.0
 10
94.81694335937499
 20
-3.6381103515624993
 30
0.0
 10
94.95273437499999
 20
-3.6381103515624993
 30
0.0
  0
SPLINE
  5
B10
330
17
100
AcDbEntity
  8
dimensions
100
AcDbSpline
 70
0
 71
2
 72
6
 73
3
 74
0
 40
0.0
 40
0.0
 40
0.0
 40
1.0
 40
1.0
 40
1.0
 10
94.95273437499999
 20
-3.6381103515624993
 30
0.0
 10
95.19003906249999
 20
-3.6381103515624993
 30
0.0
 10
95.3568115234375
 20
-3.8127929687499993
 30
0.0
  0
SPLINE
  5
B11
330
17
100
AcDbEntity
  8
dimensions
100
AcDbSpline
 70
0
 71
2
 72
6
 73
3
 74
0
 40
0.0
 40
0.0
 40
0.0
 40
1.0
 40
1.0
 40
1.0
 10
95.3568115234375
 20
-3.8127929687499993
 30
0.0
 10
95.523583984375
 20
-3.9874755859374993
 30
0.0
 10
95.523583984375
 20
-4.264331054687499
 30
0.0
  0
SPLINE
  5
B12
330
17
100
AcDbEntity
  8
dimensions
100
AcDbSpline
 70
0
 71
2
 72
6
 73
3
 74
0
 40
0.0
 40
0.0
 40
0.0
 40
1.0
 40
1.0
 40
1.0
 10
95.523583984375
 20
-4.264331054687499
 30
0.0
 10
95.523583984375
 20
-4.4462646484374995
 30
0.0
 10
95.4451416015625
 20
-4.602490234375
 30
0.0
  0
SPLINE
  5
B13
330
17
100
AcDbEntity
  8
dimensions
100
AcDbSpline
 70
0
 71
2
 72
6
 73
3
 74
0
 40
0.0
 40
0.0
 40
0.0
 40
1.0
 40
1.0
 40
1.0
 10
95.4451416015625
 20
-4.602490234375
 30
0.0
 10
95.36669921875
 20
-4.758715820312499
 30
0.0
 10
95.22958984374999
 20
-4.8417724609374995
 30
0.0
  0
SPLINE
  5
B14
330
17
100
AcDbEntity
  8
dimensions
100
AcDbSpline
 70
0
 71
2
 72
6
 73
3
 74
0
 40
0.0
 40
0.0
 40
0.0
 40
1.0
 40
1.0
 40
1.0
 10
95.22958984374999
 20
-4.8417724609374995
 30
0.0
 10
95.09248046875
 20
-4.9248291015625
 30
0.0
 10
94.91845703125
 20
-4.9248291015625
 30
0.0
  0
SPLINE
  5
B15
330
17
100
AcDbEntity
  8
dimensions
100
AcDbSpline
 70
0
 71
2
 72
6
 73
3
 74
0
 40
0.0
 40
0.0
 40
0.0
 40
1.0
 40
1.0
 40
1.0
 10
94.91845703125
 20
-4.9248291015625
 30
0.0
 10
94.621826171875
 20
-4.9248291015625
 30
0.0
 10
94.43461914062499
 20
-4.7066406249999995
 30
0.0
  0
SPLINE
  5
B16
330
17
100
AcDbEntity
  8
dimensions
100
AcDbSpline
 70
0
 71
2
 72
6
 73
3
 74
0
 40
0.0
 40
0.0
 40
0.0
 40
1.0
 40
1.0
 40
1.0
 10
94.43461914062499
 20
-4.7066406249999995
 30
0.0
 10
94.24741210937499
 20
-4.488452148437499
 30
0.0
 10
94.24741210937499
 20
-3.9874755859374993
 30
0.0
  0
SPLINE
  5
B17
330
17
100
AcDbEntity
  8
dimensions
100
AcDbSpline
 70
0
 71
2
 72
6
 73
3
 74
0
 40
0.0
 40
0.0
 40
0.0
 40
1.0
 40
1.0
 40
1.0
 10
94.24741210937499
 20
-3.9874755859374993
 30
0.0
 10
94.24741210937499
 20
-3.4271728515624993
 30
0.0
 10
94.45439453124999
 20
-3.172729492187499
 30
0.0
  0
SPLINE
  5
B18
330
17
100
AcDbEntity
  8
dimensions
100
AcDbSpline
 70
0
 71
2
 72
6
 73
3
 74
0
 40
0.0
 40
0.0
 40
0.0
 40
1.0
 40
1.0
 40
1.0
 10
94.45439453124999
 20
-3.172729492187499
 30
0.0
 10
94.635009765625
 20
-2.9512451171874994
 30
0.0
 10
94.940869140625
 20
-2.9512451171874994
 30
0.0
  0
SPLINE
  5
B19
330
17
100
AcDbEntity
  8
dimensions
100
AcDbSpline
 70
0
 71
2
 72
6
 73
3
 74
0
 40
0.0
 40
0.0
 40
0.0
 40
1.0
 40
1.0
 40
1.0
 10
94.940869140625
 20
-2.9512451171874994
 30
0.0
 10
95.1689453125
 20
-2.9512451171874994
 30
0.0
 10
95.31462402343749
 20
-3.0791259765624996
 30
0.0
  0
SPLINE
  5
B1A
330
17
100
AcDbEntity
  8
dimensions
100
AcDbSpline
 70
0
 71
2
 72
6
 73
3
 74
0
 40
0.0
 40
0.0
 40
0.0
 40
1.0
 40
1.0
 40
1.0
 10
95.31462402343749
 20
-3.0791259765624996
 30
0.0
 10
95.46030273437499
 20
-3.2070068359374995
 30
0.0
 10
95.48930664062499
 20
-3.4324462890624994
 30
0.0
  0
SPLINE
  5
B1B
330
17
100
AcDbEntity
  8
dimensions
100
AcDbSpline
 70
0
 71
2
 72
6
 73
3
 74
0
 40
0.0
 40
0.0
 40
0.0
 40
1.0
 40
1.0
 40
1.0
 10
94.52031249999999
 20
-4.2656494140625
 30
0.0
 10
94.52031249999999
 20
-4.3882568359375
 30
0.0
 10
94.5723876953125
 20
-4.5003173828125
 30
0.0
  0
SPLINE
  5
B1C
330
17
100
AcDbEntity
  8
dimensions
100
AcDbSpline
 70
0
 71
2
 72
6
 73
3
 74
0
 40
0.0
 40
0.0
 40
0.0
 40
1.0
 40
1.0
 40
1.0
 10
94.5723876953125
 20
-4.5003173828125
 30
0.0
 10
94.624462890625
 20
-4.6123779296875
 30
0.0
 10
94.71806640624999
 20
-4.671044921875
 30
0.0
  0
SPLINE
  5
B1D
330
17
100
AcDbEntity
  8
dimensions
100
AcDbSpline
 70
0
 71
2
 72
6
 73
3
 74
0
 40
0.0
 40
0.0
 40
0.0
 40
1.0
 40
1.0
 40
1.0
 10
94.71806640624999
 20
-4.671044921875
 30
0.0
 10
94.811669921875
 20
-4.7297119140624995
 30
0.0
 10
94.914501953125
 20
-4.7297119140624995
 30
0.0
  0
SPLINE
  5
B1E
330
17
100
AcDbEntity
  8
dimensions
100
AcDbSpline
 70
0
 71
2
 72
6
 73
3
 74
0
 40
0.0
 40
0.0
 40
0.0
 40
1.0
 40
1.0
 40
1.0
 10
94.914501953125
 20
-4.7297119140624995
 30
0.0
 10
95.06479492187499
 20
-4.7297119140624995
 30
0.0
 10
95.17290039062499
 20
-4.6084228515625
 30
0.0
  0
SPLINE
  5
B1F
330
17
100
AcDbEntity
  8
dimensions
100
AcDbSpline
 70
0
 71
2
 72
6
 73
3
 74
0
 40
0.0
 40
0.0
 40
0.0
 40
1.0
 40
1.0
 40
1.0
 10
95.17290039062499
 20
-4.6084228515625
 30
0.0
 10
95.281005859375
 20
-4.4871337890625
 30
0.0
 10
95.281005859375
 20
-4.2788330078125
 30
0.0
  0
SPLINE
  5
B20
330
17
100
AcDbEntity
  8
dimensions
100
AcDbSpline
 70
0
 71
2
 72
6
 73
3
 74
0
 40
0.0
 40
0.0
 40
0.0
 40
1.0
 40
1.0
 40
1.0
 10
95.281005859375
 20
-4.2788330078125
 30
0.0
 10
95.281005859375
 20
-4.0784423828125
 30
0.0
 10
95.17421875
 20
-3.9630859375
 30
0.0
  0
SPLINE
  5
B21
330
17
100
AcDbEntity
  8
dimensions
100
AcDbSpline
 70
0
 71
2
 72
6
 73
3
 74
0
 40
0.0
 40
0.0
 40
0.0
 40
1.0
 40
1.0
 40
1.0
 10
95.17421875
 20
-3.9630859375
 30
0.0
 10
95.06743164062499
 20
-3.8477294921875
 30
0.0
 10
94.9052734375
 20
-3.8477294921875
 30
0.0
  0
SPLINE
  5
B22
330
17
100
AcDbEntity
  8
dimensions
100
AcDbSpline
 70
0
 71
2
 72
6
 73
3
 74
0
 40
0.0
 40
0.0
 40
0.0
 40
1.0
 40
1.0
 40
1.0
 10
94.9052734375
 20
-3.8477294921875
 30
0.0
 10
94.74443359374999
 20
-3.8477294921875
 30
0.0
 10
94.63237304687499
 20
-3.9630859375
 30
0.0
  0
SPLINE
  5
B23
330
17
100
AcDbEntity
  8
dimensions
100
AcDbSpline
 70
0
 71
2
 72
6
 73
3
 74
0
 40
0.0
 40
0.0
 40
0.0
 40
1.0
 40
1.0
 40
1.0
 10
94.63237304687499
 20
-3.9630859375
 30
0.0
 10
94.52031249999999
 20
-4.0784423828125
 30
0.0
 10
94.52031249999999
 20
-4.2656494140625
 30
0.0
  0
LINE
  5
B24
330
17
100
AcDbEntity
  8
dimensions
100
AcDbLine
 10
96.760205078125
 20
-4.2498291015625
 30
0.0
 11
96.5189453125
 21
-4.270922851562499
 31
0.0
  0
SPLINE
  5
B25
330
17
100
AcDbEntity
  8
dimensions
100
AcDbSpline
 70
0
 71
2
 72
6
 73
3
 74
0
 40
0.0
 40
0.0
 40
0.0
 40
1.0
 40
1.0
 40
1.0
 10
96.760205078125
 20
-4.2498291015625
 30
0.0
 10
96.77734375
 20
-4.3948486328125
 30
0.0
 10
96.8399658203125
 20
-4.48779296875
 30
0.0
  0
SPLINE
  5
B26
330
17
100
AcDbEntity
  8
dimensions
100
AcDbSpline
 70
0
 71
2
 72
6
 73
3
 74
0
 40
0.0
 40
0.0
 40
0.0
 40
1.0
 40
1.0
 40
1.0
 10
96.8399658203125
 20
-4.48779296875
 30
0.0
 10
96.902587890625
 20
-4.580737304687499
 30
0.0
 10
97.034423828125
 20
-4.6380859375
 30
0.0
  0
SPLINE
  5
B27
330
17
100
AcDbEntity
  8
dimensions
100
AcDbSpline
 70
0
 71
2
 72
6
 73
3
 74
0
 40
0.0
 40
0.0
 40
0.0
 40
1.0
 40
1.0
 40
1.0
 10
97.034423828125
 20
-4.6380859375
 30
0.0
 10
97.166259765625
 20
-4.6954345703125
 30
0.0
 10
97.3310546875
 20
-4.6954345703125
 30
0.0
  0
SPLINE
  5
B28
330
17
100
AcDbEntity
  8
dimensions
100
AcDbSpline
 70
0
 71
2
 72
6
 73
3
 74
0
 40
0.0
 40
0.0
 40
0.0
 40
1.0
 40
1.0
 40
1.0
 10
97.3310546875
 20
-4.6954345703125
 30
0.0
 10
97.47739257812499
 20
-4.6954345703125
 30
0.0
 10
97.58945312499999
 20
-4.6519287109375
 30
0.0
  0
SPLINE
  5
B29
330
17
100
AcDbEntity
  8
dimensions
100
AcDbSpline
 70
0
 71
2
 72
6
 73
3
 74
0
 40
0.0
 40
0.0
 40
0.0
 40
1.0
 40
1.0
 40
1.0
 10
97.58945312499999
 20
-4.6519287109375
 30
0.0
 10
97.70151367187499
 20
-4.6084228515625
 30
0.0
 10
97.7562255859375
 20
-4.5326171875
 30
0.0
  0
SPLINE
  5
B2A
330
17
100
AcDbEntity
  8
dimensions
100
AcDbSpline
 70
0
 71
2
 72
6
 73
3
 74
0
 40
0.0
 40
0.0
 40
0.0
 40
1.0
 40
1.0
 40
1.0
 10
97.7562255859375
 20
-4.5326171875
 30
0.0
 10
97.8109375
 20
-4.4568115234375
 30
0.0
 10
97.8109375
 20
-4.3671630859374995
 30
0.0
  0
SPLINE
  5
B2B
330
17
100
AcDbEntity
  8
dimensions
100
AcDbSpline
 70
0
 71
2
 72
6
 73
3
 74
0
 40
0.0
 40
0.0
 40
0.0
 40
1.0
 40
1.0
 40
1.0
 10
97.8109375
 20
-4.3671630859374995
 30
0.0
 10
97.8109375
 20
-4.2761962890625
 30
0.0
 10
97.758203125
 20
-4.208300781249999
 30
0.0
  0
SPLINE
  5
B2C
330
17
100
AcDbEntity
  8
dimensions
100
AcDbSpline
 70
0
 71
2
 72
6
 73
3
 74
0
 40
0.0
 40
0.0
 40
0.0
 40
1.0
 40
1.0
 40
1.0
 10
97.758203125
 20
-4.208300781249999
 30
0.0
 10
97.70546875
 20
-4.1404052734375
 30
0.0
 10
97.5841796875
 20
-4.0942626953125
 30
0.0
  0
SPLINE
  5
B2D
330
17
100
AcDbEntity
  8
dimensions
100
AcDbSpline
 70
0
 71
2
 72
6
 73
3
 74
0
 40
0.0
 40
0.0
 40
0.0
 40
1.0
 40
1.0
 40
1.0
 10
97.5841796875
 20
-4.0942626953125
 30
0.0
 10
97.506396484375
 20
-4.0639404296874995
 30
0.0
 10
97.24008789062499
 20
-3.9999999999999996
 30
0.0
  0
SPLINE
  5
B2E
330
17
100
AcDbEntity
  8
dimensions
100
AcDbSpline
 70
0
 71
2
 72
6
 73
3
 74
0
 40
0.0
 40
0.0
 40
0.0
 40
1.0
 40
1.0
 40
1.0
 10
97.24008789062499
 20
-3.9999999999999996
 30
0.0
 10
96.973779296875
 20
-3.9360595703124996
 30
0.0
 10
96.8669921875
 20
-3.8793701171874995
 30
0.0
  0
SPLINE
  5
B2F
330
17
100
AcDbEntity
  8
dimensions
100
AcDbSpline
 70
0
 71
2
 72
6
 73
3
 74
0
 40
0.0
 40
0.0
 40
0.0
 40
1.0
 40
1.0
 40
1.0
 10
96.8669921875
 20
-3.8793701171874995
 30
0.0
 10
96.728564453125
 20
-3.8068603515624995
 30
0.0
 10
96.6606689453125
 20
-3.6994140624999994
 30
0.0
  0
SPLINE
  5
B30
330
17
100
AcDbEntity
  8
dimensions
100
AcDbSpline
 70
0
 71
2
 72
6
 73
3
 74
0
 40
0.0
 40
0.0
 40
0.0
 40
1.0
 40
1.0
 40
1.0
 10
96.6606689453125
 20
-3.6994140624999994
 30
0.0
 10
96.5927734375
 20
-3.5919677734374993
 30
0.0
 10
96.5927734375
 20
-3.4588134765624994
 30
0.0
  0
SPLINE
  5
B31
330
17
100
AcDbEntity
  8
dimensions
100
AcDbSpline
 70
0
 71
2
 72
6
 73
3
 74
0
 40
0.0
 40
0.0
 40
0.0
 40
1.0
 40
1.0
 40
1.0
 10
96.5927734375
 20
-3.4588134765624994
 30
0.0
 10
96.5927734375
 20
-3.3124755859374995
 30
0.0
 10
96.675830078125
 20
-3.1852539062499994
 30
0.0
  0
SPLINE
  5
B32
330
17
100
AcDbEntity
  8
dimensions
100
AcDbSpline
 70
0
 71
2
 72
6
 73
3
 74
0
 40
0.0
 40
0.0
 40
0.0
 40
1.0
 40
1.0
 40
1.0
 10
96.675830078125
 20
-3.1852539062499994
 30
0.0
 10
96.75888671874999
 20
-3.0580322265624993
 30
0.0
 10
96.918408203125
 20
-2.9921142578124993
 30
0.0
  0
SPLINE
  5
B33
330
17
100
AcDbEntity
  8
dimensions
100
AcDbSpline
 70
0
 71
2
 72
6
 73
3
 74
0
 40
0.0
 40
0.0
 40
0.0
 40
1.0
 40
1.0
 40
1.0
 10
96.918408203125
 20
-2.9921142578124993
 30
0.0
 10
97.0779296875
 20
-2.9261962890624993
 30
0.0
 10
97.27304687499999
 20
-2.9261962890624993
 30
0.0
  0
SPLINE
  5
B34
330
17
100
AcDbEntity
  8
dimensions
100
AcDbSpline
 70
0
 71
2
 72
6
 73
3
 74
0
 40
0.0
 40
0.0
 40
0.0
 40
1.0
 40
1.0
 40
1.0
 10
97.27304687499999
 20
-2.9261962890624993
 30
0.0
 10
97.487939453125
 20
-2.9261962890624993
 30
0.0
 10
97.65207519531249
 20
-2.9954101562499993
 30
0.0
  0
SPLINE
  5
B35
330
17
100
AcDbEntity
  8
dimensions
100
AcDbSpline
 70
0
 71
2
 72
6
 73
3
 74
0
 40
0.0
 40
0.0
 40
0.0
 40
1.0
 40
1.0
 40
1.0
 10
97.65207519531249
 20
-2.9954101562499993
 30
0.0
 10
97.8162109375
 20
-3.0646240234374993
 30
0.0
 10
97.904541015625
 20
-3.1990966796874996
 30
0.0
  0
SPLINE
  5
B36
330
17
100
AcDbEntity
  8
dimensions
100
AcDbSpline
 70
0
 71
2
 72
6
 73
3
 74
0
 40
0.0
 40
0.0
 40
0.0
 40
1.0
 40
1.0
 40
1.0
 10
97.904541015625
 20
-3.1990966796874996
 30
0.0
 10
97.99287109375
 20
-3.3335693359374994
 30
0.0
 10
97.999462890625
 20
-3.5036376953124995
 30
0.0
  0
LINE
  5
B37
330
17
100
AcDbEntity
  8
dimensions
100
AcDbLine
 10
97.75424804687499
 20
-3.5220947265624996
 30
0.0
 11
97.999462890625
 21
-3.5036376953124995
 31
0.0
  0
SPLINE
  5
B38
330
17
100
AcDbEntity
  8
dimensions
100
AcDbSpline
 70
0
 71
2
 72
6
 73
3
 74
0
 40
0.0
 40
0.0
 40
0.0
 40
1.0
 40
1.0
 40
1.0
 10
97.75424804687499
 20
-3.5220947265624996
 30
0.0
 10
97.73447265624999
 20
-3.3388427734374995
 30
0.0
 10
97.6204345703125
 20
-3.2452392578124996
 30
0.0
  0
SPLINE
  5
B39
330
17
100
AcDbEntity
  8
dimensions
100
AcDbSpline
 70
0
 71
2
 72
6
 73
3
 74
0
 40
0.0
 40
0.0
 40
0.0
 40
1.0
 40
1.0
 40
1.0
 10
97.6204345703125
 20
-3.2452392578124996
 30
0.0
 10
97.506396484375
 20
-3.1516357421874996
 30
0.0
 10
97.28359375
 20
-3.1516357421874996
 30
0.0
  0
SPLINE
  5
B3A
330
17
100
AcDbEntity
  8
dimensions
100
AcDbSpline
 70
0
 71
2
 72
6
 73
3
 74
0
 40
0.0
 40
0.0
 40
0.0
 40
1.0
 40
1.0
 40
1.0
 10
97.28359375
 20
-3.1516357421874996
 30
0.0
 10
97.0515625
 20
-3.1516357421874996
 30
0.0
 10
96.9454345703125
 20
-3.2366699218749995
 30
0.0
  0
SPLINE
  5
B3B
330
17
100
AcDbEntity
  8
dimensions
100
AcDbSpline
 70
0
 71
2
 72
6
 73
3
 74
0
 40
0.0
 40
0.0
 40
0.0
 40
1.0
 40
1.0
 40
1.0
 10
96.9454345703125
 20
-3.2366699218749995
 30
0.0
 10
96.839306640625
 20
-3.3217041015624993
 30
0.0
 10
96.839306640625
 20
-3.4416748046874996
 30
0.0
  0
SPLINE
  5
B3C
330
17
100
AcDbEntity
  8
dimensions
100
AcDbSpline
 70
0
 71
2
 72
6
 73
3
 74
0
 40
0.0
 40
0.0
 40
0.0
 40
1.0
 40
1.0
 40
1.0
 10
96.839306640625
 20
-3.4416748046874996
 30
0.0
 10
96.839306640625
 20
-3.5458251953124993
 30
0.0
 10
96.914453125
 20
-3.6130615234374996
 30
0.0
  0
SPLINE
  5
B3D
330
17
100
AcDbEntity
  8
dimensions
100
AcDbSpline
 70
0
 71
2
 72
6
 73
3
 74
0
 40
0.0
 40
0.0
 40
0.0
 40
1.0
 40
1.0
 40
1.0
 10
96.914453125
 20
-3.6130615234374996
 30
0.0
 10
96.98828125
 20
-3.6802978515624996
 30
0.0
 10
97.3000732421875
 20
-3.7508300781249995
 30
0.0
  0
SPLINE
  5
B3E
330
17
100
AcDbEntity
  8
dimensions
100
AcDbSpline
 70
0
 71
2
 72
6
 73
3
 74
0
 40
0.0
 40
0.0
 40
0.0
 40
1.0
 40
1.0
 40
1.0
 10
97.3000732421875
 20
-3.7508300781249995
 30
0.0
 10
97.611865234375
 20
-3.8213623046875
 30
0.0
 10
97.72788085937499
 20
-3.8740966796875
 30
0.0
  0
SPLINE
  5
B3F
330
17
100
AcDbEntity
  8
dimensions
100
AcDbSpline
 70
0
 71
2
 72
6
 73
3
 74
0
 40
0.0
 40
0.0
 40
0.0
 40
1.0
 40
1.0
 40
1.0
 10
97.72788085937499
 20
-3.8740966796875
 30
0.0
 10
97.896630859375
 20
-3.9518798828124995
 30
0.0
 10
97.97705078125
 20
-4.07119140625
 30
0.0
  0
SPLINE
  5
B40
330
17
100
AcDbEntity
  8
dimensions
100
AcDbSpline
 70
0
 71
2
 72
6
 73
3
 74
0
 40
0.0
 40
0.0
 40
0.0
 40
1.0
 40
1.0
 40
1.0
 10
97.97705078125
 20
-4.07119140625
 30
0.0
 10
98.05747070312499
 20
-4.1905029296875
 30
0.0
 10
98.05747070312499
 20
-4.3460693359375
 30
0.0
  0
SPLINE
  5
B41
330
17
100
AcDbEntity
  8
dimensions
100
AcDbSpline
 70
0
 71
2
 72
6
 73
3
 74
0
 40
0.0
 40
0.0
 40
0.0
 40
1.0
 40
1.0
 40
1.0
 10
98.05747070312499
 20
-4.3460693359375
 30
0.0
 10
98.05747070312499
 20
-4.5003173828125
 30
0.0
 10
97.969140625
 20
-4.636767578124999
 30
0.0
  0
SPLINE
  5
B42
330
17
100
AcDbEntity
  8
dimensions
100
AcDbSpline
 70
0
 71
2
 72
6
 73
3
 74
0
 40
0.0
 40
0.0
 40
0.0
 40
1.0
 40
1.0
 40
1.0
 10
97.969140625
 20
-4.636767578124999
 30
0.0
 10
97.880810546875
 20
-4.7732177734375
 30
0.0
 10
97.7153564453125
 20
-4.8490234375
 30
0.0
  0
SPLINE
  5
B43
330
17
100
AcDbEntity
  8
dimensions
100
AcDbSpline
 70
0
 71
2
 72
6
 73
3
 74
0
 40
0.0
 40
0.0
 40
0.0
 40
1.0
 40
1.0
 40
1.0
 10
97.7153564453125
 20
-4.8490234375
 30
0.0
 10
97.54990234374999
 20
-4.9248291015625
 30
0.0
 10
97.342919921875
 20
-4.9248291015625
 30
0.0
  0
SPLINE
  5
B44
330
17
100
AcDbEntity
  8
dimensions
100
AcDbSpline
 70
0
 71
2
 72
6
 73
3
 74
0
 40
0.0
 40
0.0
 40
0.0
 40
1.0
 40
1.0
 40
1.0
 10
97.342919921875
 20
-4.9248291015625
 30
0.0
 10
97.08056640625
 20
-4.9248291015625
 30
0.0
 10
96.9032470703125
 20
-4.8483642578124995
 30
0.0
  0
SPLINE
  5
B45
330
17
100
AcDbEntity
  8
dimensions
100
AcDbSpline
 70
0
 71
2
 72
6
 73
3
 74
0
 40
0.0
 40
0.0
 40
0.0
 40
1.0
 40
1.0
 40
1.0
 10
96.9032470703125
 20
-4.8483642578124995
 30
0.0
 10
96.72592773437499
 20
-4.771899414062499
 30
0.0
 10
96.6250732421875
 20
-4.618310546875
 30
0.0
  0
SPLINE
  5
B46
330
17
100
AcDbEntity
  8
dimensions
100
AcDbSpline
 70
0
 71
2
 72
6
 73
3
 74
0
 40
0.0
 40
0.0
 40
0.0
 40
1.0
 40
1.0
 40
1.0
 10
96.6250732421875
 20
-4.618310546875
 30
0.0
 10
96.52421875
 20
-4.4647216796875
 30
0.0
 10
96.5189453125
 20
-4.270922851562499
 30
0.0
  0
LINE
  5
B47
330
17
100
AcDbEntity
  8
dimensions
100
AcDbLine
 10
98.4068359375
 20
-4.8918701171875
 30
0.0
 11
98.66259765625
 21
-4.8918701171875
 31
0.0
  0
LINE
  5
B48
330
17
100
AcDbEntity
  8
dimensions
100
AcDbLine
 10
98.4068359375
 20
-2.9591552734374993
 30
0.0
 11
98.4068359375
 21
-4.8918701171875
 31
0.0
  0
LINE
  5
B49
330
17
100
AcDbEntity
  8
dimensions
100
AcDbLine
 10
99.13588867187501
 20
-2.9591552734374993
 30
0.0
 11
98.4068359375
 21
-2.9591552734374993
 31
0.0
  0
SPLINE
  5
B4A
330
17
100
AcDbEntity
  8
dimensions
100
AcDbSpline
 70
0
 71
2
 72
6
 73
3
 74
0
 40
0.0
 40
0.0
 40
0.0
 40
1.0
 40
1.0
 40
1.0
 10
99.13588867187501
 20
-2.9591552734374993
 30
0.0
 10
99.328369140625
 20
-2.9591552734374993
 30
0.0
 10
99.4298828125
 20
-2.9776123046874994
 30
0.0
  0
SPLINE
  5
B4B
330
17
100
AcDbEntity
  8
dimensions
100
AcDbSpline
 70
0
 71
2
 72
6
 73
3
 74
0
 40
0.0
 40
0.0
 40
0.0
 40
1.0
 40
1.0
 40
1.0
 10
99.4298828125
 20
-2.9776123046874994
 30
0.0
 10
99.572265625
 20
-3.001342773437499
 30
0.0
 10
99.668505859375
 20
-3.0679199218749993
 30
0.0
  0
SPLINE
  5
B4C
330
17
100
AcDbEntity
  8
dimensions
100
AcDbSpline
 70
0
 71
2
 72
6
 73
3
 74
0
 40
0.0
 40
0.0
 40
0.0
 40
1.0
 40
1.0
 40
1.0
 10
99.668505859375
 20
-3.0679199218749993
 30
0.0
 10
99.76474609375
 20
-3.1344970703124995
 30
0.0
 10
99.8234130859375
 20
-3.2544677734374994
 30
0.0
  0
SPLINE
  5
B4D
330
17
100
AcDbEntity
  8
dimensions
100
AcDbSpline
 70
0
 71
2
 72
6
 73
3
 74
0
 40
0.0
 40
0.0
 40
0.0
 40
1.0
 40
1.0
 40
1.0
 10
99.8234130859375
 20
-3.2544677734374994
 30
0.0
 10
99.882080078125
 20
-3.3744384765624993
 30
0.0
 10
99.882080078125
 20
-3.5181396484374994
 30
0.0
  0
SPLINE
  5
B4E
330
17
100
AcDbEntity
  8
dimensions
100
AcDbSpline
 70
0
 71
2
 72
6
 73
3
 74
0
 40
0.0
 40
0.0
 40
0.0
 40
1.0
 40
1.0
 40
1.0
 10
99.882080078125
 20
-3.5181396484374994
 30
0.0
 10
99.882080078125
 20
-3.7646728515624996
 30
0.0
 10
99.7251953125
 20
-3.9354003906249995
 30
0.0
  0
SPLINE
  5
B4F
330
17
100
AcDbEntity
  8
dimensions
100
AcDbSpline
 70
0
 71
2
 72
6
 73
3
 74
0
 40
0.0
 40
0.0
 40
0.0
 40
1.0
 40
1.0
 40
1.0
 10
99.7251953125
 20
-3.9354003906249995
 30
0.0
 10
99.568310546875
 20
-4.106127929687499
 30
0.0
 10
99.15830078125
 20
-4.106127929687499
 30
0.0
  0
LINE
  5
B50
330
17
100
AcDbEntity
  8
dimensions
100
AcDbLine
 10
98.66259765625
 20
-4.106127929687499
 30
0.0
 11
99.15830078125
 21
-4.106127929687499
 31
0.0
  0
LINE
  5
B51
330
17
100
AcDbEntity
  8
dimensions
100
AcDbLine
 10
98.66259765625
 20
-4.8918701171875
 30
0.0
 11
98.66259765625
 21
-4.106127929687499
 31
0.0
  0
LINE
  5
B52
330
17
100
AcDbEntity
  8
dimensions
100
AcDbLine
 10
98.66259765625
 20
-3.8780517578124996
 30
0.0
 11
98.66259765625
 21
-3.1872314453124995
 31
0.0
  0
LINE
  5
B53
330
17
100
AcDbEntity
  8
dimensions
100
AcDbLine
 10
99.16225585937501
 20
-3.8780517578124996
 30
0.0
 11
98.66259765625
 21
-3.8780517578124996
 31
0.0
  0
SPLINE
  5
B54
330
17
100
AcDbEntity
  8
dimensions
100
AcDbSpline
 70
0
 71
2
 72
6
 73
3
 74
0
 40
0.0
 40
0.0
 40
0.0
 40
1.0
 40
1.0
 40
1.0
 10
99.16225585937501
 20
-3.8780517578124996
 30
0.0
 10
99.410107421875
 20
-3.8780517578124996
 30
0.0
 10
99.5142578125
 20
-3.7857666015624996
 30
0.0
  0
SPLINE
  5
B55
330
17
100
AcDbEntity
  8
dimensions
100
AcDbSpline
 70
0
 71
2
 72
6
 73
3
 74
0
 40
0.0
 40
0.0
 40
0.0
 40
1.0
 40
1.0
 40
1.0
 10
99.5142578125
 20
-3.7857666015624996
 30
0.0
 10
99.618408203125
 20
-3.6934814453124996
 30
0.0
 10
99.618408203125
 20
-3.5260498046874993
 30
0.0
  0
SPLINE
  5
B56
330
17
100
AcDbEntity
  8
dimensions
100
AcDbSpline
 70
0
 71
2
 72
6
 73
3
 74
0
 40
0.0
 40
0.0
 40
0.0
 40
1.0
 40
1.0
 40
1.0
 10
99.618408203125
 20
-3.5260498046874993
 30
0.0
 10
99.618408203125
 20
-3.4047607421874995
 30
0.0
 10
99.5571044921875
 20
-3.3184082031249993
 30
0.0
  0
SPLINE
  5
B57
330
17
100
AcDbEntity
  8
dimensions
100
AcDbSpline
 70
0
 71
2
 72
6
 73
3
 74
0
 40
0.0
 40
0.0
 40
0.0
 40
1.0
 40
1.0
 40
1.0
 10
99.5571044921875
 20
-3.3184082031249993
 30
0.0
 10
99.49580078125
 20
-3.2320556640624996
 30
0.0
 10
99.39560546875
 20
-3.2043701171874996
 30
0.0
  0
SPLINE
  5
B58
330
17
100
AcDbEntity
  8
dimensions
100
AcDbSpline
 70
0
 71
2
 72
6
 73
3
 74
0
 40
0.0
 40
0.0
 40
0.0
 40
1.0
 40
1.0
 40
1.0
 10
99.39560546875
 20
-3.2043701171874996
 30
0.0
 10
99.331005859375
 20
-3.1872314453124995
 30
0.0
 10
99.156982421875
 20
-3.1872314453124995
 30
0.0
  0
LINE
  5
B59
330
17
100
AcDbEntity
  8
dimensions
100
AcDbLine
 10
98.66259765625
 20
-3.1872314453124995
 30
0.0
 11
99.156982421875
 21
-3.1872314453124995
 31
0.0
  0
SPLINE
  5
B5A
330
17
100
AcDbEntity
  8
dimensions
100
AcDbSpline
 70
0
 71
2
 72
6
 73
3
 74
0
 40
0.0
 40
0.0
 40
0.0
 40
1.0
 40
1.0
 40
1.0
 10
100.12993164062499
 20
-3.9505615234374996
 30
0.0
 10
100.12993164062499
 20
-3.4693603515624996
 30
0.0
 10
100.388330078125
 20
-3.1971191406249995
 30
0.0
  0
SPLINE
  5
B5B
330
17
100
AcDbEntity
  8
dimensions
100
AcDbSpline
 70
0
 71
2
 72
6
 73
3
 74
0
 40
0.0
 40
0.0
 40
0.0
 40
1.0
 40
1.0
 40
1.0
 10
100.388330078125
 20
-3.1971191406249995
 30
0.0
 10
100.646728515625
 20
-2.9248779296874994
 30
0.0
 10
101.055419921875
 20
-2.9248779296874994
 30
0.0
  0
SPLINE
  5
B5C
330
17
100
AcDbEntity
  8
dimensions
100
AcDbSpline
 70
0
 71
2
 72
6
 73
3
 74
0
 40
0.0
 40
0.0
 40
0.0
 40
1.0
 40
1.0
 40
1.0
 10
101.055419921875
 20
-2.9248779296874994
 30
0.0
 10
101.32304687499999
 20
-2.9248779296874994
 30
0.0
 10
101.53793945312499
 20
-3.0527587890624996
 30
0.0
  0
SPLINE
  5
B5D
330
17
100
AcDbEntity
  8
dimensions
100
AcDbSpline
 70
0
 71
2
 72
6
 73
3
 74
0
 40
0.0
 40
0.0
 40
0.0
 40
1.0
 40
1.0
 40
1.0
 10
101.53793945312499
 20
-3.0527587890624996
 30
0.0
 10
101.75283203125
 20
-3.1806396484374995
 30
0.0
 10
101.8655517578125
 20
-3.4093749999999994
 30
0.0
  0
SPLINE
  5
B5E
330
17
100
AcDbEntity
  8
dimensions
100
AcDbSpline
 70
0
 71
2
 72
6
 73
3
 74
0
 40
0.0
 40
0.0
 40
0.0
 40
1.0
 40
1.0
 40
1.0
 10
101.8655517578125
 20
-3.4093749999999994
 30
0.0
 10
101.978271484375
 20
-3.6381103515624993
 30
0.0
 10
101.978271484375
 20
-3.9281494140624993
 30
0.0
  0
SPLINE
  5
B5F
330
17
100
AcDbEntity
  8
dimensions
100
AcDbSpline
 70
0
 71
2
 72
6
 73
3
 74
0
 40
0.0
 40
0.0
 40
0.0
 40
1.0
 40
1.0
 40
1.0
 10
101.978271484375
 20
-3.9281494140624993
 30
0.0
 10
101.978271484375
 20
-4.2221435546874995
 30
0.0
 10
101.859619140625
 20
-4.4541748046875
 30
0.0
  0
SPLINE
  5
B60
330
17
100
AcDbEntity
  8
dimensions
100
AcDbSpline
 70
0
 71
2
 72
6
 73
3
 74
0
 40
0.0
 40
0.0
 40
0.0
 40
1.0
 40
1.0
 40
1.0
 10
101.859619140625
 20
-4.4541748046875
 30
0.0
 10
101.740966796875
 20
-4.686206054687499
 30
0.0
 10
101.5234375
 20
-4.8055175781249995
 30
0.0
  0
SPLINE
  5
B61
330
17
100
AcDbEntity
  8
dimensions
100
AcDbSpline
 70
0
 71
2
 72
6
 73
3
 74
0
 40
0.0
 40
0.0
 40
0.0
 40
1.0
 40
1.0
 40
1.0
 10
101.5234375
 20
-4.8055175781249995
 30
0.0
 10
101.305908203125
 20
-4.9248291015625
 30
0.0
 10
101.0541015625
 20
-4.9248291015625
 30
0.0
  0
SPLINE
  5
B62
330
17
100
AcDbEntity
  8
dimensions
100
AcDbSpline
 70
0
 71
2
 72
6
 73
3
 74
0
 40
0.0
 40
0.0
 40
0.0
 40
1.0
 40
1.0
 40
1.0
 10
101.0541015625
 20
-4.9248291015625
 30
0.0
 10
100.781201171875
 20
-4.9248291015625
 30
0.0
 10
100.56630859375
 20
-4.7929931640625
 30
0.0
  0
SPLINE
  5
B63
330
17
100
AcDbEntity
  8
dimensions
100
AcDbSpline
 70
0
 71
2
 72
6
 73
3
 74
0
 40
0.0
 40
0.0
 40
0.0
 40
1.0
 40
1.0
 40
1.0
 10
100.56630859375
 20
-4.7929931640625
 30
0.0
 10
100.35141601562499
 20
-4.6611572265625
 30
0.0
 10
100.240673828125
 20
-4.4330810546874995
 30
0.0
  0
SPLINE
  5
B64
330
17
100
AcDbEntity
  8
dimensions
100
AcDbSpline
 70
0
 71
2
 72
6
 73
3
 74
0
 40
0.0
 40
0.0
 40
0.0
 40
1.0
 40
1.0
 40
1.0
 10
100.240673828125
 20
-4.4330810546874995
 30
0.0
 10
100.12993164062499
 20
-4.205004882812499
 30
0.0
 10
100.12993164062499
 20
-3.9505615234374996
 30
0.0
  0
SPLINE
  5
B65
330
17
100
AcDbEntity
  8
dimensions
100
AcDbSpline
 70
0
 71
2
 72
6
 73
3
 74
0
 40
0.0
 40
0.0
 40
0.0
 40
1.0
 40
1.0
 40
1.0
 10
100.39360351562499
 20
-3.9545166015624993
 30
0.0
 10
100.39360351562499
 20
-4.303881835937499
 30
0.0
 10
100.58146972656249
 20
-4.504931640624999
 30
0.0
  0
SPLINE
  5
B66
330
17
100
AcDbEntity
  8
dimensions
100
AcDbSpline
 70
0
 71
2
 72
6
 73
3
 74
0
 40
0.0
 40
0.0
 40
0.0
 40
1.0
 40
1.0
 40
1.0
 10
100.58146972656249
 20
-4.504931640624999
 30
0.0
 10
100.76933593749999
 20
-4.705981445312499
 30
0.0
 10
101.05278320312499
 20
-4.705981445312499
 30
0.0
  0
SPLINE
  5
B67
330
17
100
AcDbEntity
  8
dimensions
100
AcDbSpline
 70
0
 71
2
 72
6
 73
3
 74
0
 40
0.0
 40
0.0
 40
0.0
 40
1.0
 40
1.0
 40
1.0
 10
101.05278320312499
 20
-4.705981445312499
 30
0.0
 10
101.34150390625
 20
-4.705981445312499
 30
0.0
 10
101.52805175781249
 20
-4.5029541015625
 30
0.0
  0
SPLINE
  5
B68
330
17
100
AcDbEntity
  8
dimensions
100
AcDbSpline
 70
0
 71
2
 72
6
 73
3
 74
0
 40
0.0
 40
0.0
 40
0.0
 40
1.0
 40
1.0
 40
1.0
 10
101.52805175781249
 20
-4.5029541015625
 30
0.0
 10
101.714599609375
 20
-4.2999267578125
 30
0.0
 10
101.714599609375
 20
-3.9268310546874994
 30
0.0
  0
SPLINE
  5
B69
330
17
100
AcDbEntity
  8
dimensions
100
AcDbSpline
 70
0
 71
2
 72
6
 73
3
 74
0
 40
0.0
 40
0.0
 40
0.0
 40
1.0
 40
1.0
 40
1.0
 10
101.714599609375
 20
-3.9268310546874994
 30
0.0
 10
101.714599609375
 20
-3.6908447265624993
 30
0.0
 10
101.6348388671875
 20
-3.5148437499999994
 30
0.0
  0
SPLINE
  5
B6A
330
17
100
AcDbEntity
  8
dimensions
100
AcDbSpline
 70
0
 71
2
 72
6
 73
3
 74
0
 40
0.0
 40
0.0
 40
0.0
 40
1.0
 40
1.0
 40
1.0
 10
101.6348388671875
 20
-3.5148437499999994
 30
0.0
 10
101.555078125
 20
-3.3388427734374995
 30
0.0
 10
101.4014892578125
 20
-3.2419433593749996
 30
0.0
  0
SPLINE
  5
B6B
330
17
100
AcDbEntity
  8
dimensions
100
AcDbSpline
 70
0
 71
2
 72
6
 73
3
 74
0
 40
0.0
 40
0.0
 40
0.0
 40
1.0
 40
1.0
 40
1.0
 10
101.4014892578125
 20
-3.2419433593749996
 30
0.0
 10
101.24790039062499
 20
-3.1450439453124996
 30
0.0
 10
101.05673828124999
 20
-3.1450439453124996
 30
0.0
  0
SPLINE
  5
B6C
330
17
100
AcDbEntity
  8
dimensions
100
AcDbSpline
 70
0
 71
2
 72
6
 73
3
 74
0
 40
0.0
 40
0.0
 40
0.0
 40
1.0
 40
1.0
 40
1.0
 10
101.05673828124999
 20
-3.1450439453124996
 30
0.0
 10
100.78515625
 20
-3.1450439453124996
 30
0.0
 10
100.5893798828125
 20
-3.3315917968749993
 30
0.0
  0
SPLINE
  5
B6D
330
17
100
AcDbEntity
  8
dimensions
100
AcDbSpline
 70
0
 71
2
 72
6
 73
3
 74
0
 40
0.0
 40
0.0
 40
0.0
 40
1.0
 40
1.0
 40
1.0
 10
100.5893798828125
 20
-3.3315917968749993
 30
0.0
 10
100.39360351562499
 20
-3.5181396484374994
 30
0.0
 10
100.39360351562499
 20
-3.9545166015624993
 30
0.0
  0
LINE
  5
B6E
330
17
100
AcDbEntity
  8
dimensions
100
AcDbLine
 10
102.297314453125
 20
-4.8918701171875
 30
0.0
 11
102.55307617187499
 21
-4.8918701171875
 31
0.0
  0
LINE
  5
B6F
330
17
100
AcDbEntity
  8
dimensions
100
AcDbLine
 10
102.297314453125
 20
-2.9591552734374993
 30
0.0
 11
102.297314453125
 21
-4.8918701171875
 31
0.0
  0
LINE
  5
B70
330
17
100
AcDbEntity
  8
dimensions
100
AcDbLine
 10
102.55307617187499
 20
-2.9591552734374993
 30
0.0
 11
102.297314453125
 21
-2.9591552734374993
 31
0.0
  0
LINE
  5
B71
330
17
100
AcDbEntity
  8
dimensions
100
AcDbLine
 10
102.55307617187499
 20
-3.9176025390624996
 30
0.0
 11
102.55307617187499
 21
-2.9591552734374993
 31
0.0
  0
LINE
  5
B72
330
17
100
AcDbEntity
  8
dimensions
100
AcDbLine
 10
103.512841796875
 20
-2.9591552734374993
 30
0.0
 11
102.55307617187499
 21
-3.9176025390624996
 31
0.0
  0
LINE
  5
B73
330
17
100
AcDbEntity
  8
dimensions
100
AcDbLine
 10
103.8595703125
 20
-2.9591552734374993
 30
0.0
 11
103.512841796875
 21
-2.9591552734374993
 31
0.0
  0
LINE
  5
B74
330
17
100
AcDbEntity
  8
dimensions
100
AcDbLine
 10
103.048779296875
 20
-3.7422607421875
 30
0.0
 11
103.8595703125
 21
-2.9591552734374993
 31
0.0
  0
LINE
  5
B75
330
17
100
AcDbEntity
  8
dimensions
100
AcDbLine
 10
103.895166015625
 20
-4.8918701171875
 30
0.0
 11
103.048779296875
 21
-3.7422607421875
 31
0.0
  0
LINE
  5
B76
330
17
100
AcDbEntity
  8
dimensions
100
AcDbLine
 10
103.557666015625
 20
-4.8918701171875
 30
0.0
 11
103.895166015625
 21
-4.8918701171875
 31
0.0
  0
LINE
  5
B77
330
17
100
AcDbEntity
  8
dimensions
100
AcDbLine
 10
102.86948242187499
 20
-3.9136474609374994
 30
0.0
 11
103.557666015625
 21
-4.8918701171875
 31
0.0
  0
LINE
  5
B78
330
17
100
AcDbEntity
  8
dimensions
100
AcDbLine
 10
102.55307617187499
 20
-4.2221435546874995
 30
0.0
 11
102.86948242187499
 21
-3.9136474609374994
 31
0.0
  0
LINE
  5
B79
330
17
100
AcDbEntity
  8
dimensions
100
AcDbLine
 10
102.55307617187499
 20
-4.8918701171875
 30
0.0
 11
102.55307617187499
 21
-4.2221435546874995
 31
0.0
  0
LINE
  5
B7A
330
17
100
AcDbEntity
  8
dimensions
100
AcDbLine
 10
104.114013671875
 20
-4.8918701171875
 30
0.0
 11
105.55629882812501
 21
-4.8918701171875
 31
0.0
  0
LINE
  5
B7B
330
17
100
AcDbEntity
  8
dimensions
100
AcDbLine
 10
104.114013671875
 20
-2.9591552734374993
 30
0.0
 11
104.114013671875
 21
-4.8918701171875
 31
0.0
  0
LINE
  5
B7C
330
17
100
AcDbEntity
  8
dimensions
100
AcDbLine
 10
105.511474609375
 20
-2.9591552734374993
 30
0.0
 11
104.114013671875
 21
-2.9591552734374993
 31
0.0
  0
LINE
  5
B7D
330
17
100
AcDbEntity
  8
dimensions
100
AcDbLine
 10
105.511474609375
 20
-3.1872314453124995
 30
0.0
 11
105.511474609375
 21
-2.9591552734374993
 31
0.0
  0
LINE
  5
B7E
330
17
100
AcDbEntity
  8
dimensions
100
AcDbLine
 10
104.36977539062501
 20
-3.1872314453124995
 30
0.0
 11
105.511474609375
 21
-3.1872314453124995
 31
0.0
  0
LINE
  5
B7F
330
17
100
AcDbEntity
  8
dimensions
100
AcDbLine
 10
104.36977539062501
 20
-3.7791748046874996
 30
0.0
 11
104.36977539062501
 21
-3.1872314453124995
 31
0.0
  0
LINE
  5
B80
330
17
100
AcDbEntity
  8
dimensions
100
AcDbLine
 10
105.43896484375
 20
-3.7791748046874996
 30
0.0
 11
104.36977539062501
 21
-3.7791748046874996
 31
0.0
  0
LINE
  5
B81
330
17
100
AcDbEntity
  8
dimensions
100
AcDbLine
 10
105.43896484375
 20
-4.0059326171875
 30
0.0
 11
105.43896484375
 21
-3.7791748046874996
 31
0.0
  0
LINE
  5
B82
330
17
100
AcDbEntity
  8
dimensions
100
AcDbLine
 10
104.36977539062501
 20
-4.0059326171875
 30
0.0
 11
105.43896484375
 21
-4.0059326171875
 31
0.0
  0
LINE
  5
B83
330
17
100
AcDbEntity
  8
dimensions
100
AcDbLine
 10
104.36977539062501
 20
-4.6637939453124995
 30
0.0
 11
104.36977539062501
 21
-4.0059326171875
 31
0.0
  0
LINE
  5
B84
330
17
100
AcDbEntity
  8
dimensions
100
AcDbLine
 10
105.55629882812501
 20
-4.6637939453124995
 30
0.0
 11
104.36977539062501
 21
-4.6637939453124995
 31
0.0
  0
LINE
  5
B85
330
17
100
AcDbEntity
  8
dimensions
100
AcDbLine
 10
105.55629882812501
 20
-4.8918701171875
 30
0.0
 11
105.55629882812501
 21
-4.6637939453124995
 31
0.0
  0
LINE
  5
B86
330
17
100
AcDbEntity
  8
dimensions
100
AcDbLine
 10
106.0638671875
 20
-4.2498291015625
 30
0.0
 11
105.82260742187499
 21
-4.270922851562499
 31
0.0
  0
SPLINE
  5
B87
330
17
100
AcDbEntity
  8
dimensions
100
AcDbSpline
 70
0
 71
2
 72
6
 73
3
 74
0
 40
0.0
 40
0.0
 40
0.0
 40
1.0
 40
1.0
 40
1.0
 10
106.0638671875
 20
-4.2498291015625
 30
0.0
 10
106.081005859375
 20
-4.3948486328125
 30
0.0
 10
106.1436279296875
 20
-4.48779296875
 30
0.0
  0
SPLINE
  5
B88
330
17
100
AcDbEntity
  8
dimensions
100
AcDbSpline
 70
0
 71
2
 72
6
 73
3
 74
0
 40
0.0
 40
0.0
 40
0.0
 40
1.0
 40
1.0
 40
1.0
 10
106.1436279296875
 20
-4.48779296875
 30
0.0
 10
106.20625
 20
-4.580737304687499
 30
0.0
 10
106.3380859375
 20
-4.6380859375
 30
0.0
  0
SPLINE
  5
B89
330
17
100
AcDbEntity
  8
dimensions
100
AcDbSpline
 70
0
 71
2
 72
6
 73
3
 74
0
 40
0.0
 40
0.0
 40
0.0
 40
1.0
 40
1.0
 40
1.0
 10
106.3380859375
 20
-4.6380859375
 30
0.0
 10
106.469921875
 20
-4.6954345703125
 30
0.0
 10
106.634716796875
 20
-4.6954345703125
 30
0.0
  0
SPLINE
  5
B8A
330
17
100
AcDbEntity
  8
dimensions
100
AcDbSpline
 70
0
 71
2
 72
6
 73
3
 74
0
 40
0.0
 40
0.0
 40
0.0
 40
1.0
 40
1.0
 40
1.0
 10
106.634716796875
 20
-4.6954345703125
 30
0.0
 10
106.78105468749999
 20
-4.6954345703125
 30
0.0
 10
106.89311523437499
 20
-4.6519287109375
 30
0.0
  0
SPLINE
  5
B8B
330
17
100
AcDbEntity
  8
dimensions
100
AcDbSpline
 70
0
 71
2
 72
6
 73
3
 74
0
 40
0.0
 40
0.0
 40
0.0
 40
1.0
 40
1.0
 40
1.0
 10
106.89311523437499
 20
-4.6519287109375
 30
0.0
 10
107.00517578124999
 20
-4.6084228515625
 30
0.0
 10
107.0598876953125
 20
-4.5326171875
 30
0.0
  0
SPLINE
  5
B8C
330
17
100
AcDbEntity
  8
dimensions
100
AcDbSpline
 70
0
 71
2
 72
6
 73
3
 74
0
 40
0.0
 40
0.0
 40
0.0
 40
1.0
 40
1.0
 40
1.0
 10
107.0598876953125
 20
-4.5326171875
 30
0.0
 10
107.11459960937499
 20
-4.4568115234375
 30
0.0
 10
107.11459960937499
 20
-4.3671630859374995
 30
0.0
  0
SPLINE
  5
B8D
330
17
100
AcDbEntity
  8
dimensions
100
AcDbSpline
 70
0
 71
2
 72
6
 73
3
 74
0
 40
0.0
 40
0.0
 40
0.0
 40
1.0
 40
1.0
 40
1.0
 10
107.11459960937499
 20
-4.3671630859374995
 30
0.0
 10
107.11459960937499
 20
-4.2761962890625
 30
0.0
 10
107.06186523437499
 20
-4.208300781249999
 30
0.0
  0
SPLINE
  5
B8E
330
17
100
AcDbEntity
  8
dimensions
100
AcDbSpline
 70
0
 71
2
 72
6
 73
3
 74
0
 40
0.0
 40
0.0
 40
0.0
 40
1.0
 40
1.0
 40
1.0
 10
107.06186523437499
 20
-4.208300781249999
 30
0.0
 10
107.00913085937499
 20
-4.1404052734375
 30
0.0
 10
106.887841796875
 20
-4.0942626953125
 30
0.0
  0
SPLINE
  5
B8F
330
17
100
AcDbEntity
  8
dimensions
100
AcDbSpline
 70
0
 71
2
 72
6
 73
3
 74
0
 40
0.0
 40
0.0
 40
0.0
 40
1.0
 40
1.0
 40
1.0
 10
106.887841796875
 20
-4.0942626953125
 30
0.0
 10
106.81005859375
 20
-4.0639404296874995
 30
0.0
 10
106.54374999999999
 20
-3.9999999999999996
 30
0.0
  0
SPLINE
  5
B90
330
17
100
AcDbEntity
  8
dimensions
100
AcDbSpline
 70
0
 71
2
 72
6
 73
3
 74
0
 40
0.0
 40
0.0
 40
0.0
 40
1.0
 40
1.0
 40
1.0
 10
106.54374999999999
 20
-3.9999999999999996
 30
0.0
 10
106.27744140624999
 20
-3.9360595703124996
 30
0.0
 10
106.170654296875
 20
-3.8793701171874995
 30
0.0
  0
SPLINE
  5
B91
330
17
100
AcDbEntity
  8
dimensions
100
AcDbSpline
 70
0
 71
2
 72
6
 73
3
 74
0
 40
0.0
 40
0.0
 40
0.0
 40
1.0
 40
1.0
 40
1.0
 10
106.170654296875
 20
-3.8793701171874995
 30
0.0
 10
106.0322265625
 20
-3.8068603515624995
 30
0.0
 10
105.96433105468749
 20
-3.6994140624999994
 30
0.0
  0
SPLINE
  5
B92
330
17
100
AcDbEntity
  8
dimensions
100
AcDbSpline
 70
0
 71
2
 72
6
 73
3
 74
0
 40
0.0
 40
0.0
 40
0.0
 40
1.0
 40
1.0
 40
1.0
 10
105.96433105468749
 20
-3.6994140624999994
 30
0.0
 10
105.896435546875
 20
-3.5919677734374993
 30
0.0
 10
105.896435546875
 20
-3.4588134765624994
 30
0.0
  0
SPLINE
  5
B93
330
17
100
AcDbEntity
  8
dimensions
100
AcDbSpline
 70
0
 71
2
 72
6
 73
3
 74
0
 40
0.0
 40
0.0
 40
0.0
 40
1.0
 40
1.0
 40
1.0
 10
105.896435546875
 20
-3.4588134765624994
 30
0.0
 10
105.896435546875
 20
-3.3124755859374995
 30
0.0
 10
105.9794921875
 20
-3.1852539062499994
 30
0.0
  0
SPLINE
  5
B94
330
17
100
AcDbEntity
  8
dimensions
100
AcDbSpline
 70
0
 71
2
 72
6
 73
3
 74
0
 40
0.0
 40
0.0
 40
0.0
 40
1.0
 40
1.0
 40
1.0
 10
105.9794921875
 20
-3.1852539062499994
 30
0.0
 10
106.06254882812499
 20
-3.0580322265624993
 30
0.0
 10
106.2220703125
 20
-2.9921142578124993
 30
0.0
  0
SPLINE
  5
B95
330
17
100
AcDbEntity
  8
dimensions
100
AcDbSpline
 70
0
 71
2
 72
6
 73
3
 74
0
 40
0.0
 40
0.0
 40
0.0
 40
1.0
 40
1.0
 40
1.0
 10
106.2220703125
 20
-2.9921142578124993
 30
0.0
 10
106.381591796875
 20
-2.9261962890624993
 30
0.0
 10
106.57670898437499
 20
-2.9261962890624993
 30
0.0
  0
SPLINE
  5
B96
330
17
100
AcDbEntity
  8
dimensions
100
AcDbSpline
 70
0
 71
2
 72
6
 73
3
 74
0
 40
0.0
 40
0.0
 40
0.0
 40
1.0
 40
1.0
 40
1.0
 10
106.57670898437499
 20
-2.9261962890624993
 30
0.0
 10
106.79160156249999
 20
-2.9261962890624993
 30
0.0
 10
106.95573730468749
 20
-2.9954101562499993
 30
0.0
  0
SPLINE
  5
B97
330
17
100
AcDbEntity
  8
dimensions
100
AcDbSpline
 70
0
 71
2
 72
6
 73
3
 74
0
 40
0.0
 40
0.0
 40
0.0
 40
1.0
 40
1.0
 40
1.0
 10
106.95573730468749
 20
-2.9954101562499993
 30
0.0
 10
107.119873046875
 20
-3.0646240234374993
 30
0.0
 10
107.208203125
 20
-3.1990966796874996
 30
0.0
  0
SPLINE
  5
B98
330
17
100
AcDbEntity
  8
dimensions
100
AcDbSpline
 70
0
 71
2
 72
6
 73
3
 74
0
 40
0.0
 40
0.0
 40
0.0
 40
1.0
 40
1.0
 40
1.0
 10
107.208203125
 20
-3.1990966796874996
 30
0.0
 10
107.296533203125
 20
-3.3335693359374994
 30
0.0
 10
107.303125
 20
-3.5036376953124995
 30
0.0
  0
LINE
  5
B99
330
17
100
AcDbEntity
  8
dimensions
100
AcDbLine
 10
107.05791015624999
 20
-3.5220947265624996
 30
0.0
 11
107.303125
 21
-3.5036376953124995
 31
0.0
  0
SPLINE
  5
B9A
330
17
100
AcDbEntity
  8
dimensions
100
AcDbSpline
 70
0
 71
2
 72
6
 73
3
 74
0
 40
0.0
 40
0.0
 40
0.0
 40
1.0
 40
1.0
 40
1.0
 10
107.05791015624999
 20
-3.5220947265624996
 30
0.0
 10
107.03813476562499
 20
-3.3388427734374995
 30
0.0
 10
106.9240966796875
 20
-3.2452392578124996
 30
0.0
  0
SPLINE
  5
B9B
330
17
100
AcDbEntity
  8
dimensions
100
AcDbSpline
 70
0
 71
2
 72
6
 73
3
 74
0
 40
0.0
 40
0.0
 40
0.0
 40
1.0
 40
1.0
 40
1.0
 10
106.9240966796875
 20
-3.2452392578124996
 30
0.0
 10
106.81005859375
 20
-3.1516357421874996
 30
0.0
 10
106.58725585937499
 20
-3.1516357421874996
 30
0.0
  0
SPLINE
  5
B9C
330
17
100
AcDbEntity
  8
dimensions
100
AcDbSpline
 70
0
 71
2
 72
6
 73
3
 74
0
 40
0.0
 40
0.0
 40
0.0
 40
1.0
 40
1.0
 40
1.0
 10
106.58725585937499
 20
-3.1516357421874996
 30
0.0
 10
106.355224609375
 20
-3.1516357421874996
 30
0.0
 10
106.2490966796875
 20
-3.2366699218749995
 30
0.0
  0
SPLINE
  5
B9D
330
17
100
AcDbEntity
  8
dimensions
100
AcDbSpline
 70
0
 71
2
 72
6
 73
3
 74
0
 40
0.0
 40
0.0
 40
0.0
 40
1.0
 40
1.0
 40
1.0
 10
106.2490966796875
 20
-3.2366699218749995
 30
0.0
 10
106.14296875
 20
-3.3217041015624993
 30
0.0
 10
106.14296875
 20
-3.4416748046874996
 30
0.0
  0
SPLINE
  5
B9E
330
17
100
AcDbEntity
  8
dimensions
100
AcDbSpline
 70
0
 71
2
 72
6
 73
3
 74
0
 40
0.0
 40
0.0
 40
0.0
 40
1.0
 40
1.0
 40
1.0
 10
106.14296875
 20
-3.4416748046874996
 30
0.0
 10
106.14296875
 20
-3.5458251953124993
 30
0.0
 10
106.21811523437499
 20
-3.6130615234374996
 30
0.0
  0
SPLINE
  5
B9F
330
17
100
AcDbEntity
  8
dimensions
100
AcDbSpline
 70
0
 71
2
 72
6
 73
3
 74
0
 40
0.0
 40
0.0
 40
0.0
 40
1.0
 40
1.0
 40
1.0
 10
106.21811523437499
 20
-3.6130615234374996
 30
0.0
 10
106.291943359375
 20
-3.6802978515624996
 30
0.0
 10
106.60373535156249
 20
-3.7508300781249995
 30
0.0
  0
SPLINE
  5
BA0
330
17
100
AcDbEntity
  8
dimensions
100
AcDbSpline
 70
0
 71
2
 72
6
 73
3
 74
0
 40
0.0
 40
0.0
 40
0.0
 40
1.0
 40
1.0
 40
1.0
 10
106.60373535156249
 20
-3.7508300781249995
 30
0.0
 10
106.91552734375
 20
-3.8213623046875
 30
0.0
 10
107.03154296874999
 20
-3.8740966796875
 30
0.0
  0
SPLINE
  5
BA1
330
17
100
AcDbEntity
  8
dimensions
100
AcDbSpline
 70
0
 71
2
 72
6
 73
3
 74
0
 40
0.0
 40
0.0
 40
0.0
 40
1.0
 40
1.0
 40
1.0
 10
107.03154296874999
 20
-3.8740966796875
 30
0.0
 10
107.20029296874999
 20
-3.9518798828124995
 30
0.0
 10
107.280712890625
 20
-4.07119140625
 30
0.0
  0
SPLINE
  5
BA2
330
17
100
AcDbEntity
  8
dimensions
100
AcDbSpline
 70
0
 71
2
 72
6
 73
3
 74
0
 40
0.0
 40
0.0
 40
0.0
 40
1.0
 40
1.0
 40
1.0
 10
107.280712890625
 20
-4.07119140625
 30
0.0
 10
107.36113281249999
 20
-4.1905029296875
 30
0.0
 10
107.36113281249999
 20
-4.3460693359375
 30
0.0
  0
SPLINE
  5
BA3
330
17
100
AcDbEntity
  8
dimensions
100
AcDbSpline
 70
0
 71
2
 72
6
 73
3
 74
0
 40
0.0
 40
0.0
 40
0.0
 40
1.0
 40
1.0
 40
1.0
 10
107.36113281249999
 20
-4.3460693359375
 30
0.0
 10
107.36113281249999
 20
-4.5003173828125
 30
0.0
 10
107.27280273437499
 20
-4.636767578124999
 30
0.0
  0
SPLINE
  5
BA4
330
17
100
AcDbEntity
  8
dimensions
100
AcDbSpline
 70
0
 71
2
 72
6
 73
3
 74
0
 40
0.0
 40
0.0
 40
0.0
 40
1.0
 40
1.0
 40
1.0
 10
107.27280273437499
 20
-4.636767578124999
 30
0.0
 10
107.18447265625
 20
-4.7732177734375
 30
0.0
 10
107.01901855468749
 20
-4.8490234375
 30
0.0
  0
SPLINE
  5
BA5
330
17
100
AcDbEntity
  8
dimensions
100
AcDbSpline
 70
0
 71
2
 72
6
 73
3
 74
0
 40
0.0
 40
0.0
 40
0.0
 40
1.0
 40
1.0
 40
1.0
 10
107.01901855468749
 20
-4.8490234375
 30
0.0
 10
106.85356445312499
 20
-4.9248291015625
 30
0.0
 10
106.64658203124999
 20
-4.9248291015625
 30
0.0
  0
SPLINE
  5
BA6
330
17
100
AcDbEntity
  8
dimensions
100
AcDbSpline
 70
0
 71
2
 72
6
 73
3
 74
0
 40
0.0
 40
0.0
 40
0.0
 40
1.0
 40
1.0
 40
1.0
 10
106.64658203124999
 20
-4.9248291015625
 30
0.0
 10
106.384228515625
 20
-4.9248291015625
 30
0.0
 10
106.2069091796875
 20
-4.8483642578124995
 30
0.0
  0
SPLINE
  5
BA7
330
17
100
AcDbEntity
  8
dimensions
100
AcDbSpline
 70
0
 71
2
 72
6
 73
3
 74
0
 40
0.0
 40
0.0
 40
0.0
 40
1.0
 40
1.0
 40
1.0
 10
106.2069091796875
 20
-4.8483642578124995
 30
0.0
 10
106.02958984374999
 20
-4.771899414062499
 30
0.0
 10
105.9287353515625
 20
-4.618310546875
 30
0.0
  0
SPLINE
  5
BA8
330
17
100
AcDbEntity
  8
dimensions
100
AcDbSpline
 70
0
 71
2
 72
6
 73
3
 74
0
 40
0.0
 40
0.0
 40
0.0
 40
1.0
 40
1.0
 40
1.0
 10
105.9287353515625
 20
-4.618310546875
 30
0.0
 10
105.827880859375
 20
-4.4647216796875
 30
0.0
 10
105.82260742187499
 20
-4.270922851562499
 30
0.0
  0
LINE
  5
BA9
330
17
100
AcDbEntity
  8
dimensions
100
AcDbLine
 10
108.272119140625
 20
-4.8918701171875
 30
0.0
 11
108.559521484375
 21
-4.8918701171875
 31
0.0
  0
LINE
  5
BAA
330
17
100
AcDbEntity
  8
dimensions
100
AcDbLine
 10
108.783642578125
 20
-4.1641357421875
 30
0.0
 11
108.272119140625
 21
-4.8918701171875
 31
0.0
  0
LINE
  5
BAB
330
17
100
AcDbEntity
  8
dimensions
100
AcDbLine
 10
108.31035156249999
 20
-3.4917724609374994
 30
0.0
 11
108.783642578125
 21
-4.1641357421875
 31
0.0
  0
LINE
  5
BAC
330
17
100
AcDbEntity
  8
dimensions
100
AcDbLine
 10
108.60698242187499
 20
-3.4917724609374994
 30
0.0
 11
108.31035156249999
 21
-3.4917724609374994
 31
0.0
  0
LINE
  5
BAD
330
17
100
AcDbEntity
  8
dimensions
100
AcDbLine
 10
108.82187499999999
 20
-3.8200439453124995
 30
0.0
 11
108.60698242187499
 21
-3.4917724609374994
 31
0.0
  0
SPLINE
  5
BAE
330
17
100
AcDbEntity
  8
dimensions
100
AcDbSpline
 70
0
 71
2
 72
6
 73
3
 74
0
 40
0.0
 40
0.0
 40
0.0
 40
1.0
 40
1.0
 40
1.0
 10
108.82187499999999
 20
-3.8200439453124995
 30
0.0
 10
108.88251953125
 20
-3.9136474609374994
 30
0.0
 10
108.91943359375
 20
-3.9769287109374996
 30
0.0
  0
SPLINE
  5
BAF
330
17
100
AcDbEntity
  8
dimensions
100
AcDbSpline
 70
0
 71
2
 72
6
 73
3
 74
0
 40
0.0
 40
0.0
 40
0.0
 40
1.0
 40
1.0
 40
1.0
 10
108.91943359375
 20
-3.9769287109374996
 30
0.0
 10
108.97744140625
 20
-3.8899169921874996
 30
0.0
 10
109.02622070312499
 20
-3.8226806640624993
 30
0.0
  0
LINE
  5
BB0
330
17
100
AcDbEntity
  8
dimensions
100
AcDbLine
 10
109.26220703125
 20
-3.4917724609374994
 30
0.0
 11
109.02622070312499
 21
-3.8226806640624993
 31
0.0
  0
LINE
  5
BB1
330
17
100
AcDbEntity
  8
dimensions
100
AcDbLine
 10
109.545654296875
 20
-3.4917724609374994
 30
0.0
 11
109.26220703125
 21
-3.4917724609374994
 31
0.0
  0
LINE
  5
BB2
330
17
100
AcDbEntity
  8
dimensions
100
AcDbLine
 10
109.06181640624999
 20
-4.1509521484375
 30
0.0
 11
109.545654296875
 21
-3.4917724609374994
 31
0.0
  0
LINE
  5
BB3
330
17
100
AcDbEntity
  8
dimensions
100
AcDbLine
 10
109.58256835937499
 20
-4.8918701171875
 30
0.0
 11
109.06181640624999
 21
-4.1509521484375
 31
0.0
  0
LINE
  5
BB4
330
17
100
AcDbEntity
  8
dimensions
100
AcDbLine
 10
109.2912109375
 20
-4.8918701171875
 30
0.0
 11
109.58256835937499
 21
-4.8918701171875
 31
0.0
  0
LINE
  5
BB5
330
17
100
AcDbEntity
  8
dimensions
100
AcDbLine
 10
109.00380859375
 20
-4.4568115234375
 30
0.0
 11
109.2912109375
 21
-4.8918701171875
 31
0.0
  0
LINE
  5
BB6
330
17
100
AcDbEntity
  8
dimensions
100
AcDbLine
 10
108.92734374999999
 20
-4.3394775390625
 30
0.0
 11
109.00380859375
 21
-4.4568115234375
 31
0.0
  0
LINE
  5
BB7
330
17
100
AcDbEntity
  8
dimensions
100
AcDbLine
 10
108.559521484375
 20
-4.8918701171875
 30
0.0
 11
108.92734374999999
 21
-4.3394775390625
 31
0.0
  0
LINE
  5
BB8
330
17
100
AcDbEntity
  8
dimensions
100
AcDbLine
 10
110.71372070312499
 20
-4.3645263671875
 30
0.0
 11
110.46455078125
 21
-4.3856201171875
 31
0.0
  0
SPLINE
  5
BB9
330
17
100
AcDbEntity
  8
dimensions
100
AcDbSpline
 70
0
 71
2
 72
6
 73
3
 74
0
 40
0.0
 40
0.0
 40
0.0
 40
1.0
 40
1.0
 40
1.0
 10
110.71372070312499
 20
-4.3645263671875
 30
0.0
 10
110.74140625
 20
-4.5464599609375
 30
0.0
 10
110.84226074218749
 20
-4.6380859375
 30
0.0
  0
SPLINE
  5
BBA
330
17
100
AcDbEntity
  8
dimensions
100
AcDbSpline
 70
0
 71
2
 72
6
 73
3
 74
0
 40
0.0
 40
0.0
 40
0.0
 40
1.0
 40
1.0
 40
1.0
 10
110.84226074218749
 20
-4.6380859375
 30
0.0
 10
110.943115234375
 20
-4.7297119140624995
 30
0.0
 10
111.085498046875
 20
-4.7297119140624995
 30
0.0
  0
SPLINE
  5
BBB
330
17
100
AcDbEntity
  8
dimensions
100
AcDbSpline
 70
0
 71
2
 72
6
 73
3
 74
0
 40
0.0
 40
0.0
 40
0.0
 40
1.0
 40
1.0
 40
1.0
 10
111.085498046875
 20
-4.7297119140624995
 30
0.0
 10
111.256884765625
 20
-4.7297119140624995
 30
0.0
 10
111.375537109375
 20
-4.600512695312499
 30
0.0
  0
SPLINE
  5
BBC
330
17
100
AcDbEntity
  8
dimensions
100
AcDbSpline
 70
0
 71
2
 72
6
 73
3
 74
0
 40
0.0
 40
0.0
 40
0.0
 40
1.0
 40
1.0
 40
1.0
 10
111.375537109375
 20
-4.600512695312499
 30
0.0
 10
111.494189453125
 20
-4.4713134765625
 30
0.0
 10
111.494189453125
 20
-4.257739257812499
 30
0.0
  0
SPLINE
  5
BBD
330
17
100
AcDbEntity
  8
dimensions
100
AcDbSpline
 70
0
 71
2
 72
6
 73
3
 74
0
 40
0.0
 40
0.0
 40
0.0
 40
1.0
 40
1.0
 40
1.0
 10
111.494189453125
 20
-4.257739257812499
 30
0.0
 10
111.494189453125
 20
-4.0547119140625
 30
0.0
 10
111.3801513671875
 20
-3.9373779296874996
 30
0.0
  0
SPLINE
  5
BBE
330
17
100
AcDbEntity
  8
dimensions
100
AcDbSpline
 70
0
 71
2
 72
6
 73
3
 74
0
 40
0.0
 40
0.0
 40
0.0
 40
1.0
 40
1.0
 40
1.0
 10
111.3801513671875
 20
-3.9373779296874996
 30
0.0
 10
111.26611328125
 20
-3.8200439453124995
 30
0.0
 10
111.08154296875
 20
-3.8200439453124995
 30
0.0
  0
SPLINE
  5
BBF
330
17
100
AcDbEntity
  8
dimensions
100
AcDbSpline
 70
0
 71
2
 72
6
 73
3
 74
0
 40
0.0
 40
0.0
 40
0.0
 40
1.0
 40
1.0
 40
1.0
 10
111.08154296875
 20
-3.8200439453124995
 30
0.0
 10
110.966845703125
 20
-3.8200439453124995
 30
0.0
 10
110.874560546875
 20
-3.8721191406249993
 30
0.0
  0
SPLINE
  5
BC0
330
17
100
AcDbEntity
  8
dimensions
100
AcDbSpline
 70
0
 71
2
 72
6
 73
3
 74
0
 40
0.0
 40
0.0
 40
0.0
 40
1.0
 40
1.0
 40
1.0
 10
110.874560546875
 20
-3.8721191406249993
 30
0.0
 10
110.782275390625
 20
-3.9241943359374996
 30
0.0
 10
110.729541015625
 20
-4.007250976562499
 30
0.0
  0
LINE
  5
BC1
330
17
100
AcDbEntity
  8
dimensions
100
AcDbLine
 10
110.50673828125
 20
-3.9782470703124995
 30
0.0
 11
110.729541015625
 21
-4.007250976562499
 31
0.0
  0
LINE
  5
BC2
330
17
100
AcDbEntity
  8
dimensions
100
AcDbLine
 10
110.69394531249999
 20
-2.9855224609374993
 30
0.0
 11
110.50673828125
 21
-3.9782470703124995
 31
0.0
  0
LINE
  5
BC3
330
17
100
AcDbEntity
  8
dimensions
100
AcDbLine
 10
111.655029296875
 20
-2.9855224609374993
 30
0.0
 11
110.69394531249999
 21
-2.9855224609374993
 31
0.0
  0
LINE
  5
BC4
330
17
100
AcDbEntity
  8
dimensions
100
AcDbLine
 10
111.655029296875
 20
-3.2122802734374996
 30
0.0
 11
111.655029296875
 21
-2.9855224609374993
 31
0.0
  0
LINE
  5
BC5
330
17
100
AcDbEntity
  8
dimensions
100
AcDbLine
 10
110.8837890625
 20
-3.2122802734374996
 30
0.0
 11
111.655029296875
 21
-3.2122802734374996
 31
0.0
  0
LINE
  5
BC6
330
17
100
AcDbEntity
  8
dimensions
100
AcDbLine
 10
110.77963867187499
 20
-3.7317138671874996
 30
0.0
 11
110.8837890625
 21
-3.2122802734374996
 31
0.0
  0
SPLINE
  5
BC7
330
17
100
AcDbEntity
  8
dimensions
100
AcDbSpline
 70
0
 71
2
 72
6
 73
3
 74
0
 40
0.0
 40
0.0
 40
0.0
 40
1.0
 40
1.0
 40
1.0
 10
110.77963867187499
 20
-3.7317138671874996
 30
0.0
 10
110.953662109375
 20
-3.6104248046875
 30
0.0
 10
111.14482421875
 20
-3.6104248046875
 30
0.0
  0
SPLINE
  5
BC8
330
17
100
AcDbEntity
  8
dimensions
100
AcDbSpline
 70
0
 71
2
 72
6
 73
3
 74
0
 40
0.0
 40
0.0
 40
0.0
 40
1.0
 40
1.0
 40
1.0
 10
111.14482421875
 20
-3.6104248046875
 30
0.0
 10
111.39794921875
 20
-3.6104248046875
 30
0.0
 10
111.57197265625
 20
-3.7857666015624996
 30
0.0
  0
SPLINE
  5
BC9
330
17
100
AcDbEntity
  8
dimensions
100
AcDbSpline
 70
0
 71
2
 72
6
 73
3
 74
0
 40
0.0
 40
0.0
 40
0.0
 40
1.0
 40
1.0
 40
1.0
 10
111.57197265625
 20
-3.7857666015624996
 30
0.0
 10
111.74599609375
 20
-3.9611083984374993
 30
0.0
 10
111.74599609375
 20
-4.2366455078125
 30
0.0
  0
SPLINE
  5
BCA
330
17
100
AcDbEntity
  8
dimensions
100
AcDbSpline
 70
0
 71
2
 72
6
 73
3
 74
0
 40
0.0
 40
0.0
 40
0.0
 40
1.0
 40
1.0
 40
1.0
 10
111.74599609375
 20
-4.2366455078125
 30
0.0
 10
111.74599609375
 20
-4.4989990234374995
 30
0.0
 10
111.59306640625
 20
-4.6901611328124995
 30
0.0
  0
SPLINE
  5
BCB
330
17
100
AcDbEntity
  8
dimensions
100
AcDbSpline
 70
0
 71
2
 72
6
 73
3
 74
0
 40
0.0
 40
0.0
 40
0.0
 40
1.0
 40
1.0
 40
1.0
 10
111.59306640625
 20
-4.6901611328124995
 30
0.0
 10
111.407177734375
 20
-4.9248291015625
 30
0.0
 10
111.085498046875
 20
-4.9248291015625
 30
0.0
  0
SPLINE
  5
BCC
330
17
100
AcDbEntity
  8
dimensions
100
AcDbSpline
 70
0
 71
2
 72
6
 73
3
 74
0
 40
0.0
 40
0.0
 40
0.0
 40
1.0
 40
1.0
 40
1.0
 10
111.085498046875
 20
-4.9248291015625
 30
0.0
 10
110.821826171875
 20
-4.9248291015625
 30
0.0
 10
110.6550537109375
 20
-4.7771728515625
 30
0.0
  0
SPLINE
  5
BCD
330
17
100
AcDbEntity
  8
dimensions
100
AcDbSpline
 70
0
 71
2
 72
6
 73
3
 74
0
 40
0.0
 40
0.0
 40
0.0
 40
1.0
 40
1.0
 40
1.0
 10
110.6550537109375
 20
-4.7771728515625
 30
0.0
 10
110.48828125
 20
-4.6295166015625
 30
0.0
 10
110.46455078125
 20
-4.3856201171875
 30
0.0
  0
LINE
  5
BCE
330
17
100
AcDbEntity
  8
dimensions
100
AcDbLine
 10
94.84792480468751
 20
-10.8918701171875
 30
0.0
 11
95.1036865234375
 21
-10.8918701171875
 31
0.0
  0
LINE
  5
BCF
330
17
100
AcDbEntity
  8
dimensions
100
AcDbLine
 10
94.84792480468751
 20
-9.187231445312499
 30
0.0
 11
94.84792480468751
 21
-10.8918701171875
 31
0.0
  0
LINE
  5
BD0
330
17
100
AcDbEntity
  8
dimensions
100
AcDbLine
 10
94.2111572265625
 20
-9.187231445312499
 30
0.0
 11
94.84792480468751
 21
-9.187231445312499
 31
0.0
  0
LINE
  5
BD1
330
17
100
AcDbEntity
  8
dimensions
100
AcDbLine
 10
94.2111572265625
 20
-8.9591552734375
 30
0.0
 11
94.2111572265625
 21
-9.187231445312499
 31
0.0
  0
LINE
  5
BD2
330
17
100
AcDbEntity
  8
dimensions
100
AcDbLine
 10
95.7430908203125
 20
-8.9591552734375
 30
0.0
 11
94.2111572265625
 21
-8.9591552734375
 31
0.0
  0
LINE
  5
BD3
330
17
100
AcDbEntity
  8
dimensions
100
AcDbLine
 10
95.7430908203125
 20
-9.187231445312499
 30
0.0
 11
95.7430908203125
 21
-8.9591552734375
 31
0.0
  0
LINE
  5
BD4
330
17
100
AcDbEntity
  8
dimensions
100
AcDbLine
 10
95.1036865234375
 20
-9.187231445312499
 30
0.0
 11
95.7430908203125
 21
-9.187231445312499
 31
0.0
  0
LINE
  5
BD5
330
17
100
AcDbEntity
  8
dimensions
100
AcDbLine
 10
95.1036865234375
 20
-10.8918701171875
 30
0.0
 11
95.1036865234375
 21
-9.187231445312499
 31
0.0
  0
LINE
  5
BD6
330
17
100
AcDbEntity
  8
dimensions
100
AcDbLine
 10
96.01335449218749
 20
-10.8918701171875
 30
0.0
 11
96.2691162109375
 21
-10.8918701171875
 31
0.0
  0
LINE
  5
BD7
330
17
100
AcDbEntity
  8
dimensions
100
AcDbLine
 10
96.01335449218749
 20
-8.9591552734375
 30
0.0
 11
96.01335449218749
 21
-10.8918701171875
 31
0.0
  0
LINE
  5
BD8
330
17
100
AcDbEntity
  8
dimensions
100
AcDbLine
 10
96.2691162109375
 20
-8.9591552734375
 30
0.0
 11
96.01335449218749
 21
-8.9591552734375
 31
0.0
  0
LINE
  5
BD9
330
17
100
AcDbEntity
  8
dimensions
100
AcDbLine
 10
96.2691162109375
 20
-9.7528076171875
 30
0.0
 11
96.2691162109375
 21
-8.9591552734375
 31
0.0
  0
LINE
  5
BDA
330
17
100
AcDbEntity
  8
dimensions
100
AcDbLine
 10
97.2737060546875
 20
-9.7528076171875
 30
0.0
 11
96.2691162109375
 21
-9.7528076171875
 31
0.0
  0
LINE
  5
BDB
330
17
100
AcDbEntity
  8
dimensions
100
AcDbLine
 10
97.2737060546875
 20
-8.9591552734375
 30
0.0
 11
97.2737060546875
 21
-9.7528076171875
 31
0.0
  0
LINE
  5
BDC
330
17
100
AcDbEntity
  8
dimensions
100
AcDbLine
 10
97.52946777343749
 20
-8.9591552734375
 30
0.0
 11
97.2737060546875
 21
-8.9591552734375
 31
0.0
  0
LINE
  5
BDD
330
17
100
AcDbEntity
  8
dimensions
100
AcDbLine
 10
97.52946777343749
 20
-10.8918701171875
 30
0.0
 11
97.52946777343749
 21
-8.9591552734375
 31
0.0
  0
LINE
  5
BDE
330
17
100
AcDbEntity
  8
dimensions
100
AcDbLine
 10
97.2737060546875
 20
-10.8918701171875
 30
0.0
 11
97.52946777343749
 21
-10.8918701171875
 31
0.0
  0
LINE
  5
BDF
330
17
100
AcDbEntity
  8
dimensions
100
AcDbLine
 10
97.2737060546875
 20
-9.9808837890625
 30
0.0
 11
97.2737060546875
 21
-10.8918701171875
 31
0.0
  0
LINE
  5
BE0
330
17
100
AcDbEntity
  8
dimensions
100
AcDbLine
 10
96.2691162109375
 20
-9.9808837890625
 30
0.0
 11
97.2737060546875
 21
-9.9808837890625
 31
0.0
  0
LINE
  5
BE1
330
17
100
AcDbEntity
  8
dimensions
100
AcDbLine
 10
96.2691162109375
 20
-10.8918701171875
 30
0.0
 11
96.2691162109375
 21
-9.9808837890625
 31
0.0
  0
LINE
  5
BE2
330
17
100
AcDbEntity
  8
dimensions
100
AcDbLine
 10
97.99880371093751
 20
-10.8918701171875
 30
0.0
 11
98.2545654296875
 21
-10.8918701171875
 31
0.0
  0
LINE
  5
BE3
330
17
100
AcDbEntity
  8
dimensions
100
AcDbLine
 10
97.99880371093751
 20
-8.9591552734375
 30
0.0
 11
97.99880371093751
 21
-10.8918701171875
 31
0.0
  0
LINE
  5
BE4
330
17
100
AcDbEntity
  8
dimensions
100
AcDbLine
 10
98.2545654296875
 20
-8.9591552734375
 30
0.0
 11
97.99880371093751
 21
-8.9591552734375
 31
0.0
  0
LINE
  5
BE5
330
17
100
AcDbEntity
  8
dimensions
100
AcDbLine
 10
98.2545654296875
 20
-10.8918701171875
 30
0.0
 11
98.2545654296875
 21
-8.9591552734375
 31
0.0
  0
LINE
  5
BE6
330
17
100
AcDbEntity
  8
dimensions
100
AcDbLine
 10
100.3402099609375
 20
-10.2788330078125
 30
0.0
 11
100.08444824218749
 21
-10.2142333984375
 31
0.0
  0
SPLINE
  5
BE7
330
17
100
AcDbEntity
  8
dimensions
100
AcDbSpline
 70
0
 71
2
 72
6
 73
3
 74
0
 40
0.0
 40
0.0
 40
0.0
 40
1.0
 40
1.0
 40
1.0
 10
100.3402099609375
 20
-10.2788330078125
 30
0.0
 10
100.2597900390625
 20
-10.5939208984375
 30
0.0
 10
100.050830078125
 20
-10.759375
 30
0.0
  0
SPLINE
  5
BE8
330
17
100
AcDbEntity
  8
dimensions
100
AcDbSpline
 70
0
 71
2
 72
6
 73
3
 74
0
 40
0.0
 40
0.0
 40
0.0
 40
1.0
 40
1.0
 40
1.0
 10
100.050830078125
 20
-10.759375
 30
0.0
 10
99.8418701171875
 20
-10.9248291015625
 30
0.0
 10
99.5399658203125
 20
-10.9248291015625
 30
0.0
  0
SPLINE
  5
BE9
330
17
100
AcDbEntity
  8
dimensions
100
AcDbSpline
 70
0
 71
2
 72
6
 73
3
 74
0
 40
0.0
 40
0.0
 40
0.0
 40
1.0
 40
1.0
 40
1.0
 10
99.5399658203125
 20
-10.9248291015625
 30
0.0
 10
99.22751464843749
 20
-10.9248291015625
 30
0.0
 10
99.03173828125
 20
-10.797607421875
 30
0.0
  0
SPLINE
  5
BEA
330
17
100
AcDbEntity
  8
dimensions
100
AcDbSpline
 70
0
 71
2
 72
6
 73
3
 74
0
 40
0.0
 40
0.0
 40
0.0
 40
1.0
 40
1.0
 40
1.0
 10
99.03173828125
 20
-10.797607421875
 30
0.0
 10
98.8359619140625
 20
-10.6703857421875
 30
0.0
 10
98.7337890625
 20
-10.4291259765625
 30
0.0
  0
SPLINE
  5
BEB
330
17
100
AcDbEntity
  8
dimensions
100
AcDbSpline
 70
0
 71
2
 72
6
 73
3
 74
0
 40
0.0
 40
0.0
 40
0.0
 40
1.0
 40
1.0
 40
1.0
 10
98.7337890625
 20
-10.4291259765625
 30
0.0
 10
98.6316162109375
 20
-10.1878662109375
 30
0.0
 10
98.6316162109375
 20
-9.9110107421875
 30
0.0
  0
SPLINE
  5
BEC
330
17
100
AcDbEntity
  8
dimensions
100
AcDbSpline
 70
0
 71
2
 72
6
 73
3
 74
0
 40
0.0
 40
0.0
 40
0.0
 40
1.0
 40
1.0
 40
1.0
 10
98.6316162109375
 20
-9.9110107421875
 30
0.0
 10
98.6316162109375
 20
-9.609106445312499
 30
0.0
 10
98.74697265625
 20
-9.384326171875
 30
0.0
  0
SPLINE
  5
BED
330
17
100
AcDbEntity
  8
dimensions
100
AcDbSpline
 70
0
 71
2
 72
6
 73
3
 74
0
 40
0.0
 40
0.0
 40
0.0
 40
1.0
 40
1.0
 40
1.0
 10
98.74697265625
 20
-9.384326171875
 30
0.0
 10
98.8623291015625
 20
-9.1595458984375
 30
0.0
 10
99.075244140625
 20
-9.04287109375
 30
0.0
  0
SPLINE
  5
BEE
330
17
100
AcDbEntity
  8
dimensions
100
AcDbSpline
 70
0
 71
2
 72
6
 73
3
 74
0
 40
0.0
 40
0.0
 40
0.0
 40
1.0
 40
1.0
 40
1.0
 10
99.075244140625
 20
-9.04287109375
 30
0.0
 10
99.2881591796875
 20
-8.9261962890625
 30
0.0
 10
99.54392089843749
 20
-8.9261962890625
 30
0.0
  0
SPLINE
  5
BEF
330
17
100
AcDbEntity
  8
dimensions
100
AcDbSpline
 70
0
 71
2
 72
6
 73
3
 74
0
 40
0.0
 40
0.0
 40
0.0
 40
1.0
 40
1.0
 40
1.0
 10
99.54392089843749
 20
-8.9261962890625
 30
0.0
 10
99.83395996093749
 20
-8.9261962890625
 30
0.0
 10
100.03171386718749
 20
-9.0738525390625
 30
0.0
  0
SPLINE
  5
BF0
330
17
100
AcDbEntity
  8
dimensions
100
AcDbSpline
 70
0
 71
2
 72
6
 73
3
 74
0
 40
0.0
 40
0.0
 40
0.0
 40
1.0
 40
1.0
 40
1.0
 10
100.03171386718749
 20
-9.0738525390625
 30
0.0
 10
100.22946777343749
 20
-9.221508789062499
 30
0.0
 10
100.3072509765625
 20
-9.4891357421875
 30
0.0
  0
LINE
  5
BF1
330
17
100
AcDbEntity
  8
dimensions
100
AcDbLine
 10
100.0554443359375
 20
-9.5484619140625
 30
0.0
 11
100.3072509765625
 21
-9.4891357421875
 31
0.0
  0
SPLINE
  5
BF2
330
17
100
AcDbEntity
  8
dimensions
100
AcDbSpline
 70
0
 71
2
 72
6
 73
3
 74
0
 40
0.0
 40
0.0
 40
0.0
 40
1.0
 40
1.0
 40
1.0
 10
100.0554443359375
 20
-9.5484619140625
 30
0.0
 10
99.9882080078125
 20
-9.3375244140625
 30
0.0
 10
99.86032714843749
 20
-9.241284179687499
 30
0.0
  0
SPLINE
  5
BF3
330
17
100
AcDbEntity
  8
dimensions
100
AcDbSpline
 70
0
 71
2
 72
6
 73
3
 74
0
 40
0.0
 40
0.0
 40
0.0
 40
1.0
 40
1.0
 40
1.0
 10
99.86032714843749
 20
-9.241284179687499
 30
0.0
 10
99.7324462890625
 20
-9.1450439453125
 30
0.0
 10
99.5386474609375
 20
-9.1450439453125
 30
0.0
  0
SPLINE
  5
BF4
330
17
100
AcDbEntity
  8
dimensions
100
AcDbSpline
 70
0
 71
2
 72
6
 73
3
 74
0
 40
0.0
 40
0.0
 40
0.0
 40
1.0
 40
1.0
 40
1.0
 10
99.5386474609375
 20
-9.1450439453125
 30
0.0
 10
99.3158447265625
 20
-9.1450439453125
 30
0.0
 10
99.1662109375
 20
-9.2518310546875
 30
0.0
  0
SPLINE
  5
BF5
330
17
100
AcDbEntity
  8
dimensions
100
AcDbSpline
 70
0
 71
2
 72
6
 73
3
 74
0
 40
0.0
 40
0.0
 40
0.0
 40
1.0
 40
1.0
 40
1.0
 10
99.1662109375
 20
-9.2518310546875
 30
0.0
 10
99.01657714843749
 20
-9.358618164062499
 30
0.0
 10
98.9559326171875
 20
-9.53857421875
 30
0.0
  0
SPLINE
  5
BF6
330
17
100
AcDbEntity
  8
dimensions
100
AcDbSpline
 70
0
 71
2
 72
6
 73
3
 74
0
 40
0.0
 40
0.0
 40
0.0
 40
1.0
 40
1.0
 40
1.0
 10
98.9559326171875
 20
-9.53857421875
 30
0.0
 10
98.8952880859375
 20
-9.7185302734375
 30
0.0
 10
98.8952880859375
 20
-9.9096923828125
 30
0.0
  0
SPLINE
  5
BF7
330
17
100
AcDbEntity
  8
dimensions
100
AcDbSpline
 70
0
 71
2
 72
6
 73
3
 74
0
 40
0.0
 40
0.0
 40
0.0
 40
1.0
 40
1.0
 40
1.0
 10
98.8952880859375
 20
-9.9096923828125
 30
0.0
 10
98.8952880859375
 20
-10.1562255859375
 30
0.0
 10
98.96713867187499
 20
-10.34013671875
 30
0.0
  0
SPLINE
  5
BF8
330
17
100
AcDbEntity
  8
dimensions
100
AcDbSpline
 70
0
 71
2
 72
6
 73
3
 74
0
 40
0.0
 40
0.0
 40
0.0
 40
1.0
 40
1.0
 40
1.0
 10
98.96713867187499
 20
-10.34013671875
 30
0.0
 10
99.0389892578125
 20
-10.5240478515625
 30
0.0
 10
99.1906005859375
 20
-10.6150146484375
 30
0.0
  0
SPLINE
  5
BF9
330
17
100
AcDbEntity
  8
dimensions
100
AcDbSpline
 70
0
 71
2
 72
6
 73
3
 74
0
 40
0.0
 40
0.0
 40
0.0
 40
1.0
 40
1.0
 40
1.0
 10
99.1906005859375
 20
-10.6150146484375
 30
0.0
 10
99.3422119140625
 20
-10.7059814453125
 30
0.0
 10
99.5188720703125
 20
-10.7059814453125
 30
0.0
  0
SPLINE
  5
BFA
330
17
100
AcDbEntity
  8
dimensions
100
AcDbSpline
 70
0
 71
2
 72
6
 73
3
 74
0
 40
0.0
 40
0.0
 40
0.0
 40
1.0
 40
1.0
 40
1.0
 10
99.5188720703125
 20
-10.7059814453125
 30
0.0
 10
99.7337646484375
 20
-10.7059814453125
 30
0.0
 10
99.8827392578125
 20
-10.5820556640625
 30
0.0
  0
SPLINE
  5
BFB
330
17
100
AcDbEntity
  8
dimensions
100
AcDbSpline
 70
0
 71
2
 72
6
 73
3
 74
0
 40
0.0
 40
0.0
 40
0.0
 40
1.0
 40
1.0
 40
1.0
 10
99.8827392578125
 20
-10.5820556640625
 30
0.0
 10
100.03171386718749
 20
-10.4581298828125
 30
0.0
 10
100.08444824218749
 20
-10.2142333984375
 30
0.0
  0
LINE
  5
BFC
330
17
100
AcDbEntity
  8
dimensions
100
AcDbLine
 10
100.6447509765625
 20
-10.8918701171875
 30
0.0
 11
100.9005126953125
 21
-10.8918701171875
 31
0.0
  0
LINE
  5
BFD
330
17
100
AcDbEntity
  8
dimensions
100
AcDbLine
 10
100.6447509765625
 20
-8.9591552734375
 30
0.0
 11
100.6447509765625
 21
-10.8918701171875
 31
0.0
  0
LINE
  5
BFE
330
17
100
AcDbEntity
  8
dimensions
100
AcDbLine
 10
100.9005126953125
 20
-8.9591552734375
 30
0.0
 11
100.6447509765625
 21
-8.9591552734375
 31
0.0
  0
LINE
  5
BFF
330
17
100
AcDbEntity
  8
dimensions
100
AcDbLine
 10
100.9005126953125
 20
-9.9176025390625
 30
0.0
 11
100.9005126953125
 21
-8.9591552734375
 31
0.0
  0
LINE
  5
C00
330
17
100
AcDbEntity
  8
dimensions
100
AcDbLine
 10
101.8602783203125
 20
-8.9591552734375
 30
0.0
 11
100.9005126953125
 21
-9.9176025390625
 31
0.0
  0
LINE
  5
C01
330
17
100
AcDbEntity
  8
dimensions
100
AcDbLine
 10
102.2070068359375
 20
-8.9591552734375
 30
0.0
 11
101.8602783203125
 21
-8.9591552734375
 31
0.0
  0
LINE
  5
C02
330
17
100
AcDbEntity
  8
dimensions
100
AcDbLine
 10
101.3962158203125
 20
-9.742260742187499
 30
0.0
 11
102.2070068359375
 21
-8.9591552734375
 31
0.0
  0
LINE
  5
C03
330
17
100
AcDbEntity
  8
dimensions
100
AcDbLine
 10
102.2426025390625
 20
-10.8918701171875
 30
0.0
 11
101.3962158203125
 21
-9.742260742187499
 31
0.0
  0
LINE
  5
C04
330
17
100
AcDbEntity
  8
dimensions
100
AcDbLine
 10
101.90510253906251
 20
-10.8918701171875
 30
0.0
 11
102.2426025390625
 21
-10.8918701171875
 31
0.0
  0
LINE
  5
C05
330
17
100
AcDbEntity
  8
dimensions
100
AcDbLine
 10
101.2169189453125
 20
-9.913647460937499
 30
0.0
 11
101.90510253906251
 21
-10.8918701171875
 31
0.0
  0
LINE
  5
C06
330
17
100
AcDbEntity
  8
dimensions
100
AcDbLine
 10
100.9005126953125
 20
-10.2221435546875
 30
0.0
 11
101.2169189453125
 21
-9.913647460937499
 31
0.0
  0
LINE
  5
C07
330
17
100
AcDbEntity
  8
dimensions
100
AcDbLine
 10
100.9005126953125
 20
-10.8918701171875
 30
0.0
 11
100.9005126953125
 21
-10.2221435546875
 31
0.0
  0
LINE
  5
C08
330
17
100
AcDbEntity
  8
dimensions
100
AcDbLine
 10
102.4535400390625
 20
-10.8918701171875
 30
0.0
 11
102.6987548828125
 21
-10.8918701171875
 31
0.0
  0
LINE
  5
C09
330
17
100
AcDbEntity
  8
dimensions
100
AcDbLine
 10
102.4535400390625
 20
-8.9591552734375
 30
0.0
 11
102.4535400390625
 21
-10.8918701171875
 31
0.0
  0
LINE
  5
C0A
330
17
100
AcDbEntity
  8
dimensions
100
AcDbLine
 10
102.7158935546875
 20
-8.9591552734375
 30
0.0
 11
102.4535400390625
 21
-8.9591552734375
 31
0.0
  0
LINE
  5
C0B
330
17
100
AcDbEntity
  8
dimensions
100
AcDbLine
 10
103.7310302734375
 20
-10.4765869140625
 30
0.0
 11
102.7158935546875
 21
-8.9591552734375
 31
0.0
  0
LINE
  5
C0C
330
17
100
AcDbEntity
  8
dimensions
100
AcDbLine
 10
103.7310302734375
 20
-8.9591552734375
 30
0.0
 11
103.7310302734375
 21
-10.4765869140625
 31
0.0
  0
LINE
  5
C0D
330
17
100
AcDbEntity
  8
dimensions
100
AcDbLine
 10
103.9762451171875
 20
-8.9591552734375
 30
0.0
 11
103.7310302734375
 21
-8.9591552734375
 31
0.0
  0
LINE
  5
C0E
330
17
100
AcDbEntity
  8
dimensions
100
AcDbLine
 10
103.9762451171875
 20
-10.8918701171875
 30
0.0
 11
103.9762451171875
 21
-8.9591552734375
 31
0.0
  0
LINE
  5
C0F
330
17
100
AcDbEntity
  8
dimensions
100
AcDbLine
 10
103.7138916015625
 20
-10.8918701171875
 30
0.0
 11
103.9762451171875
 21
-10.8918701171875
 31
0.0
  0
LINE
  5
C10
330
17
100
AcDbEntity
  8
dimensions
100
AcDbLine
 10
102.6987548828125
 20
-9.373120117187499
 30
0.0
 11
103.7138916015625
 21
-10.8918701171875
 31
0.0
  0
LINE
  5
C11
330
17
100
AcDbEntity
  8
dimensions
100
AcDbLine
 10
102.6987548828125
 20
-10.8918701171875
 30
0.0
 11
102.6987548828125
 21
-9.373120117187499
 31
0.0
  0
LINE
  5
C12
330
17
100
AcDbEntity
  8
dimensions
100
AcDbLine
 10
104.4113037109375
 20
-10.8918701171875
 30
0.0
 11
105.85358886718751
 21
-10.8918701171875
 31
0.0
  0
LINE
  5
C13
330
17
100
AcDbEntity
  8
dimensions
100
AcDbLine
 10
104.4113037109375
 20
-8.9591552734375
 30
0.0
 11
104.4113037109375
 21
-10.8918701171875
 31
0.0
  0
LINE
  5
C14
330
17
100
AcDbEntity
  8
dimensions
100
AcDbLine
 10
105.8087646484375
 20
-8.9591552734375
 30
0.0
 11
104.4113037109375
 21
-8.9591552734375
 31
0.0
  0
LINE
  5
C15
330
17
100
AcDbEntity
  8
dimensions
100
AcDbLine
 10
105.8087646484375
 20
-9.187231445312499
 30
0.0
 11
105.8087646484375
 21
-8.9591552734375
 31
0.0
  0
LINE
  5
C16
330
17
100
AcDbEntity
  8
dimensions
100
AcDbLine
 10
104.66706542968751
 20
-9.187231445312499
 30
0.0
 11
105.8087646484375
 21
-9.187231445312499
 31
0.0
  0
LINE
  5
C17
330
17
100
AcDbEntity
  8
dimensions
100
AcDbLine
 10
104.66706542968751
 20
-9.7791748046875
 30
0.0
 11
104.66706542968751
 21
-9.187231445312499
 31
0.0
  0
LINE
  5
C18
330
17
100
AcDbEntity
  8
dimensions
100
AcDbLine
 10
105.7362548828125
 20
-9.7791748046875
 30
0.0
 11
104.66706542968751
 21
-9.7791748046875
 31
0.0
  0
LINE
  5
C19
330
17
100
AcDbEntity
  8
dimensions
100
AcDbLine
 10
105.7362548828125
 20
-10.005932617187499
 30
0.0
 11
105.7362548828125
 21
-9.7791748046875
 31
0.0
  0
LINE
  5
C1A
330
17
100
AcDbEntity
  8
dimensions
100
AcDbLine
 10
104.66706542968751
 20
-10.005932617187499
 30
0.0
 11
105.7362548828125
 21
-10.005932617187499
 31
0.0
  0
LINE
  5
C1B
330
17
100
AcDbEntity
  8
dimensions
100
AcDbLine
 10
104.66706542968751
 20
-10.6637939453125
 30
0.0
 11
104.66706542968751
 21
-10.005932617187499
 31
0.0
  0
LINE
  5
C1C
330
17
100
AcDbEntity
  8
dimensions
100
AcDbLine
 10
105.85358886718751
 20
-10.6637939453125
 30
0.0
 11
104.66706542968751
 21
-10.6637939453125
 31
0.0
  0
LINE
  5
C1D
330
17
100
AcDbEntity
  8
dimensions
100
AcDbLine
 10
105.85358886718751
 20
-10.8918701171875
 30
0.0
 11
105.85358886718751
 21
-10.6637939453125
 31
0.0
  0
LINE
  5
C1E
330
17
100
AcDbEntity
  8
dimensions
100
AcDbLine
 10
106.3611572265625
 20
-10.249829101562499
 30
0.0
 11
106.1198974609375
 21
-10.2709228515625
 31
0.0
  0
SPLINE
  5
C1F
330
17
100
AcDbEntity
  8
dimensions
100
AcDbSpline
 70
0
 71
2
 72
6
 73
3
 74
0
 40
0.0
 40
0.0
 40
0.0
 40
1.0
 40
1.0
 40
1.0
 10
106.3611572265625
 20
-10.249829101562499
 30
0.0
 10
106.3782958984375
 20
-10.394848632812499
 30
0.0
 10
106.44091796875
 20
-10.48779296875
 30
0.0
  0
SPLINE
  5
C20
330
17
100
AcDbEntity
  8
dimensions
100
AcDbSpline
 70
0
 71
2
 72
6
 73
3
 74
0
 40
0.0
 40
0.0
 40
0.0
 40
1.0
 40
1.0
 40
1.0
 10
106.44091796875
 20
-10.48779296875
 30
0.0
 10
106.5035400390625
 20
-10.5807373046875
 30
0.0
 10
106.6353759765625
 20
-10.6380859375
 30
0.0
  0
SPLINE
  5
C21
330
17
100
AcDbEntity
  8
dimensions
100
AcDbSpline
 70
0
 71
2
 72
6
 73
3
 74
0
 40
0.0
 40
0.0
 40
0.0
 40
1.0
 40
1.0
 40
1.0
 10
106.6353759765625
 20
-10.6380859375
 30
0.0
 10
106.7672119140625
 20
-10.6954345703125
 30
0.0
 10
106.9320068359375
 20
-10.6954345703125
 30
0.0
  0
SPLINE
  5
C22
330
17
100
AcDbEntity
  8
dimensions
100
AcDbSpline
 70
0
 71
2
 72
6
 73
3
 74
0
 40
0.0
 40
0.0
 40
0.0
 40
1.0
 40
1.0
 40
1.0
 10
106.9320068359375
 20
-10.6954345703125
 30
0.0
 10
107.07834472656249
 20
-10.6954345703125
 30
0.0
 10
107.19040527343749
 20
-10.651928710937499
 30
0.0
  0
SPLINE
  5
C23
330
17
100
AcDbEntity
  8
dimensions
100
AcDbSpline
 70
0
 71
2
 72
6
 73
3
 74
0
 40
0.0
 40
0.0
 40
0.0
 40
1.0
 40
1.0
 40
1.0
 10
107.19040527343749
 20
-10.651928710937499
 30
0.0
 10
107.30246582031249
 20
-10.6084228515625
 30
0.0
 10
107.357177734375
 20
-10.5326171875
 30
0.0
  0
SPLINE
  5
C24
330
17
100
AcDbEntity
  8
dimensions
100
AcDbSpline
 70
0
 71
2
 72
6
 73
3
 74
0
 40
0.0
 40
0.0
 40
0.0
 40
1.0
 40
1.0
 40
1.0
 10
107.357177734375
 20
-10.5326171875
 30
0.0
 10
107.4118896484375
 20
-10.4568115234375
 30
0.0
 10
107.4118896484375
 20
-10.3671630859375
 30
0.0
  0
SPLINE
  5
C25
330
17
100
AcDbEntity
  8
dimensions
100
AcDbSpline
 70
0
 71
2
 72
6
 73
3
 74
0
 40
0.0
 40
0.0
 40
0.0
 40
1.0
 40
1.0
 40
1.0
 10
107.4118896484375
 20
-10.3671630859375
 30
0.0
 10
107.4118896484375
 20
-10.276196289062499
 30
0.0
 10
107.3591552734375
 20
-10.20830078125
 30
0.0
  0
SPLINE
  5
C26
330
17
100
AcDbEntity
  8
dimensions
100
AcDbSpline
 70
0
 71
2
 72
6
 73
3
 74
0
 40
0.0
 40
0.0
 40
0.0
 40
1.0
 40
1.0
 40
1.0
 10
107.3591552734375
 20
-10.20830078125
 30
0.0
 10
107.3064208984375
 20
-10.1404052734375
 30
0.0
 10
107.1851318359375
 20
-10.0942626953125
 30
0.0
  0
SPLINE
  5
C27
330
17
100
AcDbEntity
  8
dimensions
100
AcDbSpline
 70
0
 71
2
 72
6
 73
3
 74
0
 40
0.0
 40
0.0
 40
0.0
 40
1.0
 40
1.0
 40
1.0
 10
107.1851318359375
 20
-10.0942626953125
 30
0.0
 10
107.1073486328125
 20
-10.0639404296875
 30
0.0
 10
106.84104003906249
 20
-10.0
 30
0.0
  0
SPLINE
  5
C28
330
17
100
AcDbEntity
  8
dimensions
100
AcDbSpline
 70
0
 71
2
 72
6
 73
3
 74
0
 40
0.0
 40
0.0
 40
0.0
 40
1.0
 40
1.0
 40
1.0
 10
106.84104003906249
 20
-10.0
 30
0.0
 10
106.5747314453125
 20
-9.9360595703125
 30
0.0
 10
106.4679443359375
 20
-9.879370117187499
 30
0.0
  0
SPLINE
  5
C29
330
17
100
AcDbEntity
  8
dimensions
100
AcDbSpline
 70
0
 71
2
 72
6
 73
3
 74
0
 40
0.0
 40
0.0
 40
0.0
 40
1.0
 40
1.0
 40
1.0
 10
106.4679443359375
 20
-9.879370117187499
 30
0.0
 10
106.3295166015625
 20
-9.806860351562499
 30
0.0
 10
106.26162109375
 20
-9.699414062499999
 30
0.0
  0
SPLINE
  5
C2A
330
17
100
AcDbEntity
  8
dimensions
100
AcDbSpline
 70
0
 71
2
 72
6
 73
3
 74
0
 40
0.0
 40
0.0
 40
0.0
 40
1.0
 40
1.0
 40
1.0
 10
106.26162109375
 20
-9.699414062499999
 30
0.0
 10
106.1937255859375
 20
-9.5919677734375
 30
0.0
 10
106.1937255859375
 20
-9.458813476562499
 30
0.0
  0
SPLINE
  5
C2B
330
17
100
AcDbEntity
  8
dimensions
100
AcDbSpline
 70
0
 71
2
 72
6
 73
3
 74
0
 40
0.0
 40
0.0
 40
0.0
 40
1.0
 40
1.0
 40
1.0
 10
106.1937255859375
 20
-9.458813476562499
 30
0.0
 10
106.1937255859375
 20
-9.312475585937499
 30
0.0
 10
106.2767822265625
 20
-9.185253906249999
 30
0.0
  0
SPLINE
  5
C2C
330
17
100
AcDbEntity
  8
dimensions
100
AcDbSpline
 70
0
 71
2
 72
6
 73
3
 74
0
 40
0.0
 40
0.0
 40
0.0
 40
1.0
 40
1.0
 40
1.0
 10
106.2767822265625
 20
-9.185253906249999
 30
0.0
 10
106.35983886718749
 20
-9.0580322265625
 30
0.0
 10
106.5193603515625
 20
-8.9921142578125
 30
0.0
  0
SPLINE
  5
C2D
330
17
100
AcDbEntity
  8
dimensions
100
AcDbSpline
 70
0
 71
2
 72
6
 73
3
 74
0
 40
0.0
 40
0.0
 40
0.0
 40
1.0
 40
1.0
 40
1.0
 10
106.5193603515625
 20
-8.9921142578125
 30
0.0
 10
106.6788818359375
 20
-8.9261962890625
 30
0.0
 10
106.87399902343749
 20
-8.9261962890625
 30
0.0
  0
SPLINE
  5
C2E
330
17
100
AcDbEntity
  8
dimensions
100
AcDbSpline
 70
0
 71
2
 72
6
 73
3
 74
0
 40
0.0
 40
0.0
 40
0.0
 40
1.0
 40
1.0
 40
1.0
 10
106.87399902343749
 20
-8.9261962890625
 30
0.0
 10
107.0888916015625
 20
-8.9261962890625
 30
0.0
 10
107.25302734374999
 20
-8.99541015625
 30
0.0
  0
SPLINE
  5
C2F
330
17
100
AcDbEntity
  8
dimensions
100
AcDbSpline
 70
0
 71
2
 72
6
 73
3
 74
0
 40
0.0
 40
0.0
 40
0.0
 40
1.0
 40
1.0
 40
1.0
 10
107.25302734374999
 20
-8.99541015625
 30
0.0
 10
107.4171630859375
 20
-9.0646240234375
 30
0.0
 10
107.5054931640625
 20
-9.1990966796875
 30
0.0
  0
SPLINE
  5
C30
330
17
100
AcDbEntity
  8
dimensions
100
AcDbSpline
 70
0
 71
2
 72
6
 73
3
 74
0
 40
0.0
 40
0.0
 40
0.0
 40
1.0
 40
1.0
 40
1.0
 10
107.5054931640625
 20
-9.1990966796875
 30
0.0
 10
107.5938232421875
 20
-9.333569335937499
 30
0.0
 10
107.6004150390625
 20
-9.503637695312499
 30
0.0
  0
LINE
  5
C31
330
17
100
AcDbEntity
  8
dimensions
100
AcDbLine
 10
107.35520019531249
 20
-9.5220947265625
 30
0.0
 11
107.6004150390625
 21
-9.503637695312499
 31
0.0
  0
SPLINE
  5
C32
330
17
100
AcDbEntity
  8
dimensions
100
AcDbSpline
 70
0
 71
2
 72
6
 73
3
 74
0
 40
0.0
 40
0.0
 40
0.0
 40
1.0
 40
1.0
 40
1.0
 10
107.35520019531249
 20
-9.5220947265625
 30
0.0
 10
107.33542480468749
 20
-9.338842773437499
 30
0.0
 10
107.22138671875
 20
-9.2452392578125
 30
0.0
  0
SPLINE
  5
C33
330
17
100
AcDbEntity
  8
dimensions
100
AcDbSpline
 70
0
 71
2
 72
6
 73
3
 74
0
 40
0.0
 40
0.0
 40
0.0
 40
1.0
 40
1.0
 40
1.0
 10
107.22138671875
 20
-9.2452392578125
 30
0.0
 10
107.1073486328125
 20
-9.1516357421875
 30
0.0
 10
106.8845458984375
 20
-9.1516357421875
 30
0.0
  0
SPLINE
  5
C34
330
17
100
AcDbEntity
  8
dimensions
100
AcDbSpline
 70
0
 71
2
 72
6
 73
3
 74
0
 40
0.0
 40
0.0
 40
0.0
 40
1.0
 40
1.0
 40
1.0
 10
106.8845458984375
 20
-9.1516357421875
 30
0.0
 10
106.6525146484375
 20
-9.1516357421875
 30
0.0
 10
106.54638671875
 20
-9.236669921874999
 30
0.0
  0
SPLINE
  5
C35
330
17
100
AcDbEntity
  8
dimensions
100
AcDbSpline
 70
0
 71
2
 72
6
 73
3
 74
0
 40
0.0
 40
0.0
 40
0.0
 40
1.0
 40
1.0
 40
1.0
 10
106.54638671875
 20
-9.236669921874999
 30
0.0
 10
106.4402587890625
 20
-9.3217041015625
 30
0.0
 10
106.4402587890625
 20
-9.4416748046875
 30
0.0
  0
SPLINE
  5
C36
330
17
100
AcDbEntity
  8
dimensions
100
AcDbSpline
 70
0
 71
2
 72
6
 73
3
 74
0
 40
0.0
 40
0.0
 40
0.0
 40
1.0
 40
1.0
 40
1.0
 10
106.4402587890625
 20
-9.4416748046875
 30
0.0
 10
106.4402587890625
 20
-9.5458251953125
 30
0.0
 10
106.5154052734375
 20
-9.6130615234375
 30
0.0
  0
SPLINE
  5
C37
330
17
100
AcDbEntity
  8
dimensions
100
AcDbSpline
 70
0
 71
2
 72
6
 73
3
 74
0
 40
0.0
 40
0.0
 40
0.0
 40
1.0
 40
1.0
 40
1.0
 10
106.5154052734375
 20
-9.6130615234375
 30
0.0
 10
106.5892333984375
 20
-9.6802978515625
 30
0.0
 10
106.901025390625
 20
-9.750830078124999
 30
0.0
  0
SPLINE
  5
C38
330
17
100
AcDbEntity
  8
dimensions
100
AcDbSpline
 70
0
 71
2
 72
6
 73
3
 74
0
 40
0.0
 40
0.0
 40
0.0
 40
1.0
 40
1.0
 40
1.0
 10
106.901025390625
 20
-9.750830078124999
 30
0.0
 10
107.2128173828125
 20
-9.821362304687499
 30
0.0
 10
107.32883300781249
 20
-9.874096679687499
 30
0.0
  0
SPLINE
  5
C39
330
17
100
AcDbEntity
  8
dimensions
100
AcDbSpline
 70
0
 71
2
 72
6
 73
3
 74
0
 40
0.0
 40
0.0
 40
0.0
 40
1.0
 40
1.0
 40
1.0
 10
107.32883300781249
 20
-9.874096679687499
 30
0.0
 10
107.4975830078125
 20
-9.9518798828125
 30
0.0
 10
107.5780029296875
 20
-10.07119140625
 30
0.0
  0
SPLINE
  5
C3A
330
17
100
AcDbEntity
  8
dimensions
100
AcDbSpline
 70
0
 71
2
 72
6
 73
3
 74
0
 40
0.0
 40
0.0
 40
0.0
 40
1.0
 40
1.0
 40
1.0
 10
107.5780029296875
 20
-10.07119140625
 30
0.0
 10
107.65842285156249
 20
-10.190502929687499
 30
0.0
 10
107.65842285156249
 20
-10.3460693359375
 30
0.0
  0
SPLINE
  5
C3B
330
17
100
AcDbEntity
  8
dimensions
100
AcDbSpline
 70
0
 71
2
 72
6
 73
3
 74
0
 40
0.0
 40
0.0
 40
0.0
 40
1.0
 40
1.0
 40
1.0
 10
107.65842285156249
 20
-10.3460693359375
 30
0.0
 10
107.65842285156249
 20
-10.500317382812499
 30
0.0
 10
107.5700927734375
 20
-10.636767578125
 30
0.0
  0
SPLINE
  5
C3C
330
17
100
AcDbEntity
  8
dimensions
100
AcDbSpline
 70
0
 71
2
 72
6
 73
3
 74
0
 40
0.0
 40
0.0
 40
0.0
 40
1.0
 40
1.0
 40
1.0
 10
107.5700927734375
 20
-10.636767578125
 30
0.0
 10
107.4817626953125
 20
-10.7732177734375
 30
0.0
 10
107.31630859375
 20
-10.8490234375
 30
0.0
  0
SPLINE
  5
C3D
330
17
100
AcDbEntity
  8
dimensions
100
AcDbSpline
 70
0
 71
2
 72
6
 73
3
 74
0
 40
0.0
 40
0.0
 40
0.0
 40
1.0
 40
1.0
 40
1.0
 10
107.31630859375
 20
-10.8490234375
 30
0.0
 10
107.15085449218749
 20
-10.9248291015625
 30
0.0
 10
106.9438720703125
 20
-10.9248291015625
 30
0.0
  0
SPLINE
  5
C3E
330
17
100
AcDbEntity
  8
dimensions
100
AcDbSpline
 70
0
 71
2
 72
6
 73
3
 74
0
 40
0.0
 40
0.0
 40
0.0
 40
1.0
 40
1.0
 40
1.0
 10
106.9438720703125
 20
-10.9248291015625
 30
0.0
 10
106.6815185546875
 20
-10.9248291015625
 30
0.0
 10
106.50419921875
 20
-10.8483642578125
 30
0.0
  0
SPLINE
  5
C3F
330
17
100
AcDbEntity
  8
dimensions
100
AcDbSpline
 70
0
 71
2
 72
6
 73
3
 74
0
 40
0.0
 40
0.0
 40
0.0
 40
1.0
 40
1.0
 40
1.0
 10
106.50419921875
 20
-10.8483642578125
 30
0.0
 10
106.32687988281249
 20
-10.7718994140625
 30
0.0
 10
106.226025390625
 20
-10.618310546875
 30
0.0
  0
SPLINE
  5
C40
330
17
100
AcDbEntity
  8
dimensions
100
AcDbSpline
 70
0
 71
2
 72
6
 73
3
 74
0
 40
0.0
 40
0.0
 40
0.0
 40
1.0
 40
1.0
 40
1.0
 10
106.226025390625
 20
-10.618310546875
 30
0.0
 10
106.1251708984375
 20
-10.4647216796875
 30
0.0
 10
106.1198974609375
 20
-10.2709228515625
 30
0.0
  0
LINE
  5
C41
330
17
100
AcDbEntity
  8
dimensions
100
AcDbLine
 10
108.1620361328125
 20
-10.249829101562499
 30
0.0
 11
107.9207763671875
 21
-10.2709228515625
 31
0.0
  0
SPLINE
  5
C42
330
17
100
AcDbEntity
  8
dimensions
100
AcDbSpline
 70
0
 71
2
 72
6
 73
3
 74
0
 40
0.0
 40
0.0
 40
0.0
 40
1.0
 40
1.0
 40
1.0
 10
108.1620361328125
 20
-10.249829101562499
 30
0.0
 10
108.1791748046875
 20
-10.394848632812499
 30
0.0
 10
108.241796875
 20
-10.48779296875
 30
0.0
  0
SPLINE
  5
C43
330
17
100
AcDbEntity
  8
dimensions
100
AcDbSpline
 70
0
 71
2
 72
6
 73
3
 74
0
 40
0.0
 40
0.0
 40
0.0
 40
1.0
 40
1.0
 40
1.0
 10
108.241796875
 20
-10.48779296875
 30
0.0
 10
108.3044189453125
 20
-10.5807373046875
 30
0.0
 10
108.4362548828125
 20
-10.6380859375
 30
0.0
  0
SPLINE
  5
C44
330
17
100
AcDbEntity
  8
dimensions
100
AcDbSpline
 70
0
 71
2
 72
6
 73
3
 74
0
 40
0.0
 40
0.0
 40
0.0
 40
1.0
 40
1.0
 40
1.0
 10
108.4362548828125
 20
-10.6380859375
 30
0.0
 10
108.5680908203125
 20
-10.6954345703125
 30
0.0
 10
108.7328857421875
 20
-10.6954345703125
 30
0.0
  0
SPLINE
  5
C45
330
17
100
AcDbEntity
  8
dimensions
100
AcDbSpline
 70
0
 71
2
 72
6
 73
3
 74
0
 40
0.0
 40
0.0
 40
0.0
 40
1.0
 40
1.0
 40
1.0
 10
108.7328857421875
 20
-10.6954345703125
 30
0.0
 10
108.8792236328125
 20
-10.6954345703125
 30
0.0
 10
108.9912841796875
 20
-10.651928710937499
 30
0.0
  0
SPLINE
  5
C46
330
17
100
AcDbEntity
  8
dimensions
100
AcDbSpline
 70
0
 71
2
 72
6
 73
3
 74
0
 40
0.0
 40
0.0
 40
0.0
 40
1.0
 40
1.0
 40
1.0
 10
108.9912841796875
 20
-10.651928710937499
 30
0.0
 10
109.1033447265625
 20
-10.6084228515625
 30
0.0
 10
109.158056640625
 20
-10.5326171875
 30
0.0
  0
SPLINE
  5
C47
330
17
100
AcDbEntity
  8
dimensions
100
AcDbSpline
 70
0
 71
2
 72
6
 73
3
 74
0
 40
0.0
 40
0.0
 40
0.0
 40
1.0
 40
1.0
 40
1.0
 10
109.158056640625
 20
-10.5326171875
 30
0.0
 10
109.2127685546875
 20
-10.4568115234375
 30
0.0
 10
109.2127685546875
 20
-10.3671630859375
 30
0.0
  0
SPLINE
  5
C48
330
17
100
AcDbEntity
  8
dimensions
100
AcDbSpline
 70
0
 71
2
 72
6
 73
3
 74
0
 40
0.0
 40
0.0
 40
0.0
 40
1.0
 40
1.0
 40
1.0
 10
109.2127685546875
 20
-10.3671630859375
 30
0.0
 10
109.2127685546875
 20
-10.276196289062499
 30
0.0
 10
109.1600341796875
 20
-10.20830078125
 30
0.0
  0
SPLINE
  5
C49
330
17
100
AcDbEntity
  8
dimensions
100
AcDbSpline
 70
0
 71
2
 72
6
 73
3
 74
0
 40
0.0
 40
0.0
 40
0.0
 40
1.0
 40
1.0
 40
1.0
 10
109.1600341796875
 20
-10.20830078125
 30
0.0
 10
109.1072998046875
 20
-10.1404052734375
 30
0.0
 10
108.9860107421875
 20
-10.0942626953125
 30
0.0
  0
SPLINE
  5
C4A
330
17
100
AcDbEntity
  8
dimensions
100
AcDbSpline
 70
0
 71
2
 72
6
 73
3
 74
0
 40
0.0
 40
0.0
 40
0.0
 40
1.0
 40
1.0
 40
1.0
 10
108.9860107421875
 20
-10.0942626953125
 30
0.0
 10
108.90822753906251
 20
-10.0639404296875
 30
0.0
 10
108.6419189453125
 20
-10.0
 30
0.0
  0
SPLINE
  5
C4B
330
17
100
AcDbEntity
  8
dimensions
100
AcDbSpline
 70
0
 71
2
 72
6
 73
3
 74
0
 40
0.0
 40
0.0
 40
0.0
 40
1.0
 40
1.0
 40
1.0
 10
108.6419189453125
 20
-10.0
 30
0.0
 10
108.3756103515625
 20
-9.9360595703125
 30
0.0
 10
108.26882324218751
 20
-9.879370117187499
 30
0.0
  0
SPLINE
  5
C4C
330
17
100
AcDbEntity
  8
dimensions
100
AcDbSpline
 70
0
 71
2
 72
6
 73
3
 74
0
 40
0.0
 40
0.0
 40
0.0
 40
1.0
 40
1.0
 40
1.0
 10
108.26882324218751
 20
-9.879370117187499
 30
0.0
 10
108.13039550781251
 20
-9.806860351562499
 30
0.0
 10
108.0625
 20
-9.699414062499999
 30
0.0
  0
SPLINE
  5
C4D
330
17
100
AcDbEntity
  8
dimensions
100
AcDbSpline
 70
0
 71
2
 72
6
 73
3
 74
0
 40
0.0
 40
0.0
 40
0.0
 40
1.0
 40
1.0
 40
1.0
 10
108.0625
 20
-9.699414062499999
 30
0.0
 10
107.9946044921875
 20
-9.5919677734375
 30
0.0
 10
107.9946044921875
 20
-9.458813476562499
 30
0.0
  0
SPLINE
  5
C4E
330
17
100
AcDbEntity
  8
dimensions
100
AcDbSpline
 70
0
 71
2
 72
6
 73
3
 74
0
 40
0.0
 40
0.0
 40
0.0
 40
1.0
 40
1.0
 40
1.0
 10
107.9946044921875
 20
-9.458813476562499
 30
0.0
 10
107.9946044921875
 20
-9.312475585937499
 30
0.0
 10
108.07766113281251
 20
-9.185253906249999
 30
0.0
  0
SPLINE
  5
C4F
330
17
100
AcDbEntity
  8
dimensions
100
AcDbSpline
 70
0
 71
2
 72
6
 73
3
 74
0
 40
0.0
 40
0.0
 40
0.0
 40
1.0
 40
1.0
 40
1.0
 10
108.07766113281251
 20
-9.185253906249999
 30
0.0
 10
108.1607177734375
 20
-9.0580322265625
 30
0.0
 10
108.3202392578125
 20
-8.9921142578125
 30
0.0
  0
SPLINE
  5
C50
330
17
100
AcDbEntity
  8
dimensions
100
AcDbSpline
 70
0
 71
2
 72
6
 73
3
 74
0
 40
0.0
 40
0.0
 40
0.0
 40
1.0
 40
1.0
 40
1.0
 10
108.3202392578125
 20
-8.9921142578125
 30
0.0
 10
108.47976074218751
 20
-8.9261962890625
 30
0.0
 10
108.6748779296875
 20
-8.9261962890625
 30
0.0
  0
SPLINE
  5
C51
330
17
100
AcDbEntity
  8
dimensions
100
AcDbSpline
 70
0
 71
2
 72
6
 73
3
 74
0
 40
0.0
 40
0.0
 40
0.0
 40
1.0
 40
1.0
 40
1.0
 10
108.6748779296875
 20
-8.9261962890625
 30
0.0
 10
108.8897705078125
 20
-8.9261962890625
 30
0.0
 10
109.05390625
 20
-8.99541015625
 30
0.0
  0
SPLINE
  5
C52
330
17
100
AcDbEntity
  8
dimensions
100
AcDbSpline
 70
0
 71
2
 72
6
 73
3
 74
0
 40
0.0
 40
0.0
 40
0.0
 40
1.0
 40
1.0
 40
1.0
 10
109.05390625
 20
-8.99541015625
 30
0.0
 10
109.21804199218751
 20
-9.0646240234375
 30
0.0
 10
109.3063720703125
 20
-9.1990966796875
 30
0.0
  0
SPLINE
  5
C53
330
17
100
AcDbEntity
  8
dimensions
100
AcDbSpline
 70
0
 71
2
 72
6
 73
3
 74
0
 40
0.0
 40
0.0
 40
0.0
 40
1.0
 40
1.0
 40
1.0
 10
109.3063720703125
 20
-9.1990966796875
 30
0.0
 10
109.3947021484375
 20
-9.333569335937499
 30
0.0
 10
109.4012939453125
 20
-9.503637695312499
 30
0.0
  0
LINE
  5
C54
330
17
100
AcDbEntity
  8
dimensions
100
AcDbLine
 10
109.1560791015625
 20
-9.5220947265625
 30
0.0
 11
109.4012939453125
 21
-9.503637695312499
 31
0.0
  0
SPLINE
  5
C55
330
17
100
AcDbEntity
  8
dimensions
100
AcDbSpline
 70
0
 71
2
 72
6
 73
3
 74
0
 40
0.0
 40
0.0
 40
0.0
 40
1.0
 40
1.0
 40
1.0
 10
109.1560791015625
 20
-9.5220947265625
 30
0.0
 10
109.1363037109375
 20
-9.338842773437499
 30
0.0
 10
109.022265625
 20
-9.2452392578125
 30
0.0
  0
SPLINE
  5
C56
330
17
100
AcDbEntity
  8
dimensions
100
AcDbSpline
 70
0
 71
2
 72
6
 73
3
 74
0
 40
0.0
 40
0.0
 40
0.0
 40
1.0
 40
1.0
 40
1.0
 10
109.022265625
 20
-9.2452392578125
 30
0.0
 10
108.90822753906251
 20
-9.1516357421875
 30
0.0
 10
108.6854248046875
 20
-9.1516357421875
 30
0.0
  0
SPLINE
  5
C57
330
17
100
AcDbEntity
  8
dimensions
100
AcDbSpline
 70
0
 71
2
 72
6
 73
3
 74
0
 40
0.0
 40
0.0
 40
0.0
 40
1.0
 40
1.0
 40
1.0
 10
108.6854248046875
 20
-9.1516357421875
 30
0.0
 10
108.45339355468751
 20
-9.1516357421875
 30
0.0
 10
108.347265625
 20
-9.236669921874999
 30
0.0
  0
SPLINE
  5
C58
330
17
100
AcDbEntity
  8
dimensions
100
AcDbSpline
 70
0
 71
2
 72
6
 73
3
 74
0
 40
0.0
 40
0.0
 40
0.0
 40
1.0
 40
1.0
 40
1.0
 10
108.347265625
 20
-9.236669921874999
 30
0.0
 10
108.2411376953125
 20
-9.3217041015625
 30
0.0
 10
108.2411376953125
 20
-9.4416748046875
 30
0.0
  0
SPLINE
  5
C59
330
17
100
AcDbEntity
  8
dimensions
100
AcDbSpline
 70
0
 71
2
 72
6
 73
3
 74
0
 40
0.0
 40
0.0
 40
0.0
 40
1.0
 40
1.0
 40
1.0
 10
108.2411376953125
 20
-9.4416748046875
 30
0.0
 10
108.2411376953125
 20
-9.5458251953125
 30
0.0
 10
108.3162841796875
 20
-9.6130615234375
 30
0.0
  0
SPLINE
  5
C5A
330
17
100
AcDbEntity
  8
dimensions
100
AcDbSpline
 70
0
 71
2
 72
6
 73
3
 74
0
 40
0.0
 40
0.0
 40
0.0
 40
1.0
 40
1.0
 40
1.0
 10
108.3162841796875
 20
-9.6130615234375
 30
0.0
 10
108.3901123046875
 20
-9.6802978515625
 30
0.0
 10
108.701904296875
 20
-9.750830078124999
 30
0.0
  0
SPLINE
  5
C5B
330
17
100
AcDbEntity
  8
dimensions
100
AcDbSpline
 70
0
 71
2
 72
6
 73
3
 74
0
 40
0.0
 40
0.0
 40
0.0
 40
1.0
 40
1.0
 40
1.0
 10
108.701904296875
 20
-9.750830078124999
 30
0.0
 10
109.01369628906251
 20
-9.821362304687499
 30
0.0
 10
109.1297119140625
 20
-9.874096679687499
 30
0.0
  0
SPLINE
  5
C5C
330
17
100
AcDbEntity
  8
dimensions
100
AcDbSpline
 70
0
 71
2
 72
6
 73
3
 74
0
 40
0.0
 40
0.0
 40
0.0
 40
1.0
 40
1.0
 40
1.0
 10
109.1297119140625
 20
-9.874096679687499
 30
0.0
 10
109.2984619140625
 20
-9.9518798828125
 30
0.0
 10
109.3788818359375
 20
-10.07119140625
 30
0.0
  0
SPLINE
  5
C5D
330
17
100
AcDbEntity
  8
dimensions
100
AcDbSpline
 70
0
 71
2
 72
6
 73
3
 74
0
 40
0.0
 40
0.0
 40
0.0
 40
1.0
 40
1.0
 40
1.0
 10
109.3788818359375
 20
-10.07119140625
 30
0.0
 10
109.4593017578125
 20
-10.190502929687499
 30
0.0
 10
109.4593017578125
 20
-10.3460693359375
 30
0.0
  0
SPLINE
  5
C5E
330
17
100
AcDbEntity
  8
dimensions
100
AcDbSpline
 70
0
 71
2
 72
6
 73
3
 74
0
 40
0.0
 40
0.0
 40
0.0
 40
1.0
 40
1.0
 40
1.0
 10
109.4593017578125
 20
-10.3460693359375
 30
0.0
 10
109.4593017578125
 20
-10.500317382812499
 30
0.0
 10
109.3709716796875
 20
-10.636767578125
 30
0.0
  0
SPLINE
  5
C5F
330
17
100
AcDbEntity
  8
dimensions
100
AcDbSpline
 70
0
 71
2
 72
6
 73
3
 74
0
 40
0.0
 40
0.0
 40
0.0
 40
1.0
 40
1.0
 40
1.0
 10
109.3709716796875
 20
-10.636767578125
 30
0.0
 10
109.2826416015625
 20
-10.7732177734375
 30
0.0
 10
109.1171875
 20
-10.8490234375
 30
0.0
  0
SPLINE
  5
C60
330
17
100
AcDbEntity
  8
dimensions
100
AcDbSpline
 70
0
 71
2
 72
6
 73
3
 74
0
 40
0.0
 40
0.0
 40
0.0
 40
1.0
 40
1.0
 40
1.0
 10
109.1171875
 20
-10.8490234375
 30
0.0
 10
108.9517333984375
 20
-10.9248291015625
 30
0.0
 10
108.7447509765625
 20
-10.9248291015625
 30
0.0
  0
SPLINE
  5
C61
330
17
100
AcDbEntity
  8
dimensions
100
AcDbSpline
 70
0
 71
2
 72
6
 73
3
 74
0
 40
0.0
 40
0.0
 40
0.0
 40
1.0
 40
1.0
 40
1.0
 10
108.7447509765625
 20
-10.9248291015625
 30
0.0
 10
108.4823974609375
 20
-10.9248291015625
 30
0.0
 10
108.30507812500001
 20
-10.8483642578125
 30
0.0
  0
SPLINE
  5
C62
330
17
100
AcDbEntity
  8
dimensions
100
AcDbSpline
 70
0
 71
2
 72
6
 73
3
 74
0
 40
0.0
 40
0.0
 40
0.0
 40
1.0
 40
1.0
 40
1.0
 10
108.30507812500001
 20
-10.8483642578125
 30
0.0
 10
108.1277587890625
 20
-10.7718994140625
 30
0.0
 10
108.026904296875
 20
-10.618310546875
 30
0.0
  0
SPLINE
  5
C63
330
17
100
AcDbEntity
  8
dimensions
100
AcDbSpline
 70
0
 71
2
 72
6
 73
3
 74
0
 40
0.0
 40
0.0
 40
0.0
 40
1.0
 40
1.0
 40
1.0
 10
108.026904296875
 20
-10.618310546875
 30
0.0
 10
107.92604980468751
 20
-10.4647216796875
 30
0.0
 10
107.9207763671875
 20
-10.2709228515625
 30
0.0
  0
LINE
  5
C64
330
17
100
AcDbEntity
  8
dimensions
100
AcDbLine
 10
110.4783935546875
 20
-9.2122802734375
 30
0.0
 11
111.4249755859375
 21
-9.2122802734375
 31
0.0
  0
LINE
  5
C65
330
17
100
AcDbEntity
  8
dimensions
100
AcDbLine
 10
110.4783935546875
 20
-8.984204101562499
 30
0.0
 11
110.4783935546875
 21
-9.2122802734375
 31
0.0
  0
LINE
  5
C66
330
17
100
AcDbEntity
  8
dimensions
100
AcDbLine
 10
111.72951660156251
 20
-8.984204101562499
 30
0.0
 11
110.4783935546875
 21
-8.984204101562499
 31
0.0
  0
LINE
  5
C67
330
17
100
AcDbEntity
  8
dimensions
100
AcDbLine
 10
111.72951660156251
 20
-9.168774414062499
 30
0.0
 11
111.72951660156251
 21
-8.984204101562499
 31
0.0
  0
SPLINE
  5
C68
330
17
100
AcDbEntity
  8
dimensions
100
AcDbSpline
 70
0
 71
2
 72
6
 73
3
 74
0
 40
0.0
 40
0.0
 40
0.0
 40
1.0
 40
1.0
 40
1.0
 10
111.72951660156251
 20
-9.168774414062499
 30
0.0
 10
111.54494628906251
 20
-9.365209960937499
 30
0.0
 10
111.36367187500001
 20
-9.6908447265625
 30
0.0
  0
SPLINE
  5
C69
330
17
100
AcDbEntity
  8
dimensions
100
AcDbSpline
 70
0
 71
2
 72
6
 73
3
 74
0
 40
0.0
 40
0.0
 40
0.0
 40
1.0
 40
1.0
 40
1.0
 10
111.36367187500001
 20
-9.6908447265625
 30
0.0
 10
111.18239746093751
 20
-10.0164794921875
 30
0.0
 10
111.08352050781251
 20
-10.3605712890625
 30
0.0
  0
SPLINE
  5
C6A
330
17
100
AcDbEntity
  8
dimensions
100
AcDbSpline
 70
0
 71
2
 72
6
 73
3
 74
0
 40
0.0
 40
0.0
 40
0.0
 40
1.0
 40
1.0
 40
1.0
 10
111.08352050781251
 20
-10.3605712890625
 30
0.0
 10
111.0123291015625
 20
-10.6031494140625
 30
0.0
 10
110.9925537109375
 20
-10.8918701171875
 30
0.0
  0
LINE
  5
C6B
330
17
100
AcDbEntity
  8
dimensions
100
AcDbLine
 10
110.7486572265625
 20
-10.8918701171875
 30
0.0
 11
110.9925537109375
 21
-10.8918701171875
 31
0.0
  0
SPLINE
  5
C6C
330
17
100
AcDbEntity
  8
dimensions
100
AcDbSpline
 70
0
 71
2
 72
6
 73
3
 74
0
 40
0.0
 40
0.0
 40
0.0
 40
1.0
 40
1.0
 40
1.0
 10
110.7486572265625
 20
-10.8918701171875
 30
0.0
 10
110.7526123046875
 20
-10.6637939453125
 30
0.0
 10
110.8383056640625
 20
-10.3407958984375
 30
0.0
  0
SPLINE
  5
C6D
330
17
100
AcDbEntity
  8
dimensions
100
AcDbSpline
 70
0
 71
2
 72
6
 73
3
 74
0
 40
0.0
 40
0.0
 40
0.0
 40
1.0
 40
1.0
 40
1.0
 10
110.8383056640625
 20
-10.3407958984375
 30
0.0
 10
110.9239990234375
 20
-10.0177978515625
 30
0.0
 10
111.0841796875
 20
-9.717871093749999
 30
0.0
  0
SPLINE
  5
C6E
330
17
100
AcDbEntity
  8
dimensions
100
AcDbSpline
 70
0
 71
2
 72
6
 73
3
 74
0
 40
0.0
 40
0.0
 40
0.0
 40
1.0
 40
1.0
 40
1.0
 10
111.0841796875
 20
-9.717871093749999
 30
0.0
 10
111.2443603515625
 20
-9.417944335937499
 30
0.0
 10
111.4249755859375
 20
-9.2122802734375
 30
0.0
  0
LINE
  5
C6F
330
17
100
AcDbEntity
  8
dimensions
100
AcDbLine
 10
-146.10999998947372
 20
-5.131578857548476
 30
0.0
 11
-146.10999998947372
 21
-13.131578857548476
 31
0.0
  0
LINE
  5
C70
330
17
100
AcDbEntity
  8
dimensions
100
AcDbLine
 10
-146.10999998947372
 20
-13.131578857548476
 30
0.0
 11
-145.8899999894737
 21
-13.131578857548476
 31
0.0
  0
LINE
  5
C71
330
17
100
AcDbEntity
  8
dimensions
100
AcDbLine
 10
-145.8899999894737
 20
-13.131578857548476
 30
0.0
 11
-145.8899999894737
 21
-5.131578857548476
 31
0.0
  0
LINE
  5
C72
330
17
100
AcDbEntity
  8
dimensions
100
AcDbLine
 10
-145.8899999894737
 20
-5.131578857548476
 30
0.0
 11
-146.10999998947372
 21
-5.131578857548476
 31
0.0
  0
LINE
  5
C73
330
17
100
AcDbEntity
  8
dimensions
100
AcDbLine
 10
-62.11000001052629
 20
-5.131578857548476
 30
0.0
 11
-62.11000001052629
 21
-13.131578857548476
 31
0.0
  0
LINE
  5
C74
330
17
100
AcDbEntity
  8
dimensions
100
AcDbLine
 10
-62.11000001052629
 20
-13.131578857548476
 30
0.0
 11
-61.89000001052629
 21
-13.131578857548476
 31
0.0
  0
LINE
  5
C75
330
17
100
AcDbEntity
  8
dimensions
100
AcDbLine
 10
-61.89000001052629
 20
-13.131578857548476
 30
0.0
 11
-61.89000001052629
 21
-5.131578857548476
 31
0.0
  0
LINE
  5
C76
330
17
100
AcDbEntity
  8
dimensions
100
AcDbLine
 10
-61.89000001052629
 20
-5.131578857548476
 30
0.0
 11
-62.11000001052629
 21
-5.131578857548476
 31
0.0
  0
ARC
  5
C77
330
17
100
AcDbEntity
  8
dimensions
100
AcDbCircle
 10
-60.3333333438596
 20
-17.13157885754858
 30
0.0
 40
10.137937550497139
100
AcDbArc
 50
99.46232220802567
 51
117.40757543781827
  0
ARC
  5
C78
330
17
100
AcDbEntity
  8
dimensions
100
AcDbCircle
 10
-60.3333333438596
 20
2.868421142451627
 30
0.0
 40
10.137937550497139
100
AcDbArc
 50
-117.40757543781827
 51
-99.46232220802567
  0
LINE
  5
C79
330
17
100
AcDbEntity
  8
dimensions
100
AcDbLine
 10
-65.00000001052629
 20
-6.131578857548478
 30
0.0
 11
-64.6662500105263
 21
-7.021578857548473
 31
0.0
  0
LINE
  5
C7A
330
17
100
AcDbEntity
  8
dimensions
100
AcDbLine
 10
-64.6662500105263
 20
-7.021578857548476
 30
0.0
 11
-99.40849599375
 21
-7.021578857548476
 31
0.0
  0
LINE
  5
C7B
330
17
100
AcDbEntity
  8
dimensions
100
AcDbLine
 10
-99.40849599375
 20
-7.021578857548476
 30
0.0
 11
-99.40849599375
 21
-7.241578857548476
 31
0.0
  0
LINE
  5
C7C
330
17
100
AcDbEntity
  8
dimensions
100
AcDbLine
 10
-99.40849599375
 20
-7.241578857548476
 30
0.0
 11
-64.6662500105263
 21
-7.241578857548476
 31
0.0
  0
LINE
  5
C7D
330
17
100
AcDbEntity
  8
dimensions
100
AcDbLine
 10
-64.6662500105263
 20
-7.241578857548479
 30
0.0
 11
-65.00000001052629
 21
-8.131578857548474
 31
0.0
  0
ARC
  5
C7E
330
17
100
AcDbEntity
  8
dimensions
100
AcDbCircle
 10
-147.6666666561404
 20
2.868421142451627
 30
0.0
 40
10.137937550497139
100
AcDbArc
 50
-80.53767779197435
 51
-62.59242456218173
  0
ARC
  5
C7F
330
17
100
AcDbEntity
  8
dimensions
100
AcDbCircle
 10
-147.6666666561404
 20
-17.13157885754858
 30
0.0
 40
10.137937550497139
100
AcDbArc
 50
62.59242456218173
 51
80.53767779197433
  0
LINE
  5
C80
330
17
100
AcDbEntity
  8
dimensions
100
AcDbLine
 10
-142.9999999894737
 20
-8.131578857548474
 30
0.0
 11
-143.33374998947372
 21
-7.241578857548474
 31
0.0
  0
LINE
  5
C81
330
17
100
AcDbEntity
  8
dimensions
100
AcDbLine
 10
-143.33374998947372
 20
-7.241578857548476
 30
0.0
 11
-108.59150400625
 21
-7.241578857548476
 31
0.0
  0
LINE
  5
C82
330
17
100
AcDbEntity
  8
dimensions
100
AcDbLine
 10
-108.59150400625
 20
-7.241578857548476
 30
0.0
 11
-108.59150400625
 21
-7.021578857548476
 31
0.0
  0
LINE
  5
C83
330
17
100
AcDbEntity
  8
dimensions
100
AcDbLine
 10
-108.59150400625
 20
-7.021578857548476
 30
0.0
 11
-143.33374998947372
 21
-7.021578857548476
 31
0.0
  0
LINE
  5
C84
330
17
100
AcDbEntity
  8
dimensions
100
AcDbLine
 10
-143.33374998947372
 20
-7.021578857548479
 30
0.0
 11
-142.9999999894737
 21
-6.131578857548478
 31
0.0
  0
LINE
  5
C85
330
17
100
AcDbEntity
  8
dimensions
100
AcDbLine
 10
-106.59150390625
 20
-6.378942138798475
 30
0.0
 11
-105.60986328125
 21
-6.378942138798475
 31
0.0
  0
LINE
  5
C86
330
17
100
AcDbEntity
  8
dimensions
100
AcDbLine
 10
-106.59150390625
 20
-6.142418701298476
 30
0.0
 11
-106.59150390625
 21
-6.378942138798475
 31
0.0
  0
LINE
  5
C87
330
17
100
AcDbEntity
  8
dimensions
100
AcDbLine
 10
-105.29404296875
 20
-6.142418701298476
 30
0.0
 11
-106.59150390625
 21
-6.142418701298476
 31
0.0
  0
LINE
  5
C88
330
17
100
AcDbEntity
  8
dimensions
100
AcDbLine
 10
-105.29404296875
 20
-6.333824951298476
 30
0.0
 11
-105.29404296875
 21
-6.142418701298476
 31
0.0
  0
SPLINE
  5
C89
330
17
100
AcDbEntity
  8
dimensions
100
AcDbSpline
 70
0
 71
2
 72
8
 73
5
 74
0
 40
0.0
 40
0.0
 40
0.0
 40
1.0
 40
1.0
 40
2.0000000000000018
 40
2.0000000000000018
 40
2.0000000000000018
 10
-105.96396484375
 20
-7.569762451298477
 30
0.0
 10
-105.86142578125002
 20
-7.212926513798475
 30
0.0
 10
-105.6734375
 20
-6.875231201298476
 30
0.0
 10
-105.48544921875002
 20
-6.537535888798476
 30
0.0
 10
-105.29404296875
 20
-6.333824951298476
 30
0.0
  0
SPLINE
  5
C8A
330
17
100
AcDbEntity
  8
dimensions
100
AcDbSpline
 70
0
 71
2
 72
6
 73
3
 74
0
 40
0.0
 40
0.0
 40
0.0
 40
1.0
 40
1.0
 40
1.0
 10
-105.96396484375
 20
-7.569762451298476
 30
0.0
 10
-106.03779296875
 20
-7.821324951298475
 30
0.0
 10
-106.05830078125
 20
-8.120739013798476
 30
0.0
  0
LINE
  5
C8B
330
17
100
AcDbEntity
  8
dimensions
100
AcDbLine
 10
-106.31123046875
 20
-8.120739013798476
 30
0.0
 11
-106.05830078125
 21
-8.120739013798476
 31
0.0
  0
SPLINE
  5
C8C
330
17
100
AcDbEntity
  8
dimensions
100
AcDbSpline
 70
0
 71
2
 72
10
 73
7
 74
0
 40
0.0
 40
0.0
 40
0.0
 40
1.0
 40
1.0
 40
2.000000000000019
 40
2.000000000000019
 40
3.000000000000038
 40
3.000000000000038
 40
3.000000000000038
 10
-105.60986328125
 20
-6.378942138798475
 30
0.0
 10
-105.79716796875
 20
-6.592223388798475
 30
0.0
 10
-105.96328125
 20
-6.903258545048473
 30
0.0
 10
-106.12939453125
 20
-7.214293701298476
 30
0.0
 10
-106.21826171875
 20
-7.549254638798475
 30
0.0
 10
-106.30712890624997
 20
-7.884215576298474
 30
0.0
 10
-106.31123046875
 20
-8.120739013798476
 30
0.0
  0
LINE
  5
C8D
330
17
100
AcDbEntity
  8
dimensions
100
AcDbLine
 10
-104.01845703125001
 20
-6.626403076298476
 30
0.0
 11
-103.77373046875
 21
-6.607262451298476
 31
0.0
  0
SPLINE
  5
C8E
330
17
100
AcDbEntity
  8
dimensions
100
AcDbSpline
 70
0
 71
2
 72
6
 73
3
 74
0
 40
0.0
 40
0.0
 40
0.0
 40
1.0
 40
1.0
 40
1.0
 10
-104.01845703125001
 20
-6.626403076298476
 30
0.0
 10
-104.05126953125001
 20
-6.481481201298475
 30
0.0
 10
-104.11142578125
 20
-6.415856201298476
 30
0.0
  0
SPLINE
  5
C8F
330
17
100
AcDbEntity
  8
dimensions
100
AcDbSpline
 70
0
 71
2
 72
8
 73
5
 74
0
 40
0.0
 40
0.0
 40
0.0
 40
1.0
 40
1.0
 40
2.2441860465115617
 40
2.2441860465115617
 40
2.2441860465115617
 10
-104.56396484375001
 20
-6.376207763798476
 30
0.0
 10
-104.47509765625001
 20
-6.310582763798475
 30
0.0
 10
-104.35751953125
 20
-6.310582763798475
 30
0.0
 10
-104.21123046874997
 20
-6.310582763798476
 30
0.0
 10
-104.11142578125
 20
-6.415856201298476
 30
0.0
  0
SPLINE
  5
C90
330
17
100
AcDbEntity
  8
dimensions
100
AcDbSpline
 70
0
 71
2
 72
8
 73
5
 74
0
 40
0.0
 40
0.0
 40
0.0
 40
1.0
 40
1.0
 40
1.9999999999999691
 40
1.9999999999999691
 40
1.9999999999999691
 10
-104.81689453125003
 20
-7.087145263798476
 30
0.0
 10
-104.81416015624998
 20
-6.786364013798474
 30
0.0
 10
-104.74716796875002
 20
-6.623668701298474
 30
0.0
 10
-104.68017578125
 20
-6.4609733887984735
 30
0.0
 10
-104.56396484375003
 20
-6.376207763798476
 30
0.0
  0
SPLINE
  5
C91
330
17
100
AcDbEntity
  8
dimensions
100
AcDbSpline
 70
0
 71
3
 72
32
 73
28
 74
0
 40
0.0
 40
0.0
 40
0.0
 40
0.0
 40
1.0
 40
1.0
 40
1.0
 40
1.8941176470588235
 40
1.8941176470588235
 40
1.8941176470588235
 40
2.7882352941176194
 40
2.7882352941176194
 40
2.7882352941176194
 40
3.3127843137254547
 40
3.3127843137254547
 40
3.3127843137254547
 40
3.8373333333332487
 40
3.8373333333332487
 40
3.8373333333332487
 40
4.36188235294104
 40
4.36188235294104
 40
4.36188235294104
 40
5.16010912190942
 40
5.16010912190942
 40
5.16010912190942
 40
5.958335890877768
 40
5.958335890877768
 40
5.958335890877768
 40
6.871862082030415
 40
6.871862082030415
 40
6.871862082030415
 40
6.871862082030415
 10
-104.84697265625
 20
-6.337926513798475
 30
0.0
 10
-104.99007161458331
 20
-6.513837972131808
 30
0.0
 10
-105.06162109374998
 20
-6.795478597131807
 30
0.0
 10
-105.06162109375
 20
-7.182848388798477
 30
0.0
 10
-105.06162109375002
 20
-7.529202555465139
 30
0.0
 10
-104.99690755208334
 20
-7.77780281588181
 30
0.0
 10
-104.86748046875002
 20
-7.928649170048481
 30
0.0
 10
-104.7380533854167
 20
-8.079495524215146
 30
0.0
 10
-104.57080078125001
 20
-8.154918701298474
 30
0.0
 10
-104.36572265625001
 20
-8.154918701298477
 30
0.0
 10
-104.24541015624996
 20
-8.15491870129847
 30
0.0
 10
-104.13785807291671
 20
-8.126207763798476
 30
0.0
 10
-104.04306640624999
 20
-8.068785888798473
 30
0.0
 10
-103.94827473958337
 20
-8.01136401379848
 30
0.0
 10
-103.87376302083334
 20
-7.928649170048472
 30
0.0
 10
-103.81953125000001
 20
-7.820641357548476
 30
0.0
 10
-103.76529947916663
 20
-7.712633545048472
 30
0.0
 10
-103.73818359375004
 20
-7.595739013798476
 30
0.0
 10
-103.73818359375001
 20
-7.469957763798475
 30
0.0
 10
-103.73818359375002
 20
-7.278551513798475
 30
0.0
 10
-103.79583333333333
 20
-7.122464274215141
 30
0.0
 10
-103.91113281250003
 20
-7.0016960450484715
 30
0.0
 10
-104.02643229166675
 20
-6.880927815881815
 30
0.0
 10
-104.16611328124995
 20
-6.820543701298471
 30
0.0
 10
-104.33017578125003
 20
-6.820543701298478
 30
0.0
 10
-104.51508769213495
 20
-6.820970977165718
 30
0.0
 10
-104.70125345369831
 20
-6.906249237931231
 30
0.0
 10
-104.81689453125003
 20
-7.087145263798475
 30
0.0
  0
SPLINE
  5
C92
330
17
100
AcDbEntity
  8
dimensions
100
AcDbSpline
 70
0
 71
2
 72
10
 73
7
 74
0
 40
0.0
 40
0.0
 40
0.0
 40
1.0
 40
1.0
 40
2.00000000000005
 40
2.00000000000005
 40
3.341040462427891
 40
3.341040462427891
 40
3.341040462427891
 10
-103.77373046875
 20
-6.607262451298476
 30
0.0
 10
-103.80380859375003
 20
-6.373473388798476
 30
0.0
 10
-103.9548828125
 20
-6.240856201298479
 30
0.0
 10
-104.10595703125003
 20
-6.108239013798477
 30
0.0
 10
-104.34248046875001
 20
-6.108239013798476
 30
0.0
 10
-104.65966796875
 20
-6.108239013798476
 30
0.0
 10
-104.84697265625
 20
-6.337926513798475
 30
0.0
  0
SPLINE
  5
C93
330
17
100
AcDbEntity
  8
dimensions
100
AcDbSpline
 70
0
 71
2
 72
22
 73
19
 74
0
 40
0.0
 40
0.0
 40
0.0
 40
1.0
 40
1.0
 40
2.0
 40
2.0
 40
3.008196721311612
 40
3.008196721311612
 40
4.016393442623224
 40
4.016393442623224
 40
5.064387402933977
 40
5.064387402933977
 40
6.112381363244788
 40
6.112381363244788
 40
6.829429862404772
 40
6.829429862404772
 40
7.546478361564831
 40
7.546478361564831
 40
8.263526860724857
 40
8.263526860724857
 40
8.263526860724857
 10
-104.77861328125
 20
-7.471324951298476
 30
0.0
 10
-104.77861328125002
 20
-7.277184326298475
 30
0.0
 10
-104.66240234375
 20
-7.1575554200484754
 30
0.0
 10
-104.54619140625002
 20
-7.037926513798476
 30
0.0
 10
-104.37939453125001
 20
-7.0379265137984754
 30
0.0
 10
-104.21123046875002
 20
-7.037926513798476
 30
0.0
 10
-104.10048828125001
 20
-7.1575554200484754
 30
0.0
 10
-103.98974609375001
 20
-7.2771843262984754
 30
0.0
 10
-103.98974609375003
 20
-7.484996826298476
 30
0.0
 10
-103.98974609375
 20
-7.7010124512984754
 30
0.0
 10
-104.10185546875002
 20
-7.826793701298472
 30
0.0
 10
-104.21396484374999
 20
-7.952574951298476
 30
0.0
 10
-104.36982421875
 20
-7.952574951298475
 30
0.0
 10
-104.47646484375
 20
-7.952574951298475
 30
0.0
 10
-104.57353515625
 20
-7.891735107548479
 30
0.0
 10
-104.67060546875001
 20
-7.8308952637984754
 30
0.0
 10
-104.72460937500001
 20
-7.714684326298473
 30
0.0
 10
-104.77861328125002
 20
-7.598473388798475
 30
0.0
 10
-104.77861328125
 20
-7.471324951298476
 30
0.0
  0
LINE
  5
C94
330
17
100
AcDbEntity
  8
dimensions
100
AcDbLine
 10
-103.35537109375001
 20
-8.120739013798476
 30
0.0
 11
-103.07509765625001
 21
-8.120739013798476
 31
0.0
  0
LINE
  5
C95
330
17
100
AcDbEntity
  8
dimensions
100
AcDbLine
 10
-103.35537109375001
 20
-7.840465576298476
 30
0.0
 11
-103.35537109375001
 21
-8.120739013798476
 31
0.0
  0
LINE
  5
C96
330
17
100
AcDbEntity
  8
dimensions
100
AcDbLine
 10
-103.07509765625001
 20
-7.840465576298476
 30
0.0
 11
-103.35537109375001
 21
-7.840465576298476
 31
0.0
  0
LINE
  5
C97
330
17
100
AcDbEntity
  8
dimensions
100
AcDbLine
 10
-103.07509765625001
 20
-8.120739013798476
 30
0.0
 11
-103.07509765625001
 21
-7.840465576298476
 31
0.0
  0
SPLINE
  5
C98
330
17
100
AcDbEntity
  8
dimensions
100
AcDbSpline
 70
0
 71
3
 72
35
 73
31
 74
0
 40
0.0
 40
0.0
 40
0.0
 40
0.0
 40
1.0
 40
1.0
 40
1.0
 40
2.5188679245283434
 40
2.5188679245283434
 40
2.5188679245283434
 40
3.2783018867925113
 40
3.2783018867925113
 40
3.2783018867925113
 40
3.9199941494808392
 40
3.9199941494808392
 40
3.9199941494808392
 40
5.203378674857497
 40
5.203378674857497
 40
5.203378674857497
 40
5.845070937545824
 40
5.845070937545824
 40
5.845070937545824
 40
6.715162141191028
 40
6.715162141191028
 40
6.715162141191028
 40
7.585253344836232
 40
7.585253344836232
 40
7.585253344836232
 40
8.455344548481422
 40
8.455344548481422
 40
8.455344548481422
 40
9.837450960425512
 40
9.837450960425512
 40
9.837450960425512
 40
9.837450960425512
 10
-102.51728515625001
 20
-7.9471062012984754
 30
0.0
 10
-102.4069986979166
 20
-8.08564786796514
 30
0.0
 10
-102.25524088541673
 20
-8.154918701298474
 30
0.0
 10
-102.06201171875
 20
-8.154918701298476
 30
0.0
 10
-101.76809485954954
 20
-8.156983867990178
 30
0.0
 10
-101.5779988904505
 20
-7.988563170023443
 30
0.0
 10
-101.48095703124999
 20
-7.7016960450484735
 30
0.0
 10
-101.43264973958325
 20
-7.557229899215141
 30
0.0
 10
-101.40849609375002
 20
-7.367418701298476
 30
0.0
 10
-101.40849609375003
 20
-7.132262451298477
 30
0.0
 10
-101.40849609374996
 20
-6.933564534631809
 30
0.0
 10
-101.42353515625
 20
-6.775654378381807
 30
0.0
 10
-101.45361328125001
 20
-6.658531982548476
 30
0.0
 10
-101.51462408298441
 20
-6.4247144667490526
 30
0.0
 10
-101.61590977118219
 20
-6.2593416858478985
 30
0.0
 10
-101.77900390625001
 20
-6.173180420048476
 30
0.0
 10
-101.86012369791662
 20
-6.12988614921514
 30
0.0
 10
-101.9544596354167
 20
-6.108239013798476
 30
0.0
 10
-102.06201171875
 20
-6.108239013798476
 30
0.0
 10
-102.20784505208329
 20
-6.108239013798475
 30
0.0
 10
-102.32884114583337
 20
-6.14743172213181
 30
0.0
 10
-102.42499999999997
 20
-6.225817138798475
 30
0.0
 10
-102.52115885416669
 20
-6.304202555465143
 30
0.0
 10
-102.59361979166664
 20
-6.415628336715142
 30
0.0
 10
-102.6423828125
 20
-6.560094482548477
 30
0.0
 10
-102.69114583333325
 20
-6.704560628381809
 30
0.0
 10
-102.71552734375007
 20
-6.895283284631806
 30
0.0
 10
-102.71552734375
 20
-7.132262451298476
 30
0.0
 10
-102.71552734374994
 20
-7.508694742965141
 30
0.0
 10
-102.64944661458335
 20
-7.780309326298474
 30
0.0
 10
-102.51728515625
 20
-7.947106201298476
 30
0.0
  0
SPLINE
  5
C99
330
17
100
AcDbEntity
  8
dimensions
100
AcDbSpline
 70
0
 71
2
 72
20
 73
17
 74
0
 40
0.0
 40
0.0
 40
0.0
 40
1.0
 40
1.0
 40
2.016129032258166
 40
2.016129032258166
 40
3.032258064516294
 40
3.032258064516294
 40
4.04277312422051
 40
4.04277312422051
 40
5.053288183924767
 40
5.053288183924767
 40
6.06380324362894
 40
6.06380324362894
 40
7.074318303333113
 40
7.074318303333113
 40
8.084833363037287
 40
8.084833363037287
 40
8.084833363037287
 10
-102.33544921874999
 20
-6.455504638798476
 30
0.0
 10
-102.23427734375
 20
-6.311949951298475
 30
0.0
 10
-102.06474609375
 20
-6.311949951298476
 30
0.0
 10
-101.89248046875002
 20
-6.311949951298475
 30
0.0
 10
-101.77695312499998
 20
-6.474645263798479
 30
0.0
 10
-101.66142578125
 20
-6.637340576298474
 30
0.0
 10
-101.66142578125002
 20
-7.132262451298477
 30
0.0
 10
-101.66142578124997
 20
-7.624449951298475
 30
0.0
 10
-101.776953125
 20
-7.788512451298472
 30
0.0
 10
-101.89248046874997
 20
-7.952574951298473
 30
0.0
 10
-102.06201171875
 20
-7.952574951298476
 30
0.0
 10
-102.23154296875
 20
-7.952574951298476
 30
0.0
 10
-102.34707031249998
 20
-7.789196045048476
 30
0.0
 10
-102.46259765625001
 20
-7.625817138798478
 30
0.0
 10
-102.46259765625
 20
-7.132262451298476
 30
0.0
 10
-102.46259765624998
 20
-6.638707763798475
 30
0.0
 10
-102.33544921875
 20
-6.455504638798476
 30
0.0
  0
LINE
  5
C9A
330
17
100
AcDbEntity
  8
dimensions
100
AcDbLine
 10
-52.00000001052629
 20
-22.758421142451525
 30
0.0
 11
-60.00000001052629
 21
-22.758421142451525
 31
0.0
  0
LINE
  5
C9B
330
17
100
AcDbEntity
  8
dimensions
100
AcDbLine
 10
-60.00000001052629
 20
-22.758421142451525
 30
0.0
 11
-60.00000001052629
 21
-22.978421142451523
 31
0.0
  0
LINE
  5
C9C
330
17
100
AcDbEntity
  8
dimensions
100
AcDbLine
 10
-60.00000001052629
 20
-22.978421142451523
 30
0.0
 11
-52.00000001052629
 21
-22.978421142451523
 31
0.0
  0
LINE
  5
C9D
330
17
100
AcDbEntity
  8
dimensions
100
AcDbLine
 10
-52.00000001052629
 20
-22.978421142451523
 30
0.0
 11
-52.00000001052629
 21
-22.758421142451525
 31
0.0
  0
LINE
  5
C9E
330
17
100
AcDbEntity
  8
dimensions
100
AcDbLine
 10
-52.00000001052629
 20
-15.021578857548477
 30
0.0
 11
-60.00000001052629
 21
-15.021578857548477
 31
0.0
  0
LINE
  5
C9F
330
17
100
AcDbEntity
  8
dimensions
100
AcDbLine
 10
-60.00000001052629
 20
-15.021578857548477
 30
0.0
 11
-60.00000001052629
 21
-15.241578857548475
 31
0.0
  0
LINE
  5
CA0
330
17
100
AcDbEntity
  8
dimensions
100
AcDbLine
 10
-60.00000001052629
 20
-15.241578857548475
 30
0.0
 11
-52.00000001052629
 21
-15.241578857548475
 31
0.0
  0
LINE
  5
CA1
330
17
100
AcDbEntity
  8
dimensions
100
AcDbLine
 10
-52.00000001052629
 20
-15.241578857548475
 30
0.0
 11
-52.00000001052629
 21
-15.021578857548477
 31
0.0
  0
ARC
  5
CA2
330
17
100
AcDbEntity
  8
dimensions
100
AcDbCircle
 10
-64.00000001052639
 20
-16.798245524215165
 30
0.0
 40
10.137937550497139
100
AcDbArc
 50
9.462322208025654
 51
27.407575437818252
  0
ARC
  5
CA3
330
17
100
AcDbEntity
  8
dimensions
100
AcDbCircle
 10
-44.00000001052619
 20
-16.798245524215172
 30
0.0
 40
10.137937550497139
100
AcDbArc
 50
152.59242456218172
 51
170.53767779197432
  0
LINE
  5
CA4
330
17
100
AcDbEntity
  8
dimensions
100
AcDbLine
 10
-53.00000001052629
 20
-12.131578857548474
 30
0.0
 11
-53.89000001052629
 21
-12.465328857548476
 31
0.0
  0
LINE
  5
CA5
330
17
100
AcDbEntity
  8
dimensions
100
AcDbLine
 10
-53.89000001052629
 20
-12.465328857548476
 30
0.0
 11
-53.89000001052629
 21
-9.131578857548476
 31
0.0
  0
LINE
  5
CA6
330
17
100
AcDbEntity
  8
dimensions
100
AcDbLine
 10
-53.89000001052629
 20
-9.131578857548476
 30
0.0
 11
-54.11000001052629
 21
-9.131578857548476
 31
0.0
  0
LINE
  5
CA7
330
17
100
AcDbEntity
  8
dimensions
100
AcDbLine
 10
-54.11000001052629
 20
-9.131578857548476
 30
0.0
 11
-54.11000001052629
 21
-12.465328857548478
 31
0.0
  0
LINE
  5
CA8
330
17
100
AcDbEntity
  8
dimensions
100
AcDbLine
 10
-54.11000001052629
 20
-12.465328857548476
 30
0.0
 11
-55.00000001052629
 21
-12.131578857548474
 31
0.0
  0
ARC
  5
CA9
330
17
100
AcDbEntity
  8
dimensions
100
AcDbCircle
 10
-44.000000010526186
 20
-21.20175447578483
 30
0.0
 40
10.137937550497139
100
AcDbArc
 50
-170.53767779197435
 51
-152.59242456218175
  0
ARC
  5
CAA
330
17
100
AcDbEntity
  8
dimensions
100
AcDbCircle
 10
-64.00000001052639
 20
-21.201754475784828
 30
0.0
 40
10.137937550497139
100
AcDbArc
 50
-27.40757543781828
 51
-9.46232220802568
  0
LINE
  5
CAB
330
17
100
AcDbEntity
  8
dimensions
100
AcDbLine
 10
-55.00000001052629
 20
-25.868421142451528
 30
0.0
 11
-54.11000001052629
 21
-25.534671142451522
 31
0.0
  0
LINE
  5
CAC
330
17
100
AcDbEntity
  8
dimensions
100
AcDbLine
 10
-54.11000001052629
 20
-25.534671142451526
 30
0.0
 11
-54.11000001052629
 21
-28.868421142451524
 31
0.0
  0
LINE
  5
CAD
330
17
100
AcDbEntity
  8
dimensions
100
AcDbLine
 10
-54.11000001052629
 20
-28.868421142451524
 30
0.0
 11
-53.89000001052629
 21
-28.868421142451524
 31
0.0
  0
LINE
  5
CAE
330
17
100
AcDbEntity
  8
dimensions
100
AcDbLine
 10
-53.89000001052629
 20
-28.868421142451524
 30
0.0
 11
-53.89000001052629
 21
-25.534671142451526
 31
0.0
  0
LINE
  5
CAF
330
17
100
AcDbEntity
  8
dimensions
100
AcDbLine
 10
-53.89000001052629
 20
-25.534671142451522
 30
0.0
 11
-53.00000001052629
 21
-25.868421142451528
 31
0.0
  0
LINE
  5
CB0
330
17
100
AcDbEntity
  8
dimensions
100
AcDbLine
 10
-54.75263672927629
 20
-20.812890625
 30
0.0
 11
-54.75263672927629
 21
-19.83125
 31
0.0
  0
LINE
  5
CB1
330
17
100
AcDbEntity
  8
dimensions
100
AcDbLine
 10
-54.989160166776294
 20
-20.812890625
 30
0.0
 11
-54.75263672927629
 21
-20.812890625
 31
0.0
  0
LINE
  5
CB2
330
17
100
AcDbEntity
  8
dimensions
100
AcDbLine
 10
-54.989160166776294
 20
-19.5154296875
 30
0.0
 11
-54.989160166776294
 21
-20.812890625
 31
0.0
  0
LINE
  5
CB3
330
17
100
AcDbEntity
  8
dimensions
100
AcDbLine
 10
-54.797753916776294
 20
-19.5154296875
 30
0.0
 11
-54.989160166776294
 21
-19.5154296875
 31
0.0
  0
SPLINE
  5
CB4
330
17
100
AcDbEntity
  8
dimensions
100
AcDbSpline
 70
0
 71
2
 72
8
 73
5
 74
0
 40
0.0
 40
0.0
 40
0.0
 40
1.0
 40
1.0
 40
1.999999999999984
 40
1.999999999999984
 40
1.999999999999984
 10
-53.56181641677628
 20
-20.185351562499996
 30
0.0
 10
-53.91865235427629
 20
-20.082812500000003
 30
0.0
 10
-54.25634766677629
 20
-19.894824218749996
 30
0.0
 10
-54.594042979276296
 20
-19.70683593750001
 30
0.0
 10
-54.797753916776294
 20
-19.5154296875
 30
0.0
  0
SPLINE
  5
CB5
330
17
100
AcDbEntity
  8
dimensions
100
AcDbSpline
 70
0
 71
2
 72
6
 73
3
 74
0
 40
0.0
 40
0.0
 40
0.0
 40
1.0
 40
1.0
 40
1.0
 10
-53.56181641677629
 20
-20.1853515625
 30
0.0
 10
-53.31025391677629
 20
-20.2591796875
 30
0.0
 10
-53.01083985427629
 20
-20.2796875
 30
0.0
  0
LINE
  5
CB6
330
17
100
AcDbEntity
  8
dimensions
100
AcDbLine
 10
-53.01083985427629
 20
-20.5326171875
 30
0.0
 11
-53.01083985427629
 21
-20.2796875
 31
0.0
  0
SPLINE
  5
CB7
330
17
100
AcDbEntity
  8
dimensions
100
AcDbSpline
 70
0
 71
2
 72
10
 73
7
 74
0
 40
0.0
 40
0.0
 40
0.0
 40
1.0
 40
1.0
 40
1.9999999999999953
 40
1.9999999999999953
 40
2.9999999999999907
 40
2.9999999999999907
 40
2.9999999999999907
 10
-54.75263672927629
 20
-19.831250000000004
 30
0.0
 10
-54.539355479276296
 20
-20.0185546875
 30
0.0
 10
-54.228320323026274
 20
-20.18466796875
 30
0.0
 10
-53.917285166776296
 20
-20.350781249999997
 30
0.0
 10
-53.58232422927629
 20
-20.439648437500004
 30
0.0
 10
-53.247363291776296
 20
-20.528515624999997
 30
0.0
 10
-53.01083985427629
 20
-20.532617187500005
 30
0.0
  0
LINE
  5
CB8
330
17
100
AcDbEntity
  8
dimensions
100
AcDbLine
 10
-53.01083985427629
 20
-19.133984374999997
 30
0.0
 11
-53.01083985427629
 21
-18.853710937499997
 31
0.0
  0
LINE
  5
CB9
330
17
100
AcDbEntity
  8
dimensions
100
AcDbLine
 10
-53.29111329177629
 20
-19.133984374999997
 30
0.0
 11
-53.01083985427629
 21
-19.133984374999997
 31
0.0
  0
LINE
  5
CBA
330
17
100
AcDbEntity
  8
dimensions
100
AcDbLine
 10
-53.29111329177629
 20
-18.853710937499997
 30
0.0
 11
-53.29111329177629
 21
-19.133984374999997
 31
0.0
  0
LINE
  5
CBB
330
17
100
AcDbEntity
  8
dimensions
100
AcDbLine
 10
-53.01083985427629
 20
-18.853710937499997
 30
0.0
 11
-53.29111329177629
 21
-18.853710937499997
 31
0.0
  0
SPLINE
  5
CBC
330
17
100
AcDbEntity
  8
dimensions
100
AcDbSpline
 70
0
 71
3
 72
35
 73
31
 74
0
 40
0.0
 40
0.0
 40
0.0
 40
0.0
 40
1.0
 40
1.0
 40
1.0
 40
2.5188679245282906
 40
2.5188679245282906
 40
2.5188679245282906
 40
3.278301886792436
 40
3.278301886792436
 40
3.278301886792436
 40
3.919994149480759
 40
3.919994149480759
 40
3.919994149480759
 40
5.2033786748573565
 40
5.2033786748573565
 40
5.2033786748573565
 40
5.845070937545655
 40
5.845070937545655
 40
5.845070937545655
 40
6.715162141190802
 40
6.715162141190802
 40
6.715162141190802
 40
7.585253344835948
 40
7.585253344835948
 40
7.585253344835948
 40
8.455344548481099
 40
8.455344548481099
 40
8.455344548481099
 40
9.83745096042512
 40
9.83745096042512
 40
9.83745096042512
 40
9.83745096042512
 10
-53.184472666776294
 20
-18.295898437500004
 30
0.0
 10
-53.0459310001096
 20
-18.185611979166662
 30
0.0
 10
-52.976660166776284
 20
-18.03385416666666
 30
0.0
 10
-52.97666016677629
 20
-17.840625
 30
0.0
 10
-52.97459500008458
 20
-17.546708140799414
 30
0.0
 10
-53.143015698051315
 20
-17.35661217170058
 30
0.0
 10
-53.42988282302629
 20
-17.259570312499996
 30
0.0
 10
-53.5743489688596
 20
-17.21126302083332
 30
0.0
 10
-53.7641601667763
 20
-17.187109375000006
 30
0.0
 10
-53.99931641677629
 20
-17.187109375
 30
0.0
 10
-54.19801433344294
 20
-17.187109374999984
 30
0.0
 10
-54.355924489692974
 20
-17.202148437500014
 30
0.0
 10
-54.47304688552627
 20
-17.2322265625
 30
0.0
 10
-54.70686440132567
 20
-17.293237364234493
 30
0.0
 10
-54.87223718222691
 20
-17.394523052432174
 30
0.0
 10
-54.958398448026294
 20
-17.557617187500004
 30
0.0
 10
-55.00169271885964
 20
-17.638736979166666
 30
0.0
 10
-55.02333985427631
 20
-17.733072916666668
 30
0.0
 10
-55.02333985427628
 20
-17.840625
 30
0.0
 10
-55.02333985427631
 20
-17.986458333333335
 30
0.0
 10
-54.98414714594296
 20
-18.107454427083333
 30
0.0
 10
-54.90576172927628
 20
-18.203613281249996
 30
0.0
 10
-54.827376312609644
 20
-18.299772135416674
 30
0.0
 10
-54.71595053135961
 20
-18.372233072916668
 30
0.0
 10
-54.5714843855263
 20
-18.42099609375
 30
0.0
 10
-54.42701823969293
 20
-18.46975911458332
 30
0.0
 10
-54.23629558344296
 20
-18.494140625
 30
0.0
 10
-53.99931641677629
 20
-18.494140624999996
 30
0.0
 10
-53.622884125109614
 20
-18.494140624999996
 30
0.0
 10
-53.35126954177631
 20
-18.428059895833332
 30
0.0
 10
-53.184472666776294
 20
-18.2958984375
 30
0.0
  0
SPLINE
  5
CBD
330
17
100
AcDbEntity
  8
dimensions
100
AcDbSpline
 70
0
 71
2
 72
20
 73
17
 74
0
 40
0.0
 40
0.0
 40
0.0
 40
1.0
 40
1.0
 40
2.016129032258039
 40
2.016129032258039
 40
3.032258064516089
 40
3.032258064516089
 40
4.042773124220221
 40
4.042773124220221
 40
5.053288183924343
 40
5.053288183924343
 40
6.063803243628485
 40
6.063803243628485
 40
7.074318303332628
 40
7.074318303332628
 40
8.084833363036786
 40
8.084833363036786
 40
8.084833363036786
 10
-54.67607422927629
 20
-18.1140625
 30
0.0
 10
-54.819628916776296
 20
-18.012890625
 30
0.0
 10
-54.81962891677629
 20
-17.843359375
 30
0.0
 10
-54.81962891677628
 20
-17.671093749999997
 30
0.0
 10
-54.6569336042763
 20
-17.55556640625
 30
0.0
 10
-54.494238291776284
 20
-17.4400390625
 30
0.0
 10
-53.99931641677629
 20
-17.4400390625
 30
0.0
 10
-53.507128916776296
 20
-17.4400390625
 30
0.0
 10
-53.34306641677629
 20
-17.55556640625
 30
0.0
 10
-53.17900391677628
 20
-17.67109375
 30
0.0
 10
-53.17900391677629
 20
-17.840625
 30
0.0
 10
-53.179003916776296
 20
-18.01015625
 30
0.0
 10
-53.34238282302629
 20
-18.125683593749997
 30
0.0
 10
-53.50576172927629
 20
-18.2412109375
 30
0.0
 10
-53.99931641677629
 20
-18.241210937500004
 30
0.0
 10
-54.49287110427629
 20
-18.2412109375
 30
0.0
 10
-54.67607422927629
 20
-18.114062500000003
 30
0.0
  0
ENDSEC
  0
SECTION
  2
OBJECTS
  0
DICTIONARY
  5
A
330
0
100
AcDbDictionary
281
1
  3
ACAD_COLOR
350
B
  3
ACAD_GROUP
350
C
  3
ACAD_LAYOUT
350
D
  3
ACAD_MATERIAL
350
E
  3
ACAD_MLEADERSTYLE
350
F
  3
ACAD_MLINESTYLE
350
10
  3
ACAD_PLOTSETTINGS
350
11
  3
ACAD_PLOTSTYLENAME
350
12
  3
ACAD_SCALELIST
350
14
  3
ACAD_TABLESTYLE
350
15
  3
ACAD_VISUALSTYLE
350
16
  3
EZDXF_META
350
2D
  0
DICTIONARY
  5
B
330
A
100
AcDbDictionary
281
1
  0
DICTIONARY
  5
C
330
A
100
AcDbDictionary
281
1
  0
DICTIONARY
  5
D
330
A
100
AcDbDictionary
281
1
  3
Model
350
1A
  3
Layout1
350
1E
  0
DICTIONARY
  5
E
330
A
100
AcDbDictionary
281
1
  3
ByBlock
350
1F
  3
ByLayer
350
20
  3
Global
350
21
  0
DICTIONARY
  5
F
330
A
100
AcDbDictionary
281
1
  3
Standard
350
2C
  0
DICTIONARY
  5
10
330
A
100
AcDbDictionary
281
1
  3
Standard
350
22
  0
DICTIONARY
  5
11
330
A
100
AcDbDictionary
281
1
  0
ACDBDICTIONARYWDFLT
  5
12
330
A
100
AcDbDictionary
281
1
  3
Normal
350
13
100
AcDbDictionaryWithDefault
340
13
  0
ACDBPLACEHOLDER
  5
13
330
12
  0
DICTIONARY
  5
14
330
A
100
AcDbDictionary
281
1
  0
DICTIONARY
  5
15
330
A
100
AcDbDictionary
281
1
  0
DICTIONARY
  5
16
330
A
100
AcDbDictionary
281
1
  0
LAYOUT
  5
1A
330
D
100
AcDbPlotSettings
  1

  4
A3
  6

 40
7.5
 41
20.0
 42
7.5
 43
20.0
 44
420.0
 45
297.0
 46
0.0
 47
0.0
 48
0.0
 49
0.0
140
0.0
141
0.0
142
1.0
143
1.0
 70
1024
 72
1
 73
0
 74
5
  7

 75
16
 76
0
 77
2
 78
300
147
1.0
148
0.0
149
0.0
100
AcDbLayout
  1
Model
 70
1
 71
0
 10
0.0
 20
0.0
 11
420.0
 21
297.0
 12
0.0
 22
0.0
 32
0.0
 14
1e+20
 24
1e+20
 34
1e+20
 15
-1e+20
 25
-1e+20
 35
-1e+20
146
0.0
 13
0.0
 23
0.0
 33
0.0
 16
1.0
 26
0.0
 36
0.0
 17
0.0
 27
1.0
 37
0.0
 76
1
330
17
  0
LAYOUT
  5
1E
330
D
100
AcDbPlotSettings
  1

  4
A3
  6

 40
7.5
 41
20.0
 42
7.5
 43
20.0
 44
420.0
 45
297.0
 46
0.0
 47
0.0
 48
0.0
 49
0.0
140
0.0
141
0.0
142
1.0
143
1.0
 70
0
 72
1
 73
0
 74
5
  7

 75
16
 76
0
 77
2
 78
300
147
1.0
148
0.0
149
0.0
100
AcDbLayout
  1
Layout1
 70
1
 71
1
 10
0.0
 20
0.0
 11
420.0
 21
297.0
 12
0.0
 22
0.0
 32
0.0
 14
1e+20
 24
1e+20
 34
1e+20
 15
-1e+20
 25
-1e+20
 35
-1e+20
146
0.0
 13
0.0
 23
0.0
 33
0.0
 16
1.0
 26
0.0
 36
0.0
 17
0.0
 27
1.0
 37
0.0
 76
1
330
1B
  0
MATERIAL
  5
1F
102
{ACAD_REACTORS
330
E
102
}
330
E
100
AcDbMaterial
  1
ByBlock
  2

 70
0
 40
1.0
 71
1
 41
1.0
 91
-1023410177
 42
1.0
 72
1
  3

 73
1
 74
1
 75
1
 44
0.5
 73
0
 45
1.0
 46
1.0
 77
1
  4

 78
1
 79
1
170
1
 48
1.0
171
1
  6

172
1
173
1
174
1
140
1.0
141
1.0
175
1
  7

176
1
177
1
178
1
143
1.0
179
1
  8

270
1
271
1
272
1
145
1.0
146
1.0
273
1
  9

274
1
275
1
276
1
 42
1.0
 72
1
  3

 73
1
 74
1
 75
1
 94
63
  0
MATERIAL
  5
20
102
{ACAD_REACTORS
330
E
102
}
330
E
100
AcDbMaterial
  1
ByLayer
  2

 70
0
 40
1.0
 71
1
 41
1.0
 91
-1023410177
 42
1.0
 72
1
  3

 73
1
 74
1
 75
1
 44
0.5
 73
0
 45
1.0
 46
1.0
 77
1
  4

 78
1
 79
1
170
1
 48
1.0
171
1
  6

172
1
173
1
174
1
140
1.0
141
1.0
175
1
  7

176
1
177
1
178
1
143
1.0
179
1
  8

270
1
271
1
272
1
145
1.0
146
1.0
273
1
  9

274
1
275
1
276
1
 42
1.0
 72
1
  3

 73
1
 74
1
 75
1
 94
63
  0
MATERIAL
  5
21
102
{ACAD_REACTORS
330
E
102
}
330
E
100
AcDbMaterial
  1
Global
  2

 70
0
 40
1.0
 71
1
 41
1.0
 91
-1023410177
 42
1.0
 72
1
  3

 73
1
 74
1
 75
1
 44
0.5
 73
0
 45
1.0
 46
1.0
 77
1
  4

 78
1
 79
1
170
1
 48
1.0
171
1
  6

172
1
173
1
174
1
140
1.0
141
1.0
175
1
  7

176
1
177
1
178
1
143
1.0
179
1
  8

270
1
271
1
272
1
145
1.0
146
1.0
273
1
  9

274
1
275
1
276
1
 42
1.0
 72
1
  3

 73
1
 74
1
 75
1
 94
63
  0
MLINESTYLE
  5
22
102
{ACAD_REACTORS
330
10
102
}
330
10
100
AcDbMlineStyle
  2
Standard
 70
0
  3

 62
256
 51
90.0
 52
90.0
 71
2
 49
0.5
 62
256
  6
BYLAYER
 49
-0.5
 62
256
  6
BYLAYER
  0
MLEADERSTYLE
  5
2C
102
{ACAD_REACTORS
330
F
102
}
330
F
100
AcDbMLeaderStyle
179
2
170
2
171
1
172
0
 90
2
 40
0.0
 41
0.0
173
1
 91
-1056964608
 92
-2
290
1
 42
2.0
291
1
 43
8.0
  3
Standard
 44
4.0
300

342
29
174
1
175
1
176
0
178
1
 93
-1056964608
 45
4.0
292
0
297
0
 46
4.0
 94
-1056964608
 47
1.0
 49
1.0
140
1.0
294
1
141
0.0
177
0
142
1.0
295
0
296
0
143
3.75
271
0
272
9
273
9
  0
DICTIONARY
  5
2D
330
A
100
AcDbDictionary
280
1
281
1
  3
CREATED_BY_EZDXF
350
2E
  3
WRITTEN_BY_EZDXF
350
CC1
  0
DICTIONARYVAR
  5
2E
330
2D
100
DictionaryVariables
280
0
  1
1.4.4 @ 2026-08-30T20:22:16.875598+00:00
  0
DICTIONARYVAR
  5
CC1
330
2D
100
DictionaryVariables
280
0
  1
1.4.4 @ 2026-08-30T20:22:19.589027+00:00
  0
ENDSEC
  0
EOF
