seed,method,control,iteration,accepted,critique_before,critique_after,mutation,decision_reason,current_success_rate,current_strategic_gap,candidate_success_rate,candidate_strategic_gap
79020000,frontier_t0,targeted,0,True,INITIAL,NO_CHOICE,Initial G0,Initial G0,1.0,1.0,1.0,1.0
79020000,frontier_t0,targeted,1,False,NO_CHOICE,NO_CHOICE,"Add wall at (2, 7)",Rejected: neutral or insufficient lexicographic improvement,1.0,1.0,1.0,1.0
79020000,frontier_t0,targeted,2,False,NO_CHOICE,NO_CHOICE,"Move wall from (1, 10) to (4, 2)",Rejected: candidate rendered game unsolvable,1.0,1.0,0.0,0.0
79020000,frontier_t0,targeted,3,False,NO_CHOICE,NO_CHOICE,"Add wall at (3, 5)",Rejected: neutral or insufficient lexicographic improvement,1.0,1.0,1.0,1.0
79020000,frontier_t0,targeted,4,False,NO_CHOICE,NO_CHOICE,"Add wall at (10, 1)",Rejected: neutral or insufficient lexicographic improvement,1.0,1.0,1.0,1.0
79020000,frontier_t0,targeted,5,False,NO_CHOICE,NO_CHOICE,"Move wall from (3, 3) to (6, 1)",Rejected: neutral or insufficient lexicographic improvement,1.0,1.0,1.0,0.94
79020000,frontier_t0,targeted,6,True,NO_CHOICE,NO_CHOICE,"Move wall from (7, 6) to (5, 3)",Accepted: increased state richness (293 -> 414),1.0,1.0,1.0,1.0
79020000,frontier_t0,targeted,7,False,NO_CHOICE,NO_CHOICE,"Remove wall at (6, 2) to open alternative branch",Rejected: neutral or insufficient lexicographic improvement,1.0,1.0,1.0,1.0
79020000,frontier_t0,targeted,8,False,NO_CHOICE,NO_CHOICE,"Remove wall at (6, 2) to open alternative branch",Rejected: neutral or insufficient lexicographic improvement,1.0,1.0,1.0,1.0
79020000,frontier_t0,targeted,9,True,NO_CHOICE,NO_CHOICE,"Remove wall at (9, 5) to open alternative branch",Accepted: increased state richness (414 -> 425),1.0,1.0,1.0,1.0
79020000,frontier_t0,targeted,10,False,NO_CHOICE,NO_CHOICE,"Remove wall at (7, 10) to open alternative branch",Rejected: neutral or insufficient lexicographic improvement,1.0,1.0,1.0,1.0
79020000,frontier_t0,targeted,11,False,NO_CHOICE,NO_CHOICE,"Move wall from (1, 10) to (7, 9)",Rejected: neutral or insufficient lexicographic improvement,1.0,1.0,1.0,1.0
79020000,frontier_t0,targeted,12,False,NO_CHOICE,NO_CHOICE,"Move wall from (10, 3) to (3, 1)",Rejected: candidate rendered game unsolvable,1.0,1.0,0.0,0.0
79020000,frontier_t0,targeted,13,False,NO_CHOICE,NO_CHOICE,"Add wall at (2, 3)",Rejected: neutral or insufficient lexicographic improvement,1.0,1.0,1.0,1.0
79020000,frontier_t0,targeted,14,True,NO_CHOICE,NO_CHOICE,"Remove wall at (5, 10) to open alternative branch",Accepted: increased state richness (425 -> 431),1.0,1.0,1.0,1.0
79020000,frontier_t0,targeted,15,False,NO_CHOICE,NO_CHOICE,"Add wall at (7, 3)",Rejected: neutral or insufficient lexicographic improvement,1.0,1.0,1.0,1.0
79020000,frontier_t0,targeted,16,False,NO_CHOICE,NO_CHOICE,"Add wall at (2, 4)",Rejected: neutral or insufficient lexicographic improvement,1.0,1.0,1.0,1.0
79020000,frontier_t0,targeted,17,False,NO_CHOICE,NO_CHOICE,"Add wall at (2, 9)",Rejected: neutral or insufficient lexicographic improvement,1.0,1.0,1.0,1.0
79020000,frontier_t0,targeted,18,False,NO_CHOICE,NO_CHOICE,"Move wall from (2, 2) to (2, 5)",Rejected: neutral or insufficient lexicographic improvement,1.0,1.0,1.0,0.96
79020000,frontier_t0,targeted,19,False,NO_CHOICE,NO_CHOICE,"Add wall at (2, 5)",Rejected: neutral or insufficient lexicographic improvement,1.0,1.0,1.0,1.0
79020000,frontier_t0,targeted,20,False,NO_CHOICE,NO_CHOICE,"Move wall from (7, 10) to (9, 7)",Rejected: neutral or insufficient lexicographic improvement,1.0,1.0,1.0,1.0
79020000,frontier_t0,random_mutation,0,True,INITIAL,NO_CHOICE,Initial G0,Initial G0,1.0,1.0,1.0,1.0
79020000,frontier_t0,random_mutation,1,True,NO_CHOICE,NO_CHOICE,"Random remove hazard at (3, 10)",Accepted: increased state richness (293 -> 400),1.0,1.0,1.0,1.0
79020000,frontier_t0,random_mutation,2,False,NO_CHOICE,NO_CHOICE,Random remove key-door pair,Rejected: neutral or insufficient lexicographic improvement,1.0,1.0,1.0,0.98
79020000,frontier_t0,random_mutation,3,False,NO_CHOICE,NO_CHOICE,"Random add hazard at (8, 6)",Rejected: neutral or insufficient lexicographic improvement,1.0,1.0,1.0,1.0
79020000,frontier_t0,random_mutation,4,False,NO_CHOICE,NO_CHOICE,Random remove block,Rejected: neutral or insufficient lexicographic improvement,1.0,1.0,1.0,1.0
79020000,frontier_t0,random_mutation,5,False,NO_CHOICE,NO_CHOICE,"Random move start to (9, 3)",Rejected: neutral or insufficient lexicographic improvement,1.0,1.0,1.0,0.98
79020000,frontier_t0,random_mutation,6,False,NO_CHOICE,NO_CHOICE,Random remove switch-gate pair,Rejected: neutral or insufficient lexicographic improvement,1.0,1.0,1.0,0.98
79020000,frontier_t0,random_mutation,7,False,NO_CHOICE,NO_CHOICE,"Random move start to (7, 4)",Rejected: neutral or insufficient lexicographic improvement,1.0,1.0,1.0,0.96
79020000,frontier_t0,random_mutation,8,False,NO_CHOICE,NO_CHOICE,Random remove block,Rejected: neutral or insufficient lexicographic improvement,1.0,1.0,1.0,1.0
79020000,frontier_t0,random_mutation,9,False,NO_CHOICE,NO_CHOICE,Random remove switch-gate pair,Rejected: neutral or insufficient lexicographic improvement,1.0,1.0,1.0,0.98
79020000,frontier_t0,random_mutation,10,False,NO_CHOICE,NO_CHOICE,"Random add wall at (4, 2)",Rejected: candidate rendered game unsolvable,1.0,1.0,0.0,0.0
79020000,frontier_t0,random_mutation,11,False,NO_CHOICE,NO_CHOICE,"Random remove wall at (3, 3)",Rejected: neutral or insufficient lexicographic improvement,1.0,1.0,1.0,0.94
79020000,frontier_t0,random_mutation,12,False,NO_CHOICE,NO_CHOICE,Random remove switch-gate pair,Rejected: neutral or insufficient lexicographic improvement,1.0,1.0,1.0,0.98
79020000,frontier_t0,random_mutation,13,False,NO_CHOICE,NO_CHOICE,"Random move start to (8, 7)",Rejected: degraded strategic advantage (-0.24),1.0,1.0,1.0,0.76
79020000,frontier_t0,random_mutation,14,True,NO_CHOICE,NO_CHOICE,"Random remove wall at (5, 7)",Accepted: increased state richness (400 -> 406),1.0,0.98,1.0,0.98
79020000,frontier_t0,random_mutation,15,False,NO_CHOICE,NO_CHOICE,"Random move goal to (1, 7)",Rejected: neutral or insufficient lexicographic improvement,1.0,0.98,1.0,0.94
79020000,frontier_t0,random_mutation,16,False,NO_CHOICE,NO_CHOICE,"Random move goal to (4, 7)",Rejected: degraded strategic advantage (-0.16),1.0,0.98,1.0,0.82
79020000,frontier_t0,random_mutation,17,False,NO_CHOICE,NO_CHOICE,"Random add wall at (1, 6)",Rejected: neutral or insufficient lexicographic improvement,1.0,0.98,1.0,0.98
79020000,frontier_t0,random_mutation,18,False,NO_CHOICE,NO_CHOICE,"Random move goal to (8, 8)",Rejected: neutral or insufficient lexicographic improvement,1.0,0.98,1.0,0.96
79020000,frontier_t0,random_mutation,19,False,NO_CHOICE,NO_CHOICE,"Random move start to (4, 2)",Rejected: neutral or insufficient lexicographic improvement,1.0,0.98,1.0,0.96
79020000,frontier_t0,random_mutation,20,False,NO_CHOICE,NO_CHOICE,Random remove block,Rejected: neutral or insufficient lexicographic improvement,1.0,0.98,1.0,0.98
79020000,structural,targeted,0,True,INITIAL,NO_CHOICE,Initial G0,Initial G0,1.0,1.0,1.0,1.0
79020000,structural,targeted,1,False,NO_CHOICE,NO_CHOICE,"Add wall at (2, 7)",Rejected: neutral or insufficient lexicographic improvement,1.0,1.0,1.0,1.0
79020000,structural,targeted,2,False,NO_CHOICE,NO_CHOICE,"Move wall from (1, 10) to (4, 2)",Rejected: candidate rendered game unsolvable,1.0,1.0,0.0,0.0
79020000,structural,targeted,3,False,NO_CHOICE,NO_CHOICE,"Add wall at (3, 5)",Rejected: neutral or insufficient lexicographic improvement,1.0,1.0,1.0,1.0
79020000,structural,targeted,4,False,NO_CHOICE,NO_CHOICE,"Add wall at (10, 1)",Rejected: neutral or insufficient lexicographic improvement,1.0,1.0,1.0,1.0
79020000,structural,targeted,5,False,NO_CHOICE,NO_CHOICE,"Move wall from (3, 3) to (6, 1)",Rejected: neutral or insufficient lexicographic improvement,1.0,1.0,1.0,0.94
79020000,structural,targeted,6,False,NO_CHOICE,NO_CHOICE,"Move wall from (7, 6) to (5, 3)",Rejected: neutral or insufficient lexicographic improvement,1.0,1.0,1.0,1.0
79020000,structural,targeted,7,True,NO_CHOICE,NO_CHOICE,"Remove wall at (6, 2) to open alternative branch",Accepted: increased state richness (283 -> 289),1.0,1.0,1.0,1.0
79020000,structural,targeted,8,False,NO_CHOICE,NO_CHOICE,"Remove wall at (7, 1) to open alternative branch",Rejected: neutral or insufficient lexicographic improvement,1.0,1.0,1.0,0.98
79020000,structural,targeted,9,False,NO_CHOICE,NO_CHOICE,"Remove wall at (9, 5) to open alternative branch",Rejected: neutral or insufficient lexicographic improvement,1.0,1.0,1.0,1.0
79020000,structural,targeted,10,True,NO_CHOICE,NO_CHOICE,"Remove wall at (7, 10) to open alternative branch",Accepted: increased state richness (289 -> 305),1.0,1.0,1.0,1.0
79020000,structural,targeted,11,False,NO_CHOICE,NO_CHOICE,"Move wall from (5, 5) to (6, 3)",Rejected: neutral or insufficient lexicographic improvement,1.0,1.0,1.0,0.98
79020000,structural,targeted,12,False,NO_CHOICE,NO_CHOICE,"Remove wall at (10, 4) to open alternative branch",Rejected: neutral or insufficient lexicographic improvement,1.0,1.0,1.0,1.0
79020000,structural,targeted,13,True,NO_CHOICE,NO_CHOICE,"Remove wall at (2, 2) to open alternative branch",Accepted: increased state richness (305 -> 409),1.0,0.96,1.0,0.96
79020000,structural,targeted,14,False,NO_CHOICE,NO_CHOICE,"Add wall at (2, 2)",Rejected: neutral or insufficient lexicographic improvement,1.0,0.96,1.0,1.0
79020000,structural,targeted,15,False,NO_CHOICE,NO_CHOICE,"Remove wall at (7, 6) to open alternative branch",Rejected: neutral or insufficient lexicographic improvement,1.0,0.96,1.0,0.96
79020000,structural,targeted,16,False,NO_CHOICE,NO_CHOICE,"Remove wall at (5, 6) to open alternative branch",Rejected: neutral or insufficient lexicographic improvement,1.0,0.96,1.0,0.96
79020000,structural,targeted,17,False,NO_CHOICE,NO_CHOICE,"Add wall at (6, 9)",Rejected: neutral or insufficient lexicographic improvement,1.0,0.96,1.0,0.96
79020000,structural,targeted,18,False,NO_CHOICE,NO_CHOICE,"Move wall from (1, 10) to (2, 7)",Rejected: neutral or insufficient lexicographic improvement,1.0,0.96,1.0,0.96
79020000,structural,targeted,19,False,NO_CHOICE,NO_CHOICE,"Move wall from (5, 7) to (2, 4)",Rejected: neutral or insufficient lexicographic improvement,1.0,0.96,1.0,0.96
79020000,structural,targeted,20,False,NO_CHOICE,NO_CHOICE,"Add wall at (2, 4)",Rejected: neutral or insufficient lexicographic improvement,1.0,0.96,1.0,0.96
79020000,structural,random_mutation,0,True,INITIAL,NO_CHOICE,Initial G0,Initial G0,1.0,1.0,1.0,1.0
79020000,structural,random_mutation,1,True,NO_CHOICE,NO_CHOICE,"Random remove hazard at (3, 10)",Accepted: increased state richness (283 -> 411),1.0,1.0,1.0,1.0
79020000,structural,random_mutation,2,False,NO_CHOICE,NO_CHOICE,Random remove key-door pair,Rejected: neutral or insufficient lexicographic improvement,1.0,1.0,1.0,0.98
79020000,structural,random_mutation,3,False,NO_CHOICE,NO_CHOICE,"Random add hazard at (8, 6)",Rejected: neutral or insufficient lexicographic improvement,1.0,1.0,1.0,1.0
79020000,structural,random_mutation,4,False,NO_CHOICE,NO_CHOICE,Random remove block,Rejected: neutral or insufficient lexicographic improvement,1.0,1.0,1.0,1.0
79020000,structural,random_mutation,5,False,NO_CHOICE,NO_CHOICE,"Random move start to (9, 3)",Rejected: neutral or insufficient lexicographic improvement,1.0,1.0,1.0,0.98
79020000,structural,random_mutation,6,False,NO_CHOICE,NO_CHOICE,Random remove switch-gate pair,Rejected: neutral or insufficient lexicographic improvement,1.0,1.0,1.0,0.98
79020000,structural,random_mutation,7,False,NO_CHOICE,NO_CHOICE,"Random move start to (7, 4)",Rejected: neutral or insufficient lexicographic improvement,1.0,1.0,1.0,0.96
79020000,structural,random_mutation,8,False,NO_CHOICE,NO_CHOICE,Random remove block,Rejected: neutral or insufficient lexicographic improvement,1.0,1.0,1.0,1.0
79020000,structural,random_mutation,9,False,NO_CHOICE,NO_CHOICE,Random remove switch-gate pair,Rejected: neutral or insufficient lexicographic improvement,1.0,1.0,1.0,0.98
79020000,structural,random_mutation,10,False,NO_CHOICE,NO_CHOICE,"Random add wall at (4, 2)",Rejected: candidate rendered game unsolvable,1.0,1.0,0.0,0.0
79020000,structural,random_mutation,11,False,NO_CHOICE,NO_CHOICE,"Random remove wall at (3, 3)",Rejected: neutral or insufficient lexicographic improvement,1.0,1.0,1.0,0.94
79020000,structural,random_mutation,12,False,NO_CHOICE,NO_CHOICE,Random remove switch-gate pair,Rejected: neutral or insufficient lexicographic improvement,1.0,1.0,1.0,0.98
79020000,structural,random_mutation,13,False,NO_CHOICE,NO_CHOICE,"Random move start to (8, 7)",Rejected: degraded strategic advantage (-0.24),1.0,1.0,1.0,0.76
79020000,structural,random_mutation,14,True,NO_CHOICE,NO_CHOICE,"Random remove wall at (5, 7)",Accepted: increased state richness (411 -> 421),1.0,0.98,1.0,0.98
79020000,structural,random_mutation,15,False,NO_CHOICE,NO_CHOICE,"Random move goal to (1, 7)",Rejected: neutral or insufficient lexicographic improvement,1.0,0.98,1.0,0.94
79020000,structural,random_mutation,16,False,NO_CHOICE,NO_CHOICE,"Random move goal to (4, 7)",Rejected: degraded strategic advantage (-0.16),1.0,0.98,1.0,0.82
79020000,structural,random_mutation,17,False,NO_CHOICE,NO_CHOICE,"Random add wall at (1, 6)",Rejected: neutral or insufficient lexicographic improvement,1.0,0.98,1.0,0.98
79020000,structural,random_mutation,18,False,NO_CHOICE,NO_CHOICE,"Random move goal to (8, 8)",Rejected: candidate rendered game unsolvable,1.0,0.98,0.0,-0.04
79020000,structural,random_mutation,19,False,NO_CHOICE,NO_CHOICE,"Random move start to (4, 2)",Rejected: neutral or insufficient lexicographic improvement,1.0,0.98,1.0,0.96
79020000,structural,random_mutation,20,False,NO_CHOICE,NO_CHOICE,Random remove block,Rejected: neutral or insufficient lexicographic improvement,1.0,0.98,1.0,0.98
79020000,virtual_frontier,targeted,0,True,INITIAL,NO_CHOICE,Initial G0,Initial G0,1.0,1.0,1.0,1.0
79020000,virtual_frontier,targeted,1,False,NO_CHOICE,NO_CHOICE,"Add wall at (2, 7)",Rejected: neutral or insufficient lexicographic improvement,1.0,1.0,1.0,1.0
79020000,virtual_frontier,targeted,2,False,NO_CHOICE,NO_CHOICE,"Move wall from (1, 10) to (4, 2)",Rejected: candidate rendered game unsolvable,1.0,1.0,0.0,0.0
79020000,virtual_frontier,targeted,3,False,NO_CHOICE,NO_CHOICE,"Add wall at (3, 5)",Rejected: neutral or insufficient lexicographic improvement,1.0,1.0,1.0,1.0
79020000,virtual_frontier,targeted,4,False,NO_CHOICE,NO_CHOICE,"Add wall at (10, 1)",Rejected: neutral or insufficient lexicographic improvement,1.0,1.0,1.0,1.0
79020000,virtual_frontier,targeted,5,False,NO_CHOICE,NO_CHOICE,"Move wall from (3, 3) to (6, 1)",Rejected: neutral or insufficient lexicographic improvement,1.0,1.0,1.0,0.94
79020000,virtual_frontier,targeted,6,True,NO_CHOICE,NO_CHOICE,"Move wall from (7, 6) to (5, 3)",Accepted: increased state richness (288 -> 414),1.0,1.0,1.0,1.0
79020000,virtual_frontier,targeted,7,False,NO_CHOICE,NO_CHOICE,"Remove wall at (6, 2) to open alternative branch",Rejected: neutral or insufficient lexicographic improvement,1.0,1.0,1.0,1.0
79020000,virtual_frontier,targeted,8,False,NO_CHOICE,NO_CHOICE,"Remove wall at (6, 2) to open alternative branch",Rejected: neutral or insufficient lexicographic improvement,1.0,1.0,1.0,1.0
79020000,virtual_frontier,targeted,9,True,NO_CHOICE,NO_CHOICE,"Remove wall at (9, 5) to open alternative branch",Accepted: increased state richness (414 -> 425),1.0,1.0,1.0,1.0
79020000,virtual_frontier,targeted,10,True,NO_CHOICE,NO_CHOICE,"Remove wall at (7, 10) to open alternative branch",Accepted: increased state richness (425 -> 440),1.0,1.0,1.0,1.0
79020000,virtual_frontier,targeted,11,False,NO_CHOICE,NO_CHOICE,"Move wall from (5, 5) to (6, 6)",Rejected: neutral or insufficient lexicographic improvement,1.0,1.0,1.0,1.0
79020000,virtual_frontier,targeted,12,False,NO_CHOICE,NO_CHOICE,"Remove wall at (10, 4) to open alternative branch",Rejected: neutral or insufficient lexicographic improvement,1.0,1.0,1.0,1.0
79020000,virtual_frontier,targeted,13,False,NO_CHOICE,NO_CHOICE,"Remove wall at (10, 3) to open alternative branch",Rejected: neutral or insufficient lexicographic improvement,1.0,1.0,1.0,1.0
79020000,virtual_frontier,targeted,14,False,NO_CHOICE,NO_CHOICE,"Add wall at (2, 3)",Rejected: neutral or insufficient lexicographic improvement,1.0,1.0,1.0,1.0
79020000,virtual_frontier,targeted,15,False,NO_CHOICE,NO_CHOICE,"Remove wall at (5, 10) to open alternative branch",Rejected: neutral or insufficient lexicographic improvement,1.0,1.0,1.0,1.0
79020000,virtual_frontier,targeted,16,False,NO_CHOICE,NO_CHOICE,"Add wall at (7, 4)",Rejected: neutral or insufficient lexicographic improvement,1.0,1.0,1.0,1.0
79020000,virtual_frontier,targeted,17,False,NO_CHOICE,NO_CHOICE,"Add wall at (2, 4)",Rejected: neutral or insufficient lexicographic improvement,1.0,1.0,1.0,1.0
79020000,virtual_frontier,targeted,18,False,NO_CHOICE,NO_CHOICE,"Add wall at (2, 9)",Rejected: neutral or insufficient lexicographic improvement,1.0,1.0,1.0,1.0
79020000,virtual_frontier,targeted,19,False,NO_CHOICE,NO_CHOICE,"Move wall from (5, 10) to (2, 5)",Rejected: neutral or insufficient lexicographic improvement,1.0,1.0,1.0,1.0
79020000,virtual_frontier,targeted,20,False,NO_CHOICE,NO_CHOICE,"Add wall at (2, 5)",Rejected: neutral or insufficient lexicographic improvement,1.0,1.0,1.0,1.0
79020000,virtual_frontier,random_mutation,0,True,INITIAL,NO_CHOICE,Initial G0,Initial G0,1.0,1.0,1.0,1.0
79020000,virtual_frontier,random_mutation,1,True,NO_CHOICE,NO_CHOICE,"Random remove hazard at (3, 10)",Accepted: increased state richness (288 -> 377),1.0,1.0,1.0,1.0
79020000,virtual_frontier,random_mutation,2,False,NO_CHOICE,NO_CHOICE,Random remove key-door pair,Rejected: neutral or insufficient lexicographic improvement,1.0,1.0,1.0,0.98
79020000,virtual_frontier,random_mutation,3,False,NO_CHOICE,NO_CHOICE,"Random add hazard at (8, 6)",Rejected: neutral or insufficient lexicographic improvement,1.0,1.0,1.0,1.0
79020000,virtual_frontier,random_mutation,4,False,NO_CHOICE,NO_CHOICE,Random remove block,Rejected: neutral or insufficient lexicographic improvement,1.0,1.0,1.0,1.0
79020000,virtual_frontier,random_mutation,5,False,NO_CHOICE,NO_CHOICE,"Random move start to (9, 3)",Rejected: neutral or insufficient lexicographic improvement,1.0,1.0,1.0,0.98
79020000,virtual_frontier,random_mutation,6,False,NO_CHOICE,NO_CHOICE,Random remove switch-gate pair,Rejected: neutral or insufficient lexicographic improvement,1.0,1.0,1.0,0.98
79020000,virtual_frontier,random_mutation,7,False,NO_CHOICE,NO_CHOICE,"Random move start to (7, 4)",Rejected: neutral or insufficient lexicographic improvement,1.0,1.0,1.0,0.96
79020000,virtual_frontier,random_mutation,8,False,NO_CHOICE,NO_CHOICE,Random remove block,Rejected: neutral or insufficient lexicographic improvement,1.0,1.0,1.0,1.0
79020000,virtual_frontier,random_mutation,9,False,NO_CHOICE,NO_CHOICE,Random remove switch-gate pair,Rejected: neutral or insufficient lexicographic improvement,1.0,1.0,1.0,0.98
79020000,virtual_frontier,random_mutation,10,False,NO_CHOICE,NO_CHOICE,"Random add wall at (4, 2)",Rejected: candidate rendered game unsolvable,1.0,1.0,0.0,0.0
79020000,virtual_frontier,random_mutation,11,False,NO_CHOICE,NO_CHOICE,"Random remove wall at (3, 3)",Rejected: neutral or insufficient lexicographic improvement,1.0,1.0,1.0,0.94
79020000,virtual_frontier,random_mutation,12,False,NO_CHOICE,NO_CHOICE,Random remove switch-gate pair,Rejected: neutral or insufficient lexicographic improvement,1.0,1.0,1.0,0.98
79020000,virtual_frontier,random_mutation,13,False,NO_CHOICE,NO_CHOICE,"Random move start to (8, 7)",Rejected: degraded strategic advantage (-0.24),1.0,1.0,1.0,0.76
79020000,virtual_frontier,random_mutation,14,False,NO_CHOICE,NO_CHOICE,"Random remove wall at (5, 7)",Rejected: neutral or insufficient lexicographic improvement,1.0,1.0,1.0,0.98
79020000,virtual_frontier,random_mutation,15,False,NO_CHOICE,NO_CHOICE,"Random move goal to (1, 7)",Rejected: neutral or insufficient lexicographic improvement,1.0,1.0,1.0,0.94
79020000,virtual_frontier,random_mutation,16,False,NO_CHOICE,NO_CHOICE,"Random move goal to (4, 7)",Rejected: degraded strategic advantage (-0.16),1.0,1.0,1.0,0.84
79020000,virtual_frontier,random_mutation,17,False,NO_CHOICE,NO_CHOICE,"Random add wall at (1, 6)",Rejected: neutral or insufficient lexicographic improvement,1.0,1.0,1.0,1.0
79020000,virtual_frontier,random_mutation,18,False,NO_CHOICE,NO_CHOICE,"Random move goal to (8, 9)",Rejected: candidate rendered game unsolvable,1.0,1.0,0.0,-0.04
79020000,virtual_frontier,random_mutation,19,False,NO_CHOICE,NO_CHOICE,"Random move start to (4, 2)",Rejected: neutral or insufficient lexicographic improvement,1.0,1.0,1.0,0.96
79020000,virtual_frontier,random_mutation,20,False,NO_CHOICE,NO_CHOICE,Random remove block,Rejected: neutral or insufficient lexicographic improvement,1.0,1.0,1.0,1.0
79020001,frontier_t0,targeted,0,True,INITIAL,NO_CHOICE,Initial G0,Initial G0,1.0,0.72,1.0,0.72
79020001,frontier_t0,targeted,1,False,NO_CHOICE,NO_CHOICE,"Move wall from (5, 5) to (7, 2)",Rejected: neutral or insufficient lexicographic improvement,1.0,0.72,1.0,0.78
79020001,frontier_t0,targeted,2,True,NO_CHOICE,NO_CHOICE,"Move wall from (3, 2) to (1, 7)",Accepted: significantly increased strategic advantage (+0.14),1.0,0.86,1.0,0.86
79020001,frontier_t0,targeted,3,False,NO_CHOICE,NO_CHOICE,"Move wall from (9, 6) to (8, 8)",Rejected: neutral or insufficient lexicographic improvement,1.0,0.86,1.0,0.86
79020001,frontier_t0,targeted,4,False,NO_CHOICE,NO_CHOICE,"Add wall at (10, 10)",Rejected: neutral or insufficient lexicographic improvement,1.0,0.86,1.0,0.86
79020001,frontier_t0,targeted,5,False,NO_CHOICE,NO_CHOICE,"Add wall at (9, 8)",Rejected: neutral or insufficient lexicographic improvement,1.0,0.86,1.0,0.86
79020001,frontier_t0,targeted,6,False,NO_CHOICE,NO_CHOICE,"Remove wall at (1, 5) to open alternative branch",Rejected: neutral or insufficient lexicographic improvement,1.0,0.86,1.0,0.86
79020001,frontier_t0,targeted,7,False,NO_CHOICE,NO_CHOICE,"Remove wall at (8, 5) to open alternative branch",Rejected: neutral or insufficient lexicographic improvement,1.0,0.86,1.0,0.86
79020001,frontier_t0,targeted,8,False,NO_CHOICE,NO_CHOICE,"Remove wall at (8, 5) to open alternative branch",Rejected: neutral or insufficient lexicographic improvement,1.0,0.86,1.0,0.86
79020001,frontier_t0,targeted,9,False,NO_CHOICE,NO_CHOICE,"Add wall at (3, 10)",Rejected: neutral or insufficient lexicographic improvement,1.0,0.86,1.0,0.86
79020001,frontier_t0,targeted,10,True,NO_CHOICE,NO_CHOICE,"Remove wall at (10, 6) to open alternative branch",Accepted: increased state richness (379 -> 396),1.0,0.86,1.0,0.86
79020001,frontier_t0,targeted,11,False,NO_CHOICE,NO_CHOICE,"Add wall at (5, 8)",Rejected: neutral or insufficient lexicographic improvement,1.0,0.86,1.0,0.84
79020001,frontier_t0,targeted,12,False,NO_CHOICE,NO_CHOICE,"Add wall at (8, 6)",Rejected: neutral or insufficient lexicographic improvement,1.0,0.86,1.0,0.86
79020001,frontier_t0,targeted,13,False,NO_CHOICE,NO_CHOICE,"Add wall at (10, 1)",Rejected: neutral or insufficient lexicographic improvement,1.0,0.86,1.0,0.86
79020001,frontier_t0,targeted,14,False,NO_CHOICE,NO_CHOICE,"Add wall at (3, 9)",Rejected: neutral or insufficient lexicographic improvement,1.0,0.86,1.0,0.86
79020001,frontier_t0,targeted,15,True,NO_CHOICE,NO_CHOICE,"Move wall from (1, 5) to (5, 7)",Accepted: increased state richness (396 -> 410),1.0,0.9,1.0,0.9
79020001,frontier_t0,targeted,16,False,NO_CHOICE,NO_CHOICE,"Remove wall at (3, 8) to open alternative branch",Rejected: degraded strategic advantage (-0.28),1.0,0.9,1.0,0.62
79020001,frontier_t0,targeted,17,False,NO_CHOICE,NO_CHOICE,"Add wall at (6, 7)",Rejected: neutral or insufficient lexicographic improvement,1.0,0.9,1.0,0.9
79020001,frontier_t0,targeted,18,False,NO_CHOICE,NO_CHOICE,"Remove wall at (9, 2) to open alternative branch",Rejected: neutral or insufficient lexicographic improvement,1.0,0.9,1.0,0.9
79020001,frontier_t0,targeted,19,False,NO_CHOICE,NO_CHOICE,"Move wall from (3, 8) to (3, 7)",Rejected: neutral or insufficient lexicographic improvement,1.0,0.9,1.0,0.8
79020001,frontier_t0,targeted,20,True,NO_CHOICE,NO_CHOICE,"Remove wall at (10, 9) to open alternative branch",Accepted: increased state richness (410 -> 427),1.0,0.9,1.0,0.9
79020001,frontier_t0,random_mutation,0,True,INITIAL,NO_CHOICE,Initial G0,Initial G0,1.0,0.72,1.0,0.72
79020001,frontier_t0,random_mutation,1,False,NO_CHOICE,NO_CHOICE,Random remove block,Rejected: neutral or insufficient lexicographic improvement,1.0,0.72,1.0,0.72
79020001,frontier_t0,random_mutation,2,True,NO_CHOICE,NO_CHOICE,"Random move start to (7, 8)",Accepted: significantly increased strategic advantage (+0.14),1.0,0.86,1.0,0.86
79020001,frontier_t0,random_mutation,3,False,NO_CHOICE,NO_CHOICE,"Random remove hazard at (6, 2)",Rejected: neutral or insufficient lexicographic improvement,1.0,0.86,1.0,0.88
79020001,frontier_t0,random_mutation,4,False,NO_CHOICE,NO_CHOICE,Random remove switch-gate pair,Rejected: neutral or insufficient lexicographic improvement,1.0,0.86,1.0,0.86
79020001,frontier_t0,random_mutation,5,False,NO_CHOICE,NO_CHOICE,Random remove block,Rejected: neutral or insufficient lexicographic improvement,1.0,0.86,1.0,0.86
79020001,frontier_t0,random_mutation,6,False,NO_CHOICE,NO_CHOICE,"Random remove wall at (10, 6)",Rejected: neutral or insufficient lexicographic improvement,1.0,0.86,1.0,0.86
79020001,frontier_t0,random_mutation,7,False,NO_CHOICE,NO_CHOICE,"Random add wall at (8, 8)",Rejected: neutral or insufficient lexicographic improvement,1.0,0.86,1.0,0.88
79020001,frontier_t0,random_mutation,8,False,NO_CHOICE,NO_CHOICE,Random remove switch-gate pair,Rejected: neutral or insufficient lexicographic improvement,1.0,0.86,1.0,0.86
79020001,frontier_t0,random_mutation,9,False,NO_CHOICE,NO_CHOICE,Random remove key-door pair,Rejected: neutral or insufficient lexicographic improvement,1.0,0.86,1.0,0.86
79020001,frontier_t0,random_mutation,10,False,NO_CHOICE,NO_CHOICE,Random remove block,Rejected: neutral or insufficient lexicographic improvement,1.0,0.86,1.0,0.86
79020001,frontier_t0,random_mutation,11,True,NO_CHOICE,NO_CHOICE,Random remove teleporter,Accepted: increased state richness (328 -> 375),1.0,0.9,1.0,0.9
79020001,frontier_t0,random_mutation,12,False,NO_CHOICE,NO_CHOICE,Random remove switch-gate pair,Rejected: neutral or insufficient lexicographic improvement,1.0,0.9,1.0,0.86
79020001,frontier_t0,random_mutation,13,False,NO_CHOICE,NO_CHOICE,Random remove key-door pair,Rejected: neutral or insufficient lexicographic improvement,1.0,0.9,1.0,0.9
79020001,frontier_t0,random_mutation,14,False,NO_CHOICE,NO_CHOICE,Random remove switch-gate pair,Rejected: neutral or insufficient lexicographic improvement,1.0,0.9,1.0,0.86
79020001,frontier_t0,random_mutation,15,False,NO_CHOICE,NO_CHOICE,"Random move start to (4, 10)",Rejected: degraded strategic advantage (-0.16),1.0,0.9,1.0,0.74
79020001,frontier_t0,random_mutation,16,False,NO_CHOICE,NO_CHOICE,"Random move goal to (3, 7)",Rejected: neutral or insufficient lexicographic improvement,1.0,0.9,1.0,0.84
79020001,frontier_t0,random_mutation,17,False,NO_CHOICE,NO_CHOICE,"Random move start to (3, 9)",Rejected: degraded strategic advantage (-0.20),1.0,0.9,1.0,0.7
79020001,frontier_t0,random_mutation,18,False,NO_CHOICE,NO_CHOICE,Random remove key-door pair,Rejected: neutral or insufficient lexicographic improvement,1.0,0.9,1.0,0.9
79020001,frontier_t0,random_mutation,19,False,NO_CHOICE,NO_CHOICE,Random remove key-door pair,Rejected: neutral or insufficient lexicographic improvement,1.0,0.9,1.0,0.9
79020001,frontier_t0,random_mutation,20,False,NO_CHOICE,NO_CHOICE,"Random move start to (1, 4)",Rejected: degraded strategic advantage (-0.60),1.0,0.9,1.0,0.3
79020001,structural,targeted,0,True,INITIAL,NO_CHOICE,Initial G0,Initial G0,1.0,0.72,1.0,0.72
79020001,structural,targeted,1,False,NO_CHOICE,NO_CHOICE,"Move wall from (5, 5) to (7, 2)",Rejected: neutral or insufficient lexicographic improvement,1.0,0.72,1.0,0.78
79020001,structural,targeted,2,True,NO_CHOICE,NO_CHOICE,"Move wall from (3, 2) to (1, 7)",Accepted: significantly increased strategic advantage (+0.14),1.0,0.86,1.0,0.86
79020001,structural,targeted,3,False,NO_CHOICE,NO_CHOICE,"Move wall from (9, 6) to (8, 8)",Rejected: neutral or insufficient lexicographic improvement,1.0,0.86,1.0,0.86
79020001,structural,targeted,4,False,NO_CHOICE,NO_CHOICE,"Add wall at (10, 10)",Rejected: neutral or insufficient lexicographic improvement,1.0,0.86,1.0,0.86
79020001,structural,targeted,5,False,NO_CHOICE,NO_CHOICE,"Add wall at (9, 8)",Rejected: neutral or insufficient lexicographic improvement,1.0,0.86,1.0,0.86
79020001,structural,targeted,6,True,NO_CHOICE,NO_CHOICE,"Remove wall at (1, 5) to open alternative branch",Accepted: increased state richness (381 -> 389),1.0,0.86,1.0,0.86
79020001,structural,targeted,7,False,NO_CHOICE,NO_CHOICE,"Remove wall at (8, 5) to open alternative branch",Rejected: neutral or insufficient lexicographic improvement,1.0,0.86,1.0,0.86
79020001,structural,targeted,8,False,NO_CHOICE,NO_CHOICE,"Remove wall at (8, 5) to open alternative branch",Rejected: neutral or insufficient lexicographic improvement,1.0,0.86,1.0,0.86
79020001,structural,targeted,9,False,NO_CHOICE,NO_CHOICE,"Add wall at (3, 9)",Rejected: neutral or insufficient lexicographic improvement,1.0,0.86,1.0,0.82
79020001,structural,targeted,10,False,NO_CHOICE,NO_CHOICE,"Remove wall at (10, 6) to open alternative branch",Rejected: neutral or insufficient lexicographic improvement,1.0,0.86,1.0,0.86
79020001,structural,targeted,11,False,NO_CHOICE,NO_CHOICE,"Add wall at (5, 7)",Rejected: neutral or insufficient lexicographic improvement,1.0,0.86,1.0,0.9
79020001,structural,targeted,12,False,NO_CHOICE,NO_CHOICE,"Add wall at (8, 2)",Rejected: neutral or insufficient lexicographic improvement,1.0,0.86,1.0,0.82
79020001,structural,targeted,13,False,NO_CHOICE,NO_CHOICE,"Add wall at (9, 9)",Rejected: neutral or insufficient lexicographic improvement,1.0,0.86,1.0,0.86
79020001,structural,targeted,14,False,NO_CHOICE,NO_CHOICE,"Add wall at (3, 7)",Rejected: neutral or insufficient lexicographic improvement,1.0,0.86,1.0,0.84
79020001,structural,targeted,15,False,NO_CHOICE,NO_CHOICE,"Move wall from (6, 3) to (5, 6)",Rejected: neutral or insufficient lexicographic improvement,1.0,0.86,1.0,0.84
79020001,structural,targeted,16,False,NO_CHOICE,NO_CHOICE,"Remove wall at (5, 5) to open alternative branch",Rejected: neutral or insufficient lexicographic improvement,1.0,0.86,1.0,0.74
79020001,structural,targeted,17,False,NO_CHOICE,NO_CHOICE,"Add wall at (6, 6)",Rejected: neutral or insufficient lexicographic improvement,1.0,0.86,1.0,0.84
79020001,structural,targeted,18,False,NO_CHOICE,NO_CHOICE,"Remove wall at (9, 2) to open alternative branch",Rejected: neutral or insufficient lexicographic improvement,1.0,0.86,1.0,0.86
79020001,structural,targeted,19,False,NO_CHOICE,NO_CHOICE,"Move wall from (5, 5) to (3, 7)",Rejected: neutral or insufficient lexicographic improvement,1.0,0.86,1.0,0.74
79020001,structural,targeted,20,False,NO_CHOICE,NO_CHOICE,"Remove wall at (7, 1) to open alternative branch",Rejected: neutral or insufficient lexicographic improvement,1.0,0.86,1.0,0.86
79020001,structural,random_mutation,0,True,INITIAL,NO_CHOICE,Initial G0,Initial G0,1.0,0.72,1.0,0.72
79020001,structural,random_mutation,1,False,NO_CHOICE,NO_CHOICE,Random remove block,Rejected: neutral or insufficient lexicographic improvement,1.0,0.72,1.0,0.72
79020001,structural,random_mutation,2,True,NO_CHOICE,NO_CHOICE,"Random move start to (7, 8)",Accepted: significantly increased strategic advantage (+0.14),1.0,0.86,1.0,0.86
79020001,structural,random_mutation,3,False,NO_CHOICE,NO_CHOICE,"Random remove hazard at (6, 2)",Rejected: neutral or insufficient lexicographic improvement,1.0,0.86,1.0,0.88
79020001,structural,random_mutation,4,False,NO_CHOICE,NO_CHOICE,Random remove switch-gate pair,Rejected: neutral or insufficient lexicographic improvement,1.0,0.86,1.0,0.86
79020001,structural,random_mutation,5,False,NO_CHOICE,NO_CHOICE,Random remove block,Rejected: neutral or insufficient lexicographic improvement,1.0,0.86,1.0,0.86
79020001,structural,random_mutation,6,False,NO_CHOICE,NO_CHOICE,"Random remove wall at (10, 6)",Rejected: neutral or insufficient lexicographic improvement,1.0,0.86,1.0,0.86
79020001,structural,random_mutation,7,False,NO_CHOICE,NO_CHOICE,"Random add wall at (8, 8)",Rejected: neutral or insufficient lexicographic improvement,1.0,0.86,1.0,0.88
79020001,structural,random_mutation,8,False,NO_CHOICE,NO_CHOICE,Random remove switch-gate pair,Rejected: neutral or insufficient lexicographic improvement,1.0,0.86,1.0,0.86
79020001,structural,random_mutation,9,False,NO_CHOICE,NO_CHOICE,Random remove key-door pair,Rejected: neutral or insufficient lexicographic improvement,1.0,0.86,1.0,0.86
79020001,structural,random_mutation,10,False,NO_CHOICE,NO_CHOICE,Random remove block,Rejected: neutral or insufficient lexicographic improvement,1.0,0.86,1.0,0.86
79020001,structural,random_mutation,11,True,NO_CHOICE,NO_CHOICE,Random remove teleporter,Accepted: increased state richness (448 -> 460),1.0,0.9,1.0,0.9
79020001,structural,random_mutation,12,False,NO_CHOICE,NO_CHOICE,Random remove switch-gate pair,Rejected: neutral or insufficient lexicographic improvement,1.0,0.9,1.0,0.86
79020001,structural,random_mutation,13,False,NO_CHOICE,NO_CHOICE,Random remove key-door pair,Rejected: neutral or insufficient lexicographic improvement,1.0,0.9,1.0,0.9
79020001,structural,random_mutation,14,False,NO_CHOICE,NO_CHOICE,Random remove switch-gate pair,Rejected: neutral or insufficient lexicographic improvement,1.0,0.9,1.0,0.86
79020001,structural,random_mutation,15,False,NO_CHOICE,NO_CHOICE,"Random move start to (4, 10)",Rejected: degraded strategic advantage (-0.16),1.0,0.9,1.0,0.74
79020001,structural,random_mutation,16,False,NO_CHOICE,NO_CHOICE,"Random move goal to (3, 7)",Rejected: neutral or insufficient lexicographic improvement,1.0,0.9,1.0,0.84
79020001,structural,random_mutation,17,False,NO_CHOICE,NO_CHOICE,"Random move start to (3, 9)",Rejected: degraded strategic advantage (-0.20),1.0,0.9,1.0,0.7
79020001,structural,random_mutation,18,False,NO_CHOICE,NO_CHOICE,Random remove key-door pair,Rejected: neutral or insufficient lexicographic improvement,1.0,0.9,1.0,0.9
79020001,structural,random_mutation,19,False,NO_CHOICE,NO_CHOICE,Random remove key-door pair,Rejected: neutral or insufficient lexicographic improvement,1.0,0.9,1.0,0.9
79020001,structural,random_mutation,20,False,NO_CHOICE,NO_CHOICE,"Random move start to (1, 4)",Rejected: degraded strategic advantage (-0.60),1.0,0.9,1.0,0.3
79020001,virtual_frontier,targeted,0,True,INITIAL,NO_CHOICE,Initial G0,Initial G0,1.0,0.72,1.0,0.72
79020001,virtual_frontier,targeted,1,False,NO_CHOICE,NO_CHOICE,"Move wall from (5, 5) to (7, 2)",Rejected: neutral or insufficient lexicographic improvement,1.0,0.72,1.0,0.78
79020001,virtual_frontier,targeted,2,True,NO_CHOICE,NO_CHOICE,"Move wall from (3, 2) to (1, 7)",Accepted: significantly increased strategic advantage (+0.14),1.0,0.86,1.0,0.86
79020001,virtual_frontier,targeted,3,False,NO_CHOICE,NO_CHOICE,"Move wall from (9, 6) to (8, 8)",Rejected: neutral or insufficient lexicographic improvement,1.0,0.86,1.0,0.86
79020001,virtual_frontier,targeted,4,False,NO_CHOICE,NO_CHOICE,"Add wall at (10, 10)",Rejected: neutral or insufficient lexicographic improvement,1.0,0.86,1.0,0.86
79020001,virtual_frontier,targeted,5,False,NO_CHOICE,NO_CHOICE,"Add wall at (9, 8)",Rejected: neutral or insufficient lexicographic improvement,1.0,0.86,1.0,0.86
79020001,virtual_frontier,targeted,6,True,NO_CHOICE,NO_CHOICE,"Remove wall at (1, 5) to open alternative branch",Accepted: increased state richness (347 -> 358),1.0,0.86,1.0,0.86
79020001,virtual_frontier,targeted,7,False,NO_CHOICE,NO_CHOICE,"Remove wall at (8, 5) to open alternative branch",Rejected: neutral or insufficient lexicographic improvement,1.0,0.86,1.0,0.86
79020001,virtual_frontier,targeted,8,False,NO_CHOICE,NO_CHOICE,"Remove wall at (8, 5) to open alternative branch",Rejected: neutral or insufficient lexicographic improvement,1.0,0.86,1.0,0.86
79020001,virtual_frontier,targeted,9,False,NO_CHOICE,NO_CHOICE,"Add wall at (3, 9)",Rejected: neutral or insufficient lexicographic improvement,1.0,0.86,1.0,0.82
79020001,virtual_frontier,targeted,10,True,NO_CHOICE,NO_CHOICE,"Remove wall at (10, 6) to open alternative branch",Accepted: increased state richness (358 -> 375),1.0,0.86,1.0,0.86
79020001,virtual_frontier,targeted,11,False,NO_CHOICE,NO_CHOICE,"Add wall at (5, 7)",Rejected: neutral or insufficient lexicographic improvement,1.0,0.86,1.0,0.9
79020001,virtual_frontier,targeted,12,False,NO_CHOICE,NO_CHOICE,"Add wall at (8, 2)",Rejected: neutral or insufficient lexicographic improvement,1.0,0.86,1.0,0.82
79020001,virtual_frontier,targeted,13,False,NO_CHOICE,NO_CHOICE,"Add wall at (9, 9)",Rejected: neutral or insufficient lexicographic improvement,1.0,0.86,1.0,0.86
79020001,virtual_frontier,targeted,14,True,NO_CHOICE,NO_CHOICE,"Add wall at (3, 7)",Accepted: increased state richness (375 -> 403),1.0,0.84,1.0,0.84
79020001,virtual_frontier,targeted,15,False,NO_CHOICE,NO_CHOICE,"Move wall from (6, 1) to (5, 7)",Rejected: neutral or insufficient lexicographic improvement,1.0,0.84,1.0,0.9
79020001,virtual_frontier,targeted,16,True,NO_CHOICE,NO_CHOICE,"Remove wall at (3, 8) to open alternative branch",Accepted: increased state richness (403 -> 409),1.0,0.82,1.0,0.82
79020001,virtual_frontier,targeted,17,False,NO_CHOICE,NO_CHOICE,"Add wall at (6, 6)",Rejected: neutral or insufficient lexicographic improvement,1.0,0.82,1.0,0.78
79020001,virtual_frontier,targeted,18,False,NO_CHOICE,NO_CHOICE,"Remove wall at (3, 7) to open alternative branch",Rejected: neutral or insufficient lexicographic improvement,1.0,0.82,1.0,0.68
79020001,virtual_frontier,targeted,19,False,NO_CHOICE,NO_CHOICE,"Move wall from (5, 5) to (3, 8)",Rejected: neutral or insufficient lexicographic improvement,1.0,0.82,1.0,0.74
79020001,virtual_frontier,targeted,20,False,NO_CHOICE,NO_CHOICE,"Remove wall at (10, 9) to open alternative branch",Rejected: neutral or insufficient lexicographic improvement,1.0,0.82,1.0,0.82
79020001,virtual_frontier,random_mutation,0,True,INITIAL,NO_CHOICE,Initial G0,Initial G0,1.0,0.72,1.0,0.72
79020001,virtual_frontier,random_mutation,1,False,NO_CHOICE,NO_CHOICE,Random remove block,Rejected: neutral or insufficient lexicographic improvement,1.0,0.72,1.0,0.72
79020001,virtual_frontier,random_mutation,2,True,NO_CHOICE,NO_CHOICE,"Random move start to (7, 8)",Accepted: significantly increased strategic advantage (+0.14),1.0,0.86,1.0,0.86
79020001,virtual_frontier,random_mutation,3,False,NO_CHOICE,NO_CHOICE,"Random remove hazard at (6, 2)",Rejected: neutral or insufficient lexicographic improvement,1.0,0.86,1.0,0.88
79020001,virtual_frontier,random_mutation,4,False,NO_CHOICE,NO_CHOICE,Random remove switch-gate pair,Rejected: neutral or insufficient lexicographic improvement,1.0,0.86,1.0,0.86
79020001,virtual_frontier,random_mutation,5,False,NO_CHOICE,NO_CHOICE,Random remove block,Rejected: neutral or insufficient lexicographic improvement,1.0,0.86,1.0,0.86
79020001,virtual_frontier,random_mutation,6,True,NO_CHOICE,NO_CHOICE,"Random remove wall at (10, 6)",Accepted: increased state richness (445 -> 462),1.0,0.86,1.0,0.86
79020001,virtual_frontier,random_mutation,7,False,NO_CHOICE,NO_CHOICE,"Random add wall at (8, 8)",Rejected: neutral or insufficient lexicographic improvement,1.0,0.86,1.0,0.88
79020001,virtual_frontier,random_mutation,8,False,NO_CHOICE,NO_CHOICE,Random remove switch-gate pair,Rejected: neutral or insufficient lexicographic improvement,1.0,0.86,1.0,0.86
79020001,virtual_frontier,random_mutation,9,False,NO_CHOICE,NO_CHOICE,Random remove key-door pair,Rejected: neutral or insufficient lexicographic improvement,1.0,0.86,1.0,0.88
79020001,virtual_frontier,random_mutation,10,False,NO_CHOICE,NO_CHOICE,Random remove block,Rejected: neutral or insufficient lexicographic improvement,1.0,0.86,1.0,0.86
79020001,virtual_frontier,random_mutation,11,False,NO_CHOICE,NO_CHOICE,Random remove teleporter,Rejected: neutral or insufficient lexicographic improvement,1.0,0.86,1.0,0.9
79020001,virtual_frontier,random_mutation,12,False,NO_CHOICE,NO_CHOICE,Random remove switch-gate pair,Rejected: neutral or insufficient lexicographic improvement,1.0,0.86,1.0,0.86
79020001,virtual_frontier,random_mutation,13,False,NO_CHOICE,NO_CHOICE,Random remove key-door pair,Rejected: neutral or insufficient lexicographic improvement,1.0,0.86,1.0,0.88
79020001,virtual_frontier,random_mutation,14,False,NO_CHOICE,NO_CHOICE,Random remove switch-gate pair,Rejected: neutral or insufficient lexicographic improvement,1.0,0.86,1.0,0.86
79020001,virtual_frontier,random_mutation,15,False,NO_CHOICE,NO_CHOICE,"Random move start to (4, 10)",Rejected: neutral or insufficient lexicographic improvement,1.0,0.86,1.0,0.72
79020001,virtual_frontier,random_mutation,16,False,NO_CHOICE,NO_CHOICE,"Random move goal to (3, 7)",Rejected: neutral or insufficient lexicographic improvement,1.0,0.86,1.0,0.8
79020001,virtual_frontier,random_mutation,17,False,NO_CHOICE,NO_CHOICE,"Random move start to (3, 9)",Rejected: degraded strategic advantage (-0.16),1.0,0.86,1.0,0.7
79020001,virtual_frontier,random_mutation,18,False,NO_CHOICE,NO_CHOICE,Random remove key-door pair,Rejected: neutral or insufficient lexicographic improvement,1.0,0.86,1.0,0.88
79020001,virtual_frontier,random_mutation,19,False,NO_CHOICE,NO_CHOICE,Random remove key-door pair,Rejected: neutral or insufficient lexicographic improvement,1.0,0.86,1.0,0.88
79020001,virtual_frontier,random_mutation,20,False,NO_CHOICE,NO_CHOICE,"Random move start to (1, 4)",Rejected: degraded strategic advantage (-0.56),1.0,0.86,1.0,0.3
79020002,frontier_t0,targeted,0,True,INITIAL,TOO_EASY,Initial G0,Initial G0,1.0,0.38,1.0,0.38
79020002,frontier_t0,targeted,1,False,TOO_EASY,TOO_EASY,"Add wall at (4, 8)",Rejected: neutral or insufficient lexicographic improvement,1.0,0.38,1.0,0.36
79020002,frontier_t0,targeted,2,True,TOO_EASY,TOO_EASY,"Add wall at (4, 3) between start and goal",Accepted: significantly increased strategic advantage (+0.24),1.0,0.62,1.0,0.62
79020002,frontier_t0,targeted,3,False,TOO_EASY,TOO_EASY,"Move goal farther to (10, 10)",Rejected: candidate rendered game unsolvable,1.0,0.62,0.0,-0.02
79020002,frontier_t0,targeted,4,False,TOO_EASY,TOO_EASY,"Add wall at (10, 9)",Rejected: neutral or insufficient lexicographic improvement,1.0,0.62,1.0,0.62
79020002,frontier_t0,targeted,5,False,TOO_EASY,TOO_EASY,"Move wall from (3, 2) to (8, 5)",Rejected: neutral or insufficient lexicographic improvement,1.0,0.62,1.0,0.52
79020002,frontier_t0,targeted,6,False,TOO_EASY,TOO_EASY,"Add wall at (3, 3) between start and goal",Rejected: neutral or insufficient lexicographic improvement,1.0,0.62,1.0,0.6
79020002,frontier_t0,targeted,7,False,TOO_EASY,TOO_EASY,"Move goal farther to (10, 10)",Rejected: candidate rendered game unsolvable,1.0,0.62,0.0,-0.02
79020002,frontier_t0,targeted,8,False,TOO_EASY,TOO_EASY,"Move goal farther to (10, 10)",Rejected: candidate rendered game unsolvable,1.0,0.62,0.0,-0.02
79020002,frontier_t0,targeted,9,False,TOO_EASY,TOO_EASY,"Add wall at (3, 3) between start and goal",Rejected: neutral or insufficient lexicographic improvement,1.0,0.62,1.0,0.6
79020002,frontier_t0,targeted,10,True,TOO_EASY,TOO_EASY,"Add hazard at (5, 1)",Accepted: increased state richness (297 -> 304),1.0,0.62,1.0,0.62
79020002,frontier_t0,targeted,11,False,TOO_EASY,TOO_EASY,"Add wall at (3, 3) between start and goal",Rejected: neutral or insufficient lexicographic improvement,1.0,0.62,1.0,0.6
79020002,frontier_t0,targeted,12,False,TOO_EASY,TOO_EASY,"Move goal farther to (10, 10)",Rejected: candidate rendered game unsolvable,1.0,0.62,0.0,-0.02
79020002,frontier_t0,targeted,13,True,TOO_EASY,TOO_EASY,"Add hazard at (2, 9)",Accepted: increased state richness (304 -> 390),1.0,0.62,1.0,0.62
79020002,frontier_t0,targeted,14,False,TOO_EASY,TOO_EASY,"Add hazard at (5, 9)",Rejected: neutral or insufficient lexicographic improvement,1.0,0.62,1.0,0.62
79020002,frontier_t0,targeted,15,False,TOO_EASY,TOO_EASY,"Add hazard at (10, 3)",Rejected: neutral or insufficient lexicographic improvement,1.0,0.62,1.0,0.6
79020002,frontier_t0,targeted,16,False,TOO_EASY,TOO_EASY,"Add wall at (3, 3) between start and goal",Rejected: neutral or insufficient lexicographic improvement,1.0,0.62,1.0,0.56
79020002,frontier_t0,targeted,17,False,TOO_EASY,TOO_EASY,"Add wall at (3, 3) between start and goal",Rejected: neutral or insufficient lexicographic improvement,1.0,0.62,1.0,0.56
79020002,frontier_t0,targeted,18,True,TOO_EASY,NO_CHOICE,"Move goal farther to (10, 10)",Accepted: significantly increased strategic advantage (+0.36),1.0,0.98,1.0,0.98
79020002,frontier_t0,targeted,19,False,NO_CHOICE,NO_CHOICE,"Add wall at (5, 2)",Rejected: candidate rendered game unsolvable,1.0,0.98,0.0,-0.02
79020002,frontier_t0,targeted,20,False,NO_CHOICE,NO_CHOICE,"Move wall from (3, 2) to (5, 4)",Rejected: candidate rendered game unsolvable,1.0,0.98,0.0,0.0
79020002,frontier_t0,random_mutation,0,True,INITIAL,TOO_EASY,Initial G0,Initial G0,1.0,0.38,1.0,0.38
79020002,frontier_t0,random_mutation,1,True,TOO_EASY,NO_CHOICE,"Random move start to (4, 8)",Accepted: significantly increased strategic advantage (+0.32),1.0,0.7,1.0,0.7
79020002,frontier_t0,random_mutation,2,True,NO_CHOICE,NO_CHOICE,"Random add hazard at (8, 4)",Accepted: significantly increased strategic advantage (+0.10),1.0,0.8,1.0,0.8
79020002,frontier_t0,random_mutation,3,False,NO_CHOICE,NO_CHOICE,"Random move start to (2, 3)",Rejected: degraded strategic advantage (-0.32),1.0,0.8,1.0,0.48
79020002,frontier_t0,random_mutation,4,False,NO_CHOICE,NO_CHOICE,Random remove block,Rejected: neutral or insufficient lexicographic improvement,1.0,0.8,1.0,0.8
79020002,frontier_t0,random_mutation,5,True,NO_CHOICE,NO_CHOICE,Random remove teleporter,Accepted: increased state richness (487 -> 544),1.0,0.8,1.0,0.8
79020002,frontier_t0,random_mutation,6,False,NO_CHOICE,NO_CHOICE,"Random move goal to (7, 8)",Rejected: degraded strategic advantage (-0.36),1.0,0.8,1.0,0.44
79020002,frontier_t0,random_mutation,7,False,NO_CHOICE,NO_CHOICE,"Random add wall at (8, 5)",Rejected: neutral or insufficient lexicographic improvement,1.0,0.8,1.0,0.76
79020002,frontier_t0,random_mutation,8,False,NO_CHOICE,NO_CHOICE,Random remove key-door pair,Rejected: neutral or insufficient lexicographic improvement,1.0,0.8,1.0,0.8
79020002,frontier_t0,random_mutation,9,False,NO_CHOICE,NO_CHOICE,"Random add hazard at (8, 7)",Rejected: neutral or insufficient lexicographic improvement,1.0,0.8,1.0,0.7
79020002,frontier_t0,random_mutation,10,False,NO_CHOICE,NO_CHOICE,Random remove block,Rejected: neutral or insufficient lexicographic improvement,1.0,0.8,1.0,0.8
79020002,frontier_t0,random_mutation,11,False,NO_CHOICE,NO_CHOICE,Random remove switch-gate pair,Rejected: neutral or insufficient lexicographic improvement,1.0,0.8,1.0,0.78
79020002,frontier_t0,random_mutation,12,False,NO_CHOICE,NO_CHOICE,"Random add wall at (6, 7)",Rejected: neutral or insufficient lexicographic improvement,1.0,0.8,1.0,0.82
79020002,frontier_t0,random_mutation,13,False,NO_CHOICE,NO_CHOICE,"Random move goal to (2, 3)",Rejected: neutral or insufficient lexicographic improvement,1.0,0.8,1.0,0.88
79020002,frontier_t0,random_mutation,14,False,NO_CHOICE,NO_CHOICE,Random remove switch-gate pair,Rejected: neutral or insufficient lexicographic improvement,1.0,0.8,1.0,0.78
79020002,frontier_t0,random_mutation,15,False,NO_CHOICE,NO_CHOICE,"Random remove hazard at (8, 4)",Rejected: neutral or insufficient lexicographic improvement,1.0,0.8,1.0,0.76
79020002,frontier_t0,random_mutation,16,False,NO_CHOICE,NO_CHOICE,"Random remove hazard at (8, 4)",Rejected: neutral or insufficient lexicographic improvement,1.0,0.8,1.0,0.76
79020002,frontier_t0,random_mutation,17,False,NO_CHOICE,NO_CHOICE,"Random remove hazard at (4, 1)",Rejected: neutral or insufficient lexicographic improvement,1.0,0.8,1.0,0.82
79020002,frontier_t0,random_mutation,18,False,NO_CHOICE,NO_CHOICE,Random remove block,Rejected: neutral or insufficient lexicographic improvement,1.0,0.8,1.0,0.8
79020002,frontier_t0,random_mutation,19,False,NO_CHOICE,NO_CHOICE,"Random add hazard at (2, 4)",Rejected: neutral or insufficient lexicographic improvement,1.0,0.8,1.0,0.82
79020002,frontier_t0,random_mutation,20,False,NO_CHOICE,NO_CHOICE,Random remove key-door pair,Rejected: neutral or insufficient lexicographic improvement,1.0,0.8,1.0,0.8
79020002,structural,targeted,0,True,INITIAL,TOO_EASY,Initial G0,Initial G0,1.0,0.38,1.0,0.38
79020002,structural,targeted,1,True,TOO_EASY,TOO_EASY,"Add wall at (4, 8)",Accepted: increased state richness (431 -> 468),1.0,0.36,1.0,0.36
79020002,structural,targeted,2,True,TOO_EASY,TOO_EASY,"Add wall at (4, 3) between start and goal",Accepted: significantly increased strategic advantage (+0.26),1.0,0.62,1.0,0.62
79020002,structural,targeted,3,False,TOO_EASY,TOO_EASY,"Move goal farther to (10, 10)",Rejected: candidate rendered game unsolvable,1.0,0.62,0.0,-0.02
79020002,structural,targeted,4,False,TOO_EASY,TOO_EASY,"Add wall at (10, 10)",Rejected: neutral or insufficient lexicographic improvement,1.0,0.62,1.0,0.62
79020002,structural,targeted,5,False,TOO_EASY,TOO_EASY,"Move wall from (6, 6) to (8, 6)",Rejected: neutral or insufficient lexicographic improvement,1.0,0.62,1.0,0.68
79020002,structural,targeted,6,False,TOO_EASY,TOO_EASY,"Add wall at (3, 3) between start and goal",Rejected: neutral or insufficient lexicographic improvement,1.0,0.62,1.0,0.6
79020002,structural,targeted,7,False,TOO_EASY,TOO_EASY,"Move goal farther to (10, 10)",Rejected: candidate rendered game unsolvable,1.0,0.62,0.0,-0.02
79020002,structural,targeted,8,False,TOO_EASY,TOO_EASY,"Move goal farther to (10, 10)",Rejected: candidate rendered game unsolvable,1.0,0.62,0.0,-0.02
79020002,structural,targeted,9,False,TOO_EASY,TOO_EASY,"Add wall at (3, 3) between start and goal",Rejected: neutral or insufficient lexicographic improvement,1.0,0.62,1.0,0.6
79020002,structural,targeted,10,False,TOO_EASY,TOO_EASY,"Add hazard at (5, 2)",Rejected: neutral or insufficient lexicographic improvement,1.0,0.62,1.0,0.62
79020002,structural,targeted,11,False,TOO_EASY,TOO_EASY,"Add wall at (3, 3) between start and goal",Rejected: neutral or insufficient lexicographic improvement,1.0,0.62,1.0,0.6
79020002,structural,targeted,12,False,TOO_EASY,TOO_EASY,"Move goal farther to (10, 10)",Rejected: candidate rendered game unsolvable,1.0,0.62,0.0,-0.02
79020002,structural,targeted,13,False,TOO_EASY,TOO_EASY,"Add hazard at (2, 9)",Rejected: neutral or insufficient lexicographic improvement,1.0,0.62,1.0,0.62
79020002,structural,targeted,14,False,TOO_EASY,TOO_EASY,"Add hazard at (10, 10)",Rejected: neutral or insufficient lexicographic improvement,1.0,0.62,1.0,0.62
79020002,structural,targeted,15,False,TOO_EASY,TOO_EASY,"Add wall at (10, 1)",Rejected: neutral or insufficient lexicographic improvement,1.0,0.62,1.0,0.62
79020002,structural,targeted,16,False,TOO_EASY,TOO_EASY,"Add wall at (3, 3) between start and goal",Rejected: neutral or insufficient lexicographic improvement,1.0,0.62,1.0,0.6
79020002,structural,targeted,17,False,TOO_EASY,TOO_EASY,"Add wall at (3, 3) between start and goal",Rejected: neutral or insufficient lexicographic improvement,1.0,0.62,1.0,0.6
79020002,structural,targeted,18,False,TOO_EASY,TOO_EASY,"Move goal farther to (10, 10)",Rejected: candidate rendered game unsolvable,1.0,0.62,0.0,-0.02
79020002,structural,targeted,19,False,TOO_EASY,TOO_EASY,"Add wall at (8, 8)",Rejected: neutral or insufficient lexicographic improvement,1.0,0.62,1.0,0.62
79020002,structural,targeted,20,True,TOO_EASY,TOO_EASY,"Move wall from (3, 1) to (3, 3)",Accepted: increased state richness (454 -> 465),1.0,0.6,1.0,0.6
79020002,structural,random_mutation,0,True,INITIAL,TOO_EASY,Initial G0,Initial G0,1.0,0.38,1.0,0.38
79020002,structural,random_mutation,1,True,TOO_EASY,NO_CHOICE,"Random move start to (4, 8)",Accepted: significantly increased strategic advantage (+0.32),1.0,0.7,1.0,0.7
79020002,structural,random_mutation,2,True,NO_CHOICE,NO_CHOICE,"Random add hazard at (8, 4)",Accepted: significantly increased strategic advantage (+0.10),1.0,0.8,1.0,0.8
79020002,structural,random_mutation,3,False,NO_CHOICE,NO_CHOICE,"Random move start to (2, 3)",Rejected: degraded strategic advantage (-0.32),1.0,0.8,1.0,0.48
79020002,structural,random_mutation,4,False,NO_CHOICE,NO_CHOICE,Random remove block,Rejected: neutral or insufficient lexicographic improvement,1.0,0.8,1.0,0.8
79020002,structural,random_mutation,5,False,NO_CHOICE,NO_CHOICE,Random remove teleporter,Rejected: neutral or insufficient lexicographic improvement,1.0,0.8,1.0,0.8
79020002,structural,random_mutation,6,True,NO_CHOICE,NO_CHOICE,"Random move goal to (8, 1)",Accepted: significantly increased strategic advantage (+0.16),1.0,0.96,1.0,0.96
79020002,structural,random_mutation,7,False,NO_CHOICE,NO_CHOICE,"Random add wall at (8, 7)",Rejected: neutral or insufficient lexicographic improvement,1.0,0.96,1.0,0.96
79020002,structural,random_mutation,8,False,NO_CHOICE,NO_CHOICE,Random remove key-door pair,Rejected: neutral or insufficient lexicographic improvement,1.0,0.96,1.0,0.96
79020002,structural,random_mutation,9,False,NO_CHOICE,NO_CHOICE,"Random add hazard at (9, 1)",Rejected: neutral or insufficient lexicographic improvement,1.0,0.96,1.0,0.98
79020002,structural,random_mutation,10,False,NO_CHOICE,NO_CHOICE,Random remove block,Rejected: neutral or insufficient lexicographic improvement,1.0,0.96,1.0,0.96
79020002,structural,random_mutation,11,False,NO_CHOICE,NO_CHOICE,Random remove switch-gate pair,Rejected: neutral or insufficient lexicographic improvement,1.0,0.96,1.0,0.96
79020002,structural,random_mutation,12,False,NO_CHOICE,NO_CHOICE,"Random add wall at (6, 8)",Rejected: neutral or insufficient lexicographic improvement,1.0,0.96,1.0,0.92
79020002,structural,random_mutation,13,False,NO_CHOICE,NO_CHOICE,"Random move goal to (2, 3)",Rejected: neutral or insufficient lexicographic improvement,1.0,0.96,1.0,0.9
79020002,structural,random_mutation,14,False,NO_CHOICE,NO_CHOICE,Random remove switch-gate pair,Rejected: neutral or insufficient lexicographic improvement,1.0,0.96,1.0,0.96
79020002,structural,random_mutation,15,False,NO_CHOICE,NO_CHOICE,"Random remove hazard at (8, 4)",Rejected: degraded strategic advantage (-0.80),1.0,0.96,0.2,0.16
79020002,structural,random_mutation,16,False,NO_CHOICE,NO_CHOICE,"Random remove hazard at (8, 4)",Rejected: degraded strategic advantage (-0.80),1.0,0.96,0.2,0.16
79020002,structural,random_mutation,17,True,NO_CHOICE,NO_CHOICE,"Random remove hazard at (4, 1)",Accepted: increased state richness (464 -> 508),1.0,0.92,1.0,0.92
79020002,structural,random_mutation,18,False,NO_CHOICE,NO_CHOICE,Random remove block,Rejected: neutral or insufficient lexicographic improvement,1.0,0.92,1.0,0.92
79020002,structural,random_mutation,19,False,NO_CHOICE,NO_CHOICE,"Random add hazard at (2, 4)",Rejected: neutral or insufficient lexicographic improvement,1.0,0.92,1.0,0.96
79020002,structural,random_mutation,20,False,NO_CHOICE,NO_CHOICE,Random remove key-door pair,Rejected: neutral or insufficient lexicographic improvement,1.0,0.92,1.0,0.96
79020002,virtual_frontier,targeted,0,True,INITIAL,TOO_EASY,Initial G0,Initial G0,1.0,0.38,1.0,0.38
79020002,virtual_frontier,targeted,1,False,TOO_EASY,TOO_EASY,"Add wall at (4, 8)",Rejected: neutral or insufficient lexicographic improvement,1.0,0.38,1.0,0.36
79020002,virtual_frontier,targeted,2,True,TOO_EASY,TOO_EASY,"Add wall at (4, 3) between start and goal",Accepted: significantly increased strategic advantage (+0.24),1.0,0.62,1.0,0.62
79020002,virtual_frontier,targeted,3,False,TOO_EASY,TOO_EASY,"Move goal farther to (10, 10)",Rejected: candidate rendered game unsolvable,1.0,0.62,0.0,-0.02
79020002,virtual_frontier,targeted,4,False,TOO_EASY,TOO_EASY,"Add wall at (10, 9)",Rejected: neutral or insufficient lexicographic improvement,1.0,0.62,1.0,0.62
79020002,virtual_frontier,targeted,5,False,TOO_EASY,TOO_EASY,"Move wall from (3, 2) to (8, 5)",Rejected: neutral or insufficient lexicographic improvement,1.0,0.62,1.0,0.52
79020002,virtual_frontier,targeted,6,False,TOO_EASY,TOO_EASY,"Add wall at (3, 3) between start and goal",Rejected: neutral or insufficient lexicographic improvement,1.0,0.62,1.0,0.6
79020002,virtual_frontier,targeted,7,False,TOO_EASY,TOO_EASY,"Move goal farther to (10, 10)",Rejected: candidate rendered game unsolvable,1.0,0.62,0.0,-0.02
79020002,virtual_frontier,targeted,8,False,TOO_EASY,TOO_EASY,"Move goal farther to (10, 10)",Rejected: candidate rendered game unsolvable,1.0,0.62,0.0,-0.02
79020002,virtual_frontier,targeted,9,False,TOO_EASY,TOO_EASY,"Add wall at (3, 3) between start and goal",Rejected: neutral or insufficient lexicographic improvement,1.0,0.62,1.0,0.6
79020002,virtual_frontier,targeted,10,False,TOO_EASY,TOO_EASY,"Add hazard at (5, 1)",Rejected: neutral or insufficient lexicographic improvement,1.0,0.62,1.0,0.62
79020002,virtual_frontier,targeted,11,False,TOO_EASY,TOO_EASY,"Add wall at (3, 3) between start and goal",Rejected: neutral or insufficient lexicographic improvement,1.0,0.62,1.0,0.6
79020002,virtual_frontier,targeted,12,False,TOO_EASY,TOO_EASY,"Move goal farther to (10, 10)",Rejected: candidate rendered game unsolvable,1.0,0.62,0.0,-0.02
79020002,virtual_frontier,targeted,13,False,TOO_EASY,TOO_EASY,"Add hazard at (2, 9)",Rejected: neutral or insufficient lexicographic improvement,1.0,0.62,1.0,0.62
79020002,virtual_frontier,targeted,14,False,TOO_EASY,TOO_EASY,"Add hazard at (10, 9)",Rejected: neutral or insufficient lexicographic improvement,1.0,0.62,1.0,0.62
79020002,virtual_frontier,targeted,15,False,TOO_EASY,TOO_EASY,"Add wall at (9, 9)",Rejected: neutral or insufficient lexicographic improvement,1.0,0.62,1.0,0.62
79020002,virtual_frontier,targeted,16,False,TOO_EASY,TOO_EASY,"Add wall at (3, 3) between start and goal",Rejected: neutral or insufficient lexicographic improvement,1.0,0.62,1.0,0.6
79020002,virtual_frontier,targeted,17,False,TOO_EASY,TOO_EASY,"Add wall at (3, 3) between start and goal",Rejected: neutral or insufficient lexicographic improvement,1.0,0.62,1.0,0.6
79020002,virtual_frontier,targeted,18,False,TOO_EASY,TOO_EASY,"Move goal farther to (10, 10)",Rejected: candidate rendered game unsolvable,1.0,0.62,0.0,-0.02
79020002,virtual_frontier,targeted,19,False,TOO_EASY,TOO_EASY,"Add wall at (8, 7)",Rejected: neutral or insufficient lexicographic improvement,1.0,0.62,1.0,0.6
79020002,virtual_frontier,targeted,20,True,TOO_EASY,NO_CHOICE,"Move wall from (1, 7) to (3, 3)",Accepted: cured trivial rush (mean actions 5.0 -> 18.0),1.0,0.66,1.0,0.66
79020002,virtual_frontier,random_mutation,0,True,INITIAL,TOO_EASY,Initial G0,Initial G0,1.0,0.38,1.0,0.38
79020002,virtual_frontier,random_mutation,1,True,TOO_EASY,NO_CHOICE,"Random move start to (4, 8)",Accepted: significantly increased strategic advantage (+0.32),1.0,0.7,1.0,0.7
79020002,virtual_frontier,random_mutation,2,True,NO_CHOICE,NO_CHOICE,"Random add hazard at (8, 4)",Accepted: significantly increased strategic advantage (+0.10),1.0,0.8,1.0,0.8
79020002,virtual_frontier,random_mutation,3,False,NO_CHOICE,NO_CHOICE,"Random move start to (2, 3)",Rejected: degraded strategic advantage (-0.32),1.0,0.8,1.0,0.48
79020002,virtual_frontier,random_mutation,4,False,NO_CHOICE,NO_CHOICE,Random remove block,Rejected: neutral or insufficient lexicographic improvement,1.0,0.8,1.0,0.8
79020002,virtual_frontier,random_mutation,5,False,NO_CHOICE,NO_CHOICE,Random remove teleporter,Rejected: neutral or insufficient lexicographic improvement,1.0,0.8,1.0,0.8
79020002,virtual_frontier,random_mutation,6,True,NO_CHOICE,NO_CHOICE,"Random move goal to (8, 1)",Accepted: significantly increased strategic advantage (+0.16),1.0,0.96,1.0,0.96
79020002,virtual_frontier,random_mutation,7,False,NO_CHOICE,NO_CHOICE,"Random add wall at (8, 7)",Rejected: neutral or insufficient lexicographic improvement,1.0,0.96,1.0,0.96
79020002,virtual_frontier,random_mutation,8,False,NO_CHOICE,NO_CHOICE,Random remove key-door pair,Rejected: neutral or insufficient lexicographic improvement,1.0,0.96,1.0,0.96
79020002,virtual_frontier,random_mutation,9,False,NO_CHOICE,NO_CHOICE,"Random add hazard at (9, 1)",Rejected: neutral or insufficient lexicographic improvement,1.0,0.96,1.0,0.98
79020002,virtual_frontier,random_mutation,10,False,NO_CHOICE,NO_CHOICE,Random remove block,Rejected: neutral or insufficient lexicographic improvement,1.0,0.96,1.0,0.96
79020002,virtual_frontier,random_mutation,11,False,NO_CHOICE,NO_CHOICE,Random remove switch-gate pair,Rejected: neutral or insufficient lexicographic improvement,1.0,0.96,1.0,0.96
79020002,virtual_frontier,random_mutation,12,False,NO_CHOICE,NO_CHOICE,"Random add wall at (6, 8)",Rejected: neutral or insufficient lexicographic improvement,1.0,0.96,1.0,0.92
79020002,virtual_frontier,random_mutation,13,False,NO_CHOICE,NO_CHOICE,"Random move goal to (2, 3)",Rejected: neutral or insufficient lexicographic improvement,1.0,0.96,1.0,0.9
79020002,virtual_frontier,random_mutation,14,False,NO_CHOICE,NO_CHOICE,Random remove switch-gate pair,Rejected: neutral or insufficient lexicographic improvement,1.0,0.96,1.0,0.96
79020002,virtual_frontier,random_mutation,15,False,NO_CHOICE,NO_CHOICE,"Random remove hazard at (8, 4)",Rejected: candidate rendered game unsolvable,1.0,0.96,0.0,-0.04
79020002,virtual_frontier,random_mutation,16,False,NO_CHOICE,NO_CHOICE,"Random remove hazard at (8, 4)",Rejected: candidate rendered game unsolvable,1.0,0.96,0.0,-0.04
79020002,virtual_frontier,random_mutation,17,False,NO_CHOICE,NO_CHOICE,"Random remove hazard at (4, 1)",Rejected: neutral or insufficient lexicographic improvement,1.0,0.96,1.0,0.92
79020002,virtual_frontier,random_mutation,18,False,NO_CHOICE,NO_CHOICE,Random remove block,Rejected: neutral or insufficient lexicographic improvement,1.0,0.96,1.0,0.96
79020002,virtual_frontier,random_mutation,19,True,NO_CHOICE,NO_CHOICE,"Random add hazard at (2, 4)",Accepted: increased state richness (532 -> 582),1.0,0.96,1.0,0.96
79020002,virtual_frontier,random_mutation,20,False,NO_CHOICE,NO_CHOICE,Random remove key-door pair,Rejected: neutral or insufficient lexicographic improvement,1.0,0.96,1.0,0.96
79020003,frontier_t0,targeted,0,True,INITIAL,TOO_HARD,Initial G0,Initial G0,0.0,0.0,0.0,0.0
79020003,frontier_t0,targeted,1,False,TOO_HARD,TOO_HARD,"Remove wall at (4, 4) to unblock passage",Rejected: neutral or insufficient lexicographic improvement,0.0,0.0,0.0,0.0
79020003,frontier_t0,targeted,2,False,TOO_HARD,TOO_HARD,"Remove wall at (5, 9) to unblock passage",Rejected: neutral or insufficient lexicographic improvement,0.0,0.0,0.0,0.0
79020003,frontier_t0,targeted,3,False,TOO_HARD,TOO_HARD,"Remove wall at (5, 3)",Rejected: neutral or insufficient lexicographic improvement,0.0,0.0,0.0,0.0
79020003,frontier_t0,targeted,4,False,TOO_HARD,TOO_HARD,"Remove wall at (8, 8)",Rejected: neutral or insufficient lexicographic improvement,0.0,0.0,0.0,0.0
79020003,frontier_t0,targeted,5,False,TOO_HARD,TOO_HARD,"Remove hazard at (6, 9)",Rejected: neutral or insufficient lexicographic improvement,0.0,0.0,0.0,0.0
79020003,frontier_t0,targeted,6,False,TOO_HARD,TOO_HARD,"Remove wall at (8, 8) to unblock passage",Rejected: neutral or insufficient lexicographic improvement,0.0,0.0,0.0,0.0
79020003,frontier_t0,targeted,7,False,TOO_HARD,TOO_HARD,"Remove wall at (3, 5) to unblock passage",Rejected: neutral or insufficient lexicographic improvement,0.0,0.0,0.0,0.0
79020003,frontier_t0,targeted,8,False,TOO_HARD,TOO_HARD,"Remove hazard at (6, 9)",Rejected: neutral or insufficient lexicographic improvement,0.0,0.0,0.0,0.0
79020003,frontier_t0,targeted,9,True,TOO_HARD,TOO_EASY,"Remove wall at (1, 5)",Accepted: rescued unsolvable game to solvable,1.0,0.48,1.0,0.48
79020003,frontier_t0,targeted,10,False,TOO_EASY,TOO_EASY,"Add hazard at (7, 9)",Rejected: neutral or insufficient lexicographic improvement,1.0,0.48,1.0,0.5
79020003,frontier_t0,targeted,11,True,TOO_EASY,TOO_EASY,"Add wall at (2, 5) between start and goal",Accepted: significantly increased strategic advantage (+0.14),1.0,0.62,1.0,0.62
79020003,frontier_t0,targeted,12,True,TOO_EASY,TOO_EASY,"Add hazard at (3, 1)",Accepted: increased state richness (201 -> 228),1.0,0.64,1.0,0.64
79020003,frontier_t0,targeted,13,False,TOO_EASY,TOO_EASY,"Add hazard at (10, 2)",Rejected: neutral or insufficient lexicographic improvement,1.0,0.64,1.0,0.7
79020003,frontier_t0,targeted,14,False,TOO_EASY,TOO_EASY,"Add hazard at (3, 9)",Rejected: neutral or insufficient lexicographic improvement,1.0,0.64,1.0,0.66
79020003,frontier_t0,targeted,15,True,TOO_EASY,NO_CHOICE,"Move goal farther to (10, 1)",Accepted: significantly increased strategic advantage (+0.24),1.0,0.88,1.0,0.88
79020003,frontier_t0,targeted,16,False,NO_CHOICE,NO_CHOICE,"Add wall at (4, 8)",Rejected: neutral or insufficient lexicographic improvement,1.0,0.88,1.0,0.9
79020003,frontier_t0,targeted,17,False,NO_CHOICE,NO_CHOICE,"Add wall at (7, 5)",Rejected: neutral or insufficient lexicographic improvement,1.0,0.88,1.0,0.96
79020003,frontier_t0,targeted,18,True,NO_CHOICE,NO_CHOICE,"Remove wall at (3, 5) to open alternative branch",Accepted: increased state richness (228 -> 274),1.0,0.88,1.0,0.88
79020003,frontier_t0,targeted,19,False,NO_CHOICE,NO_CHOICE,"Move wall from (6, 7) to (9, 7)",Rejected: neutral or insufficient lexicographic improvement,1.0,0.88,1.0,0.94
79020003,frontier_t0,targeted,20,False,NO_CHOICE,NO_CHOICE,"Move wall from (4, 5) to (8, 3)",Rejected: neutral or insufficient lexicographic improvement,1.0,0.88,1.0,0.96
79020003,frontier_t0,random_mutation,0,True,INITIAL,TOO_HARD,Initial G0,Initial G0,0.0,0.0,0.0,0.0
79020003,frontier_t0,random_mutation,1,False,TOO_HARD,TOO_HARD,"Random add hazard at (9, 1)",Rejected: neutral or insufficient lexicographic improvement,0.0,0.0,0.0,0.0
79020003,frontier_t0,random_mutation,2,False,TOO_HARD,TOO_HARD,"Random add wall at (5, 6)",Rejected: neutral or insufficient lexicographic improvement,0.0,0.0,0.0,0.0
79020003,frontier_t0,random_mutation,3,False,TOO_HARD,TOO_HARD,Random remove block,Rejected: neutral or insufficient lexicographic improvement,0.0,0.0,0.0,0.0
79020003,frontier_t0,random_mutation,4,False,TOO_HARD,TOO_HARD,"Random move goal to (10, 8)",Rejected: neutral or insufficient lexicographic improvement,0.0,0.0,0.0,-0.02
79020003,frontier_t0,random_mutation,5,True,TOO_HARD,NO_CHOICE,"Random remove wall at (1, 7)",Accepted: rescued unsolvable game to solvable,1.0,1.0,1.0,1.0
79020003,frontier_t0,random_mutation,6,False,NO_CHOICE,NO_CHOICE,Random remove switch-gate pair,Rejected: neutral or insufficient lexicographic improvement,1.0,1.0,1.0,1.0
79020003,frontier_t0,random_mutation,7,False,NO_CHOICE,NO_CHOICE,"Random move start to (6, 3)",Rejected: degraded strategic advantage (-0.26),1.0,1.0,1.0,0.74
79020003,frontier_t0,random_mutation,8,False,NO_CHOICE,NO_CHOICE,"Random move start to (8, 2)",Rejected: degraded strategic advantage (-0.18),1.0,1.0,1.0,0.82
79020003,frontier_t0,random_mutation,9,False,NO_CHOICE,NO_CHOICE,"Random remove hazard at (6, 9)",Rejected: neutral or insufficient lexicographic improvement,1.0,1.0,1.0,1.0
79020003,frontier_t0,random_mutation,10,True,NO_CHOICE,NO_CHOICE,Random remove block,Accepted: increased state richness (209 -> 227),1.0,1.0,1.0,1.0
79020003,frontier_t0,random_mutation,11,False,NO_CHOICE,NO_CHOICE,Random add block,Rejected: neutral or insufficient lexicographic improvement,1.0,1.0,1.0,1.0
79020003,frontier_t0,random_mutation,12,False,NO_CHOICE,NO_CHOICE,"Random remove hazard at (6, 9)",Rejected: neutral or insufficient lexicographic improvement,1.0,1.0,1.0,1.0
79020003,frontier_t0,random_mutation,13,False,NO_CHOICE,NO_CHOICE,Random add block,Rejected: neutral or insufficient lexicographic improvement,1.0,1.0,1.0,1.0
79020003,frontier_t0,random_mutation,14,False,NO_CHOICE,NO_CHOICE,"Random remove hazard at (6, 9)",Rejected: neutral or insufficient lexicographic improvement,1.0,1.0,1.0,1.0
79020003,frontier_t0,random_mutation,15,False,NO_CHOICE,NO_CHOICE,"Random remove wall at (4, 5)",Rejected: neutral or insufficient lexicographic improvement,1.0,1.0,1.0,1.0
79020003,frontier_t0,random_mutation,16,False,NO_CHOICE,NO_CHOICE,"Random remove hazard at (6, 9)",Rejected: neutral or insufficient lexicographic improvement,1.0,1.0,1.0,1.0
79020003,frontier_t0,random_mutation,17,False,NO_CHOICE,NO_CHOICE,"Random remove hazard at (6, 9)",Rejected: neutral or insufficient lexicographic improvement,1.0,1.0,1.0,1.0
79020003,frontier_t0,random_mutation,18,False,NO_CHOICE,NO_CHOICE,Random remove key-door pair,Rejected: neutral or insufficient lexicographic improvement,1.0,1.0,1.0,1.0
79020003,frontier_t0,random_mutation,19,False,NO_CHOICE,NO_CHOICE,"Random remove wall at (4, 5)",Rejected: neutral or insufficient lexicographic improvement,1.0,1.0,1.0,1.0
79020003,frontier_t0,random_mutation,20,False,NO_CHOICE,NO_CHOICE,"Random move start to (7, 8)",Rejected: neutral or insufficient lexicographic improvement,1.0,1.0,1.0,0.94
79020003,structural,targeted,0,True,INITIAL,TOO_HARD,Initial G0,Initial G0,0.0,0.0,0.0,0.0
79020003,structural,targeted,1,False,TOO_HARD,TOO_HARD,"Remove wall at (4, 4) to unblock passage",Rejected: neutral or insufficient lexicographic improvement,0.0,0.0,0.0,0.0
79020003,structural,targeted,2,False,TOO_HARD,TOO_HARD,"Remove wall at (5, 9) to unblock passage",Rejected: neutral or insufficient lexicographic improvement,0.0,0.0,0.0,0.0
79020003,structural,targeted,3,False,TOO_HARD,TOO_HARD,"Remove wall at (5, 3)",Rejected: neutral or insufficient lexicographic improvement,0.0,0.0,0.0,0.0
79020003,structural,targeted,4,False,TOO_HARD,TOO_HARD,"Remove wall at (8, 8)",Rejected: neutral or insufficient lexicographic improvement,0.0,0.0,0.0,0.0
79020003,structural,targeted,5,False,TOO_HARD,TOO_HARD,"Remove hazard at (6, 9)",Rejected: neutral or insufficient lexicographic improvement,0.0,0.0,0.0,0.0
79020003,structural,targeted,6,False,TOO_HARD,TOO_HARD,"Remove wall at (8, 8) to unblock passage",Rejected: neutral or insufficient lexicographic improvement,0.0,0.0,0.0,0.0
79020003,structural,targeted,7,False,TOO_HARD,TOO_HARD,"Remove wall at (3, 5) to unblock passage",Rejected: neutral or insufficient lexicographic improvement,0.0,0.0,0.0,0.0
79020003,structural,targeted,8,False,TOO_HARD,TOO_HARD,"Remove hazard at (6, 9)",Rejected: neutral or insufficient lexicographic improvement,0.0,0.0,0.0,0.0
79020003,structural,targeted,9,True,TOO_HARD,TOO_EASY,"Remove wall at (1, 5)",Accepted: rescued unsolvable game to solvable,1.0,0.48,1.0,0.48
79020003,structural,targeted,10,False,TOO_EASY,TOO_EASY,"Add hazard at (7, 9)",Rejected: neutral or insufficient lexicographic improvement,1.0,0.48,1.0,0.5
79020003,structural,targeted,11,True,TOO_EASY,TOO_EASY,"Add wall at (2, 5) between start and goal",Accepted: significantly increased strategic advantage (+0.14),1.0,0.62,1.0,0.62
79020003,structural,targeted,12,True,TOO_EASY,TOO_EASY,"Add hazard at (3, 1)",Accepted: increased state richness (217 -> 245),1.0,0.64,1.0,0.64
79020003,structural,targeted,13,False,TOO_EASY,TOO_EASY,"Add hazard at (10, 2)",Rejected: neutral or insufficient lexicographic improvement,1.0,0.64,1.0,0.7
79020003,structural,targeted,14,False,TOO_EASY,TOO_EASY,"Add hazard at (3, 9)",Rejected: neutral or insufficient lexicographic improvement,1.0,0.64,1.0,0.66
79020003,structural,targeted,15,True,TOO_EASY,NO_CHOICE,"Move goal farther to (10, 1)",Accepted: significantly increased strategic advantage (+0.24),1.0,0.88,1.0,0.88
79020003,structural,targeted,16,False,NO_CHOICE,NO_CHOICE,"Add wall at (4, 8)",Rejected: neutral or insufficient lexicographic improvement,1.0,0.88,1.0,0.9
79020003,structural,targeted,17,False,NO_CHOICE,NO_CHOICE,"Add wall at (7, 5)",Rejected: neutral or insufficient lexicographic improvement,1.0,0.88,1.0,0.96
79020003,structural,targeted,18,True,NO_CHOICE,NO_CHOICE,"Remove wall at (3, 5) to open alternative branch",Accepted: increased state richness (245 -> 259),1.0,0.88,1.0,0.88
79020003,structural,targeted,19,False,NO_CHOICE,NO_CHOICE,"Move wall from (6, 7) to (9, 7)",Rejected: neutral or insufficient lexicographic improvement,1.0,0.88,1.0,0.94
79020003,structural,targeted,20,False,NO_CHOICE,NO_CHOICE,"Move wall from (4, 5) to (8, 3)",Rejected: neutral or insufficient lexicographic improvement,1.0,0.88,1.0,0.96
79020003,structural,random_mutation,0,True,INITIAL,TOO_HARD,Initial G0,Initial G0,0.0,0.0,0.0,0.0
79020003,structural,random_mutation,1,False,TOO_HARD,TOO_HARD,"Random add hazard at (9, 1)",Rejected: neutral or insufficient lexicographic improvement,0.0,0.0,0.0,0.0
79020003,structural,random_mutation,2,False,TOO_HARD,TOO_HARD,"Random add wall at (5, 6)",Rejected: neutral or insufficient lexicographic improvement,0.0,0.0,0.0,0.0
79020003,structural,random_mutation,3,False,TOO_HARD,TOO_HARD,Random remove block,Rejected: neutral or insufficient lexicographic improvement,0.0,0.0,0.0,0.0
79020003,structural,random_mutation,4,False,TOO_HARD,TOO_HARD,"Random move goal to (10, 8)",Rejected: neutral or insufficient lexicographic improvement,0.0,0.0,0.0,-0.02
79020003,structural,random_mutation,5,True,TOO_HARD,NO_CHOICE,"Random remove wall at (1, 7)",Accepted: rescued unsolvable game to solvable,1.0,1.0,1.0,1.0
79020003,structural,random_mutation,6,False,NO_CHOICE,NO_CHOICE,Random remove switch-gate pair,Rejected: neutral or insufficient lexicographic improvement,1.0,1.0,1.0,1.0
79020003,structural,random_mutation,7,False,NO_CHOICE,NO_CHOICE,"Random move start to (6, 3)",Rejected: degraded strategic advantage (-0.26),1.0,1.0,1.0,0.74
79020003,structural,random_mutation,8,False,NO_CHOICE,NO_CHOICE,"Random move start to (8, 2)",Rejected: degraded strategic advantage (-0.18),1.0,1.0,1.0,0.82
79020003,structural,random_mutation,9,True,NO_CHOICE,NO_CHOICE,"Random remove hazard at (6, 9)",Accepted: increased state richness (214 -> 227),1.0,1.0,1.0,1.0
79020003,structural,random_mutation,10,False,NO_CHOICE,NO_CHOICE,Random remove key-door pair,Rejected: neutral or insufficient lexicographic improvement,1.0,1.0,1.0,1.0
79020003,structural,random_mutation,11,False,NO_CHOICE,NO_CHOICE,Random remove block,Rejected: neutral or insufficient lexicographic improvement,1.0,1.0,1.0,1.0
79020003,structural,random_mutation,12,False,NO_CHOICE,NO_CHOICE,Random remove key-door pair,Rejected: neutral or insufficient lexicographic improvement,1.0,1.0,1.0,1.0
79020003,structural,random_mutation,13,False,NO_CHOICE,NO_CHOICE,Random remove key-door pair,Rejected: neutral or insufficient lexicographic improvement,1.0,1.0,1.0,1.0
79020003,structural,random_mutation,14,False,NO_CHOICE,NO_CHOICE,"Random add wall at (6, 10)",Rejected: neutral or insufficient lexicographic improvement,1.0,1.0,1.0,1.0
79020003,structural,random_mutation,15,False,NO_CHOICE,NO_CHOICE,"Random add hazard at (7, 8)",Rejected: neutral or insufficient lexicographic improvement,1.0,1.0,1.0,1.0
79020003,structural,random_mutation,16,False,NO_CHOICE,NO_CHOICE,Random remove teleporter,Rejected: neutral or insufficient lexicographic improvement,1.0,1.0,1.0,0.98
79020003,structural,random_mutation,17,False,NO_CHOICE,NO_CHOICE,Random remove key-door pair,Rejected: neutral or insufficient lexicographic improvement,1.0,1.0,1.0,1.0
79020003,structural,random_mutation,18,False,NO_CHOICE,NO_CHOICE,"Random move start to (8, 6)",Rejected: neutral or insufficient lexicographic improvement,1.0,1.0,1.0,0.94
79020003,structural,random_mutation,19,False,NO_CHOICE,NO_CHOICE,"Random remove wall at (4, 5)",Rejected: neutral or insufficient lexicographic improvement,1.0,1.0,1.0,1.0
79020003,structural,random_mutation,20,False,NO_CHOICE,NO_CHOICE,"Random move start to (7, 8)",Rejected: neutral or insufficient lexicographic improvement,1.0,1.0,1.0,0.98
79020003,virtual_frontier,targeted,0,True,INITIAL,TOO_HARD,Initial G0,Initial G0,0.0,0.0,0.0,0.0
79020003,virtual_frontier,targeted,1,False,TOO_HARD,TOO_HARD,"Remove wall at (4, 4) to unblock passage",Rejected: neutral or insufficient lexicographic improvement,0.0,0.0,0.0,0.0
79020003,virtual_frontier,targeted,2,False,TOO_HARD,TOO_HARD,"Remove wall at (5, 9) to unblock passage",Rejected: neutral or insufficient lexicographic improvement,0.0,0.0,0.0,0.0
79020003,virtual_frontier,targeted,3,False,TOO_HARD,TOO_HARD,"Remove wall at (5, 3)",Rejected: neutral or insufficient lexicographic improvement,0.0,0.0,0.0,0.0
79020003,virtual_frontier,targeted,4,False,TOO_HARD,TOO_HARD,"Remove wall at (8, 8)",Rejected: neutral or insufficient lexicographic improvement,0.0,0.0,0.0,0.0
79020003,virtual_frontier,targeted,5,False,TOO_HARD,TOO_HARD,"Remove hazard at (6, 9)",Rejected: neutral or insufficient lexicographic improvement,0.0,0.0,0.0,0.0
79020003,virtual_frontier,targeted,6,False,TOO_HARD,TOO_HARD,"Remove wall at (8, 8) to unblock passage",Rejected: neutral or insufficient lexicographic improvement,0.0,0.0,0.0,0.0
79020003,virtual_frontier,targeted,7,False,TOO_HARD,TOO_HARD,"Remove wall at (3, 5) to unblock passage",Rejected: neutral or insufficient lexicographic improvement,0.0,0.0,0.0,0.0
79020003,virtual_frontier,targeted,8,False,TOO_HARD,TOO_HARD,"Remove hazard at (6, 9)",Rejected: neutral or insufficient lexicographic improvement,0.0,0.0,0.0,0.0
79020003,virtual_frontier,targeted,9,True,TOO_HARD,TOO_EASY,"Remove wall at (1, 5)",Accepted: rescued unsolvable game to solvable,1.0,0.48,1.0,0.48
79020003,virtual_frontier,targeted,10,False,TOO_EASY,TOO_EASY,"Add hazard at (7, 9)",Rejected: neutral or insufficient lexicographic improvement,1.0,0.48,1.0,0.5
79020003,virtual_frontier,targeted,11,True,TOO_EASY,TOO_EASY,"Add wall at (2, 5) between start and goal",Accepted: significantly increased strategic advantage (+0.14),1.0,0.62,1.0,0.62
79020003,virtual_frontier,targeted,12,True,TOO_EASY,TOO_EASY,"Add hazard at (3, 1)",Accepted: increased state richness (226 -> 254),1.0,0.64,1.0,0.64
79020003,virtual_frontier,targeted,13,False,TOO_EASY,TOO_EASY,"Add hazard at (10, 2)",Rejected: neutral or insufficient lexicographic improvement,1.0,0.64,1.0,0.7
79020003,virtual_frontier,targeted,14,False,TOO_EASY,TOO_EASY,"Add hazard at (3, 9)",Rejected: neutral or insufficient lexicographic improvement,1.0,0.64,1.0,0.66
79020003,virtual_frontier,targeted,15,True,TOO_EASY,NO_CHOICE,"Move goal farther to (10, 1)",Accepted: significantly increased strategic advantage (+0.24),1.0,0.88,1.0,0.88
79020003,virtual_frontier,targeted,16,False,NO_CHOICE,NO_CHOICE,"Add wall at (4, 8)",Rejected: neutral or insufficient lexicographic improvement,1.0,0.88,1.0,0.9
79020003,virtual_frontier,targeted,17,False,NO_CHOICE,NO_CHOICE,"Add wall at (7, 5)",Rejected: neutral or insufficient lexicographic improvement,1.0,0.88,1.0,0.96
79020003,virtual_frontier,targeted,18,True,NO_CHOICE,NO_CHOICE,"Remove wall at (3, 5) to open alternative branch",Accepted: increased state richness (254 -> 273),1.0,0.88,1.0,0.88
79020003,virtual_frontier,targeted,19,False,NO_CHOICE,NO_CHOICE,"Move wall from (6, 7) to (9, 7)",Rejected: neutral or insufficient lexicographic improvement,1.0,0.88,1.0,0.94
79020003,virtual_frontier,targeted,20,False,NO_CHOICE,NO_CHOICE,"Move wall from (4, 5) to (8, 3)",Rejected: neutral or insufficient lexicographic improvement,1.0,0.88,1.0,0.96
79020003,virtual_frontier,random_mutation,0,True,INITIAL,TOO_HARD,Initial G0,Initial G0,0.0,0.0,0.0,0.0
79020003,virtual_frontier,random_mutation,1,False,TOO_HARD,TOO_HARD,"Random add hazard at (9, 1)",Rejected: neutral or insufficient lexicographic improvement,0.0,0.0,0.0,0.0
79020003,virtual_frontier,random_mutation,2,False,TOO_HARD,TOO_HARD,"Random add wall at (5, 6)",Rejected: neutral or insufficient lexicographic improvement,0.0,0.0,0.0,0.0
79020003,virtual_frontier,random_mutation,3,False,TOO_HARD,TOO_HARD,Random remove block,Rejected: neutral or insufficient lexicographic improvement,0.0,0.0,0.0,0.0
79020003,virtual_frontier,random_mutation,4,False,TOO_HARD,TOO_HARD,"Random move goal to (10, 8)",Rejected: neutral or insufficient lexicographic improvement,0.0,0.0,0.0,-0.02
79020003,virtual_frontier,random_mutation,5,True,TOO_HARD,NO_CHOICE,"Random remove wall at (1, 7)",Accepted: rescued unsolvable game to solvable,1.0,1.0,1.0,1.0
79020003,virtual_frontier,random_mutation,6,False,NO_CHOICE,NO_CHOICE,Random remove switch-gate pair,Rejected: neutral or insufficient lexicographic improvement,1.0,1.0,1.0,1.0
79020003,virtual_frontier,random_mutation,7,False,NO_CHOICE,NO_CHOICE,"Random move start to (6, 3)",Rejected: degraded strategic advantage (-0.26),1.0,1.0,1.0,0.74
79020003,virtual_frontier,random_mutation,8,False,NO_CHOICE,NO_CHOICE,"Random move start to (8, 2)",Rejected: degraded strategic advantage (-0.18),1.0,1.0,1.0,0.82
79020003,virtual_frontier,random_mutation,9,True,NO_CHOICE,NO_CHOICE,"Random remove hazard at (6, 9)",Accepted: increased state richness (219 -> 244),1.0,1.0,1.0,1.0
79020003,virtual_frontier,random_mutation,10,False,NO_CHOICE,NO_CHOICE,Random remove key-door pair,Rejected: neutral or insufficient lexicographic improvement,1.0,1.0,1.0,1.0
79020003,virtual_frontier,random_mutation,11,False,NO_CHOICE,NO_CHOICE,Random remove block,Rejected: neutral or insufficient lexicographic improvement,1.0,1.0,1.0,1.0
79020003,virtual_frontier,random_mutation,12,False,NO_CHOICE,NO_CHOICE,Random remove key-door pair,Rejected: neutral or insufficient lexicographic improvement,1.0,1.0,1.0,1.0
79020003,virtual_frontier,random_mutation,13,False,NO_CHOICE,NO_CHOICE,Random remove key-door pair,Rejected: neutral or insufficient lexicographic improvement,1.0,1.0,1.0,1.0
79020003,virtual_frontier,random_mutation,14,False,NO_CHOICE,NO_CHOICE,"Random add wall at (6, 10)",Rejected: neutral or insufficient lexicographic improvement,1.0,1.0,1.0,1.0
79020003,virtual_frontier,random_mutation,15,False,NO_CHOICE,NO_CHOICE,"Random add hazard at (7, 8)",Rejected: neutral or insufficient lexicographic improvement,1.0,1.0,1.0,1.0
79020003,virtual_frontier,random_mutation,16,False,NO_CHOICE,NO_CHOICE,Random remove teleporter,Rejected: neutral or insufficient lexicographic improvement,1.0,1.0,1.0,0.98
79020003,virtual_frontier,random_mutation,17,False,NO_CHOICE,NO_CHOICE,Random remove key-door pair,Rejected: neutral or insufficient lexicographic improvement,1.0,1.0,1.0,1.0
79020003,virtual_frontier,random_mutation,18,False,NO_CHOICE,NO_CHOICE,"Random move start to (8, 6)",Rejected: neutral or insufficient lexicographic improvement,1.0,1.0,1.0,0.94
79020003,virtual_frontier,random_mutation,19,False,NO_CHOICE,NO_CHOICE,"Random remove wall at (4, 5)",Rejected: neutral or insufficient lexicographic improvement,1.0,1.0,1.0,1.0
79020003,virtual_frontier,random_mutation,20,False,NO_CHOICE,NO_CHOICE,"Random move start to (7, 8)",Rejected: neutral or insufficient lexicographic improvement,1.0,1.0,1.0,0.98
79020004,frontier_t0,targeted,0,True,INITIAL,TOO_HARD,Initial G0,Initial G0,0.0,-0.1,0.0,-0.1
79020004,frontier_t0,targeted,1,False,TOO_HARD,TOO_HARD,"Remove hazard at (4, 2)",Rejected: neutral or insufficient lexicographic improvement,0.0,-0.1,0.0,-0.1
79020004,frontier_t0,targeted,2,False,TOO_HARD,TOO_HARD,"Remove wall at (1, 9) to unblock passage",Rejected: neutral or insufficient lexicographic improvement,0.0,-0.1,0.0,-0.1
79020004,frontier_t0,targeted,3,False,TOO_HARD,TOO_HARD,"Remove wall at (4, 7) to unblock passage",Rejected: neutral or insufficient lexicographic improvement,0.0,-0.1,0.0,-0.08
79020004,frontier_t0,targeted,4,False,TOO_HARD,TOO_HARD,"Remove wall at (8, 5) to unblock passage",Rejected: neutral or insufficient lexicographic improvement,0.0,-0.1,0.0,-0.08
79020004,frontier_t0,targeted,5,False,TOO_HARD,TOO_HARD,"Remove hazard at (4, 2)",Rejected: neutral or insufficient lexicographic improvement,0.0,-0.1,0.0,-0.1
79020004,frontier_t0,targeted,6,False,TOO_HARD,TOO_HARD,"Remove wall at (4, 4) to unblock passage",Rejected: neutral or insufficient lexicographic improvement,0.0,-0.1,0.0,-0.1
79020004,frontier_t0,targeted,7,False,TOO_HARD,TOO_HARD,"Remove wall at (2, 1)",Rejected: neutral or insufficient lexicographic improvement,0.0,-0.1,0.0,-0.1
79020004,frontier_t0,targeted,8,False,TOO_HARD,TOO_HARD,"Remove hazard at (4, 2)",Rejected: neutral or insufficient lexicographic improvement,0.0,-0.1,0.0,-0.1
79020004,frontier_t0,targeted,9,False,TOO_HARD,TOO_HARD,"Remove wall at (8, 5) to unblock passage",Rejected: neutral or insufficient lexicographic improvement,0.0,-0.1,0.0,-0.08
79020004,frontier_t0,targeted,10,False,TOO_HARD,TOO_HARD,"Remove wall at (2, 2)",Rejected: neutral or insufficient lexicographic improvement,0.0,-0.1,0.0,-0.1
79020004,frontier_t0,targeted,11,False,TOO_HARD,TOO_HARD,"Remove wall at (2, 2) to unblock passage",Rejected: neutral or insufficient lexicographic improvement,0.0,-0.1,0.0,-0.1
79020004,frontier_t0,targeted,12,False,TOO_HARD,TOO_HARD,"Remove wall at (5, 8) to unblock passage",Rejected: neutral or insufficient lexicographic improvement,0.0,-0.1,0.0,-0.14
79020004,frontier_t0,targeted,13,False,TOO_HARD,TOO_HARD,"Remove wall at (3, 3)",Rejected: neutral or insufficient lexicographic improvement,0.0,-0.1,0.0,-0.1
79020004,frontier_t0,targeted,14,False,TOO_HARD,TOO_HARD,"Remove wall at (3, 2)",Rejected: neutral or insufficient lexicographic improvement,0.0,-0.1,0.0,-0.1
79020004,frontier_t0,targeted,15,False,TOO_HARD,TOO_HARD,"Remove hazard at (4, 2)",Rejected: neutral or insufficient lexicographic improvement,0.0,-0.1,0.0,-0.1
79020004,frontier_t0,targeted,16,False,TOO_HARD,TOO_HARD,"Remove wall at (4, 1) to unblock passage",Rejected: neutral or insufficient lexicographic improvement,0.0,-0.1,0.0,-0.1
79020004,frontier_t0,targeted,17,False,TOO_HARD,TOO_HARD,"Remove wall at (2, 1)",Rejected: neutral or insufficient lexicographic improvement,0.0,-0.1,0.0,-0.1
79020004,frontier_t0,targeted,18,False,TOO_HARD,TOO_HARD,"Remove hazard at (4, 2)",Rejected: neutral or insufficient lexicographic improvement,0.0,-0.1,0.0,-0.1
79020004,frontier_t0,targeted,19,False,TOO_HARD,TOO_HARD,"Remove wall at (3, 6) to unblock passage",Rejected: neutral or insufficient lexicographic improvement,0.0,-0.1,0.0,-0.08
79020004,frontier_t0,targeted,20,False,TOO_HARD,TOO_HARD,"Remove wall at (1, 9)",Rejected: neutral or insufficient lexicographic improvement,0.0,-0.1,0.0,-0.1
79020004,frontier_t0,random_mutation,0,True,INITIAL,TOO_HARD,Initial G0,Initial G0,0.0,-0.1,0.0,-0.1
79020004,frontier_t0,random_mutation,1,True,TOO_HARD,NO_CHOICE,Random remove key-door pair,Accepted: rescued unsolvable game to solvable,1.0,0.96,1.0,0.96
79020004,frontier_t0,random_mutation,2,False,NO_CHOICE,NO_CHOICE,"Random move goal to (2, 3)",Rejected: neutral or insufficient lexicographic improvement,1.0,0.96,1.0,0.96
79020004,frontier_t0,random_mutation,3,False,NO_CHOICE,NO_CHOICE,"Random add wall at (2, 5)",Rejected: candidate rendered game unsolvable,1.0,0.96,0.0,-0.04
79020004,frontier_t0,random_mutation,4,False,NO_CHOICE,NO_CHOICE,"Random remove hazard at (4, 2)",Rejected: neutral or insufficient lexicographic improvement,1.0,0.96,1.0,0.96
79020004,frontier_t0,random_mutation,5,True,NO_CHOICE,NO_CHOICE,"Random move start to (6, 3)",Accepted: increased state richness (209 -> 215),1.0,0.98,1.0,0.98
79020004,frontier_t0,random_mutation,6,False,NO_CHOICE,NO_CHOICE,"Random add hazard at (2, 6)",Rejected: neutral or insufficient lexicographic improvement,1.0,0.98,1.0,0.98
79020004,frontier_t0,random_mutation,7,False,NO_CHOICE,NO_CHOICE,Random add key-door pair,Rejected: neutral or insufficient lexicographic improvement,1.0,0.98,1.0,0.98
79020004,frontier_t0,random_mutation,8,False,NO_CHOICE,NO_CHOICE,Random remove block,Rejected: neutral or insufficient lexicographic improvement,1.0,0.98,1.0,0.94
79020004,frontier_t0,random_mutation,9,False,NO_CHOICE,NO_CHOICE,"Random move goal to (5, 7)",Rejected: neutral or insufficient lexicographic improvement,1.0,0.98,1.0,0.9
79020004,frontier_t0,random_mutation,10,False,NO_CHOICE,NO_CHOICE,"Random remove hazard at (4, 2)",Rejected: neutral or insufficient lexicographic improvement,1.0,0.98,1.0,0.98
79020004,frontier_t0,random_mutation,11,False,NO_CHOICE,NO_CHOICE,"Random move start to (1, 10)",Rejected: degraded strategic advantage (-0.88),1.0,0.98,0.2,0.1
79020004,frontier_t0,random_mutation,12,False,NO_CHOICE,NO_CHOICE,"Random move goal to (1, 6)",Rejected: neutral or insufficient lexicographic improvement,1.0,0.98,1.0,1.0
79020004,frontier_t0,random_mutation,13,False,NO_CHOICE,NO_CHOICE,"Random add wall at (10, 9)",Rejected: neutral or insufficient lexicographic improvement,1.0,0.98,1.0,0.98
79020004,frontier_t0,random_mutation,14,False,NO_CHOICE,NO_CHOICE,Random remove switch-gate pair,Rejected: neutral or insufficient lexicographic improvement,1.0,0.98,1.0,0.98
79020004,frontier_t0,random_mutation,15,False,NO_CHOICE,NO_CHOICE,Random remove block,Rejected: neutral or insufficient lexicographic improvement,1.0,0.98,1.0,0.94
79020004,frontier_t0,random_mutation,16,True,NO_CHOICE,NO_CHOICE,"Random add hazard at (6, 6)",Accepted: increased state richness (215 -> 252),1.0,0.98,1.0,0.98
79020004,frontier_t0,random_mutation,17,False,NO_CHOICE,NO_CHOICE,Random add key-door pair,Rejected: neutral or insufficient lexicographic improvement,1.0,0.98,1.0,0.98
79020004,frontier_t0,random_mutation,18,False,NO_CHOICE,NO_CHOICE,"Random remove hazard at (6, 6)",Rejected: neutral or insufficient lexicographic improvement,1.0,0.98,1.0,0.98
79020004,frontier_t0,random_mutation,19,False,NO_CHOICE,NO_CHOICE,"Random remove hazard at (6, 6)",Rejected: neutral or insufficient lexicographic improvement,1.0,0.98,1.0,0.98
79020004,frontier_t0,random_mutation,20,False,NO_CHOICE,NO_CHOICE,"Random remove wall at (1, 4)",Rejected: neutral or insufficient lexicographic improvement,1.0,0.98,1.0,0.98
79020004,structural,targeted,0,True,INITIAL,TOO_HARD,Initial G0,Initial G0,0.0,-0.1,0.0,-0.1
79020004,structural,targeted,1,False,TOO_HARD,TOO_HARD,"Remove hazard at (4, 2)",Rejected: neutral or insufficient lexicographic improvement,0.0,-0.1,0.0,-0.1
79020004,structural,targeted,2,False,TOO_HARD,TOO_HARD,"Remove wall at (1, 9) to unblock passage",Rejected: neutral or insufficient lexicographic improvement,0.0,-0.1,0.0,-0.1
79020004,structural,targeted,3,False,TOO_HARD,TOO_HARD,"Remove wall at (4, 7) to unblock passage",Rejected: neutral or insufficient lexicographic improvement,0.0,-0.1,0.0,-0.08
79020004,structural,targeted,4,False,TOO_HARD,TOO_HARD,"Remove wall at (8, 5) to unblock passage",Rejected: neutral or insufficient lexicographic improvement,0.0,-0.1,0.0,-0.08
79020004,structural,targeted,5,False,TOO_HARD,TOO_HARD,"Remove hazard at (4, 2)",Rejected: neutral or insufficient lexicographic improvement,0.0,-0.1,0.0,-0.1
79020004,structural,targeted,6,False,TOO_HARD,TOO_HARD,"Remove wall at (4, 4) to unblock passage",Rejected: neutral or insufficient lexicographic improvement,0.0,-0.1,0.0,-0.1
79020004,structural,targeted,7,False,TOO_HARD,TOO_HARD,"Remove wall at (2, 1)",Rejected: neutral or insufficient lexicographic improvement,0.0,-0.1,0.0,-0.1
79020004,structural,targeted,8,False,TOO_HARD,TOO_HARD,"Remove hazard at (4, 2)",Rejected: neutral or insufficient lexicographic improvement,0.0,-0.1,0.0,-0.1
79020004,structural,targeted,9,False,TOO_HARD,TOO_HARD,"Remove wall at (8, 5) to unblock passage",Rejected: neutral or insufficient lexicographic improvement,0.0,-0.1,0.0,-0.08
79020004,structural,targeted,10,False,TOO_HARD,TOO_HARD,"Remove wall at (2, 2)",Rejected: neutral or insufficient lexicographic improvement,0.0,-0.1,0.0,-0.1
79020004,structural,targeted,11,False,TOO_HARD,TOO_HARD,"Remove wall at (2, 2) to unblock passage",Rejected: neutral or insufficient lexicographic improvement,0.0,-0.1,0.0,-0.1
79020004,structural,targeted,12,False,TOO_HARD,TOO_HARD,"Remove wall at (5, 8) to unblock passage",Rejected: neutral or insufficient lexicographic improvement,0.0,-0.1,0.0,-0.14
79020004,structural,targeted,13,False,TOO_HARD,TOO_HARD,"Remove wall at (3, 3)",Rejected: neutral or insufficient lexicographic improvement,0.0,-0.1,0.0,-0.1
79020004,structural,targeted,14,False,TOO_HARD,TOO_HARD,"Remove wall at (3, 2)",Rejected: neutral or insufficient lexicographic improvement,0.0,-0.1,0.0,-0.1
79020004,structural,targeted,15,False,TOO_HARD,TOO_HARD,"Remove hazard at (4, 2)",Rejected: neutral or insufficient lexicographic improvement,0.0,-0.1,0.0,-0.1
79020004,structural,targeted,16,False,TOO_HARD,TOO_HARD,"Remove wall at (4, 1) to unblock passage",Rejected: neutral or insufficient lexicographic improvement,0.0,-0.1,0.0,-0.1
79020004,structural,targeted,17,False,TOO_HARD,TOO_HARD,"Remove wall at (2, 1)",Rejected: neutral or insufficient lexicographic improvement,0.0,-0.1,0.0,-0.1
79020004,structural,targeted,18,False,TOO_HARD,TOO_HARD,"Remove hazard at (4, 2)",Rejected: neutral or insufficient lexicographic improvement,0.0,-0.1,0.0,-0.1
79020004,structural,targeted,19,False,TOO_HARD,TOO_HARD,"Remove wall at (3, 6) to unblock passage",Rejected: neutral or insufficient lexicographic improvement,0.0,-0.1,0.0,-0.08
79020004,structural,targeted,20,False,TOO_HARD,TOO_HARD,"Remove wall at (1, 9)",Rejected: neutral or insufficient lexicographic improvement,0.0,-0.1,0.0,-0.1
79020004,structural,random_mutation,0,True,INITIAL,TOO_HARD,Initial G0,Initial G0,0.0,-0.1,0.0,-0.1
79020004,structural,random_mutation,1,False,TOO_HARD,TOO_HARD,Random remove key-door pair,Rejected: neutral or insufficient lexicographic improvement,0.0,-0.1,0.0,-0.04
79020004,structural,random_mutation,2,True,TOO_HARD,NO_CHOICE,"Random move goal to (2, 4)",Accepted: rescued unsolvable game to solvable,1.0,0.84,1.0,0.84
79020004,structural,random_mutation,3,False,NO_CHOICE,NO_CHOICE,"Random add wall at (2, 7)",Rejected: neutral or insufficient lexicographic improvement,1.0,0.84,1.0,0.88
79020004,structural,random_mutation,4,True,NO_CHOICE,NO_CHOICE,"Random remove hazard at (4, 2)",Accepted: increased state richness (447 -> 509),1.0,0.84,1.0,0.84
79020004,structural,random_mutation,5,False,NO_CHOICE,NO_CHOICE,"Random move start to (6, 5)",Rejected: neutral or insufficient lexicographic improvement,1.0,0.84,1.0,0.9
79020004,structural,random_mutation,6,False,NO_CHOICE,NO_CHOICE,"Random add hazard at (2, 8)",Rejected: degraded strategic advantage (-0.76),1.0,0.84,0.2,0.08
79020004,structural,random_mutation,7,False,NO_CHOICE,NO_CHOICE,Random remove switch-gate pair,Rejected: neutral or insufficient lexicographic improvement,1.0,0.84,1.0,0.84
79020004,structural,random_mutation,8,False,NO_CHOICE,NO_CHOICE,"Random move goal to (5, 10)",Rejected: degraded strategic advantage (-0.30),1.0,0.84,1.0,0.54
79020004,structural,random_mutation,9,False,NO_CHOICE,NO_CHOICE,Random remove key-door pair,Rejected: neutral or insufficient lexicographic improvement,1.0,0.84,1.0,0.84
79020004,structural,random_mutation,10,False,NO_CHOICE,NO_CHOICE,"Random move start to (4, 5)",Rejected: degraded strategic advantage (-0.36),1.0,0.84,1.0,0.48
79020004,structural,random_mutation,11,False,NO_CHOICE,NO_CHOICE,"Random add wall at (4, 9)",Rejected: degraded strategic advantage (-0.18),1.0,0.84,1.0,0.66
79020004,structural,random_mutation,12,False,NO_CHOICE,NO_CHOICE,"Random add wall at (1, 6)",Rejected: neutral or insufficient lexicographic improvement,1.0,0.84,1.0,0.84
79020004,structural,random_mutation,13,False,NO_CHOICE,NO_CHOICE,Random remove teleporter,Rejected: neutral or insufficient lexicographic improvement,1.0,0.84,1.0,0.84
79020004,structural,random_mutation,14,False,NO_CHOICE,NO_CHOICE,"Random add hazard at (6, 7)",Rejected: neutral or insufficient lexicographic improvement,1.0,0.84,1.0,0.82
79020004,structural,random_mutation,15,False,NO_CHOICE,NO_CHOICE,Random remove switch-gate pair,Rejected: neutral or insufficient lexicographic improvement,1.0,0.84,1.0,0.84
79020004,structural,random_mutation,16,False,NO_CHOICE,NO_CHOICE,Random remove key-door pair,Rejected: neutral or insufficient lexicographic improvement,1.0,0.84,1.0,0.84
79020004,structural,random_mutation,17,True,NO_CHOICE,NO_CHOICE,"Random move start to (7, 1)",Accepted: significantly increased strategic advantage (+0.16),1.0,1.0,1.0,1.0
79020004,structural,random_mutation,18,False,NO_CHOICE,NO_CHOICE,Random remove block,Rejected: neutral or insufficient lexicographic improvement,1.0,1.0,1.0,1.0
79020004,structural,random_mutation,19,False,NO_CHOICE,NO_CHOICE,"Random move goal to (6, 5)",Rejected: degraded strategic advantage (-0.28),1.0,1.0,1.0,0.72
79020004,structural,random_mutation,20,False,NO_CHOICE,NO_CHOICE,Random remove block,Rejected: neutral or insufficient lexicographic improvement,1.0,1.0,1.0,1.0
79020004,virtual_frontier,targeted,0,True,INITIAL,TOO_HARD,Initial G0,Initial G0,0.0,-0.1,0.0,-0.1
79020004,virtual_frontier,targeted,1,False,TOO_HARD,TOO_HARD,"Remove hazard at (4, 2)",Rejected: neutral or insufficient lexicographic improvement,0.0,-0.1,0.0,-0.1
79020004,virtual_frontier,targeted,2,False,TOO_HARD,TOO_HARD,"Remove wall at (1, 9) to unblock passage",Rejected: neutral or insufficient lexicographic improvement,0.0,-0.1,0.0,-0.1
79020004,virtual_frontier,targeted,3,False,TOO_HARD,TOO_HARD,"Remove wall at (4, 7) to unblock passage",Rejected: neutral or insufficient lexicographic improvement,0.0,-0.1,0.0,-0.08
79020004,virtual_frontier,targeted,4,False,TOO_HARD,TOO_HARD,"Remove wall at (8, 5) to unblock passage",Rejected: neutral or insufficient lexicographic improvement,0.0,-0.1,0.0,-0.08
79020004,virtual_frontier,targeted,5,False,TOO_HARD,TOO_HARD,"Remove hazard at (4, 2)",Rejected: neutral or insufficient lexicographic improvement,0.0,-0.1,0.0,-0.1
79020004,virtual_frontier,targeted,6,False,TOO_HARD,TOO_HARD,"Remove wall at (4, 4) to unblock passage",Rejected: neutral or insufficient lexicographic improvement,0.0,-0.1,0.0,-0.1
79020004,virtual_frontier,targeted,7,False,TOO_HARD,TOO_HARD,"Remove wall at (2, 1)",Rejected: neutral or insufficient lexicographic improvement,0.0,-0.1,0.0,-0.1
79020004,virtual_frontier,targeted,8,False,TOO_HARD,TOO_HARD,"Remove hazard at (4, 2)",Rejected: neutral or insufficient lexicographic improvement,0.0,-0.1,0.0,-0.1
79020004,virtual_frontier,targeted,9,False,TOO_HARD,TOO_HARD,"Remove wall at (8, 5) to unblock passage",Rejected: neutral or insufficient lexicographic improvement,0.0,-0.1,0.0,-0.08
79020004,virtual_frontier,targeted,10,False,TOO_HARD,TOO_HARD,"Remove wall at (2, 2)",Rejected: neutral or insufficient lexicographic improvement,0.0,-0.1,0.0,-0.1
79020004,virtual_frontier,targeted,11,False,TOO_HARD,TOO_HARD,"Remove wall at (2, 2) to unblock passage",Rejected: neutral or insufficient lexicographic improvement,0.0,-0.1,0.0,-0.1
79020004,virtual_frontier,targeted,12,False,TOO_HARD,TOO_HARD,"Remove wall at (5, 8) to unblock passage",Rejected: neutral or insufficient lexicographic improvement,0.0,-0.1,0.0,-0.14
79020004,virtual_frontier,targeted,13,False,TOO_HARD,TOO_HARD,"Remove wall at (3, 3)",Rejected: neutral or insufficient lexicographic improvement,0.0,-0.1,0.0,-0.1
79020004,virtual_frontier,targeted,14,False,TOO_HARD,TOO_HARD,"Remove wall at (3, 2)",Rejected: neutral or insufficient lexicographic improvement,0.0,-0.1,0.0,-0.1
79020004,virtual_frontier,targeted,15,False,TOO_HARD,TOO_HARD,"Remove hazard at (4, 2)",Rejected: neutral or insufficient lexicographic improvement,0.0,-0.1,0.0,-0.1
79020004,virtual_frontier,targeted,16,False,TOO_HARD,TOO_HARD,"Remove wall at (4, 1) to unblock passage",Rejected: neutral or insufficient lexicographic improvement,0.0,-0.1,0.0,-0.1
79020004,virtual_frontier,targeted,17,False,TOO_HARD,TOO_HARD,"Remove wall at (2, 1)",Rejected: neutral or insufficient lexicographic improvement,0.0,-0.1,0.0,-0.1
79020004,virtual_frontier,targeted,18,False,TOO_HARD,TOO_HARD,"Remove hazard at (4, 2)",Rejected: neutral or insufficient lexicographic improvement,0.0,-0.1,0.0,-0.1
79020004,virtual_frontier,targeted,19,False,TOO_HARD,TOO_HARD,"Remove wall at (3, 6) to unblock passage",Rejected: neutral or insufficient lexicographic improvement,0.0,-0.1,0.0,-0.08
79020004,virtual_frontier,targeted,20,False,TOO_HARD,TOO_HARD,"Remove wall at (1, 9)",Rejected: neutral or insufficient lexicographic improvement,0.0,-0.1,0.0,-0.1
79020004,virtual_frontier,random_mutation,0,True,INITIAL,TOO_HARD,Initial G0,Initial G0,0.0,-0.1,0.0,-0.1
79020004,virtual_frontier,random_mutation,1,False,TOO_HARD,TOO_HARD,Random remove key-door pair,Rejected: neutral or insufficient lexicographic improvement,0.0,-0.1,0.0,-0.04
79020004,virtual_frontier,random_mutation,2,True,TOO_HARD,NO_CHOICE,"Random move goal to (2, 4)",Accepted: rescued unsolvable game to solvable,1.0,0.84,1.0,0.84
79020004,virtual_frontier,random_mutation,3,False,NO_CHOICE,NO_CHOICE,"Random add wall at (2, 7)",Rejected: neutral or insufficient lexicographic improvement,1.0,0.84,1.0,0.88
79020004,virtual_frontier,random_mutation,4,True,NO_CHOICE,NO_CHOICE,"Random remove hazard at (4, 2)",Accepted: increased state richness (448 -> 476),1.0,0.84,1.0,0.84
79020004,virtual_frontier,random_mutation,5,False,NO_CHOICE,NO_CHOICE,"Random move start to (6, 5)",Rejected: neutral or insufficient lexicographic improvement,1.0,0.84,1.0,0.9
79020004,virtual_frontier,random_mutation,6,False,NO_CHOICE,NO_CHOICE,"Random add hazard at (2, 8)",Rejected: neutral or insufficient lexicographic improvement,1.0,0.84,1.0,0.88
79020004,virtual_frontier,random_mutation,7,False,NO_CHOICE,NO_CHOICE,Random remove switch-gate pair,Rejected: neutral or insufficient lexicographic improvement,1.0,0.84,1.0,0.84
79020004,virtual_frontier,random_mutation,8,False,NO_CHOICE,NO_CHOICE,"Random move goal to (5, 10)",Rejected: degraded strategic advantage (-0.30),1.0,0.84,1.0,0.54
79020004,virtual_frontier,random_mutation,9,False,NO_CHOICE,NO_CHOICE,Random remove key-door pair,Rejected: neutral or insufficient lexicographic improvement,1.0,0.84,1.0,0.84
79020004,virtual_frontier,random_mutation,10,False,NO_CHOICE,NO_CHOICE,"Random move start to (4, 5)",Rejected: degraded strategic advantage (-0.36),1.0,0.84,1.0,0.48
79020004,virtual_frontier,random_mutation,11,False,NO_CHOICE,NO_CHOICE,"Random add wall at (4, 9)",Rejected: degraded strategic advantage (-0.18),1.0,0.84,1.0,0.66
79020004,virtual_frontier,random_mutation,12,False,NO_CHOICE,NO_CHOICE,"Random add wall at (1, 6)",Rejected: neutral or insufficient lexicographic improvement,1.0,0.84,1.0,0.84
79020004,virtual_frontier,random_mutation,13,False,NO_CHOICE,NO_CHOICE,Random remove teleporter,Rejected: neutral or insufficient lexicographic improvement,1.0,0.84,1.0,0.84
79020004,virtual_frontier,random_mutation,14,True,NO_CHOICE,NO_CHOICE,"Random add hazard at (6, 7)",Accepted: increased state richness (476 -> 573),1.0,0.82,1.0,0.82
79020004,virtual_frontier,random_mutation,15,False,NO_CHOICE,NO_CHOICE,Random remove key-door pair,Rejected: neutral or insufficient lexicographic improvement,1.0,0.82,1.0,0.82
79020004,virtual_frontier,random_mutation,16,False,NO_CHOICE,NO_CHOICE,"Random remove hazard at (6, 7)",Rejected: neutral or insufficient lexicographic improvement,1.0,0.82,1.0,0.84
79020004,virtual_frontier,random_mutation,17,False,NO_CHOICE,NO_CHOICE,"Random remove hazard at (6, 7)",Rejected: neutral or insufficient lexicographic improvement,1.0,0.82,1.0,0.84
79020004,virtual_frontier,random_mutation,18,False,NO_CHOICE,NO_CHOICE,"Random remove wall at (1, 4)",Rejected: neutral or insufficient lexicographic improvement,1.0,0.82,1.0,0.74
79020004,virtual_frontier,random_mutation,19,False,NO_CHOICE,NO_CHOICE,"Random add hazard at (5, 2)",Rejected: neutral or insufficient lexicographic improvement,1.0,0.82,1.0,0.82
79020004,virtual_frontier,random_mutation,20,False,NO_CHOICE,NO_CHOICE,"Random move start to (1, 6)",Rejected: degraded strategic advantage (-0.52),1.0,0.82,1.0,0.3
79020005,frontier_t0,targeted,0,True,INITIAL,NO_CHOICE,Initial G0,Initial G0,1.0,0.96,1.0,0.96
79020005,frontier_t0,targeted,1,True,NO_CHOICE,DEAD_REGIONS,"Add wall at (8, 5)",Accepted: expanded trajectory diversity (1 -> 2),1.0,0.96,1.0,0.96
79020005,frontier_t0,targeted,2,False,DEAD_REGIONS,DEAD_REGIONS,"Relocate key to (1, 2) in unexplored area",Rejected: degraded strategic advantage (-0.16),1.0,0.96,1.0,0.8
79020005,frontier_t0,targeted,3,False,DEAD_REGIONS,DEAD_REGIONS,"Relocate key to (1, 2) in unexplored area",Rejected: degraded strategic advantage (-0.16),1.0,0.96,1.0,0.8
79020005,frontier_t0,targeted,4,False,DEAD_REGIONS,DEAD_REGIONS,"Relocate key to (1, 2) in unexplored area",Rejected: degraded strategic advantage (-0.16),1.0,0.96,1.0,0.8
79020005,frontier_t0,targeted,5,False,DEAD_REGIONS,DEAD_REGIONS,"Relocate key to (1, 2) in unexplored area",Rejected: degraded strategic advantage (-0.16),1.0,0.96,1.0,0.8
79020005,frontier_t0,targeted,6,False,DEAD_REGIONS,DEAD_REGIONS,"Relocate key to (1, 2) in unexplored area",Rejected: degraded strategic advantage (-0.16),1.0,0.96,1.0,0.8
79020005,frontier_t0,targeted,7,False,DEAD_REGIONS,DEAD_REGIONS,"Relocate key to (1, 2) in unexplored area",Rejected: degraded strategic advantage (-0.16),1.0,0.96,1.0,0.8
79020005,frontier_t0,targeted,8,False,DEAD_REGIONS,DEAD_REGIONS,"Relocate key to (1, 2) in unexplored area",Rejected: degraded strategic advantage (-0.16),1.0,0.96,1.0,0.8
79020005,frontier_t0,targeted,9,False,DEAD_REGIONS,DEAD_REGIONS,"Relocate key to (1, 2) in unexplored area",Rejected: degraded strategic advantage (-0.16),1.0,0.96,1.0,0.8
79020005,frontier_t0,targeted,10,False,DEAD_REGIONS,DEAD_REGIONS,"Relocate key to (1, 2) in unexplored area",Rejected: degraded strategic advantage (-0.16),1.0,0.96,1.0,0.8
79020005,frontier_t0,targeted,11,False,DEAD_REGIONS,DEAD_REGIONS,"Relocate key to (1, 2) in unexplored area",Rejected: degraded strategic advantage (-0.16),1.0,0.96,1.0,0.8
79020005,frontier_t0,targeted,12,False,DEAD_REGIONS,DEAD_REGIONS,"Relocate key to (1, 2) in unexplored area",Rejected: degraded strategic advantage (-0.16),1.0,0.96,1.0,0.8
79020005,frontier_t0,targeted,13,False,DEAD_REGIONS,DEAD_REGIONS,"Relocate key to (1, 2) in unexplored area",Rejected: degraded strategic advantage (-0.16),1.0,0.96,1.0,0.8
79020005,frontier_t0,targeted,14,False,DEAD_REGIONS,DEAD_REGIONS,"Relocate key to (1, 2) in unexplored area",Rejected: degraded strategic advantage (-0.16),1.0,0.96,1.0,0.8
79020005,frontier_t0,targeted,15,False,DEAD_REGIONS,DEAD_REGIONS,"Relocate key to (1, 2) in unexplored area",Rejected: degraded strategic advantage (-0.16),1.0,0.96,1.0,0.8
79020005,frontier_t0,targeted,16,False,DEAD_REGIONS,DEAD_REGIONS,"Relocate key to (1, 2) in unexplored area",Rejected: degraded strategic advantage (-0.16),1.0,0.96,1.0,0.8
79020005,frontier_t0,targeted,17,False,DEAD_REGIONS,DEAD_REGIONS,"Relocate key to (1, 2) in unexplored area",Rejected: degraded strategic advantage (-0.16),1.0,0.96,1.0,0.8
79020005,frontier_t0,targeted,18,False,DEAD_REGIONS,DEAD_REGIONS,"Relocate key to (1, 2) in unexplored area",Rejected: degraded strategic advantage (-0.16),1.0,0.96,1.0,0.8
79020005,frontier_t0,targeted,19,False,DEAD_REGIONS,DEAD_REGIONS,"Relocate key to (1, 2) in unexplored area",Rejected: degraded strategic advantage (-0.16),1.0,0.96,1.0,0.8
79020005,frontier_t0,targeted,20,False,DEAD_REGIONS,DEAD_REGIONS,"Relocate key to (1, 2) in unexplored area",Rejected: degraded strategic advantage (-0.16),1.0,0.96,1.0,0.8
79020005,frontier_t0,random_mutation,0,True,INITIAL,NO_CHOICE,Initial G0,Initial G0,1.0,0.96,1.0,0.96
79020005,frontier_t0,random_mutation,1,True,NO_CHOICE,DEAD_REGIONS,Random remove teleporter,Accepted: expanded trajectory diversity (1 -> 2),1.0,0.96,1.0,0.96
79020005,frontier_t0,random_mutation,2,False,DEAD_REGIONS,DEAD_REGIONS,Random add teleporter pair,Rejected: reduced trajectory diversity,1.0,0.96,1.0,0.94
79020005,frontier_t0,random_mutation,3,False,DEAD_REGIONS,DEAD_REGIONS,Random add teleporter pair,Rejected: reduced trajectory diversity,1.0,0.96,1.0,0.94
79020005,frontier_t0,random_mutation,4,False,DEAD_REGIONS,DEAD_REGIONS,Random remove key-door pair,Rejected: reduced trajectory diversity,1.0,0.96,1.0,0.92
79020005,frontier_t0,random_mutation,5,False,DEAD_REGIONS,DEAD_REGIONS,"Random add wall at (10, 6)",Rejected: neutral or insufficient lexicographic improvement,1.0,0.96,1.0,0.96
79020005,frontier_t0,random_mutation,6,False,DEAD_REGIONS,DEAD_REGIONS,Random remove block,Rejected: reduced trajectory diversity,1.0,0.96,1.0,0.96
79020005,frontier_t0,random_mutation,7,False,DEAD_REGIONS,DEAD_REGIONS,"Random move start to (7, 6)",Rejected: degraded strategic advantage (-0.18),1.0,0.96,1.0,0.78
79020005,frontier_t0,random_mutation,8,False,DEAD_REGIONS,DEAD_REGIONS,"Random move start to (6, 5)",Rejected: reduced trajectory diversity,1.0,0.96,1.0,0.84
79020005,frontier_t0,random_mutation,9,False,DEAD_REGIONS,DEAD_REGIONS,"Random add wall at (3, 10)",Rejected: reduced trajectory diversity,1.0,0.96,1.0,0.96
79020005,frontier_t0,random_mutation,10,False,DEAD_REGIONS,DEAD_REGIONS,"Random move goal to (5, 8)",Rejected: neutral or insufficient lexicographic improvement,1.0,0.96,1.0,0.88
79020005,frontier_t0,random_mutation,11,False,DEAD_REGIONS,DEAD_REGIONS,"Random move start to (2, 6)",Rejected: reduced trajectory diversity,1.0,0.96,1.0,0.96
79020005,frontier_t0,random_mutation,12,False,DEAD_REGIONS,DEAD_REGIONS,"Random move goal to (8, 5)",Rejected: neutral or insufficient lexicographic improvement,1.0,0.96,1.0,0.96
79020005,frontier_t0,random_mutation,13,False,DEAD_REGIONS,DEAD_REGIONS,"Random add wall at (5, 8)",Rejected: neutral or insufficient lexicographic improvement,1.0,0.96,1.0,0.96
79020005,frontier_t0,random_mutation,14,False,DEAD_REGIONS,DEAD_REGIONS,"Random remove wall at (5, 1)",Rejected: neutral or insufficient lexicographic improvement,1.0,0.96,1.0,0.98
79020005,frontier_t0,random_mutation,15,False,DEAD_REGIONS,DEAD_REGIONS,Random remove switch-gate pair,Rejected: neutral or insufficient lexicographic improvement,1.0,0.96,1.0,0.98
79020005,frontier_t0,random_mutation,16,False,DEAD_REGIONS,DEAD_REGIONS,Random add teleporter pair,Rejected: reduced trajectory diversity,1.0,0.96,1.0,0.94
79020005,frontier_t0,random_mutation,17,False,DEAD_REGIONS,DEAD_REGIONS,Random remove switch-gate pair,Rejected: neutral or insufficient lexicographic improvement,1.0,0.96,1.0,0.98
79020005,frontier_t0,random_mutation,18,False,DEAD_REGIONS,DEAD_REGIONS,"Random move start to (7, 5)",Rejected: reduced trajectory diversity,1.0,0.96,1.0,0.84
79020005,frontier_t0,random_mutation,19,False,DEAD_REGIONS,DEAD_REGIONS,"Random move goal to (10, 5)",Rejected: candidate rendered game unsolvable,1.0,0.96,0.0,-0.04
79020005,frontier_t0,random_mutation,20,True,DEAD_REGIONS,DEAD_REGIONS,"Random add hazard at (8, 7)",Accepted: increased state richness (378 -> 400),1.0,0.96,1.0,0.96
79020005,structural,targeted,0,True,INITIAL,DEAD_REGIONS,Initial G0,Initial G0,1.0,0.96,1.0,0.96
79020005,structural,targeted,1,False,DEAD_REGIONS,DEAD_REGIONS,"Relocate key to (1, 2) in unexplored area",Rejected: degraded strategic advantage (-0.16),1.0,0.96,1.0,0.8
79020005,structural,targeted,2,False,DEAD_REGIONS,DEAD_REGIONS,"Relocate key to (1, 2) in unexplored area",Rejected: degraded strategic advantage (-0.16),1.0,0.96,1.0,0.8
79020005,structural,targeted,3,False,DEAD_REGIONS,DEAD_REGIONS,"Relocate key to (1, 2) in unexplored area",Rejected: degraded strategic advantage (-0.16),1.0,0.96,1.0,0.8
79020005,structural,targeted,4,False,DEAD_REGIONS,DEAD_REGIONS,"Relocate key to (1, 2) in unexplored area",Rejected: degraded strategic advantage (-0.16),1.0,0.96,1.0,0.8
79020005,structural,targeted,5,False,DEAD_REGIONS,DEAD_REGIONS,"Relocate key to (1, 2) in unexplored area",Rejected: degraded strategic advantage (-0.16),1.0,0.96,1.0,0.8
79020005,structural,targeted,6,False,DEAD_REGIONS,DEAD_REGIONS,"Relocate key to (1, 2) in unexplored area",Rejected: degraded strategic advantage (-0.16),1.0,0.96,1.0,0.8
79020005,structural,targeted,7,False,DEAD_REGIONS,DEAD_REGIONS,"Relocate key to (1, 2) in unexplored area",Rejected: degraded strategic advantage (-0.16),1.0,0.96,1.0,0.8
79020005,structural,targeted,8,False,DEAD_REGIONS,DEAD_REGIONS,"Relocate key to (1, 2) in unexplored area",Rejected: degraded strategic advantage (-0.16),1.0,0.96,1.0,0.8
79020005,structural,targeted,9,False,DEAD_REGIONS,DEAD_REGIONS,"Relocate key to (1, 2) in unexplored area",Rejected: degraded strategic advantage (-0.16),1.0,0.96,1.0,0.8
79020005,structural,targeted,10,False,DEAD_REGIONS,DEAD_REGIONS,"Relocate key to (1, 2) in unexplored area",Rejected: degraded strategic advantage (-0.16),1.0,0.96,1.0,0.8
79020005,structural,targeted,11,False,DEAD_REGIONS,DEAD_REGIONS,"Relocate key to (1, 2) in unexplored area",Rejected: degraded strategic advantage (-0.16),1.0,0.96,1.0,0.8
79020005,structural,targeted,12,False,DEAD_REGIONS,DEAD_REGIONS,"Relocate key to (1, 2) in unexplored area",Rejected: degraded strategic advantage (-0.16),1.0,0.96,1.0,0.8
79020005,structural,targeted,13,False,DEAD_REGIONS,DEAD_REGIONS,"Relocate key to (1, 2) in unexplored area",Rejected: degraded strategic advantage (-0.16),1.0,0.96,1.0,0.8
79020005,structural,targeted,14,False,DEAD_REGIONS,DEAD_REGIONS,"Relocate key to (1, 2) in unexplored area",Rejected: degraded strategic advantage (-0.16),1.0,0.96,1.0,0.8
79020005,structural,targeted,15,False,DEAD_REGIONS,DEAD_REGIONS,"Relocate key to (1, 2) in unexplored area",Rejected: degraded strategic advantage (-0.16),1.0,0.96,1.0,0.8
79020005,structural,targeted,16,False,DEAD_REGIONS,DEAD_REGIONS,"Relocate key to (1, 2) in unexplored area",Rejected: degraded strategic advantage (-0.16),1.0,0.96,1.0,0.8
79020005,structural,targeted,17,False,DEAD_REGIONS,DEAD_REGIONS,"Relocate key to (1, 2) in unexplored area",Rejected: degraded strategic advantage (-0.16),1.0,0.96,1.0,0.8
79020005,structural,targeted,18,False,DEAD_REGIONS,DEAD_REGIONS,"Relocate key to (1, 2) in unexplored area",Rejected: degraded strategic advantage (-0.16),1.0,0.96,1.0,0.8
79020005,structural,targeted,19,False,DEAD_REGIONS,DEAD_REGIONS,"Relocate key to (1, 2) in unexplored area",Rejected: degraded strategic advantage (-0.16),1.0,0.96,1.0,0.8
79020005,structural,targeted,20,False,DEAD_REGIONS,DEAD_REGIONS,"Relocate key to (1, 2) in unexplored area",Rejected: degraded strategic advantage (-0.16),1.0,0.96,1.0,0.8
79020005,structural,random_mutation,0,True,INITIAL,DEAD_REGIONS,Initial G0,Initial G0,1.0,0.96,1.0,0.96
79020005,structural,random_mutation,1,True,DEAD_REGIONS,DEAD_REGIONS,Random remove teleporter,Accepted: increased state richness (337 -> 359),1.0,0.96,1.0,0.96
79020005,structural,random_mutation,2,False,DEAD_REGIONS,DEAD_REGIONS,Random add teleporter pair,Rejected: reduced trajectory diversity,1.0,0.96,1.0,0.94
79020005,structural,random_mutation,3,False,DEAD_REGIONS,DEAD_REGIONS,Random add teleporter pair,Rejected: reduced trajectory diversity,1.0,0.96,1.0,0.94
79020005,structural,random_mutation,4,False,DEAD_REGIONS,DEAD_REGIONS,Random remove key-door pair,Rejected: reduced trajectory diversity,1.0,0.96,1.0,0.92
79020005,structural,random_mutation,5,False,DEAD_REGIONS,DEAD_REGIONS,"Random add wall at (10, 6)",Rejected: neutral or insufficient lexicographic improvement,1.0,0.96,1.0,0.96
79020005,structural,random_mutation,6,False,DEAD_REGIONS,DEAD_REGIONS,Random remove block,Rejected: neutral or insufficient lexicographic improvement,1.0,0.96,1.0,0.96
79020005,structural,random_mutation,7,False,DEAD_REGIONS,DEAD_REGIONS,"Random move start to (7, 6)",Rejected: degraded strategic advantage (-0.18),1.0,0.96,1.0,0.78
79020005,structural,random_mutation,8,False,DEAD_REGIONS,DEAD_REGIONS,"Random move start to (6, 5)",Rejected: reduced trajectory diversity,1.0,0.96,1.0,0.84
79020005,structural,random_mutation,9,False,DEAD_REGIONS,DEAD_REGIONS,"Random add wall at (3, 10)",Rejected: neutral or insufficient lexicographic improvement,1.0,0.96,1.0,0.96
79020005,structural,random_mutation,10,False,DEAD_REGIONS,DEAD_REGIONS,"Random move goal to (5, 8)",Rejected: neutral or insufficient lexicographic improvement,1.0,0.96,1.0,0.88
79020005,structural,random_mutation,11,False,DEAD_REGIONS,DEAD_REGIONS,"Random move start to (2, 6)",Rejected: reduced trajectory diversity,1.0,0.96,1.0,0.96
79020005,structural,random_mutation,12,False,DEAD_REGIONS,DEAD_REGIONS,"Random move goal to (8, 5)",Rejected: neutral or insufficient lexicographic improvement,1.0,0.96,1.0,0.96
79020005,structural,random_mutation,13,False,DEAD_REGIONS,DEAD_REGIONS,"Random add wall at (5, 8)",Rejected: reduced trajectory diversity,1.0,0.96,1.0,0.96
79020005,structural,random_mutation,14,True,DEAD_REGIONS,DEAD_REGIONS,"Random remove wall at (5, 1)",Accepted: increased state richness (359 -> 367),1.0,0.98,1.0,0.98
79020005,structural,random_mutation,15,False,DEAD_REGIONS,DEAD_REGIONS,Random remove switch-gate pair,Rejected: neutral or insufficient lexicographic improvement,1.0,0.98,1.0,0.98
79020005,structural,random_mutation,16,False,DEAD_REGIONS,DEAD_REGIONS,Random add teleporter pair,Rejected: reduced trajectory diversity,1.0,0.98,1.0,0.94
79020005,structural,random_mutation,17,False,DEAD_REGIONS,DEAD_REGIONS,Random remove switch-gate pair,Rejected: neutral or insufficient lexicographic improvement,1.0,0.98,1.0,0.98
79020005,structural,random_mutation,18,False,DEAD_REGIONS,DEAD_REGIONS,"Random move start to (7, 4)",Rejected: degraded strategic advantage (-0.40),1.0,0.98,1.0,0.58
79020005,structural,random_mutation,19,False,DEAD_REGIONS,DEAD_REGIONS,"Random move goal to (10, 4)",Rejected: candidate rendered game unsolvable,1.0,0.98,0.0,-0.04
79020005,structural,random_mutation,20,False,DEAD_REGIONS,DEAD_REGIONS,"Random add hazard at (8, 6)",Rejected: reduced trajectory diversity,1.0,0.98,1.0,0.98
79020005,virtual_frontier,targeted,0,True,INITIAL,DEAD_REGIONS,Initial G0,Initial G0,1.0,0.96,1.0,0.96
79020005,virtual_frontier,targeted,1,False,DEAD_REGIONS,DEAD_REGIONS,"Relocate key to (1, 2) in unexplored area",Rejected: degraded strategic advantage (-0.16),1.0,0.96,1.0,0.8
79020005,virtual_frontier,targeted,2,False,DEAD_REGIONS,DEAD_REGIONS,"Relocate key to (1, 2) in unexplored area",Rejected: degraded strategic advantage (-0.16),1.0,0.96,1.0,0.8
79020005,virtual_frontier,targeted,3,False,DEAD_REGIONS,DEAD_REGIONS,"Relocate key to (1, 2) in unexplored area",Rejected: degraded strategic advantage (-0.16),1.0,0.96,1.0,0.8
79020005,virtual_frontier,targeted,4,False,DEAD_REGIONS,DEAD_REGIONS,"Relocate key to (1, 2) in unexplored area",Rejected: degraded strategic advantage (-0.16),1.0,0.96,1.0,0.8
79020005,virtual_frontier,targeted,5,False,DEAD_REGIONS,DEAD_REGIONS,"Relocate key to (1, 2) in unexplored area",Rejected: degraded strategic advantage (-0.16),1.0,0.96,1.0,0.8
79020005,virtual_frontier,targeted,6,False,DEAD_REGIONS,DEAD_REGIONS,"Relocate key to (1, 2) in unexplored area",Rejected: degraded strategic advantage (-0.16),1.0,0.96,1.0,0.8
79020005,virtual_frontier,targeted,7,False,DEAD_REGIONS,DEAD_REGIONS,"Relocate key to (1, 2) in unexplored area",Rejected: degraded strategic advantage (-0.16),1.0,0.96,1.0,0.8
79020005,virtual_frontier,targeted,8,False,DEAD_REGIONS,DEAD_REGIONS,"Relocate key to (1, 2) in unexplored area",Rejected: degraded strategic advantage (-0.16),1.0,0.96,1.0,0.8
79020005,virtual_frontier,targeted,9,False,DEAD_REGIONS,DEAD_REGIONS,"Relocate key to (1, 2) in unexplored area",Rejected: degraded strategic advantage (-0.16),1.0,0.96,1.0,0.8
79020005,virtual_frontier,targeted,10,False,DEAD_REGIONS,DEAD_REGIONS,"Relocate key to (1, 2) in unexplored area",Rejected: degraded strategic advantage (-0.16),1.0,0.96,1.0,0.8
79020005,virtual_frontier,targeted,11,False,DEAD_REGIONS,DEAD_REGIONS,"Relocate key to (1, 2) in unexplored area",Rejected: degraded strategic advantage (-0.16),1.0,0.96,1.0,0.8
79020005,virtual_frontier,targeted,12,False,DEAD_REGIONS,DEAD_REGIONS,"Relocate key to (1, 2) in unexplored area",Rejected: degraded strategic advantage (-0.16),1.0,0.96,1.0,0.8
79020005,virtual_frontier,targeted,13,False,DEAD_REGIONS,DEAD_REGIONS,"Relocate key to (1, 2) in unexplored area",Rejected: degraded strategic advantage (-0.16),1.0,0.96,1.0,0.8
79020005,virtual_frontier,targeted,14,False,DEAD_REGIONS,DEAD_REGIONS,"Relocate key to (1, 2) in unexplored area",Rejected: degraded strategic advantage (-0.16),1.0,0.96,1.0,0.8
79020005,virtual_frontier,targeted,15,False,DEAD_REGIONS,DEAD_REGIONS,"Relocate key to (1, 2) in unexplored area",Rejected: degraded strategic advantage (-0.16),1.0,0.96,1.0,0.8
79020005,virtual_frontier,targeted,16,False,DEAD_REGIONS,DEAD_REGIONS,"Relocate key to (1, 2) in unexplored area",Rejected: degraded strategic advantage (-0.16),1.0,0.96,1.0,0.8
79020005,virtual_frontier,targeted,17,False,DEAD_REGIONS,DEAD_REGIONS,"Relocate key to (1, 2) in unexplored area",Rejected: degraded strategic advantage (-0.16),1.0,0.96,1.0,0.8
79020005,virtual_frontier,targeted,18,False,DEAD_REGIONS,DEAD_REGIONS,"Relocate key to (1, 2) in unexplored area",Rejected: degraded strategic advantage (-0.16),1.0,0.96,1.0,0.8
79020005,virtual_frontier,targeted,19,False,DEAD_REGIONS,DEAD_REGIONS,"Relocate key to (1, 2) in unexplored area",Rejected: degraded strategic advantage (-0.16),1.0,0.96,1.0,0.8
79020005,virtual_frontier,targeted,20,False,DEAD_REGIONS,DEAD_REGIONS,"Relocate key to (1, 2) in unexplored area",Rejected: degraded strategic advantage (-0.16),1.0,0.96,1.0,0.8
79020005,virtual_frontier,random_mutation,0,True,INITIAL,DEAD_REGIONS,Initial G0,Initial G0,1.0,0.96,1.0,0.96
79020005,virtual_frontier,random_mutation,1,False,DEAD_REGIONS,DEAD_REGIONS,Random remove teleporter,Rejected: reduced trajectory diversity,1.0,0.96,1.0,0.96
79020005,virtual_frontier,random_mutation,2,False,DEAD_REGIONS,DEAD_REGIONS,Random remove teleporter,Rejected: reduced trajectory diversity,1.0,0.96,1.0,0.96
79020005,virtual_frontier,random_mutation,3,False,DEAD_REGIONS,DEAD_REGIONS,Random remove teleporter,Rejected: reduced trajectory diversity,1.0,0.96,1.0,0.96
79020005,virtual_frontier,random_mutation,4,False,DEAD_REGIONS,DEAD_REGIONS,Random remove key-door pair,Rejected: degraded strategic advantage (-0.20),1.0,0.96,1.0,0.76
79020005,virtual_frontier,random_mutation,5,False,DEAD_REGIONS,DEAD_REGIONS,"Random add wall at (10, 9)",Rejected: neutral or insufficient lexicographic improvement,1.0,0.96,1.0,0.96
79020005,virtual_frontier,random_mutation,6,False,DEAD_REGIONS,DEAD_REGIONS,Random remove block,Rejected: reduced trajectory diversity,1.0,0.96,1.0,0.96
79020005,virtual_frontier,random_mutation,7,False,DEAD_REGIONS,DEAD_REGIONS,"Random move start to (7, 9)",Rejected: reduced trajectory diversity,1.0,0.96,1.0,0.88
79020005,virtual_frontier,random_mutation,8,False,DEAD_REGIONS,DEAD_REGIONS,"Random move start to (6, 7)",Rejected: reduced trajectory diversity,1.0,0.96,1.0,0.88
79020005,virtual_frontier,random_mutation,9,False,DEAD_REGIONS,DEAD_REGIONS,"Random add wall at (3, 10)",Rejected: reduced trajectory diversity,1.0,0.96,1.0,0.96
79020005,virtual_frontier,random_mutation,10,False,DEAD_REGIONS,DEAD_REGIONS,"Random move goal to (5, 9)",Rejected: reduced trajectory diversity,1.0,0.96,1.0,0.94
79020005,virtual_frontier,random_mutation,11,False,DEAD_REGIONS,DEAD_REGIONS,"Random move start to (2, 6)",Rejected: reduced trajectory diversity,1.0,0.96,1.0,0.94
79020005,virtual_frontier,random_mutation,12,False,DEAD_REGIONS,DEAD_REGIONS,"Random move goal to (8, 7)",Rejected: neutral or insufficient lexicographic improvement,1.0,0.96,1.0,0.9
79020005,virtual_frontier,random_mutation,13,False,DEAD_REGIONS,DEAD_REGIONS,"Random add wall at (5, 9)",Rejected: neutral or insufficient lexicographic improvement,1.0,0.96,1.0,0.96
79020005,virtual_frontier,random_mutation,14,True,DEAD_REGIONS,DEAD_REGIONS,"Random remove wall at (5, 1)",Accepted: increased state richness (391 -> 399),1.0,0.96,1.0,0.96
79020005,virtual_frontier,random_mutation,15,False,DEAD_REGIONS,DEAD_REGIONS,Random remove switch-gate pair,Rejected: neutral or insufficient lexicographic improvement,1.0,0.96,1.0,0.98
79020005,virtual_frontier,random_mutation,16,False,DEAD_REGIONS,DEAD_REGIONS,Random remove teleporter,Rejected: neutral or insufficient lexicographic improvement,1.0,0.96,1.0,0.98
79020005,virtual_frontier,random_mutation,17,False,DEAD_REGIONS,DEAD_REGIONS,Random remove switch-gate pair,Rejected: neutral or insufficient lexicographic improvement,1.0,0.96,1.0,0.98
79020005,virtual_frontier,random_mutation,18,False,DEAD_REGIONS,DEAD_REGIONS,"Random move start to (7, 6)",Rejected: degraded strategic advantage (-0.20),1.0,0.96,1.0,0.76
79020005,virtual_frontier,random_mutation,19,False,DEAD_REGIONS,DEAD_REGIONS,"Random move goal to (10, 6)",Rejected: candidate rendered game unsolvable,1.0,0.96,0.0,-0.02
79020005,virtual_frontier,random_mutation,20,False,DEAD_REGIONS,DEAD_REGIONS,"Random add hazard at (8, 9)",Rejected: reduced trajectory diversity,1.0,0.96,1.0,0.96
79020006,frontier_t0,targeted,0,True,INITIAL,NO_CHOICE,Initial G0,Initial G0,1.0,0.8,1.0,0.8
79020006,frontier_t0,targeted,1,True,NO_CHOICE,NO_CHOICE,"Remove wall at (6, 1) to open alternative branch",Accepted: increased state richness (410 -> 423),1.0,0.76,1.0,0.76
79020006,frontier_t0,targeted,2,True,NO_CHOICE,NO_CHOICE,"Remove wall at (4, 1) to open alternative branch",Accepted: increased state richness (423 -> 431),1.0,0.74,1.0,0.74
79020006,frontier_t0,targeted,3,True,NO_CHOICE,NO_CHOICE,"Remove wall at (2, 6) to open alternative branch",Accepted: increased state richness (431 -> 488),1.0,0.74,1.0,0.74
79020006,frontier_t0,targeted,4,False,NO_CHOICE,NO_CHOICE,"Move wall from (3, 9) to (7, 5)",Rejected: neutral or insufficient lexicographic improvement,1.0,0.74,1.0,0.74
79020006,frontier_t0,targeted,5,True,NO_CHOICE,NO_CHOICE,"Add wall at (8, 4)",Accepted: significantly increased strategic advantage (+0.24),1.0,0.98,1.0,0.98
79020006,frontier_t0,targeted,6,False,NO_CHOICE,NO_CHOICE,"Add wall at (7, 5)",Rejected: neutral or insufficient lexicographic improvement,1.0,0.98,1.0,0.96
79020006,frontier_t0,targeted,7,False,NO_CHOICE,NO_CHOICE,"Remove wall at (5, 6) to open alternative branch",Rejected: neutral or insufficient lexicographic improvement,1.0,0.98,1.0,0.98
79020006,frontier_t0,targeted,8,False,NO_CHOICE,NO_CHOICE,"Remove wall at (8, 5) to open alternative branch",Rejected: neutral or insufficient lexicographic improvement,1.0,0.98,1.0,0.9
79020006,frontier_t0,targeted,9,False,NO_CHOICE,NO_CHOICE,"Remove wall at (1, 1) to open alternative branch",Rejected: neutral or insufficient lexicographic improvement,1.0,0.98,1.0,0.98
79020006,frontier_t0,targeted,10,True,NO_CHOICE,NO_CHOICE,"Remove wall at (7, 3) to open alternative branch",Accepted: increased state richness (480 -> 489),1.0,0.98,1.0,0.98
79020006,frontier_t0,targeted,11,False,NO_CHOICE,NO_CHOICE,"Remove wall at (9, 7) to open alternative branch",Rejected: neutral or insufficient lexicographic improvement,1.0,0.98,1.0,0.98
79020006,frontier_t0,targeted,12,False,NO_CHOICE,NO_CHOICE,"Remove wall at (8, 5) to open alternative branch",Rejected: neutral or insufficient lexicographic improvement,1.0,0.98,1.0,0.92
79020006,frontier_t0,targeted,13,False,NO_CHOICE,NO_CHOICE,"Move wall from (8, 5) to (2, 7)",Rejected: neutral or insufficient lexicographic improvement,1.0,0.98,1.0,0.9
79020006,frontier_t0,targeted,14,False,NO_CHOICE,NO_CHOICE,"Add wall at (2, 1)",Rejected: neutral or insufficient lexicographic improvement,1.0,0.98,1.0,0.98
79020006,frontier_t0,targeted,15,False,NO_CHOICE,NO_CHOICE,"Remove wall at (4, 3) to open alternative branch",Rejected: neutral or insufficient lexicographic improvement,1.0,0.98,1.0,0.84
79020006,frontier_t0,targeted,16,False,NO_CHOICE,NO_CHOICE,"Move wall from (7, 6) to (7, 8)",Rejected: neutral or insufficient lexicographic improvement,1.0,0.98,1.0,0.88
79020006,frontier_t0,targeted,17,False,NO_CHOICE,NO_CHOICE,"Add wall at (6, 2)",Rejected: degraded strategic advantage (-0.20),1.0,0.98,1.0,0.78
79020006,frontier_t0,targeted,18,False,NO_CHOICE,NO_CHOICE,"Add wall at (4, 2)",Rejected: neutral or insufficient lexicographic improvement,1.0,0.98,1.0,0.92
79020006,frontier_t0,targeted,19,False,NO_CHOICE,NO_CHOICE,"Add wall at (9, 5)",Rejected: candidate rendered game unsolvable,1.0,0.98,0.0,-0.06
79020006,frontier_t0,targeted,20,False,NO_CHOICE,NO_CHOICE,"Add wall at (9, 5)",Rejected: candidate rendered game unsolvable,1.0,0.98,0.0,-0.06
79020006,frontier_t0,random_mutation,0,True,INITIAL,NO_CHOICE,Initial G0,Initial G0,1.0,0.8,1.0,0.8
79020006,frontier_t0,random_mutation,1,False,NO_CHOICE,NO_CHOICE,"Random move goal to (5, 2)",Rejected: degraded strategic advantage (-0.56),1.0,0.8,1.0,0.24
79020006,frontier_t0,random_mutation,2,False,NO_CHOICE,NO_CHOICE,"Random move goal to (7, 2)",Rejected: degraded strategic advantage (-0.34),1.0,0.8,1.0,0.46
79020006,frontier_t0,random_mutation,3,False,NO_CHOICE,NO_CHOICE,"Random add wall at (9, 5)",Rejected: neutral or insufficient lexicographic improvement,1.0,0.8,1.0,0.8
79020006,frontier_t0,random_mutation,4,False,NO_CHOICE,NO_CHOICE,Random remove block,Rejected: neutral or insufficient lexicographic improvement,1.0,0.8,1.0,0.66
79020006,frontier_t0,random_mutation,5,False,NO_CHOICE,NO_CHOICE,Random remove switch-gate pair,Rejected: neutral or insufficient lexicographic improvement,1.0,0.8,1.0,0.8
79020006,frontier_t0,random_mutation,6,True,NO_CHOICE,NO_CHOICE,"Random add hazard at (5, 2)",Accepted: increased state richness (410 -> 417),1.0,0.86,1.0,0.86
79020006,frontier_t0,random_mutation,7,False,NO_CHOICE,NO_CHOICE,Random remove key-door pair,Rejected: neutral or insufficient lexicographic improvement,1.0,0.86,1.0,0.74
79020006,frontier_t0,random_mutation,8,False,NO_CHOICE,NO_CHOICE,Random remove teleporter,Rejected: neutral or insufficient lexicographic improvement,1.0,0.86,1.0,0.86
79020006,frontier_t0,random_mutation,9,False,NO_CHOICE,NO_CHOICE,"Random remove hazard at (5, 2)",Rejected: neutral or insufficient lexicographic improvement,1.0,0.86,1.0,0.8
79020006,frontier_t0,random_mutation,10,False,NO_CHOICE,NO_CHOICE,Random remove switch-gate pair,Rejected: neutral or insufficient lexicographic improvement,1.0,0.86,1.0,0.8
79020006,frontier_t0,random_mutation,11,False,NO_CHOICE,NO_CHOICE,Random remove key-door pair,Rejected: neutral or insufficient lexicographic improvement,1.0,0.86,1.0,0.74
79020006,frontier_t0,random_mutation,12,False,NO_CHOICE,NO_CHOICE,"Random move goal to (3, 7)",Rejected: degraded strategic advantage (-0.22),1.0,0.86,1.0,0.64
79020006,frontier_t0,random_mutation,13,False,NO_CHOICE,NO_CHOICE,"Random add hazard at (4, 9)",Rejected: neutral or insufficient lexicographic improvement,1.0,0.86,1.0,0.86
79020006,frontier_t0,random_mutation,14,False,NO_CHOICE,NO_CHOICE,"Random move goal to (9, 3)",Rejected: degraded strategic advantage (-0.22),1.0,0.86,1.0,0.64
79020006,frontier_t0,random_mutation,15,False,NO_CHOICE,NO_CHOICE,"Random move goal to (10, 9)",Rejected: neutral or insufficient lexicographic improvement,1.0,0.86,1.0,0.88
79020006,frontier_t0,random_mutation,16,False,NO_CHOICE,NO_CHOICE,"Random remove wall at (9, 7)",Rejected: neutral or insufficient lexicographic improvement,1.0,0.86,1.0,0.84
79020006,frontier_t0,random_mutation,17,False,NO_CHOICE,NO_CHOICE,Random remove key-door pair,Rejected: neutral or insufficient lexicographic improvement,1.0,0.86,1.0,0.74
79020006,frontier_t0,random_mutation,18,False,NO_CHOICE,NO_CHOICE,"Random add hazard at (8, 9)",Rejected: neutral or insufficient lexicographic improvement,1.0,0.86,1.0,0.86
79020006,frontier_t0,random_mutation,19,False,NO_CHOICE,NO_CHOICE,Random remove key-door pair,Rejected: neutral or insufficient lexicographic improvement,1.0,0.86,1.0,0.74
79020006,frontier_t0,random_mutation,20,False,NO_CHOICE,NO_CHOICE,"Random move goal to (10, 3)",Rejected: neutral or insufficient lexicographic improvement,1.0,0.86,1.0,0.72
79020006,structural,targeted,0,True,INITIAL,TOO_HARD,Initial G0,Initial G0,0.0,-0.2,0.0,-0.2
79020006,structural,targeted,1,False,TOO_HARD,TOO_HARD,"Remove wall at (6, 1) to unblock passage",Rejected: neutral or insufficient lexicographic improvement,0.0,-0.2,0.0,-0.24
79020006,structural,targeted,2,True,TOO_HARD,NO_CHOICE,"Remove wall at (7, 6) to unblock passage",Accepted: rescued unsolvable game to solvable,1.0,0.82,1.0,0.82
79020006,structural,targeted,3,False,NO_CHOICE,NO_CHOICE,"Remove wall at (10, 7) to open alternative branch",Rejected: neutral or insufficient lexicographic improvement,1.0,0.82,1.0,0.82
79020006,structural,targeted,4,False,NO_CHOICE,NO_CHOICE,"Move wall from (6, 1) to (7, 8)",Rejected: neutral or insufficient lexicographic improvement,1.0,0.82,1.0,0.88
79020006,structural,targeted,5,False,NO_CHOICE,NO_CHOICE,"Add wall at (8, 7)",Rejected: candidate rendered game unsolvable,1.0,0.82,0.0,-0.18
79020006,structural,targeted,6,False,NO_CHOICE,NO_CHOICE,"Add wall at (7, 8)",Rejected: neutral or insufficient lexicographic improvement,1.0,0.82,1.0,0.82
79020006,structural,targeted,7,False,NO_CHOICE,NO_CHOICE,"Remove wall at (5, 6) to open alternative branch",Rejected: neutral or insufficient lexicographic improvement,1.0,0.82,1.0,0.86
79020006,structural,targeted,8,True,NO_CHOICE,NO_CHOICE,"Remove wall at (8, 5) to open alternative branch",Accepted: increased state richness (425 -> 444),1.0,0.82,1.0,0.82
79020006,structural,targeted,9,False,NO_CHOICE,NO_CHOICE,"Remove wall at (10, 7) to open alternative branch",Rejected: neutral or insufficient lexicographic improvement,1.0,0.82,1.0,0.82
79020006,structural,targeted,10,True,NO_CHOICE,NO_CHOICE,"Remove wall at (7, 3) to open alternative branch",Accepted: increased state richness (444 -> 453),1.0,0.84,1.0,0.84
79020006,structural,targeted,11,False,NO_CHOICE,NO_CHOICE,"Remove wall at (9, 7) to open alternative branch",Rejected: neutral or insufficient lexicographic improvement,1.0,0.84,1.0,0.82
79020006,structural,targeted,12,True,NO_CHOICE,NO_CHOICE,"Remove wall at (6, 1) to open alternative branch",Accepted: increased state richness (453 -> 460),1.0,0.8,1.0,0.8
79020006,structural,targeted,13,False,NO_CHOICE,NO_CHOICE,"Move wall from (6, 7) to (2, 9)",Rejected: neutral or insufficient lexicographic improvement,1.0,0.8,1.0,0.8
79020006,structural,targeted,14,False,NO_CHOICE,NO_CHOICE,"Add wall at (2, 1)",Rejected: neutral or insufficient lexicographic improvement,1.0,0.8,1.0,0.8
79020006,structural,targeted,15,False,NO_CHOICE,NO_CHOICE,"Remove wall at (4, 3) to open alternative branch",Rejected: candidate rendered game unsolvable,1.0,0.8,0.0,-0.22
79020006,structural,targeted,16,True,NO_CHOICE,NO_CHOICE,"Move wall from (3, 8) to (7, 9)",Accepted: increased state richness (460 -> 491),1.0,0.8,1.0,0.8
79020006,structural,targeted,17,False,NO_CHOICE,NO_CHOICE,"Add wall at (10, 10)",Rejected: neutral or insufficient lexicographic improvement,1.0,0.8,1.0,0.8
79020006,structural,targeted,18,False,NO_CHOICE,NO_CHOICE,"Add wall at (6, 4)",Rejected: neutral or insufficient lexicographic improvement,1.0,0.8,1.0,0.76
79020006,structural,targeted,19,False,NO_CHOICE,NO_CHOICE,"Add wall at (4, 4)",Rejected: neutral or insufficient lexicographic improvement,1.0,0.8,1.0,0.72
79020006,structural,targeted,20,False,NO_CHOICE,NO_CHOICE,"Add wall at (9, 4)",Rejected: neutral or insufficient lexicographic improvement,1.0,0.8,1.0,0.86
79020006,structural,random_mutation,0,True,INITIAL,TOO_HARD,Initial G0,Initial G0,0.0,-0.2,0.0,-0.2
79020006,structural,random_mutation,1,True,TOO_HARD,TOO_EASY,"Random move goal to (5, 2)",Accepted: rescued unsolvable game to solvable,1.0,0.24,1.0,0.24
79020006,structural,random_mutation,2,True,TOO_EASY,TOO_EASY,"Random move goal to (7, 4)",Accepted: significantly increased strategic advantage (+0.26),1.0,0.5,1.0,0.5
79020006,structural,random_mutation,3,True,TOO_EASY,TOO_EASY,"Random add wall at (9, 6)",Accepted: increased state richness (402 -> 415),1.0,0.46,1.0,0.46
79020006,structural,random_mutation,4,False,TOO_EASY,TOO_EASY,Random remove block,Rejected: neutral or insufficient lexicographic improvement,1.0,0.46,1.0,0.44
79020006,structural,random_mutation,5,False,TOO_EASY,TOO_EASY,Random remove switch-gate pair,Rejected: neutral or insufficient lexicographic improvement,1.0,0.46,1.0,0.48
79020006,structural,random_mutation,6,True,TOO_EASY,TOO_EASY,"Random add hazard at (5, 2)",Accepted: increased state richness (415 -> 426),1.0,0.44,1.0,0.44
79020006,structural,random_mutation,7,False,TOO_EASY,TOO_EASY,Random remove key-door pair,Rejected: neutral or insufficient lexicographic improvement,1.0,0.44,1.0,0.36
79020006,structural,random_mutation,8,False,TOO_EASY,TOO_EASY,Random remove teleporter,Rejected: neutral or insufficient lexicographic improvement,1.0,0.44,1.0,0.44
79020006,structural,random_mutation,9,False,TOO_EASY,TOO_EASY,"Random remove hazard at (5, 2)",Rejected: neutral or insufficient lexicographic improvement,1.0,0.44,1.0,0.46
79020006,structural,random_mutation,10,False,TOO_EASY,TOO_EASY,Random remove switch-gate pair,Rejected: neutral or insufficient lexicographic improvement,1.0,0.44,1.0,0.42
79020006,structural,random_mutation,11,False,TOO_EASY,TOO_EASY,Random remove key-door pair,Rejected: neutral or insufficient lexicographic improvement,1.0,0.44,1.0,0.36
79020006,structural,random_mutation,12,True,TOO_EASY,NO_CHOICE,"Random move goal to (3, 7)",Accepted: significantly increased strategic advantage (+0.22),1.0,0.66,1.0,0.66
79020006,structural,random_mutation,13,False,NO_CHOICE,NO_CHOICE,"Random add hazard at (4, 10)",Rejected: candidate rendered game unsolvable,1.0,0.66,0.0,-0.34
79020006,structural,random_mutation,14,False,NO_CHOICE,NO_CHOICE,"Random move goal to (9, 4)",Rejected: neutral or insufficient lexicographic improvement,1.0,0.66,1.0,0.68
79020006,structural,random_mutation,15,True,NO_CHOICE,NO_CHOICE,"Random move goal to (10, 10)",Accepted: significantly increased strategic advantage (+0.26),1.0,0.92,1.0,0.92
79020006,structural,random_mutation,16,False,NO_CHOICE,NO_CHOICE,"Random remove wall at (9, 7)",Rejected: neutral or insufficient lexicographic improvement,1.0,0.92,1.0,0.94
79020006,structural,random_mutation,17,False,NO_CHOICE,NO_CHOICE,Random remove key-door pair,Rejected: neutral or insufficient lexicographic improvement,1.0,0.92,1.0,0.92
79020006,structural,random_mutation,18,False,NO_CHOICE,NO_CHOICE,"Random add hazard at (8, 9)",Rejected: candidate rendered game unsolvable,1.0,0.92,0.0,-0.06
79020006,structural,random_mutation,19,False,NO_CHOICE,NO_CHOICE,Random remove key-door pair,Rejected: neutral or insufficient lexicographic improvement,1.0,0.92,1.0,0.92
79020006,structural,random_mutation,20,False,NO_CHOICE,NO_CHOICE,"Random move goal to (10, 3)",Rejected: degraded strategic advantage (-0.20),1.0,0.92,1.0,0.72
79020006,virtual_frontier,targeted,0,True,INITIAL,NO_CHOICE,Initial G0,Initial G0,1.0,0.8,1.0,0.8
79020006,virtual_frontier,targeted,1,False,NO_CHOICE,NO_CHOICE,"Remove wall at (6, 1) to open alternative branch",Rejected: neutral or insufficient lexicographic improvement,1.0,0.8,1.0,0.76
79020006,virtual_frontier,targeted,2,False,NO_CHOICE,NO_CHOICE,"Remove wall at (7, 6) to open alternative branch",Rejected: candidate rendered game unsolvable,1.0,0.8,0.0,-0.18
79020006,virtual_frontier,targeted,3,False,NO_CHOICE,NO_CHOICE,"Remove wall at (1, 1) to open alternative branch",Rejected: neutral or insufficient lexicographic improvement,1.0,0.8,1.0,0.8
79020006,virtual_frontier,targeted,4,True,NO_CHOICE,NO_CHOICE,"Move wall from (6, 1) to (7, 9)",Accepted: increased state richness (313 -> 439),1.0,0.76,1.0,0.76
79020006,virtual_frontier,targeted,5,False,NO_CHOICE,NO_CHOICE,"Add wall at (8, 8)",Rejected: neutral or insufficient lexicographic improvement,1.0,0.76,1.0,0.76
79020006,virtual_frontier,targeted,6,False,NO_CHOICE,NO_CHOICE,"Add wall at (7, 8)",Rejected: neutral or insufficient lexicographic improvement,1.0,0.76,1.0,0.76
79020006,virtual_frontier,targeted,7,False,NO_CHOICE,NO_CHOICE,"Remove wall at (5, 6) to open alternative branch",Rejected: candidate rendered game unsolvable,1.0,0.76,0.0,-0.22
79020006,virtual_frontier,targeted,8,True,NO_CHOICE,NO_CHOICE,"Remove wall at (8, 5) to open alternative branch",Accepted: increased state richness (439 -> 452),1.0,0.74,1.0,0.74
79020006,virtual_frontier,targeted,9,True,NO_CHOICE,NO_CHOICE,"Remove wall at (1, 1) to open alternative branch",Accepted: increased state richness (452 -> 458),1.0,0.74,1.0,0.74
79020006,virtual_frontier,targeted,10,False,NO_CHOICE,NO_CHOICE,"Remove wall at (7, 9) to open alternative branch",Rejected: neutral or insufficient lexicographic improvement,1.0,0.74,1.0,0.74
79020006,virtual_frontier,targeted,11,True,NO_CHOICE,NO_CHOICE,"Remove wall at (3, 8) to open alternative branch",Accepted: increased state richness (458 -> 465),1.0,0.74,1.0,0.74
79020006,virtual_frontier,targeted,12,False,NO_CHOICE,NO_CHOICE,"Remove wall at (7, 3) to open alternative branch",Rejected: neutral or insufficient lexicographic improvement,1.0,0.74,1.0,0.78
79020006,virtual_frontier,targeted,13,True,NO_CHOICE,NO_CHOICE,"Move wall from (7, 3) to (2, 7)",Accepted: increased state richness (465 -> 472),1.0,0.78,1.0,0.78
79020006,virtual_frontier,targeted,14,False,NO_CHOICE,NO_CHOICE,"Add wall at (1, 10)",Rejected: neutral or insufficient lexicographic improvement,1.0,0.78,1.0,0.78
79020006,virtual_frontier,targeted,15,False,NO_CHOICE,NO_CHOICE,"Remove wall at (4, 3) to open alternative branch",Rejected: neutral or insufficient lexicographic improvement,1.0,0.78,1.0,0.82
79020006,virtual_frontier,targeted,16,False,NO_CHOICE,NO_CHOICE,"Move wall from (6, 7) to (7, 10)",Rejected: candidate rendered game unsolvable,1.0,0.78,0.0,-0.22
79020006,virtual_frontier,targeted,17,False,NO_CHOICE,NO_CHOICE,"Add wall at (6, 3)",Rejected: neutral or insufficient lexicographic improvement,1.0,0.78,1.0,0.76
79020006,virtual_frontier,targeted,18,False,NO_CHOICE,NO_CHOICE,"Add wall at (4, 4)",Rejected: neutral or insufficient lexicographic improvement,1.0,0.78,1.0,0.7
79020006,virtual_frontier,targeted,19,False,NO_CHOICE,NO_CHOICE,"Add wall at (9, 5)",Rejected: neutral or insufficient lexicographic improvement,1.0,0.78,1.0,0.86
79020006,virtual_frontier,targeted,20,False,NO_CHOICE,NO_CHOICE,"Add wall at (9, 5)",Rejected: neutral or insufficient lexicographic improvement,1.0,0.78,1.0,0.86
79020006,virtual_frontier,random_mutation,0,True,INITIAL,NO_CHOICE,Initial G0,Initial G0,1.0,0.8,1.0,0.8
79020006,virtual_frontier,random_mutation,1,False,NO_CHOICE,NO_CHOICE,"Random move goal to (5, 2)",Rejected: degraded strategic advantage (-0.56),1.0,0.8,1.0,0.24
79020006,virtual_frontier,random_mutation,2,False,NO_CHOICE,NO_CHOICE,"Random move goal to (7, 2)",Rejected: degraded strategic advantage (-0.34),1.0,0.8,1.0,0.46
79020006,virtual_frontier,random_mutation,3,False,NO_CHOICE,NO_CHOICE,"Random add wall at (9, 5)",Rejected: degraded strategic advantage (-0.80),1.0,0.8,0.2,0.0
79020006,virtual_frontier,random_mutation,4,False,NO_CHOICE,NO_CHOICE,Random remove block,Rejected: neutral or insufficient lexicographic improvement,1.0,0.8,1.0,0.66
79020006,virtual_frontier,random_mutation,5,False,NO_CHOICE,NO_CHOICE,Random remove switch-gate pair,Rejected: neutral or insufficient lexicographic improvement,1.0,0.8,1.0,0.8
79020006,virtual_frontier,random_mutation,6,False,NO_CHOICE,NO_CHOICE,"Random add hazard at (5, 2)",Rejected: neutral or insufficient lexicographic improvement,1.0,0.8,1.0,0.86
79020006,virtual_frontier,random_mutation,7,False,NO_CHOICE,NO_CHOICE,Random remove key-door pair,Rejected: neutral or insufficient lexicographic improvement,1.0,0.8,1.0,0.66
79020006,virtual_frontier,random_mutation,8,True,NO_CHOICE,NO_CHOICE,Random remove teleporter,Accepted: increased state richness (313 -> 423),1.0,0.8,1.0,0.8
79020006,virtual_frontier,random_mutation,9,False,NO_CHOICE,NO_CHOICE,"Random remove hazard at (3, 2)",Rejected: candidate rendered game unsolvable,1.0,0.8,0.0,-0.18
79020006,virtual_frontier,random_mutation,10,False,NO_CHOICE,NO_CHOICE,Random remove switch-gate pair,Rejected: neutral or insufficient lexicographic improvement,1.0,0.8,1.0,0.8
79020006,virtual_frontier,random_mutation,11,False,NO_CHOICE,NO_CHOICE,Random remove key-door pair,Rejected: neutral or insufficient lexicographic improvement,1.0,0.8,1.0,0.66
79020006,virtual_frontier,random_mutation,12,False,NO_CHOICE,NO_CHOICE,"Random move goal to (3, 6)",Rejected: degraded strategic advantage (-0.16),1.0,0.8,1.0,0.64
79020006,virtual_frontier,random_mutation,13,False,NO_CHOICE,NO_CHOICE,"Random add hazard at (4, 8)",Rejected: neutral or insufficient lexicographic improvement,1.0,0.8,1.0,0.8
79020006,virtual_frontier,random_mutation,14,False,NO_CHOICE,NO_CHOICE,"Random move goal to (8, 9)",Rejected: degraded strategic advantage (-0.62),1.0,0.8,0.2,0.18
79020006,virtual_frontier,random_mutation,15,False,NO_CHOICE,NO_CHOICE,"Random move goal to (10, 10)",Rejected: candidate rendered game unsolvable,1.0,0.8,0.0,-0.02
79020006,virtual_frontier,random_mutation,16,False,NO_CHOICE,NO_CHOICE,Random add teleporter pair,Rejected: neutral or insufficient lexicographic improvement,1.0,0.8,1.0,0.8
79020006,virtual_frontier,random_mutation,17,True,NO_CHOICE,NO_CHOICE,"Random remove wall at (9, 7)",Accepted: increased state richness (423 -> 429),1.0,0.8,1.0,0.8
79020006,virtual_frontier,random_mutation,18,False,NO_CHOICE,NO_CHOICE,Random remove key-door pair,Rejected: neutral or insufficient lexicographic improvement,1.0,0.8,1.0,0.68
79020006,virtual_frontier,random_mutation,19,False,NO_CHOICE,NO_CHOICE,"Random add hazard at (8, 7)",Rejected: neutral or insufficient lexicographic improvement,1.0,0.8,1.0,0.8
79020006,virtual_frontier,random_mutation,20,False,NO_CHOICE,NO_CHOICE,Random remove key-door pair,Rejected: neutral or insufficient lexicographic improvement,1.0,0.8,1.0,0.68
79020007,frontier_t0,targeted,0,True,INITIAL,NO_CHOICE,Initial G0,Initial G0,1.0,0.82,1.0,0.82
79020007,frontier_t0,targeted,1,False,NO_CHOICE,NO_CHOICE,"Move wall from (10, 4) to (2, 9)",Rejected: neutral or insufficient lexicographic improvement,1.0,0.82,1.0,0.82
79020007,frontier_t0,targeted,2,False,NO_CHOICE,NO_CHOICE,"Remove wall at (10, 6) to open alternative branch",Rejected: neutral or insufficient lexicographic improvement,1.0,0.82,1.0,0.82
79020007,frontier_t0,targeted,3,False,NO_CHOICE,NO_CHOICE,"Add wall at (3, 10)",Rejected: neutral or insufficient lexicographic improvement,1.0,0.82,1.0,0.82
79020007,frontier_t0,targeted,4,True,NO_CHOICE,NO_CHOICE,"Add wall at (3, 5)",Accepted: significantly increased strategic advantage (+0.10),1.0,0.92,1.0,0.92
79020007,frontier_t0,targeted,5,False,NO_CHOICE,NO_CHOICE,"Move wall from (1, 6) to (7, 3)",Rejected: neutral or insufficient lexicographic improvement,1.0,0.92,1.0,0.92
79020007,frontier_t0,targeted,6,False,NO_CHOICE,NO_CHOICE,"Add wall at (1, 2)",Rejected: neutral or insufficient lexicographic improvement,1.0,0.92,1.0,0.94
79020007,frontier_t0,targeted,7,False,NO_CHOICE,NO_CHOICE,"Add wall at (1, 1)",Rejected: neutral or insufficient lexicographic improvement,1.0,0.92,1.0,0.94
79020007,frontier_t0,targeted,8,False,NO_CHOICE,NO_CHOICE,"Add wall at (2, 9)",Rejected: neutral or insufficient lexicographic improvement,1.0,0.92,1.0,0.92
79020007,frontier_t0,targeted,9,False,NO_CHOICE,NO_CHOICE,"Add wall at (10, 3)",Rejected: neutral or insufficient lexicographic improvement,1.0,0.92,1.0,0.92
79020007,frontier_t0,targeted,10,False,NO_CHOICE,NO_CHOICE,"Remove wall at (9, 6) to open alternative branch",Rejected: neutral or insufficient lexicographic improvement,1.0,0.92,1.0,0.94
79020007,frontier_t0,targeted,11,False,NO_CHOICE,NO_CHOICE,"Add wall at (10, 1)",Rejected: neutral or insufficient lexicographic improvement,1.0,0.92,1.0,0.92
79020007,frontier_t0,targeted,12,False,NO_CHOICE,NO_CHOICE,"Remove wall at (8, 5) to open alternative branch",Rejected: neutral or insufficient lexicographic improvement,1.0,0.92,1.0,0.94
79020007,frontier_t0,targeted,13,False,NO_CHOICE,NO_CHOICE,"Remove wall at (9, 2) to open alternative branch",Rejected: neutral or insufficient lexicographic improvement,1.0,0.92,1.0,0.92
79020007,frontier_t0,targeted,14,False,NO_CHOICE,NO_CHOICE,"Remove wall at (1, 5) to open alternative branch",Rejected: neutral or insufficient lexicographic improvement,1.0,0.92,1.0,0.9
79020007,frontier_t0,targeted,15,True,NO_CHOICE,NO_CHOICE,"Move wall from (2, 6) to (1, 1)",Accepted: increased state richness (376 -> 414),1.0,0.9,1.0,0.9
79020007,frontier_t0,targeted,16,False,NO_CHOICE,NO_CHOICE,"Add wall at (6, 8)",Rejected: neutral or insufficient lexicographic improvement,1.0,0.9,1.0,0.86
79020007,frontier_t0,targeted,17,False,NO_CHOICE,NO_CHOICE,"Add wall at (9, 7)",Rejected: neutral or insufficient lexicographic improvement,1.0,0.9,1.0,0.86
79020007,frontier_t0,targeted,18,False,NO_CHOICE,NO_CHOICE,"Remove wall at (4, 10) to open alternative branch",Rejected: neutral or insufficient lexicographic improvement,1.0,0.9,1.0,0.9
79020007,frontier_t0,targeted,19,False,NO_CHOICE,NO_CHOICE,"Move wall from (9, 2) to (2, 3)",Rejected: neutral or insufficient lexicographic improvement,1.0,0.9,1.0,0.9
79020007,frontier_t0,targeted,20,False,NO_CHOICE,NO_CHOICE,"Add wall at (10, 9)",Rejected: neutral or insufficient lexicographic improvement,1.0,0.9,1.0,0.9
79020007,frontier_t0,random_mutation,0,True,INITIAL,NO_CHOICE,Initial G0,Initial G0,1.0,0.82,1.0,0.82
79020007,frontier_t0,random_mutation,1,False,NO_CHOICE,NO_CHOICE,Random remove block,Rejected: neutral or insufficient lexicographic improvement,1.0,0.82,1.0,0.82
79020007,frontier_t0,random_mutation,2,False,NO_CHOICE,NO_CHOICE,"Random add wall at (7, 7)",Rejected: neutral or insufficient lexicographic improvement,1.0,0.82,1.0,0.82
79020007,frontier_t0,random_mutation,3,True,NO_CHOICE,NO_CHOICE,"Random add hazard at (5, 1)",Accepted: increased state richness (397 -> 421),1.0,0.84,1.0,0.84
79020007,frontier_t0,random_mutation,4,True,NO_CHOICE,NO_CHOICE,"Random add wall at (3, 7)",Accepted: increased state richness (421 -> 471),1.0,0.86,1.0,0.86
79020007,frontier_t0,random_mutation,5,False,NO_CHOICE,NO_CHOICE,"Random move start to (1, 7)",Rejected: candidate rendered game unsolvable,1.0,0.86,0.0,0.0
79020007,frontier_t0,random_mutation,6,False,NO_CHOICE,NO_CHOICE,"Random add hazard at (6, 6)",Rejected: neutral or insufficient lexicographic improvement,1.0,0.86,1.0,0.94
79020007,frontier_t0,random_mutation,7,False,NO_CHOICE,NO_CHOICE,"Random add wall at (2, 4)",Rejected: neutral or insufficient lexicographic improvement,1.0,0.86,1.0,0.94
79020007,frontier_t0,random_mutation,8,False,NO_CHOICE,NO_CHOICE,"Random remove hazard at (6, 10)",Rejected: neutral or insufficient lexicographic improvement,1.0,0.86,1.0,0.82
79020007,frontier_t0,random_mutation,9,False,NO_CHOICE,NO_CHOICE,"Random move goal to (1, 2)",Rejected: neutral or insufficient lexicographic improvement,1.0,0.86,1.0,0.94
79020007,frontier_t0,random_mutation,10,False,NO_CHOICE,NO_CHOICE,Random remove teleporter,Rejected: neutral or insufficient lexicographic improvement,1.0,0.86,1.0,0.86
79020007,frontier_t0,random_mutation,11,False,NO_CHOICE,NO_CHOICE,Random remove teleporter,Rejected: neutral or insufficient lexicographic improvement,1.0,0.86,1.0,0.86
79020007,frontier_t0,random_mutation,12,False,NO_CHOICE,NO_CHOICE,Random remove block,Rejected: neutral or insufficient lexicographic improvement,1.0,0.86,1.0,0.86
79020007,frontier_t0,random_mutation,13,False,NO_CHOICE,NO_CHOICE,"Random add wall at (2, 9)",Rejected: neutral or insufficient lexicographic improvement,1.0,0.86,1.0,0.86
79020007,frontier_t0,random_mutation,14,False,NO_CHOICE,NO_CHOICE,Random remove key-door pair,Rejected: neutral or insufficient lexicographic improvement,1.0,0.86,1.0,0.86
79020007,frontier_t0,random_mutation,15,False,NO_CHOICE,NO_CHOICE,Random remove block,Rejected: neutral or insufficient lexicographic improvement,1.0,0.86,1.0,0.86
79020007,frontier_t0,random_mutation,16,False,NO_CHOICE,NO_CHOICE,Random remove block,Rejected: neutral or insufficient lexicographic improvement,1.0,0.86,1.0,0.86
79020007,frontier_t0,random_mutation,17,False,NO_CHOICE,NO_CHOICE,Random remove teleporter,Rejected: neutral or insufficient lexicographic improvement,1.0,0.86,1.0,0.86
79020007,frontier_t0,random_mutation,18,False,NO_CHOICE,NO_CHOICE,"Random move start to (9, 4)",Rejected: neutral or insufficient lexicographic improvement,1.0,0.86,1.0,0.92
79020007,frontier_t0,random_mutation,19,False,NO_CHOICE,NO_CHOICE,Random remove block,Rejected: neutral or insufficient lexicographic improvement,1.0,0.86,1.0,0.86
79020007,frontier_t0,random_mutation,20,False,NO_CHOICE,NO_CHOICE,Random remove block,Rejected: neutral or insufficient lexicographic improvement,1.0,0.86,1.0,0.86
79020007,structural,targeted,0,True,INITIAL,NO_CHOICE,Initial G0,Initial G0,1.0,0.82,1.0,0.82
79020007,structural,targeted,1,False,NO_CHOICE,NO_CHOICE,"Move wall from (10, 4) to (2, 9)",Rejected: neutral or insufficient lexicographic improvement,1.0,0.82,1.0,0.82
79020007,structural,targeted,2,False,NO_CHOICE,NO_CHOICE,"Remove wall at (10, 6) to open alternative branch",Rejected: neutral or insufficient lexicographic improvement,1.0,0.82,1.0,0.82
79020007,structural,targeted,3,False,NO_CHOICE,NO_CHOICE,"Add wall at (3, 10)",Rejected: neutral or insufficient lexicographic improvement,1.0,0.82,1.0,0.82
79020007,structural,targeted,4,True,NO_CHOICE,NO_CHOICE,"Add wall at (3, 5)",Accepted: significantly increased strategic advantage (+0.10),1.0,0.92,1.0,0.92
79020007,structural,targeted,5,False,NO_CHOICE,NO_CHOICE,"Move wall from (1, 6) to (7, 3)",Rejected: neutral or insufficient lexicographic improvement,1.0,0.92,1.0,0.92
79020007,structural,targeted,6,False,NO_CHOICE,NO_CHOICE,"Add wall at (1, 2)",Rejected: neutral or insufficient lexicographic improvement,1.0,0.92,1.0,0.94
79020007,structural,targeted,7,False,NO_CHOICE,NO_CHOICE,"Add wall at (1, 1)",Rejected: neutral or insufficient lexicographic improvement,1.0,0.92,1.0,0.94
79020007,structural,targeted,8,False,NO_CHOICE,NO_CHOICE,"Add wall at (2, 9)",Rejected: neutral or insufficient lexicographic improvement,1.0,0.92,1.0,0.92
79020007,structural,targeted,9,False,NO_CHOICE,NO_CHOICE,"Add wall at (10, 3)",Rejected: neutral or insufficient lexicographic improvement,1.0,0.92,1.0,0.92
79020007,structural,targeted,10,False,NO_CHOICE,NO_CHOICE,"Remove wall at (9, 6) to open alternative branch",Rejected: neutral or insufficient lexicographic improvement,1.0,0.92,1.0,0.94
79020007,structural,targeted,11,False,NO_CHOICE,NO_CHOICE,"Add wall at (10, 1)",Rejected: neutral or insufficient lexicographic improvement,1.0,0.92,1.0,0.92
79020007,structural,targeted,12,False,NO_CHOICE,NO_CHOICE,"Remove wall at (8, 5) to open alternative branch",Rejected: neutral or insufficient lexicographic improvement,1.0,0.92,1.0,0.94
79020007,structural,targeted,13,False,NO_CHOICE,NO_CHOICE,"Remove wall at (9, 2) to open alternative branch",Rejected: neutral or insufficient lexicographic improvement,1.0,0.92,1.0,0.92
79020007,structural,targeted,14,False,NO_CHOICE,NO_CHOICE,"Remove wall at (1, 5) to open alternative branch",Rejected: neutral or insufficient lexicographic improvement,1.0,0.92,1.0,0.9
79020007,structural,targeted,15,False,NO_CHOICE,NO_CHOICE,"Move wall from (2, 6) to (1, 1)",Rejected: neutral or insufficient lexicographic improvement,1.0,0.92,1.0,0.9
79020007,structural,targeted,16,False,NO_CHOICE,NO_CHOICE,"Add wall at (6, 8)",Rejected: neutral or insufficient lexicographic improvement,1.0,0.92,1.0,0.88
79020007,structural,targeted,17,False,NO_CHOICE,NO_CHOICE,"Add wall at (9, 7)",Rejected: neutral or insufficient lexicographic improvement,1.0,0.92,1.0,0.92
79020007,structural,targeted,18,False,NO_CHOICE,NO_CHOICE,"Remove wall at (4, 10) to open alternative branch",Rejected: neutral or insufficient lexicographic improvement,1.0,0.92,1.0,0.92
79020007,structural,targeted,19,False,NO_CHOICE,NO_CHOICE,"Move wall from (9, 2) to (2, 1)",Rejected: neutral or insufficient lexicographic improvement,1.0,0.92,1.0,0.92
79020007,structural,targeted,20,False,NO_CHOICE,NO_CHOICE,"Add wall at (10, 9)",Rejected: neutral or insufficient lexicographic improvement,1.0,0.92,1.0,0.9
79020007,structural,random_mutation,0,True,INITIAL,NO_CHOICE,Initial G0,Initial G0,1.0,0.82,1.0,0.82
79020007,structural,random_mutation,1,False,NO_CHOICE,NO_CHOICE,Random remove block,Rejected: neutral or insufficient lexicographic improvement,1.0,0.82,1.0,0.82
79020007,structural,random_mutation,2,False,NO_CHOICE,NO_CHOICE,"Random add wall at (7, 7)",Rejected: neutral or insufficient lexicographic improvement,1.0,0.82,1.0,0.82
79020007,structural,random_mutation,3,False,NO_CHOICE,NO_CHOICE,"Random add hazard at (5, 1)",Rejected: neutral or insufficient lexicographic improvement,1.0,0.82,1.0,0.84
79020007,structural,random_mutation,4,False,NO_CHOICE,NO_CHOICE,"Random add wall at (3, 7)",Rejected: neutral or insufficient lexicographic improvement,1.0,0.82,1.0,0.84
79020007,structural,random_mutation,5,False,NO_CHOICE,NO_CHOICE,"Random move start to (1, 7)",Rejected: degraded strategic advantage (-0.22),1.0,0.82,1.0,0.6
79020007,structural,random_mutation,6,False,NO_CHOICE,NO_CHOICE,"Random add hazard at (6, 4)",Rejected: neutral or insufficient lexicographic improvement,1.0,0.82,1.0,0.9
79020007,structural,random_mutation,7,True,NO_CHOICE,NO_CHOICE,"Random add wall at (2, 4)",Accepted: significantly increased strategic advantage (+0.10),1.0,0.92,1.0,0.92
79020007,structural,random_mutation,8,False,NO_CHOICE,NO_CHOICE,"Random remove hazard at (6, 10)",Rejected: neutral or insufficient lexicographic improvement,1.0,0.92,1.0,0.88
79020007,structural,random_mutation,9,False,NO_CHOICE,NO_CHOICE,"Random move goal to (1, 2)",Rejected: neutral or insufficient lexicographic improvement,1.0,0.92,1.0,0.94
79020007,structural,random_mutation,10,True,NO_CHOICE,NO_CHOICE,Random remove teleporter,Accepted: increased state richness (372 -> 412),1.0,0.88,1.0,0.88
79020007,structural,random_mutation,11,False,NO_CHOICE,NO_CHOICE,Random add teleporter pair,Rejected: neutral or insufficient lexicographic improvement,1.0,0.88,1.0,0.86
79020007,structural,random_mutation,12,False,NO_CHOICE,NO_CHOICE,Random remove block,Rejected: neutral or insufficient lexicographic improvement,1.0,0.88,1.0,0.9
79020007,structural,random_mutation,13,False,NO_CHOICE,NO_CHOICE,"Random add wall at (2, 9)",Rejected: neutral or insufficient lexicographic improvement,1.0,0.88,1.0,0.88
79020007,structural,random_mutation,14,False,NO_CHOICE,NO_CHOICE,Random remove key-door pair,Rejected: neutral or insufficient lexicographic improvement,1.0,0.88,1.0,0.88
79020007,structural,random_mutation,15,False,NO_CHOICE,NO_CHOICE,Random remove block,Rejected: neutral or insufficient lexicographic improvement,1.0,0.88,1.0,0.9
79020007,structural,random_mutation,16,False,NO_CHOICE,NO_CHOICE,Random remove block,Rejected: neutral or insufficient lexicographic improvement,1.0,0.88,1.0,0.9
79020007,structural,random_mutation,17,False,NO_CHOICE,NO_CHOICE,Random add teleporter pair,Rejected: neutral or insufficient lexicographic improvement,1.0,0.88,1.0,0.86
79020007,structural,random_mutation,18,True,NO_CHOICE,NO_CHOICE,"Random move start to (8, 9)",Accepted: increased state richness (412 -> 507),1.0,0.86,1.0,0.86
79020007,structural,random_mutation,19,False,NO_CHOICE,NO_CHOICE,Random remove block,Rejected: neutral or insufficient lexicographic improvement,1.0,0.86,1.0,0.88
79020007,structural,random_mutation,20,False,NO_CHOICE,NO_CHOICE,Random remove block,Rejected: neutral or insufficient lexicographic improvement,1.0,0.86,1.0,0.88
79020007,virtual_frontier,targeted,0,True,INITIAL,NO_CHOICE,Initial G0,Initial G0,1.0,0.82,1.0,0.82
79020007,virtual_frontier,targeted,1,False,NO_CHOICE,NO_CHOICE,"Move wall from (10, 4) to (2, 9)",Rejected: neutral or insufficient lexicographic improvement,1.0,0.82,1.0,0.82
79020007,virtual_frontier,targeted,2,False,NO_CHOICE,NO_CHOICE,"Remove wall at (10, 6) to open alternative branch",Rejected: neutral or insufficient lexicographic improvement,1.0,0.82,1.0,0.82
79020007,virtual_frontier,targeted,3,False,NO_CHOICE,NO_CHOICE,"Add wall at (3, 10)",Rejected: neutral or insufficient lexicographic improvement,1.0,0.82,1.0,0.82
79020007,virtual_frontier,targeted,4,True,NO_CHOICE,NO_CHOICE,"Add wall at (3, 5)",Accepted: significantly increased strategic advantage (+0.10),1.0,0.92,1.0,0.92
79020007,virtual_frontier,targeted,5,False,NO_CHOICE,NO_CHOICE,"Move wall from (1, 6) to (7, 3)",Rejected: neutral or insufficient lexicographic improvement,1.0,0.92,1.0,0.92
79020007,virtual_frontier,targeted,6,False,NO_CHOICE,NO_CHOICE,"Add wall at (1, 2)",Rejected: neutral or insufficient lexicographic improvement,1.0,0.92,1.0,0.94
79020007,virtual_frontier,targeted,7,False,NO_CHOICE,NO_CHOICE,"Add wall at (1, 1)",Rejected: neutral or insufficient lexicographic improvement,1.0,0.92,1.0,0.94
79020007,virtual_frontier,targeted,8,False,NO_CHOICE,NO_CHOICE,"Add wall at (2, 9)",Rejected: neutral or insufficient lexicographic improvement,1.0,0.92,1.0,0.92
79020007,virtual_frontier,targeted,9,False,NO_CHOICE,NO_CHOICE,"Add wall at (10, 3)",Rejected: neutral or insufficient lexicographic improvement,1.0,0.92,1.0,0.92
79020007,virtual_frontier,targeted,10,True,NO_CHOICE,NO_CHOICE,"Remove wall at (9, 6) to open alternative branch",Accepted: increased state richness (392 -> 410),1.0,0.94,1.0,0.94
79020007,virtual_frontier,targeted,11,False,NO_CHOICE,NO_CHOICE,"Add wall at (9, 10)",Rejected: neutral or insufficient lexicographic improvement,1.0,0.94,1.0,0.92
79020007,virtual_frontier,targeted,12,False,NO_CHOICE,NO_CHOICE,"Remove wall at (8, 5) to open alternative branch",Rejected: neutral or insufficient lexicographic improvement,1.0,0.94,1.0,0.96
79020007,virtual_frontier,targeted,13,False,NO_CHOICE,NO_CHOICE,"Remove wall at (9, 2) to open alternative branch",Rejected: neutral or insufficient lexicographic improvement,1.0,0.94,1.0,0.94
79020007,virtual_frontier,targeted,14,False,NO_CHOICE,NO_CHOICE,"Remove wall at (1, 5) to open alternative branch",Rejected: neutral or insufficient lexicographic improvement,1.0,0.94,1.0,0.94
79020007,virtual_frontier,targeted,15,True,NO_CHOICE,NO_CHOICE,"Move wall from (9, 2) to (6, 8)",Accepted: increased state richness (410 -> 446),1.0,0.92,1.0,0.92
79020007,virtual_frontier,targeted,16,False,NO_CHOICE,NO_CHOICE,"Add wall at (9, 6)",Rejected: neutral or insufficient lexicographic improvement,1.0,0.92,1.0,0.88
79020007,virtual_frontier,targeted,17,False,NO_CHOICE,NO_CHOICE,"Remove wall at (4, 10) to open alternative branch",Rejected: neutral or insufficient lexicographic improvement,1.0,0.92,1.0,0.92
79020007,virtual_frontier,targeted,18,False,NO_CHOICE,NO_CHOICE,"Move wall from (10, 6) to (2, 1)",Rejected: neutral or insufficient lexicographic improvement,1.0,0.92,1.0,0.88
79020007,virtual_frontier,targeted,19,False,NO_CHOICE,NO_CHOICE,"Add wall at (10, 8)",Rejected: neutral or insufficient lexicographic improvement,1.0,0.92,1.0,0.88
79020007,virtual_frontier,targeted,20,False,NO_CHOICE,NO_CHOICE,"Remove wall at (8, 10) to open alternative branch",Rejected: neutral or insufficient lexicographic improvement,1.0,0.92,1.0,0.94
79020007,virtual_frontier,random_mutation,0,True,INITIAL,NO_CHOICE,Initial G0,Initial G0,1.0,0.82,1.0,0.82
79020007,virtual_frontier,random_mutation,1,False,NO_CHOICE,NO_CHOICE,Random remove block,Rejected: neutral or insufficient lexicographic improvement,1.0,0.82,1.0,0.82
79020007,virtual_frontier,random_mutation,2,False,NO_CHOICE,NO_CHOICE,"Random add wall at (7, 7)",Rejected: neutral or insufficient lexicographic improvement,1.0,0.82,1.0,0.82
79020007,virtual_frontier,random_mutation,3,True,NO_CHOICE,NO_CHOICE,"Random add hazard at (5, 1)",Accepted: increased state richness (402 -> 484),1.0,0.84,1.0,0.84
79020007,virtual_frontier,random_mutation,4,False,NO_CHOICE,NO_CHOICE,"Random add wall at (3, 7)",Rejected: neutral or insufficient lexicographic improvement,1.0,0.84,1.0,0.86
79020007,virtual_frontier,random_mutation,5,False,NO_CHOICE,NO_CHOICE,"Random move start to (1, 7)",Rejected: degraded strategic advantage (-0.24),1.0,0.84,1.0,0.6
79020007,virtual_frontier,random_mutation,6,False,NO_CHOICE,NO_CHOICE,"Random add hazard at (6, 5)",Rejected: neutral or insufficient lexicographic improvement,1.0,0.84,1.0,0.88
79020007,virtual_frontier,random_mutation,7,False,NO_CHOICE,NO_CHOICE,"Random add wall at (2, 4)",Rejected: neutral or insufficient lexicographic improvement,1.0,0.84,1.0,0.92
79020007,virtual_frontier,random_mutation,8,False,NO_CHOICE,NO_CHOICE,"Random remove hazard at (6, 10)",Rejected: neutral or insufficient lexicographic improvement,1.0,0.84,1.0,0.86
79020007,virtual_frontier,random_mutation,9,True,NO_CHOICE,NO_CHOICE,"Random move goal to (1, 2)",Accepted: significantly increased strategic advantage (+0.10),1.0,0.94,1.0,0.94
79020007,virtual_frontier,random_mutation,10,False,NO_CHOICE,NO_CHOICE,Random remove teleporter,Rejected: candidate rendered game unsolvable,1.0,0.94,0.0,-0.06
79020007,virtual_frontier,random_mutation,11,False,NO_CHOICE,NO_CHOICE,Random remove teleporter,Rejected: candidate rendered game unsolvable,1.0,0.94,0.0,-0.06
79020007,virtual_frontier,random_mutation,12,False,NO_CHOICE,NO_CHOICE,Random remove block,Rejected: neutral or insufficient lexicographic improvement,1.0,0.94,1.0,0.94
79020007,virtual_frontier,random_mutation,13,False,NO_CHOICE,NO_CHOICE,"Random add wall at (3, 1)",Rejected: neutral or insufficient lexicographic improvement,1.0,0.94,1.0,0.98
79020007,virtual_frontier,random_mutation,14,False,NO_CHOICE,NO_CHOICE,Random remove key-door pair,Rejected: neutral or insufficient lexicographic improvement,1.0,0.94,1.0,0.94
79020007,virtual_frontier,random_mutation,15,False,NO_CHOICE,NO_CHOICE,Random remove block,Rejected: neutral or insufficient lexicographic improvement,1.0,0.94,1.0,0.94
79020007,virtual_frontier,random_mutation,16,False,NO_CHOICE,NO_CHOICE,Random remove block,Rejected: neutral or insufficient lexicographic improvement,1.0,0.94,1.0,0.94
79020007,virtual_frontier,random_mutation,17,False,NO_CHOICE,NO_CHOICE,Random remove teleporter,Rejected: candidate rendered game unsolvable,1.0,0.94,0.0,-0.06
79020007,virtual_frontier,random_mutation,18,False,NO_CHOICE,NO_CHOICE,"Random move start to (9, 3)",Rejected: neutral or insufficient lexicographic improvement,1.0,0.94,1.0,0.9
79020007,virtual_frontier,random_mutation,19,False,NO_CHOICE,NO_CHOICE,Random remove block,Rejected: neutral or insufficient lexicographic improvement,1.0,0.94,1.0,0.94
79020007,virtual_frontier,random_mutation,20,False,NO_CHOICE,NO_CHOICE,Random remove block,Rejected: neutral or insufficient lexicographic improvement,1.0,0.94,1.0,0.94
